query_id,search_date,pmid,pmcid,doi,title,authorString,journalTitle,pubYear,firstPublicationDate,isOpenAccess,source
Q1_protocol_broad,2026-09-05,42192691,PMC13203839,10.3390/antibiotics15050469,Next-Generation Target Discovery in ESKAPE Pathogens: An AI-Driven Framework from Omics-Based to Systems-Level Modeling and Clinical Translation.,"Chines E, Tempesta AA, Boscarelli L, Parisi MF, Marcoccia L, Capillo A, Mezzatesta ML, Ledda C, Chessari M, Cafiso V.",,2026,2026-05-06,Y,MED
Q1_protocol_broad,2026-09-05,41231537,PMC12614359,10.1099/mic.0.001629,Microbial Primer: Artificial intelligence for microbiologists.,"Cao H, de la Fuente-Nunez C.",,2025,2025-11-01,Y,MED
Q1_protocol_broad,2026-09-05,42108632,PMC13158128,10.1093/bib/bbag219,"Computational paradigms for antimicrobial resistance prediction: integrating multi-omics, structural modeling, and foundation artificial intelligence systems.","Hossain E, Yousefi N.",,2026,2026-05-01,Y,MED
Q1_protocol_broad,2026-09-05,42261281,PMC13242821,10.2147/idr.s614240,Artificial Intelligence for Antimicrobial Resistance Detection and Prediction in &lt;i&gt;Klebsiella pneumoniae&lt;/i&gt;: A Systematic Review of Clinical Microbiology Applications.,"Aggarwal RV, Shah N, Wong JJE, Dajani Z.",,2026,2026-06-03,Y,MED
Q1_protocol_broad,2026-09-05,42353723,PMC13295586,10.3390/antibiotics15060599,"Can Artificial Intelligence Transform Early Warning for Antimicrobial-Resistant Outbreak Clones? Approaches, Gaps, and Opportunities: A Scoping Review.","Tempesta AA, Chines E, Boscarelli L, Parisi MF, Marcoccia L, Capillo A, Mezzatesta ML, Ledda C, Chessari M, Cafiso V.",,2026,2026-06-12,Y,MED
Q1_protocol_broad,2026-09-05,42095666,PMC13228011,10.1128/spectrum.02592-25,KEGG orthology-based machine learning reveals functional determinants of antimicrobial resistance in &lt;i&gt;Acinetobacter baumannii&lt;/i&gt;.,"Zheng Z, Jiang B, Shenkutie AM, Bian J, Yan Y, Pi R, Xiong Q, Leung PH-M.",,2026,2026-05-07,Y,MED
Q1_protocol_broad,2026-09-05,42221978,PMC13219803,10.1177/11779322261453756,A Novel Bioinformatics Pipeline and a Machine-Learning Approach for Antimicrobial Resistance Phenotypic Prediction.,"Visser O, Agboli V, Datta S.",,2026,2026-05-26,Y,MED
Q1_protocol_broad,2026-09-05,42196654,PMC13207280,10.3390/ijerph23050561,Integrating Phenotypic and Genomic Data with Machine Learning to Predict Antimicrobial Resistance and Identify Genetic Biomarkers in &lt;i&gt;E. coli&lt;/i&gt;.,"Adeyemi SH, Paudel R.",,2026,2026-04-27,Y,MED
Q1_protocol_broad,2026-09-05,42122064,PMC13164157,10.3390/diagnostics16091360,"Meat-Borne Bacterial Pathogen Detection: Conventional, Molecular and Emerging AI-Based Strategies.","Hussain A, Abbas Q, Nadeem M, Nazar A, Athar A, Rahman HUU.",,2026,2026-04-30,Y,MED
Q1_protocol_broad,2026-09-05,42149609,PMC13274384,10.1128/aem.02525-25,"Global whole-genome, phylodynamic, and machine-learning analysis of &lt;i&gt;Glaesserella parasuis&lt;/i&gt; serovars 2, 5, and 12.","Xu Z, Peng J, Wu Y, Du H, Chen J, Hong Q, Wu P, Xu C, Peng Z, Zhang J.",,2026,2026-05-18,Y,MED
Q1_protocol_broad,2026-09-05,41553751,PMC12816985,10.1099/mgen.0.001608,Machine learning-based lineage prediction from antimicrobial susceptibility testing phenotypes for &lt;i&gt;Escherichia coli&lt;/i&gt; sequence type 131 clade C surveillance across infection types.,"Ross TA, Pöntinen AK, Holsbø E, Samuelsen Ø, Hegstad K, Kampffmeyer M, Corander J, Gladstone RA.",,2026,2026-01-01,Y,MED
Q1_protocol_broad,2026-09-05,41694508,PMC12894283,10.3389/fpubh.2026.1757161,Integrating artificial intelligence with genome sequencing against antimicrobial resistance: a narrative review.,"Scaglione G, Mastroianni N, Rizzo A, Palomba E, Carcione D, Brigante G, Principe L, Colaneri M, Gori A, Borgonovo F.",,2026,2026-01-29,Y,MED
Q1_protocol_broad,2026-09-05,42123724,PMC13164103,10.3390/ijms27094148,"Improving the Precision of Etiological Diagnosis in Bacterial Infections Using Molecular Technologies: A Comparative Analysis of Platforms, AI Integration, and Point-of-Care Deployment.","Cotelici AM, Bălășoiu AT, Boldeanu MV, Assani MZ, Novac MB, Boldeanu L, Ghenea AE.",,2026,2026-05-06,Y,MED
Q1_protocol_broad,2026-09-05,41792137,PMC13087051,10.1038/s41467-026-69934-8,AMR-GNN: a multi-representation graph neural network framework to enable genomic antimicrobial resistance prediction.,"Nguyen HA, Peleg AY, Wisniewski JA, Wang X, Wang Z, Blakeway LV, Badoordeen GZ, Theegala R, Doan NQ, Parker MH, Green AG, Song J, Dowe DL, Macesic N.",,2026,2026-03-06,Y,MED
Q1_protocol_broad,2026-09-05,42558575,PMC13437962,10.3389/fmicb.2026.1828991,Whole-genome sequencing reveals lineage-associated drug resistance and enables machine learning-based prediction in &lt;i&gt;Mycobacterium tuberculosis&lt;/i&gt; clinical isolates.,"Hao Z, Wu C, Peng Y, Zhou L, Li J, Zou X.",,2026,2026-07-22,Y,MED
Q1_protocol_broad,2026-09-05,42485224,PMC13437014,10.1093/bioinformatics/btag545,ALPAR: automated learning pipeline for antimicrobial resistance.,"Yurtseven A, Joeres R, Kalinina OV.",,2026,2026-08-01,Y,MED
Q1_protocol_broad,2026-09-05,42497796,PMC13427647,10.1016/j.psj.2026.107312,"Genomic signatures of host adaptation in Pasteurella multocida from poultry, cattle, swine, and cats: insights from interpretable machine learning.","Li Q, Fan Y, Wang M, Chen S, Liu M, Zhu D, Zhao X, Wu Y, Yang Q, Huang J, Ou X, Sun D, Tian B, He Y, Wu Z, Cheng A, Zhang S.",,2026,2026-06-17,Y,MED
Q1_protocol_broad,2026-09-05,41401143,PMC12707637,10.1371/journal.pbio.3003539,Biased sampling driven by bacterial population structure confounds machine learning prediction of antimicrobial resistance.,"Yu Y, Wheeler NE, Barquist L.",,2025,2025-12-16,Y,MED
Q1_protocol_broad,2026-09-05,42487709,PMC13389983,10.3389/fmicb.2026.1891518,Genomic variant-driven prediction of azole resistance in &lt;i&gt;Aspergillus fumigatus&lt;/i&gt; using GWAS and machine learning.,"Li D, Yue X, Hu W, Zhong H, Chen F, Zhao J, Cao L, Chen X, Han L.",,2026,2026-07-07,Y,MED
Q1_protocol_broad,2026-09-05,42454932,PMC13436402,10.1128/spectrum.01906-25,Construction and validation of a phenotypic prediction model for bacterial gentamicin resistance using deep learning with gene sequences.,"Li J, Xue S, Hou L, Zhang Z, Yuan K, Chen X, Kong C, Wang L, Gu B, Liu X.",,2026,2026-07-15,Y,MED
Q1_protocol_broad,2026-09-05,42487707,PMC13388253,10.3389/fmicb.2026.1882753,Genomic-island cassette architecture provides interpretable signal for exploratory classification of poultry-associated &lt;i&gt;Enterococcus cecorum&lt;/i&gt; lineages.,"Lagad RR, Rafi S, Goswami A.",,2026,2026-07-08,Y,MED
Q1_protocol_broad,2026-09-05,42218717,PMC13222522,10.1093/bib/bbag269,"Artificial intelligence for antimicrobial resistance: advancing reproducibility, interpretability, and clinical deployment.","Sardar S, Dash S, Roychowdhury P, Solanki J, Sikdar P, Thangappan J, Dutta S.",,2026,2026-05-01,Y,MED
Q1_protocol_broad,2026-09-05,42143256,PMC13348184,10.1186/s12866-026-05127-z,Draft genome sequencing of Proteus mirabilis strain Indica (ST286) reveals antimicrobial resistance and virulence determinants.,"Acharya S, Kushwaha P, Desai S, Biswas S, Longjam LA, Chatterjee B, Ruwali M, De S, Krishnaswamy L, Suravajhala P, Chaubey G.",,2026,2026-05-16,Y,MED
Q1_protocol_broad,2026-09-05,42687640,,10.71150/jm.2604011,Genomic signatures associated with epidemiologically defined high-risk pathogenic Escherichia coli isolates identified by interpretable machine learning.,"Hwang Y, Cho WY, Lee W, Joo I, Shin JI, Seo MR, Shin SH, Ko KS, Park KT, Chung YJ, Jung SH.",,2026,2026-08-31,N,MED
Q1_protocol_broad,2026-09-05,42287752,,10.1093/lambio/ovag054,Genomic insights into antimicrobial resistance and isolation source classification of Cronobacter sakazakii from infant and toddler food in the United States.,"Chen Z, Cui M.",,2026,2026-07-01,N,MED
Q1_protocol_broad,2026-09-05,42272257,PMC13254488,10.1002/mbo3.70323,"Integrative Modular, Network-Based, and Machine Learning Framework for Predicting Accessory Genome Functions and Virulence in Escherichia coli O157:H7.","Gambushe SM, Zishiri OT.",,2026,2026-06-01,Y,MED
Q1_protocol_broad,2026-09-05,42232339,PMC13223348,10.1177/11779322261457840,Listeria Genome Identification Using DNABERT Embedding With LightGBM and SHAP-Based Explainable Classification.,"Arumugam SR, P AJ, Karuppasamy SG, Murugan VS, Mbasso WF, Harrison A.",,2026,2026-05-31,Y,MED
Q1_protocol_broad,2026-09-05,42422472,PMC13342711,10.1093/bioadv/vbag153,stackPredAMR-a stacked random forest approach improves AMR phenotype prediction for multiple species and antimicrobial agents.,"Welling J, Balzer M, Consten L, Bletz S, Buer J, Chapot V, Harmsen D, Heintschel von Heinegg E, Mellmann A, Pölking W, Salhöfer F, Schaumburg F, Scherff N, Wiesmann N, Meyer F.",,2026,2026-06-02,Y,MED
Q1_protocol_broad,2026-09-05,42553092,PMC13433224,10.3389/fcimb.2026.1824160,Metagenomic next-generation sequencing: new horizons in microbiology.,"Guo N, Chen S, Guo L, Qiu X, Li Z.",,2026,2026-07-21,Y,MED
Q1_protocol_broad,2026-09-05,42115936,PMC13335249,10.1186/s12866-026-05113-5,Identifying gut microbiome signatures of type 1 diabetes using machine learning and evolutionary feature selection.,"Dalgic A, Yet I.",,2026,2026-05-12,Y,MED
Q1_protocol_broad,2026-09-05,42007968,PMC13094829,10.1099/mgen.0.001693,Genome-based source attribution using a One Health &lt;i&gt;Escherichia coli&lt;/i&gt; isolate collection from 2013 to 2023 in Scotland.,"Chalka A, Crozier L, Vallejo-Trujillo A, Low A, McAteer S, Qarkaxhija V, Templeton K, Tongue SC, Evans J, Foster G, Webster C, Evans T, Marwick CA, Raza A, Parcell BJ, Holden MTG, McNeilly T, Fitzgerald S, Mitchell M, Silva N, Robertshaw-McFarlane E, Hamilton S, Wells B, Hamilton C, Watson E, Finlay",,2026,2026-04-01,Y,MED
Q1_protocol_broad,2026-09-05,42345817,PMC13297112,10.3390/biology15120961,Horizontal Gene Transfer in &lt;i&gt;Listeria monocytogenes&lt;/i&gt;: Evolution of Antimicrobial Resistance and Virulence in a One Health Context.,"Stefan G, Gurau MR, Ciocîrlie N, Tudor L, Bărăităreanu S, Tache-Codreanu DL, Sporea C, Gligor A, Iancu I, Herman V.",,2026,2026-06-19,Y,MED
Q1_protocol_broad,2026-09-05,42254503,PMC13234855,10.3389/fmicb.2026.1832130,Interpretable learning algorithms enable pathogenic potential assessment and virulence-associated gene discovery of &lt;i&gt;Vibrio parahaemolyticus&lt;/i&gt;.,"Liu Z, Li Z, Zhang J, Brown CT, Wang L.",,2026,2026-05-20,Y,MED
Q1_protocol_broad,2026-09-05,42683100,,10.1093/bioadv/vbag193,A leakage-aware genomic prediction pipeline for meropenem resistance in &lt;i&gt;Klebsiella pneumoniae&lt;/i&gt; using transformer-based resistome representation learning.,Kervancı İS.,,2026,2026-07-29,N,MED
Q1_protocol_broad,2026-09-05,42505675,PMC13404703,10.3390/antibiotics15070712,Skin Infection Pathogenicity Associated with a Canine Microbiome Resident: Polygenic Architecture of Virulence Factors in &lt;i&gt;Staphylococcus pseudintermedius&lt;/i&gt;.,"Javaid A, Tabassum N, Karthikeyan A, Kim TH, Kim YM, Khan F.",,2026,2026-07-22,Y,MED
Q1_protocol_broad,2026-09-05,41845205,PMC13112838,10.1186/s12866-026-04947-3,Respiratory microbiota maturation enables machine learning based age prediction in chickens.,"Moreno-León A, López-Morales A, Höfle U, Barral M, Majó N, Lavín JL.",,2026,2026-03-18,Y,MED
Q1_protocol_broad,2026-09-05,42517130,PMC13403328,10.3389/fpubh.2026.1865551,Machine learning based prediction of antimicrobial resistance &lt;i&gt;in Klebsiella spp&lt;/i&gt;.: a five-year retrospective study.,"Alfadhel MM, Aldawsari MF, Moglad E.",,2026,2026-07-01,Y,MED
Q1_protocol_broad,2026-09-05,42552276,PMC13437874,10.1186/s43556-026-00497-2,Integrative cfDNA profiling from low-pass whole-genome sequencing enables tissue-of-origin prediction in cancer.,"Zhang Y, Liu L, Bao H, Xu K, Zhang H, Wang S, Chang S, Zhu D, Huang Z, Wang Z, Yang L, Zhang B, Tao J, Liang W, Chen J, Yang S, Wu X, Shao Y, Wang W, Zhu D.",,2026,2026-08-05,Y,MED
Q1_protocol_broad,2026-09-05,41877797,PMC13007503,10.3389/fmed.2026.1764292,Biochip-simulated genotype signals enable accurate and interpretable AMR prediction via machine learning.,Fu Z.,,2026,2026-03-09,Y,MED
Q1_protocol_broad,2026-09-05,42317814,PMC13274314,,Exploring the Utility of MALDI-TOF Mass Spectrometry and Antimicrobial Resistance in Hospital Outbreak Detection.,"Liu C, Chen J, Sundermann AJ, Shutt K, Griffith MP, Pless LL, Harrison LH, Dubrawski AW.",,2026,2026-06-01,N,MED
Q1_protocol_broad,2026-09-05,42430436,PMC13354099,10.1371/journal.pone.0352863,Machine learning-based analysis of drug resistance mutations in Mycobacterium tuberculosis.,"Thankamani A, C L B, Doss C GP.",,2026,2026-07-10,Y,MED
Q1_protocol_broad,2026-09-05,42434557,PMC13350054,10.3389/fmicb.2026.1842688,"Molecular insights into antimicrobial resistance in human bacterial pathogens: mechanisms, resistance genes, and translational diagnostic applications.","Hossen N, Mascellino MT.",,2026,2026-06-26,Y,MED
Q1_protocol_broad,2026-09-05,42334937,PMC13330922,10.1093/bioinformatics/btag421,MetagenomicKG: a knowledge graph for metagenomic applications.,"Ma C, Liu S, Won S, Koslicki D.",,2026,2026-07-01,Y,MED
Q1_protocol_broad,2026-09-05,42437039,PMC13355612,10.7717/peerj.21411,The evolution of diagnostic microbiology: integrating culture-based methods and genomic advances.,"Goraya MU, Fatima G, Hayat K, Raza A, Yong D.",,2026,2026-07-08,Y,MED
Q1_protocol_broad,2026-09-05,42558410,PMC13437487,10.3389/fcimb.2026.1901030,A mini review of genome-predicted β-lactam susceptibility in &lt;i&gt;Streptococcus pneumoniae&lt;/i&gt;: from PBP profiles to potential clinical interpretation.,"Yan Z, Liu L, Ren Y, Ling J, Liao J, Liu X, Li Y, Wang X, Kuang L, Zhou W, Jiang Y, Cui Y.",,2026,2026-07-22,Y,MED
Q1_protocol_broad,2026-09-05,42059888,PMC13293316,10.1099/mgen.0.001708,Phylogenomics and gene association analysis support probiotic potential in a subset of &lt;i&gt;Staphylococcus xylosus&lt;/i&gt; isolates.,"Rich KD, Cai Z, Nobrega DB, Ronholm J, De Buck J.",,2026,2026-04-01,Y,MED
Q1_protocol_broad,2026-09-05,42521687,PMC13415569,10.1038/s41467-026-75789-w,Machine learning reveals biocontrol agents shaping disease outcome in natural Arabidopsis populations.,"Mahmoudi M, Hu Y, Almario J, Stincone P, Tenzer LM, Chaudhry V, Braun L, Quinzer S, Nieselt K, Kemen E.",,2026,2026-07-28,Y,MED
Q1_protocol_broad,2026-09-05,42553721,PMC13435711,10.3389/fpls.2026.1869724,Editorial: Utilizing machine learning with phenotypic and genotypic data to enhance effective breeding in agricultural and horticultural crops.,"Barnaby JY, Cortés AJ.",,2026,2026-07-21,Y,MED
Q1_protocol_broad,2026-09-05,42382359,PMC13314875,10.3389/fmicb.2026.1842956,Large-scale comparative genomics and structure-function analysis enables characterization of known and novel genetic determinants of antimicrobial resistance in bacterial pathogens.,"Mannion A, Hooks D, Comendul A, Spirgel R.",,2026,2026-06-16,Y,MED
Q1_protocol_broad,2026-09-05,42235509,PMC13347946,10.1016/j.xgen.2026.101273,Genomic and socioeconomic drivers of antimicrobial resistance forecast to 2050.,"Baker M, Maciel-Guerra A, Wang R, Luo C, Xu Y, Guerrero-Araya E, Meng W, Wu G, Pinpimai K, Oyom PA, Senin N, Dottorini T.",,2026,2026-06-03,Y,MED
Q1_protocol_broad,2026-09-05,40425396,PMC12226009,10.1016/j.tim.2025.04.017,Unlocking antimicrobial resistance with multiomics and machine learning.,"Ghosh A, Vang CK, Brenner EP, Ravi J.",,2025,2025-05-26,N,MED
Q1_protocol_broad,2026-09-05,42513933,PMC13413775,10.3390/microorganisms14071428,Genomic Evidence for Mobile-Element-Associated Resistance: Predicted MOBH-Family Relaxase Sharing and Adjacent ICE-Cassette Architectures in the &lt;i&gt;Pseudomonas guariconensis&lt;/i&gt; Clade.,"Alanazi F, Abdulwahed AM, Alrezaihi A, Marie MAM, Aljasham AT, Farzan R.",,2026,2026-06-30,Y,MED
Q1_protocol_broad,2026-09-05,40646483,PMC12255030,10.1186/s12863-025-01338-x,Machine learning-based prediction of antimicrobial resistance and identification of AMR-related SNPs in Mycobacterium tuberculosis.,"Xu Y, Mao Y, Hua X, Jiang Y, Zou Y, Wang Z, Liu Z, Zhang H, Lu L, Yu Y.",,2025,2025-07-12,Y,MED
Q1_protocol_broad,2026-09-05,41997433,,10.1016/j.ijantimicag.2026.107807,Machine learning-based prediction of multi-level antimicrobial resistance in Klebsiella pneumoniae using whole-genome sequencing data.,"Jia X, Zhang J, Chen J, Wang J, Chu X, Yu W, Chen S, Zhang Q, Li Z, Gao H, Li M, Yang Q.",,2026,2026-04-15,N,MED
Q1_protocol_broad,2026-09-05,,PMC13295700,,Culture-Based Assessment of Presumptive Resistant Bacterial Taxa in the Urban Danube River near Novi Sad: Environmental Associations Revealed by Machine Learning,"Jovićević M, Kekić D, Tomić A, Šovljanski O, Pezo L, Mirković N, Novaković R, Vicic I, Bajcetic N, Mirkovic M, Karabasil N, Opavski N, Gajić I.",,2026,2026-05-30,Y,PMC
Q1_protocol_broad,2026-09-05,42382340,PMC13314634,10.3389/fmicb.2026.1789841,Rapid prediction of vancomycin-resistant &lt;i&gt;Enterococcus faecium&lt;/i&gt; using MALDI-TOF mass spectrometry and machine learning.,"Sun Y, Chen X, Hu A, Li Y, Li G, Zhao L, Wang C.",,2026,2026-06-16,Y,MED
Q1_protocol_broad,2026-09-05,41942844,PMC13188266,10.1186/s12864-026-12819-3,CNN4Essential: a convolutional neural network model for predicting bacterial gene essentiality based on multi-feature fusion.,"Ye YN, Zhou RY, Li LY, Yuan HT, Xia J, Li YW, Zeng Z, Zhang XY.",,2026,2026-04-06,Y,MED
Q1_protocol_broad,2026-09-05,42375331,PMC13310787,10.3389/fendo.2026.1812407,Decoding the reproductive microbiome: enabling clinical and biological insights through machine and deep learning.,"Garach Vélez I, Leonés-Baños I, Folch BA, Antequera L, Rojas I, Ortuño F, Lara MJS, Altmäe S, Herrera LJ.",,2026,2026-06-15,Y,MED
Q1_protocol_broad,2026-09-05,,,10.64898/2026.08.08.26359928,MALDI-ST: A deep learning-based framework for rapid bacterial strain typing using MALDI-TOF mass spectra,"Nguyen H, Peleg AY, Song J, Vezina B, Egli A, Guerrero-López A, Blakeway LV, Wisniewski JA, Badoordeen GZ, Theegala R, Doan NQ, Dowe DL, Macesic N.",,2026,2026-08-10,Y,PPR
Q1_protocol_broad,2026-09-05,42131209,PMC13160890,10.3389/fmicb.2026.1842717,Utilizing whole genome sequencing data for machine learning driven prediction of antibiotic resistance in &lt;i&gt;Escherichia coli&lt;/i&gt;.,"Wan F, Tong W, Wu W, Liu J, Huang H, Zhang P, Jiang W.",,2026,2026-04-28,Y,MED
Q1_protocol_broad,2026-09-05,41296602,PMC12710331,10.1128/jcm.01186-25,Prediction of antimicrobial resistance from MALDI-TOF mass spectra using machine learning: a validation study.,"Wiesmann N, Enders D, Westendorf A, Koch R, Schaumburg F.",,2025,2025-11-26,Y,MED
Q1_protocol_broad,2026-09-05,42437941,PMC13366936,10.1186/s40793-026-00936-1,Predicting the seed microbiome using phylogeny-driven machine learning.,"Herbinger J, Ramakrishnan DK, Reißfelder J, Babor M, Höhne M, Abdelfattah A.",,2026,2026-07-13,Y,MED
Q1_protocol_broad,2026-09-05,42547899,PMC13430740,10.1186/s13073-026-01739-2,Multifeature sequencing-based liquid biopsy for cancer diagnosis and monitoring.,"Molina MA, De Simoni M, Moldovan N, Mouliere F, Hagey DW.",,2026,2026-08-01,Y,MED
Q1_protocol_broad,2026-09-05,41954597,PMC13293304,10.1099/mgen.0.001667,Genomic and statistical models to characterize &lt;i&gt;Streptococcus pneumoniae&lt;/i&gt; transmission patterns in Malawi.,"Cave R, Chirombo J, Obolski U, Belman S, Kalizang'oma A, Mwalukomo TS, Kamng'ona A, Brown C, Msefula J, Bonomali F, Nyirenda R, Swarthout TD, Kwambana-Adams B, French N, Heyderman RS.",,2026,2026-04-01,Y,MED
Q1_protocol_broad,2026-09-05,41402414,PMC12708672,10.1038/s44259-025-00172-6,Gene copy-number features generalize better than SNPs for antimicrobial resistance prediction in Staphylococcus aureus.,"Fistarol BF, Gervasio JD, Szöllősi GJ.",,2025,2025-12-16,Y,MED
Q1_protocol_broad,2026-09-05,42450302,PMC13361073,10.3390/ijms27136034,"Machine Learning and Deep Learning Frameworks for Human-Virus Protein-Protein Interaction Prediction: Emerging Architectures, Methods, Benchmarks, and Challenges.","Basu S, Adhikary D, Ghosh K, Chattopadhyay S, Deb S, Mondal R, Roy J, Chowdhury A, Benito-León J.",,2026,2026-07-05,Y,MED
Q1_protocol_broad,2026-09-05,41971322,PMC13066273,10.3389/fmicb.2026.1809070,"Epidemiology, antimicrobial resistance transmission, and One Health-based prevention of non-typhoidal &lt;i&gt;Salmonella&lt;/i&gt; and &lt;i&gt;Campylobacter&lt;/i&gt; infections: an updated literature review.","Zheng G, Chen L, Dong G, Ye K, Liu Z, Wang L.",,2026,2026-03-27,Y,MED
Q1_protocol_broad,2026-09-05,42658718,,10.1093/bib/bbag451,Uncovering species- and drug-class-specific antimicrobial resistance mechanisms from large-scale whole-genome sequencing data using discordance analysis and machine learning.,"Cheon NJ, Cuong Nguyen X, Unno T.",,2026,2026-07-01,N,MED
Q1_protocol_broad,2026-09-05,42490978,PMC13375881,10.3389/frmbi.2026.1860559,Artificial intelligence in soil microbiome-driven agriculture: from practical limits to a translational roadmap.,"Balkrishna A, Chaudhary P, Singh S, Saini A, Kumari A, Mahato KI, Arya V.",,2026,2026-07-03,Y,MED
Q1_protocol_broad,2026-09-05,41218129,PMC12691591,10.1128/aac.01097-25,Challenges and considerations for whole-genome-based antimicrobial resistance plasmid investigations.,"Beh JQ, Wick RR, Howden BP, Connor CH, Webb JR.",,2025,2025-11-11,Y,MED
Q1_protocol_broad,2026-09-05,40983504,PMC13311949,10.1136/gutjnl-2025-335946,AI-empowered human microbiome research.,"Zhou T, Zhao F.",,2026,2026-06-09,Y,MED
Q1_protocol_broad,2026-09-05,41965741,PMC13214064,10.1186/s12938-026-01568-9,"Artificial intelligence in microbiology: implications for metagenomics, diagnostics, and AMR surveillance.","Khangarot R, Kumari V, Mishra R, Singh A.",,2026,2026-04-11,Y,MED
Q1_protocol_broad,2026-09-05,42041350,PMC13113988,10.3390/antibiotics15040387,Whole-Genome Sequencing Reveals Heterogeneous Resistance Profiles and Selected Mobile Genetic Elements in Ecuadorian Clinical &lt;i&gt;Enterobacter hormaechei&lt;/i&gt; subsp. &lt;i&gt;xiangfangensis&lt;/i&gt; and subsp. &lt;i&gt;hoffmannii&lt;/i&gt;.,"Bejarano L, Šefcová MA, Muñoz-Mawyin K, Mejía Limones I, Larrea-Álvarez CM, Andrade Mena GI, Saráuz E, Barba P, Larrea-Álvarez M.",,2026,2026-04-10,Y,MED
Q1_protocol_broad,2026-09-05,42326372,PMC13276223,10.1177/11779322261461933,Hidden in the Pangenome? Machine Learning-Driven Discovery of Antimicrobial Potential in &lt;i&gt;Corynebacterium glutamicum&lt;/i&gt;.,"Islam SI, Shahed K, Parvin MM, Sanjida S.",,2026,2026-06-17,Y,MED
Q1_protocol_broad,2026-09-05,40651330,PMC12275043,10.1016/j.identj.2025.100884,Interpretable Ensemble Learning Predicts Antibiotic Resistance in Treponema denticola Using Expert Classifiers.,"Yadalam PK, Natarajan PM, Ardila CM.",,2025,2025-07-11,Y,MED
Q1_protocol_broad,2026-09-05,42421846,PMC13341291,10.3389/fvets.2026.1829777,Artificial intelligence-driven phage therapy in veterinary medicine: an adaptive One Health strategy to mitigate antimicrobial resistance in livestock systems.,"Cuteri V, Storoni C, Cao S, Li Y.",,2026,2026-06-24,Y,MED
Q1_protocol_broad,2026-09-05,42305602,PMC13266145,10.1016/j.isci.2026.116189,"&lt;i&gt;StrainCascade&lt;/i&gt;: An automated, modular workflow for high-throughput long-read bacterial genome reconstruction and characterization.","Jordi SBU, Baertschi I, Li J, Fasel N, Misselwitz B, Yilmaz B.",,2026,2026-06-04,Y,MED
Q1_protocol_broad,2026-09-05,41875094,PMC13012507,10.1371/journal.pdig.0001310,Performance of predictive AI-based clinical decision support systems across clinical domains: A systematic review and meta-analysis.,"Waldock WJ, Guni A, Darzi A, Ashrafian H.",,2026,2026-03-24,Y,MED
Q1_protocol_broad,2026-09-05,41606475,PMC12922380,10.1186/s12876-025-04595-3,Predicting clinical outcomes in Helicobacter pylori-positive patients using supervised learning through the integration of demographic and genomic features.,"Narasimhan V, Pulakkat Warrier S, John JJ, T MP, Varadaraj N, Thomas GG, Veeraraghavan B.",,2026,2026-01-29,Y,MED
Q1_protocol_broad,2026-09-05,41878745,PMC13006217,10.3389/fmicb.2026.1782552,Integrated analysis of MALDI-TOF MS and whole-genome sequencing for subtyping &lt;i&gt;Salmonella&lt;/i&gt;.,"Liu Y, Qiao J, Xiao Y, Zhang T, Wu Y.",,2026,2026-03-09,Y,MED
Q1_protocol_broad,2026-09-05,42270823,PMC13415840,10.1038/s41598-026-56520-7,"In silico genomic analysis of resistome, virulome, and mobilome of β-lactamase-producing Klebsiella pneumoniae.","Biswas R, Anbarasu A.",,2026,2026-06-10,Y,MED
Q1_protocol_broad,2026-09-05,41902188,PMC13030380,10.3390/v18030280,Alignment-Free Machine Learning Serotype Classification of the Dengue Virus.,"Gajdov V, Prosic I, Kavran M, Bosilkov F, Petrovic T, Petrovic T, Konstantinov J, Lazic G.",,2026,2026-02-25,Y,MED
Q1_protocol_broad,2026-09-05,41148661,PMC12561689,10.3390/antibiotics14100969,Machine Learning Model for Predicting Multidrug Resistance in Clinical &lt;i&gt;Escherichia coli&lt;/i&gt; Isolates: A Retrospective General Surgery Study.,"Tolan HK, Aydın İ, Tanyildizi-Kokkulunk H, Karakuş M, Akkaya Y, Kaya O, İşman FK.",,2025,2025-09-26,Y,MED
Q1_protocol_broad,2026-09-05,42210697,PMC13321803,10.1128/aac.01768-25,Pangenome analysis of &lt;i&gt;Proteus mirabilis&lt;/i&gt; reveals lineage-specific antimicrobial resistance profiles and discordant genotype-phenotype correlations.,"Deka N, Brauer AL, Connerton K, Hanson BM, Walker JN, Armbruster CE.",,2026,2026-05-29,Y,MED
Q1_protocol_broad,2026-09-05,42043567,PMC13121240,10.1007/s00251-026-01397-z,The digital keystone: how artificial intelligence is reshaping HLA research and clinical practice.,"Sonmez G, Yazarkan Y, Cagdas D.",,2026,2026-04-27,Y,MED
Q1_protocol_broad,2026-09-05,41966331,PMC13279295,10.1016/j.tjnut.2026.101528,"Machine Learning and Artificial Intelligence in Nutrition Research: Analytical Methods, Applications, and Key Considerations.","Southey NL, Zhu R, Holscher HD.",,2026,2026-04-09,Y,MED
Q1_protocol_broad,2026-09-05,42354936,PMC13303631,10.3390/microorganisms14061311,Deep Learning-Enhanced Raman Microspectroscopy Enables Rapid Microbial Classification and Captures Phylogenetic Relationships.,"Liu B, Gu Z, Xu X, Lu W, Liu T, Gao X, Chen X, Fu YV.",,2026,2026-06-11,Y,MED
Q1_protocol_broad,2026-09-05,42054945,,10.1016/j.ijfoodmicro.2026.111811,Whole-genome sequencing and machine learning reveal candidate genomic features associated with Listeria monocytogenes persistence in two ice cream facilities.,"Sun L, Zhou J, Shen Y, Du X, Liang J, Chen S, Jia H.",,2026,2026-04-23,N,MED
Q1_protocol_broad,2026-09-05,41424120,PMC12802947,10.1093/jac/dkaf470,Artificial intelligence for improving decision-making in bacterial infection management: a narrative review.,"Talianu A, Fraser-Krauss O, Bolton W, Ming D, Zhu N, Hernandez B, Gilchrist M, Holmes A, Georgiou P, Rawson TM.",,2026,2026-01-01,Y,MED
Q1_protocol_broad,2026-09-05,39399439,PMC11470768,10.7717/peerj.18213,Integrating whole genome sequencing and machine learning for predicting antimicrobial resistance in critical pathogens: a systematic review of antimicrobial susceptibility tests.,"Ardila CM, Yadalam PK, González-Arroyave D.",,2024,2024-10-09,Y,MED
Q1_protocol_broad,2026-09-05,42079745,PMC13128656,10.3389/fcimb.2026.1795720,Early risk stratification for carbapenem resistance among &lt;i&gt;Pseudomonas aeruginosa&lt;/i&gt; infected patients using a clinico-laboratory machine-learning model based on routine complete blood count parameters.,"Yu J, Gao W, Chen Y.",,2026,2026-04-16,Y,MED
Q1_protocol_broad,2026-09-05,41753579,PMC12943566,10.3390/microorganisms14020293,GWAS and Machine Learning Screening of Genomic Determinants Underlying Host Adaptation in Swine and Chicken &lt;i&gt;Salmonella&lt;/i&gt; Typhimurium Isolates.,"Liu Y, Wang Y, Wang Y, Liu X, Wang S, Peng Y, Liu Z, Li Z, Lu X, Kan B.",,2026,2026-01-27,Y,MED
Q1_protocol_broad,2026-09-05,41893632,PMC13030282,10.3390/vetsci13030216,Nanopore Sequencing in Veterinary Pathogen Detection: A Review of Technologies and Applications.,"Xu L, Zhao L, Tong Z, Peng K, Wang M, Li R, Wang Z, Li R.",,2026,2026-02-25,Y,MED
Q1_protocol_broad,2026-09-05,41423186,,10.1016/j.meegid.2025.105862,Comprehensive in silico genomic surveillance of β-lactam and methicillin resistance in Staphylococcus aureus: Machine learning-based analysis of lineage dynamics and global evolution.,"Chaki SSG, Midhin BK, Alshkarchy SS, Kalantar-Neyestanaki M, Albaz RY, Abosaoda MK, Kareem AK, Sharma R, Sholeh M, Beig M.",,2026,2025-12-19,N,MED
Q1_protocol_broad,2026-09-05,41287252,PMC12644248,10.1002/mbo3.70160,The Role of Machine Learning in Addressing Antibiotic Resistance: A New Era in Infectious Disease Control.,"Zubair A, Fazil M, Jawad M, Wdidi S.",,2025,2025-12-01,Y,MED
Q1_protocol_broad,2026-09-05,42211476,PMC13212436,10.3389/fpls.2026.1793924,"Genetic enhancement of root, tuber and cereal crops via pangenomics, multi-omics integration and AI-driven prediction.","Diakite S, Norman PE, Kamara L, Pehlivan N, Zargar M.",,2026,2026-05-13,Y,MED
Q1_protocol_broad,2026-09-05,41845201,PMC13107774,10.1186/s12866-026-04873-4,Machine learning-based prediction of BV-relevant probiotic functional potential in vaginal-derived Lactobacillus crispatus strains.,"Quan K, Liu W, Jin H, Hu W, Borjihan Q, Bao Q, Chen Y.",,2026,2026-03-17,Y,MED
Q1_protocol_broad,2026-09-05,42449884,PMC13360082,10.3390/diagnostics16132103,Machine Learning-Based Prediction of Antimicrobial Resistance in &lt;i&gt;Escherichia coli&lt;/i&gt; from MALDI-TOF Mass Spectrometry Data.,"Versmessen N, Mispelaere M, Vanstokstraeten R, Teixeira M, Boelens J, Hermans C, Vandekerckhove M, Vranckx K, Hulpiau P, Demuyser T, Degroeve S, Cools P.",,2026,2026-07-04,Y,MED
Q1_protocol_broad,2026-09-05,41150077,PMC12567682,10.3390/vetsci12100937,Machine Learning Prediction of Multidrug Resistance in Swine-Derived &lt;i&gt;Campylobacter&lt;/i&gt; spp. Using United States Antimicrobial Resistance Surveillance Data (2013-2023).,"Sodagari HR, Ghasemi M, Varga C, Habib I.",,2025,2025-09-26,Y,MED
Q1_protocol_broad,2026-09-05,,,10.64898/2026.07.03.736369,Benchmarking the translational potential of AI-based drug-resistance prediction from  <i>Mycobacterium tuberculosis</i>  whole-genome sequencing data,"Liu C, Zhu H, Zhou P, Thanh NT, Dat NQ, Atmosukarto I, Cheong IH, Kozlakidis Z, Adisasmito W, Zheng X, Wang H, Yang Y.",,2026,2026-07-03,N,PPR
Q1_protocol_broad,2026-09-05,42514552,PMC13416058,10.3390/plants15142185,AI-Augmented Multi-Omics for Abiotic Stress Responses: A New Frontier in Plant Hormone Systems Biology.,"Zhang Y, Cao X, Yang L, Chen J, Hwarari D.",,2026,2026-07-16,Y,MED
Q1_protocol_broad,2026-09-05,40724667,PMC12295555,10.3390/healthcare13141643,AI-Prediction of &lt;i&gt;Neisseria gonorrhoeae&lt;/i&gt; Resistance at the Point of Care from Genomic and Epidemiologic Data.,"Kolluru V, Hole SR, Sagar A, Chintakunta AN, R J, Salotagi S.",,2025,2025-07-08,Y,MED
Q1_protocol_broad,2026-09-05,41465787,PMC12733776,10.3390/life15121848,Genomics in Epidemiology and Disease Surveillance: An Exploratory Analysis.,"Tiwari S, Dhakal T, Kim BJ, Jang GS, Oh Y.",,2025,2025-12-01,Y,MED
Q1_protocol_broad,2026-09-05,42152095,PMC13352711,10.1186/s13058-026-02303-x,"Artificial intelligence integrated multi-omics and multimodal studies promote the efficacy of neoadjuvant chemotherapy in breast cancer: opportunities, challenges, and future perspectives.","Ye S, Jin Z, Li W, Wei G, Jiang S, Wang Q.",,2026,2026-05-18,Y,MED
Q1_protocol_broad,2026-09-05,42291306,PMC13253382,10.3389/fcimb.2026.1859508,Harnessing interpretable deep learning to predict resistance in &lt;i&gt;Klebsiella pneumoniae&lt;/i&gt;.,"Araujo NDMF, Chagas MDS, Santos MF, Pereira RFA, Brum RC, Pinheiro FR, Silveira MC, Duré FM, Müller BLA, de Souza AAA, Souza ABSR, de Souza ÁF, Carvalho-Assef APD, Moreira ADS, Dos Santos MT, Côrtes AMA, Penna BA, Chagas TPG, Aguiar-Alves F, da Silva FAB.",,2026,2026-05-28,Y,MED
Q1_protocol_broad,2026-09-05,42145325,PMC13176562,10.1177/20552076261443074,Role of artificial intelligence in bacterial diagnostics and surveillance of anti-microbial resistance.,"Hassan M, Abu El-Ruz R, Zughaier SM.",,2026,2026-01-01,Y,MED
Q1_protocol_broad,2026-09-05,42245656,PMC13229807,10.3389/fimmu.2026.1724194,Respiratory chain gene mutations associated with global phylogenetic clustering of drug-resistant &lt;i&gt;Mycobacterium tuberculosis&lt;/i&gt; revealed by whole-genome sequencing.,"Ji Q, Hou Y, Li Y.",,2026,2026-05-20,Y,MED
Q1_protocol_broad,2026-09-05,41659813,PMC12876224,10.3389/fcimb.2025.1731083,MALDI-TOF MS in conjunction with machine learning: toward a new era for antimicrobial susceptibility testing.,"Wang M, Xia W, Du J, Ma H, Sun B, Jiang H, Xu J.",,2025,2026-01-23,Y,MED
Q1_protocol_broad,2026-09-05,42424350,PMC13349159,10.1371/journal.pone.0350669,"In silico antimicrobial resistance profiling of 1,240 Stenotrophomonas maltophilia genomes: AMR gene prevalence, temporal evolution, and ST-specific associations.","B Alhusseini L, Nabeeh Jaafar F, R Alsharmani A, Kouhsari E, Sholeh M.",,2026,2026-07-09,Y,MED
Q1_protocol_broad,2026-09-05,41463758,PMC12729976,10.3390/antibiotics14121257,Comparative Evaluation of Sequencing Technologies for Detecting Antimicrobial Resistance in Bloodstream Infections.,"Papamentzelopoulou M, Vrioni G, Pitiriga V.",,2025,2025-12-12,Y,MED
Q1_protocol_broad,2026-09-05,41750707,PMC12939074,10.3390/diagnostics16040555,Machine Learning Model for Predicting Multidrug Resistance in Clinical &lt;i&gt;Klebsiella pneumoniae&lt;/i&gt; Isolates.,"Akkaya Y, Aydin I, Tanyildizi-Kokkulunk H, Erturk A, Kilic IH.",,2026,2026-02-13,Y,MED
Q1_protocol_broad,2026-09-05,41224755,PMC12612154,10.1038/s41467-025-64950-6,Integration of metagenome-assembled genomes with clinical isolates expands the genomic landscape of gut-associated Klebsiella pneumoniae.,"Gupta S, Almeida A.",,2025,2025-11-12,Y,MED
Q1_protocol_broad,2026-09-05,42317762,PMC13272312,10.3389/fmicb.2026.1856738,The role of the gut microbiome in antibiotic-driven antimicrobial resistance.,"Joshi G, Rani S, Bharti D, Panda N, Chavan P, Mathpal S, Ramaiah S, Anbarasu A.",,2026,2026-06-03,Y,MED
Q1_protocol_broad,2026-09-05,42344774,PMC13289652,10.2147/dddt.s607228,Artificial Intelligence in Selected Domains of Drug Discovery: A Critical Narrative Review.,"Bin Abdulqader MI, Alsaqabi AA, Mohammed AE, Alghamdi SS.",,2026,2026-06-19,Y,MED
Q1_protocol_broad,2026-09-05,42396084,PMC13325097,10.1021/acsomega.6c01504,Negative-Ion Mode MALDI-TOF MS Combined with Machine Learning for the Rapid Identification of Colistin-Resistant &lt;i&gt;E. cloacae&lt;/i&gt; Complex.,"Shi Y, Gou X, Li Q, Wu J, Zhao Q, Chen Y, Luo W, Yang Y, Liang X, Long W, Wang J, Zhang J, Zhang X.",,2026,2026-06-13,Y,MED
Q1_protocol_broad,2026-09-05,39540735,PMC11619347,10.1128/aac.01446-24,Neural network-based predictions of antimicrobial resistance phenotypes in multidrug-resistant &lt;i&gt;Acinetobacter baumannii&lt;/i&gt; from whole genome sequencing and gene expression.,"Jia H, Li X, Zhuang Y, Wu Y, Shi S, Sun Q, He F, Liang S, Wang J, Draz MS, Xie X, Zhang J, Yang Q, Ruan Z.",,2024,2024-11-14,N,MED
Q1_protocol_broad,2026-09-05,40193250,PMC12001116,10.1016/j.xpro.2025.103733,AMRLearn: Protocol for a machine learning pipeline for characterization of antimicrobial resistance determinants in microbial genomic data.,"Zhang X, Hu Y, Cheng Z, Archibald JM.",,2025,2025-04-05,Y,MED
Q1_protocol_broad,2026-09-05,40149067,PMC11939793,10.3390/antibiotics14030256,Artificial Intelligence in Bacterial Infections Control: A Scoping Review.,"Abu-El-Ruz R, AbuHaweeleh MN, Hamdan A, Rajha HE, Sarah JM, Barakat K, Zughaier SM.",,2025,2025-03-02,Y,MED
Q1_protocol_broad,2026-09-05,41626677,PMC12930093,10.1093/bfgp/elaf027,An integrated complete-genome sequencing and systems biology approach to predict antimicrobial resistance genes in the virulent bacterial strains of Moraxella catarrhalis.,"Bristy SA, Hossain MA, Hasan MI, Mahmud SMH, Moni MA, Rahman MH.",,2026,2026-01-01,Y,MED
Q1_protocol_broad,2026-09-05,42370218,PMC13310060,10.2147/idr.s602699,Antimicrobial Peptides Against Antimicrobial-Resistant Bacteria: Focus on Machine Learning.,"Tahmasebi H, Arabestani MR.",,2026,2026-06-23,Y,MED
Q1_protocol_broad,2026-09-05,42153318,PMC13253578,10.1093/bib/bbag236,"Decoding extremophiles: insights from bioinformatics, machine learning, and data-driven approaches.","Chasapi MN, Kontis N, Lehmann R, Tasneem R, Patel NS, Khan SA, Martínez de Morentin X, Chasapi IN, Aplakidou E, Galaras A, Aldakheel L, Su M, Baltoumas FA, Venkateswaran K, Lagani V, Gómez-Cabrero D, Tegnér J, Pavlopoulos GA, Soares Rosado A.",,2026,2026-05-01,Y,MED
Q1_protocol_broad,2026-09-05,42350010,PMC13311725,10.1136/bmjopen-2025-109566,Protocols for genomic epidemiology and source attribution of enteric bacteria causing diarrhoeal disease across Africa.,"Badji H, Pascoe B, Goforth MP, Mourkas E, Bako E, Bonkoungou IJ, Gampene MT, Nikiema MEM, Zoma BS, Bah OE, Cassell EJ, Ceesay AK, Ceesay BE, Ceesay O, Conteh B, Drammeh L, Faye B, Jallow AF, Jallow F, Jallow O, Jallow SJ, Joof PM, Kandeh M, Karim M, Manneh J, Ceesay A, Fofana E, Jallow M, Jarju MB, ",,2026,2026-06-25,Y,MED
Q1_protocol_broad,2026-09-05,42209562,PMC13219461,10.1038/s41598-026-53037-x,Evaluating ensemble learning approaches for horizontal gene transfer detection.,"Wijaya AJ, Anžel A, Hattab G.",,2026,2026-05-28,Y,MED
Q1_protocol_broad,2026-09-05,41753681,PMC12943268,10.3390/microorganisms14020394,Artificial Intelligence as a Catalyst for Antimicrobial Discovery: From Predictive Models to De Novo Design.,"Boudza R, Bounou S, Segura-Garcia J, Moukadiri I, Maicas S.",,2026,2026-02-06,Y,MED
Q1_protocol_broad,2026-09-05,42278616,PMC13256776,10.3390/ijms27115092,Evolving Approaches to Bacterial Identification: A Review of Classical and Modern Techniques.,"Gajic I, Jovicevic M, Kekic D, Kabic J, Vicic I, Lukovic B, Tomic A, Sovljanski O, Skoric M, Sikanic I, Jankovic M, Smitran A, Bozic L, Golic B, Basic J, Karabasil N, Opavski N.",,2026,2026-06-04,Y,MED
Q1_protocol_broad,2026-09-05,42402960,PMC13334140,10.1002/ctm2.70723,Artificial intelligence and oral microbiome: Reshaping the diagnostic and therapeutic paradigm of OSCC.,"Shi R, Zhi Y, Gao L, Li SM, Zhi KQ, Ren WH.",,2026,2026-07-01,Y,MED
Q1_protocol_broad,2026-09-05,41395970,PMC12889083,10.1128/spectrum.01922-25,Structure of the &lt;i&gt;Enterobacter&lt;/i&gt; pan-genome is revealed using machine learning.,"Burrows JT, Li G, Monk JM, Chauhan SM, Palsson BO.",,2026,2025-12-15,Y,MED
Q1_protocol_broad,2026-09-05,40804855,PMC12345688,10.3390/diagnostics15151890,Bug Wars: Artificial Intelligence Strikes Back in Sepsis Management.,"Barkas GI, Dimeas IE, Kotsiou OS.",,2025,2025-07-28,Y,MED
Q1_protocol_broad,2026-09-05,40119500,PMC11934168,10.1080/21505594.2025.2481503,Assessment for antibiotic resistance in &lt;i&gt;Helicobacter pylori&lt;/i&gt;: A practical and interpretable machine learning model based on genome-wide genetic variation.,"Wang Y, Zheng S, Guo R, Li Y, Yin H, Qiu X, Chen J, Ni C, Yuan Y, Gong Y.",,2025,2025-03-21,Y,MED
Q1_protocol_broad,2026-09-05,41515628,PMC12785933,10.3390/diagnostics16010133,"BacT-Seq, a Nanopore-Based Whole-Genome Sequencing Workflow Prototype for Rapid and Accurate Pathogen Identification and Resistance Prediction from Positive Blood Cultures: A Feasibility Study.","Azami ME, Lanet V, Beaulieu C, Griffon A, Schicklin S, Mahé P, Darnaud M, Helsmoortel M, Sentausa E, Saliou A, Poncelet M, Fleury R, Ibranosyan M, Vandenesch F, Santiago-Allexant E.",,2026,2026-01-01,Y,MED
Q1_protocol_broad,2026-09-05,42046161,PMC13126709,10.1186/s13756-026-01753-4,Prospective genomic and epidemiologic surveillance of Klebsiella pneumoniae in a tertiary NICU.,"Böhne C, Baier C, Erdmann J, Ebadi E, Zirkler C, Lindenberg M, Schlüter D, Pirr S, Peter C, Bohnhorst B, Knegendorf L.",,2026,2026-04-27,Y,MED
Q1_protocol_broad,2026-09-05,42326411,PMC13278991,10.3389/fmicb.2026.1722999,Oral microbiome signatures of post-stroke cognitive impairment.,"Xu J, Chang Y, Ma J, Wang H, Li X, Chen X, Niu S, An Y, Zhao Y.",,2026,2026-06-05,Y,MED
Q1_protocol_broad,2026-09-05,42147972,PMC13173614,10.3892/br.2026.2154,Establishing a competence model in discriminating &lt;i&gt;Mycobacterium&lt;/i&gt; species and &lt;i&gt;Mycobacterium abscessus&lt;/i&gt; subspecies by using surface-enhanced Raman spectroscopy.,"Pichitphorn A, Faksri K, Kaewseekhao B, Potisap C, Duong Thai T, Eisiri J, Juntagran C, Namwat W, Khwansirikul P, Salao K, Chaisri S, Phoksawat W.",,2026,2026-05-05,Y,MED
Q1_protocol_broad,2026-09-05,,,10.64898/2026.06.28.734076,A systematic analysis of machine learning pipelines for robust antimicrobial resistance prediction,"Aselstyne A, Karthik EN, El Azami M, Pogorelcnik R, Fournier Q, Chandar S.",,2026,2026-07-08,N,PPR
Q1_protocol_broad,2026-09-05,42075213,PMC13118294,10.3390/microorganisms14040816,&lt;i&gt;Salmonella&lt;/i&gt; Infections: Global Trends and Emerging Challenges.,"Ranjan A, Chandna M, Stevens NJ, Kandil J, Dinh B, Kuhn M, Mian N, Tran B, Hamid A, Kim P, Desin TS.",,2026,2026-04-02,Y,MED
Q1_protocol_broad,2026-09-05,41156587,PMC12567046,10.3390/pathogens14100975,Reimagining Tuberculosis Control in the Era of Genomics: The Case for Global Investment in &lt;i&gt;Mycobacterium tuberculosis&lt;/i&gt; Genomic Surveillance.,Mboowa G.,,2025,2025-09-26,Y,MED
Q1_protocol_broad,2026-09-05,42198665,PMC13209725,10.3390/pathogens15050539,Sources of Human Campylobacteriosis Cases in Estonia and the Genomic Associations with Broiler Chicken Meat Isolates.,"Ivanov I, Takkinen HK, Takkinen J, Roasto M, Mäesaar M.",,2026,2026-05-16,Y,MED
Q1_protocol_broad,2026-09-05,41953769,PMC13054236,10.1002/ece3.73452,"Assessing the Application of a Genomic Network Analysis in Population Ecology: Inferring Patterns of Dispersal and Geographic Structure in the Emerging Pathogen, &lt;i&gt;Coccidioides&lt;/i&gt;.","Lewis CD, Gorris ME, Kaufeld KA, Bartlow AW.",,2026,2026-04-07,Y,MED
Q1_protocol_broad,2026-09-05,42405344,PMC13332804,10.1093/jacamr/dlag130,"One Health transmission of plasmid-mediated antimicrobial resistance: genomic insights at the interface of food, animals, humans and the environment.","Monte DFM, Thakur S.",,2026,2026-07-04,Y,MED
Q1_protocol_broad,2026-09-05,41015769,PMC12476627,10.1186/s13059-025-03775-4,Machine learning and statistical inference in microbial population genomics.,"Sheppard SK, Arning N, Eyre DW, Wilson DJ.",,2025,2025-09-27,Y,MED
Q1_protocol_broad,2026-09-05,42513957,PMC13414315,10.3390/microorganisms14071451,The Convergence of Antimicrobial Resistance and Virulence in &lt;i&gt;Streptococcus pneumoniae&lt;/i&gt;: A Molecular and Clinical Perspective.,"Almeida J, Takeshita K, Ramirez-Villalva A, Vidal AGJ, Fong-Coronado PA, Ervin JE, Castañeda-Ruelas GM, Vidal JE.",,2026,2026-06-30,Y,MED
Q1_protocol_broad,2026-09-05,42052329,PMC13111169,10.2147/idr.s592685,Emerging Microbiome-Based Therapies for Skin Infections: From Probiotics and Prebiotics to Synthetic Microbiome Engineering.,"Brar GS, Sharma A, Siddiqui AJ, Sharma L.",,2026,2026-04-21,Y,MED
Q1_protocol_broad,2026-09-05,41754442,PMC12942922,10.3390/pathogens15020189,Integrated FTIR and Whole-Genome Sequencing Reveal Scale-Dependent Genotype-Phenotype Relationships in Multidrug-Resistant &lt;i&gt;Pseudomonas aeruginosa&lt;/i&gt;.,"Lengyel G, Kaszab E, Fehér E, Marton S, Orosz L, Sarkadi-Nagy Á, Burián K, Bányai K.",,2026,2026-02-08,Y,MED
Q1_protocol_broad,2026-09-05,41162893,PMC12574167,10.1186/s12866-025-04394-6,Unveiling meropenem resistance and co-resistance patterns in Klebsiella pneumoniae and Acinetobacter baumannii: a global genome analysis using ML/DL and association mining.,"Ramachandran S, K D, M S, R MR, S A, V A, P DD, B S, Mohan S S.",,2025,2025-10-29,Y,MED
Q1_protocol_broad,2026-09-05,42409578,,10.1101/gr.281341.125,High-accuracy SNV calling for bacterial isolates using deep learning with AccuSNV.,"Liao H, Conwill A, Light-Maka I, Fenk M, Mitchell AH, Qu EB, Torrillo P, Baker JS, Bartsch LR, Key FM, Lieberman TD.",,2026,2026-09-01,N,MED
Q1_protocol_broad,2026-09-05,41403881,PMC12702651,10.20517/mrr.2025.75,Benchmarking and optimizing microbiome-based bioinformatics workflow for non-invasive detection of intestinal tumors.,"Sun Y, Huang Y, Li R, Zhang J, Fan X, Su X.",,2025,2025-12-01,Y,MED
Q1_protocol_broad,2026-09-05,42505598,PMC13405602,10.3390/antibiotics15070635,"Artificial Intelligence in Bacteriophage Science: A Comprehensive Narrative Review of Applications, Challenges, and Translational Opportunities.","Fortaleza JAG, Cabuhat KSP, Lagunzad HC, Panizales WB, Cruz JTP, Matamis JG, Mamaat JER, Libres AC, Dulay RMR, Nuevo JJM.",,2026,2026-06-25,Y,MED
Q1_protocol_broad,2026-09-05,42389671,PMC13318868,10.3389/frdem.2026.1865441,Leveraging artificial intelligence for analysis of the gut microbiome for dementia diagnosis: a scoping review and discussion.,"Krishnan L, Gunasekaran G, Dhore T, Lauinger A, Kolachalama V, Pappu S.",,2026,2026-06-17,Y,MED
Q1_protocol_broad,2026-09-05,42086219,PMC13143410,10.1111/1462-2920.70319,A 'Genome-First' Framework for Next-Generation Bioinputs: From Functional Mining to Rational Synthetic Microbial Communities.,Gonçalves OS.,,2026,2026-05-01,Y,MED
Q1_protocol_broad,2026-09-05,41896736,PMC13147680,10.1186/s12866-026-04909-9,"BaGPipe: an automated, reproducible, and flexible pipeline for bacterial genome-wide association studies.","Wei KC, Blane B, Toussaint J, Reuter S, Toleman MS, Torok ME, Peacock SJ, Harrison EM, Aggarwal D, Roberts-Sengier W.",,2026,2026-03-27,Y,MED
Q1_protocol_broad,2026-09-05,39906157,PMC11791014,10.1016/j.csbj.2025.01.006,The role of artificial intelligence and machine learning in predicting and combating antimicrobial resistance.,"Bilal H, Khan MN, Khan S, Shafiq M, Fang W, Khan RU, Rahman MU, Li X, Lv QL, Xu B.",,2025,2025-01-18,Y,MED
Q1_protocol_broad,2026-09-05,42294714,PMC13339894,10.1128/spectrum.03240-25,Rapid and modular workflows for same-day sequencing-based detection of bloodstream infections and antimicrobial resistance determinants using culture-enriched samples.,"Sajib MSI, Oravcova K, Brunker K, Everest P, Fuentes M, Wilson C, Murphy ME, Forde T.",,2026,2026-06-15,Y,MED
Q1_protocol_broad,2026-09-05,40835633,PMC12368220,10.1038/s41598-025-14078-w,Prediction of antibiotic resistance from antibiotic susceptibility testing results from surveillance data using machine learning.,"Valavarasu S, Sangu Y, Mahapatra T.",,2025,2025-08-20,Y,MED
Q1_protocol_broad,2026-09-05,41805947,PMC12974878,10.1371/journal.pone.0344787,"Genomic and phylogenomic exploration of Vibrio cholerae strain SU129B isolated from Penaeus vannamei: Resistance, virulence, and evolutionary dynamics in bangladeshi aquaculture.","Uddin MS, Chamonara K, Masum MHU, Siddiqua A, Hossain I, Sultana S, Islam S.",,2026,2026-03-10,Y,MED
Q1_protocol_broad,2026-09-05,41986319,PMC13260445,10.1038/s41467-026-71364-5,Decoding immunotherapy response through computational modeling.,"Li B, Luo R, Huang K, Liu J, Zhao W, Zhou X.",,2026,2026-04-15,Y,MED
Q1_protocol_broad,2026-09-05,40788305,PMC12452195,10.1099/mgen.0.001465,Whole-genome sequencing and bioinformatic tools powered by machine learning to identify antibiotic-resistant genes and virulence factors in &lt;i&gt;Escherichia coli&lt;/i&gt; from sepsis.,"Kumar NR, Balraj TA, Cooper KK, Prashant A.",,2025,2025-08-01,Y,MED
Q1_protocol_broad,2026-09-05,41741537,PMC13043779,10.1038/s41598-026-39537-w,Soil microbiome prediction using traditional machine learning and deep learning models.,"Aouabed Z, Therrien V, Bouaoune MA, Bakhtyari M, Hijri M, Makarenkov V.",,2026,2026-02-25,Y,MED
Q1_protocol_broad,2026-09-05,41901996,PMC13030195,10.3390/s26061828,BactoRamanBioNet: A Multimodal Neural Network for Bacterial Species Identification Using Raman Spectroscopy and Biological Knowledge.,"Xu Y, Song J, Zhang Z, Feng L, Yang Y, Liang Y, Guo Y.",,2026,2026-03-13,Y,MED
Q1_protocol_broad,2026-09-05,41406010,PMC12711010,10.1099/mgen.0.001591,Predicting clinical outcome of &lt;i&gt;Escherichia coli&lt;/i&gt; O157:H7 infections using explainable machine learning.,"Paganini JA, Khatun S, McAteer S, Cowley L, Greig DR, Gally DL, Jenkins C, Dallman TJ.",,2025,2025-12-01,Y,MED
Q1_protocol_broad,2026-09-05,42332472,PMC13286454,10.1097/md.0000000000049373,Predictors of death in diabetes-associated Enterobacteriaceae sepsis: A Mendelian randomization and machine learning study.,"Lou H, Han K, Wang Y.",,2026,2026-06-01,Y,MED
Q1_protocol_broad,2026-09-05,,PMC13299584,,Machine Learning for CRISPR-Based Diagnostics,,,2026,2026-06-01,Y,PMC
Q1_protocol_broad,2026-09-05,41724709,PMC12927950,10.1002/mbo3.70236,Genomic Epidemiology and Machine Learning-Based Drug Discovery for Antimicrobial Resistant Diarrheagenic Escherichia coli.,"Masood A, Noor F, Rehman A, Barq MG, Iqbal S, Ali MQ, Ahmad S, Naqvi SZH.",,2026,2026-02-01,Y,MED
Q1_protocol_broad,2026-09-05,41156630,PMC12567373,10.3390/pathogens14101019,Machine Learning-Based Characterization of &lt;i&gt;Bacillus anthracis&lt;/i&gt; Phenotypes from pXO1 Plasmid Proteins.,"Harrigan W, La THA, Dahal P, Belcaid M, Norris MH.",,2025,2025-10-08,Y,MED
Q1_protocol_broad,2026-09-05,42174466,PMC13198060,10.1186/s12864-026-12884-8,"The interplay of specialized metabolites, antibiotic resistance, and virulence in Enterococcus faecium: in silico analysis of bacterial genomes.","Sonbol S, Samad LA, Al-Marzooq F, Ziko L.",,2026,2026-05-22,Y,MED
Q1_protocol_broad,2026-09-05,42535509,PMC13425690,10.1111/1750-3841.71334,Artificial Intelligence in Food-Nutrition-Health Research: From Multimodal Data Integration to Precision Intervention.,"Wu X, Feng J.",,2026,2026-08-01,N,MED
Q1_protocol_broad,2026-09-05,41183222,PMC12584844,10.1080/22221751.2025.2576588,"Global genomic survey of &lt;i&gt;Salmonella&lt;/i&gt; Kentucky: discovery of a chromosomeborne &lt;i&gt;bla&lt;/i&gt;&lt;sub&gt;NDM-5&lt;/sub&gt; and the emergence of ST314, an MDR clone mediated by the IncR plasmid.","Chen K, Peng J, Peng Z, Xiao R, Wang N, Deng Y, Wu C, Zheng Z, Guan J, Tang Y, Lin Q, Xu C, Xu X, Liao M, Zhang J.",,2025,2025-11-03,Y,MED
Q1_protocol_broad,2026-09-05,41989189,PMC13227986,10.1128/spectrum.02293-25,Emergence of a high-risk multidrug-resistant &lt;i&gt;Acinetobacter baumannii&lt;/i&gt; clone ST697 in nosocomial settings.,"Guan J, Qu H, Yu L, Li W, Eister G, Hakonarson H, Li S.",,2026,2026-04-16,Y,MED
Q1_protocol_broad,2026-09-05,42169943,PMC13187973,10.21037/jgo-2026-1-0006,A systematic review of artificial intelligence and machine learning for gut microbiome-based CRC screening.,"Chittilla M, Nagdev P.",,2026,2026-03-27,Y,MED
Q1_protocol_broad,2026-09-05,41437386,PMC12837002,10.1186/s40168-025-02315-3,Genome-resolved surveillance and predictive ecological risk modeling of urban microbiomes.,"Aminu S, Ascandari A, Mokhtar MM, Allali AE, Benhida R, Daoud R.",,2025,2025-12-23,Y,MED
Q1_protocol_broad,2026-09-05,41594091,PMC12838229,10.3390/antibiotics15010055,The Role of Genomics in Advancing and Standardising Bacteriophage Therapy.,"Abdraimova N, Shitikov E, Kornienko M.",,2026,2026-01-04,Y,MED
Q1_protocol_broad,2026-09-05,41822332,PMC12976021,10.3389/fcimb.2026.1746117,The value of metagenomic next-generation sequencing in lower respiratory tract infections among critically ill patients in the ICU.,"Xu Y, Wu W, Dong D, Liu N, Liu J, Qi B, Gu Q.",,2026,2026-02-25,Y,MED
Q1_protocol_broad,2026-09-05,42403824,PMC13332742,10.7759/cureus.110241,"Artificial Intelligence for Neonatal Sepsis Prediction: A Review of Advances, Clinical Integration, and Future Prospects.","Ndubuisi JO, Chimaoge Henry I, Ibekie OG, Oniah W, Purity GT, Nnamani JC, Omofuma OM, Chimdike UD, Divine N, Obidiegwu IJ, Jessica Ifunanya U, Okonkwo P, Ibekie O, Chinenye Benita N, Ashinze P.",,2026,2026-06-04,Y,MED
Q1_protocol_broad,2026-09-05,41283667,PMC12710343,10.1128/msystems.01453-25,Phylo-Spec: a phylogeny-fusion deep learning model advances microbiome status identification.,"Zhang J, Meng F, Sun Y, Xu W, Wu S, Su X.",,2025,2025-11-24,Y,MED
Q1_protocol_broad,2026-09-05,42458242,PMC13374142,10.1186/s12864-026-13121-y,Genomic insights into specialized and primary metabolism gene clusters in methicillin-resistant Staphylococcus aureus from Egyptian community settings.,"Aboushanab AA, Saif NA, Salem S, Eltaher SS, Elghaish RA, Pascoe B, Sheppard SK, Elhadidy M, Ziko L.",,2026,2026-07-15,Y,MED
Q1_protocol_broad,2026-09-05,42448697,PMC13369868,10.1038/s41467-026-75659-5,Profiling the gut resistome to unlock antimicrobial resistance biology and inform clinical risk.,"Chaudhry Z, Cazares A, Thomson N, Heyderman RS.",,2026,2026-07-15,Y,MED
Q1_protocol_broad,2026-09-05,42222122,PMC13216486,10.3389/fcvm.2026.1790244,Artificial intelligence optimizes immune rejection prediction and management in heart transplantation: a structured narrative review.,"Chen K, Lai J, Luo Y, Li C, Wang G.",,2026,2026-05-14,Y,MED
Q1_protocol_broad,2026-09-05,42111813,PMC13151934,10.7717/peerj.21137,From sequencing to intelligence: how AI is transforming metagenomics.,Mubaraki FA.,,2026,2026-05-04,Y,MED
Q1_protocol_broad,2026-09-05,41103321,PMC12520881,10.3389/fnut.2025.1673037,"Tracing microbial hazards in the aquatic supply chain: challenges, technologies, and future directions.","Zhang J, Ding T, Ahn J, Zhang Z, Liao X.",,2025,2025-10-01,Y,MED
Q1_protocol_broad,2026-09-05,42327525,PMC13277607,10.36519/idcm.2026.903,"Zoonotic Nontuberculous Mycobacteria: Transmission Pathways, Laboratory Diagnosis, Detection Methodologies, and One Health Priorities.","Maity H, Hiwale K, Meshram S, Shishodiya M, Pratyeke Maraskolhe D, Narang P.",,2026,2026-05-26,Y,MED
Q1_protocol_broad,2026-09-05,41828596,PMC12985205,10.3390/ijms27052378,"The &lt;i&gt;Citrobacter freundii&lt;/i&gt; Complex as an Emerging Pathogen: Genomic Plasticity, Virulence, and Antimicrobial Resistance.",Duduveche AE.,,2026,2026-03-04,Y,MED
Q1_protocol_broad,2026-09-05,42311649,PMC13270246,10.1093/ofid/ofag328,Analysis of Drug Resistance Characteristics and Risk Factors of Cavitary Tuberculosis Based on Whole Genome Sequencing and Machine Learning.,"Yang Q, Xie Z, Ye J, Dong W, Huang Y, Qin H, Zhou C, Huang L, Ou J, Chang Y, Cui Z.",,2026,2026-06-03,Y,MED
Q1_protocol_broad,2026-09-05,41618188,PMC12930972,10.1186/s12879-026-12559-5,Mutations in sugar metabolism-related genes driving global drug-resistant Mycobacterium tuberculosis transmission revealed by whole-genome sequencing.,"Li Y, Li Y, Kong X, Tao N, Hou Y, Han Q, Zhang Y, Long F, Liu Y, Li H.",,2026,2026-01-30,Y,MED
Q1_protocol_broad,2026-09-05,41881768,PMC13025824,10.1016/j.tig.2026.01.013,Machine learning for evolutionary genetics and molecular evolution.,"Svetec N, Lee U, Zhao L.",,2026,2026-03-24,N,MED
Q1_protocol_broad,2026-09-05,41955186,PMC13065059,10.1371/journal.pone.0346962,Whole genome and phylogenomic insights into Vibrio parahaemolyticus from Pacific White Shrimp reveal resistance and virulence traits in Bangladeshi aquaculture.,"Masum MHU, Uddin MS, Chamonara K, Sultana S, Islam S, Siddiqua A.",,2026,2026-04-09,Y,MED
Q1_protocol_broad,2026-09-05,40530807,PMC12323353,10.1128/spectrum.02632-24,Genomic and machine learning approaches to predict antimicrobial resistance in &lt;i&gt;Stenotrophomonas maltophilia&lt;/i&gt;.,"Liu X, Long S, Chen F, Liu C, Han P, Yu H, Huang X, Pan C, Yue R, Feng W, Rao G, Shen H, Pan L.",,2025,2025-06-18,Y,MED
Q1_protocol_broad,2026-09-05,42059884,PMC13136631,10.1099/mgen.0.001700,Decentralized nanopore genomics reveals diverse &lt;i&gt;Klebsiella pneumoniae&lt;/i&gt; and no evidence of patient-patient transmission in a New Zealand hospital.,"White RT, Bakker S, Burton M, Dyet K, Elvy J, Eustace A, Griffith MP, Hutton S, Lees J, Raabe NJ, Su B, Tiong A, Winter DJ, Wyres KL, Bloomfield M.",,2026,2026-04-01,Y,MED
Q1_protocol_broad,2026-09-05,40109965,PMC11919855,10.3389/fmicb.2025.1528696,Integrating sequencing methods with machine learning for antimicrobial susceptibility testing in pediatric infections: current advances and future insights.,"Zou Z, Tang F, Qiao L, Wang S, Zhang H.",,2025,2025-03-05,Y,MED
Q1_protocol_broad,2026-09-05,41446279,PMC12722983,10.3389/fcimb.2025.1725920,Advances in diagnostic methods for detection of bloodstream pathogens and antibiotic resistance determinants.,"Dunbar SA, Benavides M, Gardner C.",,2025,2025-12-09,Y,MED
Q1_protocol_broad,2026-09-05,40770074,PMC12328700,10.1038/s42003-025-08590-y,Chronological age estimation from human microbiomes with transformer-based Robust Principal Component Analysis.,"Myers T, Song SJ, Chen Y, De Pessemier B, Khatib L, McDonald D, Huang S, Gallo R, Callewaert C, Havulinna AS, Lahti L, Roeselers G, Laiola M, Shetty SA, Kelley ST, Knight R, Bartko A.",,2025,2025-08-06,Y,MED
Q1_protocol_broad,2026-09-05,41749685,PMC12938703,10.3390/bioengineering13020144,"Transformer Models, Graph Networks, and Generative AI in Gut Microbiome Research: A Narrative Review.","Zhu Y, Tang Y, Qi X, Zhu X.",,2026,2026-01-27,Y,MED
Q1_protocol_broad,2026-09-05,40924938,PMC12452192,10.1099/mgen.0.001498,Genomic analysis of the &lt;i&gt;Streptococcus pneumoniae&lt;/i&gt; in Taiwan: a nationwide study from 2006 to 2022.,"Cheng HR, Kuo SC, Lai JF, Wu HC, Chen FJ, Sytwu HK, Lo SW, Bentley SD, Huang YC.",,2025,2025-09-01,Y,MED
Q1_protocol_broad,2026-09-05,42544198,PMC13429135,10.2147/idr.s623763,&lt;i&gt;Weissella Confusa&lt;/i&gt; Infections and Strain-Level Biosafety: Clinical Evidence and Intrinsic Vancomycin Resistance.,"Lu Y, Liu J, Wang D, Houyan S, Miao Y.",,2026,2026-07-29,Y,MED
Q1_protocol_broad,2026-09-05,42158686,PMC13181648,10.21037/tp-2025-aw-743,Machine learning-based prediction of severe &lt;i&gt;Mycoplasma pneumoniae&lt;/i&gt; pneumonia in pediatric patients.,"Hu J, Chen H, Chen Y, Li J, Li X, Guo J, Wang Y, Shi Y.",,2026,2026-04-28,Y,MED
Q1_protocol_broad,2026-09-05,42239923,PMC13170470,10.15537/1658-3175.1003,"Role of Artificial Intelligence in Infectious Diseases and Antimicrobial Resistance: A Comprehensive Review on Diagnostic, Treatment, and Prevention Aspects.","Ahmed N, Alghamdi M.",,2026,2026-02-07,Y,MED
Q1_protocol_broad,2026-09-05,41782801,PMC12953961,10.1177/11779322261427123,"Leveraging Artificial Intelligence to Advance Bioinformatics in Africa: Opportunities, Challenges, and Ethical Considerations in Combating Antimicrobial Resistance.",Lyimo B.,,2026,2026-02-28,Y,MED
Q1_protocol_broad,2026-09-05,,,,A transparent rule-based framework using k-mer profiles for detection of cryptic infections in tomato whole-genome metagenomic data,"Khakvar R, Pulinkala G, Baghdy Sar M, Komorowski J.",,2026,2026-03-01,N,AGR
Q1_protocol_broad,2026-09-05,41459164,PMC12738355,10.3389/fcimb.2025.1658476,Epidemiological shifts and advances in research on early diagnosis of invasive fungal infection in critically ill patients.,"Cao Y, Li Y, Wang M, Wu Y, Shi S, Wang C, Gao Z, Yang W, Wang L, Kang H.",,2025,2025-12-11,Y,MED
Q1_protocol_broad,2026-09-05,41374421,PMC12691312,10.3390/diagnostics15233041,Machine Learning Model with Fourier-Transform Infrared Spectroscopy (FTIR) as a Proof-of-Concept Tool for Predicting Group A &lt;i&gt;Streptococcus&lt;/i&gt; (GAS) &lt;i&gt;emm&lt;/i&gt;-Type in the Pediatric Population.,"Fox V, Vrenna G, Rossitto M, Raimondi S, Cristiano M, Cortazzo V, Agosta M, Lucignano B, Onori M, Tuccio Guarna Assanti V, Lepanto MS, Essa N, Tarissi De Jacobis I, Campana A, Raponi M, Villani A, Perno CF, Bernaschi P.",,2025,2025-11-28,Y,MED
Q1_protocol_broad,2026-09-05,42657294,,10.1080/20002297.2026.2717773,"Oral dysbiosis: methodological evolution, the mobile resistome and the future of machine learning in dentistry.","Lynch J, Bradshaw D, Hawkins R, Howlin R, Pavitt S, Do T.",,2026,2026-08-24,N,MED
Q1_protocol_broad,2026-09-05,42382779,PMC13316164,10.3389/fimmu.2026.1861669,Nurr1 deficiency orchestrates a coupled liver-gut pathological axis revealed by multi-omics and deep-learning histopathology.,"Faisal S, Ullah I, Kambey PA, Malik A, Ejaz MA, Shah SA, Li YX.",,2026,2026-06-16,Y,MED
Q1_protocol_broad,2026-09-05,42266929,PMC13244882,10.3389/fcimb.2026.1792361,Artificial intelligence in optimizing antimicrobial therapy for gastro-renal disorders.,"Stoia O, Anderco P, Badiu T, Todor SB, Ichim C.",,2026,2026-05-25,Y,MED
Q1_protocol_broad,2026-09-05,39088151,PMC11294375,10.1007/s10916-024-02089-5,From Data to Decisions: Leveraging Artificial Intelligence and Machine Learning in Combating Antimicrobial Resistance - a Comprehensive Review.,"de la Lastra JMP, Wardell SJT, Pal T, de la Fuente-Nunez C, Pletzer D.",,2024,2024-08-01,Y,MED
Q1_protocol_broad,2026-09-05,42142806,,10.1016/j.cmi.2026.05.012,The role of whole genome sequencing in antimicrobial susceptibility prediction of bacteria: 2025 update from the European Committee on Antimicrobial Susceptibility Testing Subcommittee.,"Samuelsen Ø, López-Causapé C, Aarestrup FM, Bortolaia V, Brouwer MSM, Cantón R, Egli A, Grad YH, Hamprecht A, Haussler S, Holt KE, Hopkins KL, Howden BP, Jeannot K, Kahlmeter G, Köser CU, Mathers AJ, Naas T, Pournaras S, Ruppé E, Schön T, Stoesser N, Turnidge J, Werner G, Wright GD, Giske CG, Oliver",,2026,2026-05-15,N,MED
Q1_protocol_broad,2026-09-05,41512899,PMC13108401,10.1016/j.lanmic.2025.101277,Implementation and outcomes of a rapid response genomic hospital epidemiology programme at an academic medical centre over 7 years.,"Chu VT, Spottiswoode N, Ward R, Yokoe DS, Ramirez-Avila L, Phelps MS, Glascock A, Crawford ED, Kamm J, Hao S, Li L, Dynerman D, Waltari E, Nafees S, Kalantar KL, Caldera S, Madera S, Guerrero ES, Ivashin D, Serpa PH, Love C, Mwakibete LL, Doernberg SB, Kistler A, Alvino R, Engel J, Chiu CY, Pak C, C",,2026,2026-01-06,Y,MED
Q1_protocol_broad,2026-09-05,41988525,PMC13076316,10.3389/fphar.2026.1756017,A machine learning model integrating gut microbiota biomarkers for predicting neurological recovery after cerebral hypoxia-ischemia: a single-center study augmented with public data.,"Kong L, Wang C.",,2026,2026-03-31,Y,MED
Q1_protocol_broad,2026-09-05,42187463,PMC13204018,10.3390/bios16050267,"Artificial Intelligence-Assisted Pathogen Detection: Algorithms, Biosensing Platforms, and Applications.","Liu J, Gao W, Guo C, Cai W, Tang Z, Li S, Deng Y, Qu X, Chen Z.",,2026,2026-05-05,Y,MED
Q1_protocol_broad,2026-09-05,41846072,PMC13010936,10.1016/j.psj.2026.106713,"Gut check: Exploring tools, techniques, and future directions in microbiome research.","Oladokun S, Grenier B, Oakley B, Bortoluzzi C, Ramkumar M.",,2026,2026-02-27,Y,MED
Q1_protocol_broad,2026-09-05,41474711,PMC12755741,10.1371/journal.pone.0340071,Whole-genome sequencing of Burkholderia glumae strains from Thailand reveals potential horizontal gene transfer with Burkholderia pseudomallei.,"Patarapuwadol S, Hintong W, Nualnisachol P, Wankaew N, Kruasuwan W, Sawaengwong T, Laosena P, Premsuriya J.",,2025,2025-12-31,Y,MED
Q1_protocol_broad,2026-09-05,42222669,PMC13221980,10.1093/bioadv/vbag140,Transformer-based operon prediction using textual representations of gene pairs.,"Assaf R, Fakhri B.",,2026,2026-05-21,Y,MED
Q1_protocol_broad,2026-09-05,41867523,PMC13000768,10.1021/acsomega.6c00460,Domain-Level Classification of Archaea and Bacteria Using AI-Assisted Single-Cell Raman Spectroscopy.,"Kanno N, Ohtani T, Oda N, Kato S, Ohkuma M, Shigeto S.",,2026,2026-03-03,Y,MED
Q1_protocol_broad,2026-09-05,41843615,PMC13012505,10.1371/journal.pgen.1012091,Machine learning identifies novel signatures of antifungal drug resistance in Saccharomycotina yeasts.,"Harrison MC, Rinker DC, LaBella AL, Opulente DA, Wolters JF, Zhou X, Shen XX, Groenewald M, Hittinger CT, Rokas A.",,2026,2026-03-17,Y,MED
Q1_protocol_broad,2026-09-05,41652320,PMC12977846,10.1186/s12866-026-04769-3,Development of surface enhanced Raman spectra coupled with machine learning analysis for differentiation of closely related species within Enterobacter cloacae complex.,"Zhou M, Xiong X, Li Y, Xu Y, Gu B, Gu J.",,2026,2026-02-07,Y,MED
Q1_protocol_broad,2026-09-05,42323281,PMC13439532,10.1038/s41467-026-74582-z,Precision culturomics enabled by unlabeled single-cell morphology and Raman spectra.,"Liang Q, Lan X, Wu J, Wei W, Li L, Tang X, Zhao G, Guo R, Jia H.",,2026,2026-06-20,Y,MED
Q1_protocol_broad,2026-09-05,41910330,PMC13170361,10.1128/jcm.01466-25,"Prediction of KPC-producing &lt;i&gt;Klebsiella pneumoniae&lt;/i&gt; by MALDI-TOF MS, ensemble learning, and spectral peak annotation.","Rodriguez-Temporal D, Gutiérrez-Pareja M, Gordy GG, Nahkala EM, Rodríguez-Sánchez B, Patel R.",,2026,2026-03-30,Y,MED
Q1_protocol_broad,2026-09-05,41368432,PMC12682895,10.3389/fcimb.2025.1682764,An interpretable machine learning model for early prediction of Escherichia coli infection in ICU patients.,"Yang S, Zou L, Liang H, Xu X, Chen X.",,2025,2025-11-24,Y,MED
Q1_protocol_broad,2026-09-05,41947134,PMC13191914,10.1186/s12917-026-05430-x,Machine learning-driven discovery of host genetic factors for paratuberculosis in goats within the one health framework.,"Yaman Y, Eser A, Coşkun D, Aymaz R, Kişi YE, Keleş M, Yağcı S, Gülaydin Ö, Şengül SS, İrak K, Bolacalı M.",,2026,2026-04-07,Y,MED
Q1_protocol_broad,2026-09-05,42117717,PMC13227991,10.1128/spectrum.02207-25,"Genomic profiling of &lt;i&gt;Morganella morganii&lt;/i&gt;: insights into antibiotic resistance genes, pathogenicity islands, and toxin-antitoxin systems.","Senbadejo TY, Bourne CR, Isawumi A.",,2026,2026-05-12,Y,MED
Q1_protocol_broad,2026-09-05,41555234,PMC12952048,10.1186/s12866-025-04657-2,Combining mass spectrometry and machine learning models for predicting Klebsiella pneumoniae antimicrobial resistance: a multicenter experience from clinical isolates in Italy.,"Rocchi E, Nicitra E, Calvo M, Cento V, Peiretti L, Asif Z, Menchinelli G, Posteraro B, Sala C, Colosimo C, Cricca M, Sambri V, Sanguinetti M, Castellani G, Stefani S.",,2026,2026-01-19,Y,MED
Q1_protocol_broad,2026-09-05,41855150,PMC13001964,10.1371/journal.pone.0345259,Genomic evolution of SARS-CoV-2 delta variants pre- and post-omicron emergence using alignment-free machine learning models.,"Sankar S, Anandharaman K, Selvam P, Jayaraman A, Jayakumar D, Balakrishnan P, Larsson M, Velu V, Raju S, Shankar EM.",,2026,2026-03-19,Y,MED
Q1_protocol_broad,2026-09-05,42180248,PMC13194110,10.3389/fcimb.2026.1793808,Oxford Nanopore Sequencing in pediatric emergency infectious diseases: from rapid diagnosis to precision medicine.,"Guo Y, Cheng A, Huang Y.",,2026,2026-05-08,Y,MED
Q1_protocol_broad,2026-09-05,42510974,PMC13409061,10.3390/cimb48070734,Pipettes and Pipelines: The Weapons of Omics Sciences for a New Age of Clinical Studies.,"Lopes ÍS, Fukutani ER, Mota TF, Andrade BB, Araújo-Pereira M, Queiroz ATL.",,2026,2026-07-18,Y,MED
Q1_protocol_broad,2026-09-05,40082590,PMC11906734,10.1038/s44259-025-00085-4,How AI can help us beat AMR.,"Arnold A, McLellan S, Stokes JM.",,2025,2025-03-13,Y,MED
Q1_protocol_broad,2026-09-05,42201889,PMC13215550,10.1371/journal.pone.0348782,"Genome-wide analysis of the invasive fungal pathogen Neopestalotiopsis reveals high genomic diversity, effector repertoires, and the assessment of fungicide resistance risks.","Adhikari TB, Muzhinji N, Gaire S, Magar PB, Pandey A, Moparthi S, Louws FJ.",,2026,2026-05-27,Y,MED
Q1_protocol_broad,2026-09-05,39545538,PMC12406795,10.1093/inthealth/ihae081,Artificial intelligence-enhanced biosurveillance for antimicrobial resistance in sub-Saharan Africa.,"Ayesiga I, Yeboah MO, Okoro LN, Edet EN, Gmanyami JM, Ovye A, Atimango L, Gadzama BN, Kembabazi E, Atwau P.",,2025,2025-09-01,Y,MED
Q1_protocol_broad,2026-09-05,41254078,PMC12627748,10.1038/s41598-025-24333-9,Comparative assessment of annotation tools reveals critical antimicrobial resistance knowledge gaps in Klebsiella pneumoniae.,"Kordova K, Collins C, Parkhill J.",,2025,2025-11-18,Y,MED
Q1_protocol_broad,2026-09-05,,,10.64898/2026.06.03.26354630,Integrating patient movement and pathogen genomics to support hospital infection prevention with PathoPath: a method development study,"Sajib MS, Tanmoy AM, Kanon N, Jui AB, Islam MS, Dola NZ, Hossain MM, Mobarak R, Shahidullah M, Hoque M, Uddin Ahmed AN, Holmes AH, Saha SK, Saha S, Wan Y, Hooda Y.",,2026,2026-06-05,Y,PPR
Q1_protocol_broad,2026-09-05,42445489,PMC13357843,10.3389/fmicb.2026.1843407,New potential antimicrobial peptides with mirror-symmetrical structure in fungi and insects.,"Zhu J, Knoll W, Wang B, Pelosi P.",,2026,2026-06-29,Y,MED
Q1_protocol_broad,2026-09-05,42518809,PMC13381230,10.3389/fonc.2026.1810802,Gut microbiome biomarkers for colorectal cancer detection: a systematic review highlighting age as a key confounder.,"Chejara P, Eriksson A.",,2026,2026-07-06,Y,MED
Q1_protocol_broad,2026-09-05,41906146,PMC13034601,10.1186/s12919-026-00366-4,Proceedings of the 3rd edition of the International e-Health Forum 2024.,,,2026,2026-03-30,Y,MED
Q1_protocol_broad,2026-09-05,41928320,PMC13063629,10.1186/s13036-026-00663-8,Residual-hybrid dynamic response-surface/machine-learning framework for predicting malachite green removal and biodegradation by a bacterial consortium.,"Sakr EAE, Hassan MS, El-Sedik M, Rekaby MM, El-Sayed GM.",,2026,2026-04-02,Y,MED
Q1_protocol_broad,2026-09-05,42256504,PMC13240142,10.1111/eva.70272,The Genetically Homogeneous Population Structure of &lt;i&gt;Evynnis cardinalis&lt;/i&gt; Along the Chinese Coast Revealed by Whole Genome Sequencing.,"Liu S, Gao Y, Zhang X, Long X, Gutang Q, Zhao H, Lin J, Liu W.",,2026,2026-05-28,Y,MED
Q1_protocol_broad,2026-09-05,42529233,PMC13416846,10.3389/fmicb.2026.1869585,"Identification, resistance mechanisms, and innovative therapeutic approaches against &lt;i&gt;Acinetobacter baumannii-calcoaceticus&lt;/i&gt; complex.","Daniyal D, Mao C, Shi H.",,2026,2026-07-08,Y,MED
Q1_protocol_broad,2026-09-05,42379827,PMC13435937,10.1128/spectrum.03956-25,Comparative evaluation of EUCAST RAST and QuickMIC for rapid antimicrobial susceptibility testing of carbapenem-resistant organisms directly from positive blood cultures.,"Degel-Brossmann N, Kimkes T, Reibenspies L, Huang J, Seifert H, Higgins P, Christner M, Aepfelbacher M, Johansson C, Malmberg C, Rohde H, Berinson B.",,2026,2026-06-30,Y,MED
Q1_protocol_broad,2026-09-05,42136739,PMC13168007,10.3389/fcimb.2026.1747088,Retrospective comparative analysis of pre-IVF vaginal and semen microbiological cultures in infertile couples highlights absence of microbial concordance.,"Vágvölgyi A, Nádasdi B, Zádori PL, Sinka R, Burián K, Vedelek V, Zádori J.",,2026,2026-04-29,Y,MED
Q1_protocol_broad,2026-09-05,41304932,PMC12655035,10.3390/ph18111687,Applications of Genome Sequencing in Infectious Diseases: From Pathogen Identification to Precision Medicine.,"Hasan GM, Mohammad T, Shamsi A, Sohal SS, Hassan MI.",,2025,2025-11-07,Y,MED
Q1_protocol_broad,2026-09-05,41883140,PMC13018777,10.2196/85414,"Multimodal AI for Alzheimer Disease Diagnosis: Systematic Review of Datasets, Models, and Modalities.","Yu Z, Mulholland A, Huang T, Liu Q.",,2026,2026-03-25,Y,MED
Q1_protocol_broad,2026-09-05,42007334,PMC13082983,10.3389/fpubh.2026.1776922,Uncloaking the black-box: the need for explainable artificial intelligence in clinical microbiology and infectious diseases applications.,"Warrier SP, Narasimhan V, Meijer E, Gütlin Y, Nolte O, Veeraraghavan B, Egli A.",,2026,2026-04-02,Y,MED
Q1_protocol_broad,2026-09-05,42479737,PMC13387545,10.1371/journal.pdig.0001553,Artificial intelligence risk prediction model for common respiratory pathogens in China based on heterogeneous multi-source clinical and geographic data: A modeling study.,"Wang H, Zhang Q, Sun B, Shen D, Lu L, Li H, Fang K, Li H, Yan H, Chen F, Zhao T, Chen L, Rong M, Liu W, Hu Z, Ai J, Zhang W.",,2026,2026-07-21,Y,MED
Q1_protocol_broad,2026-09-05,41748884,PMC12945930,10.1007/s10482-026-02265-2,Laboratory strategies for the identification of Burkholderia species: From classical phenotyping to advanced genomic and proteomic approaches.,"Silva-Santana G, de Sales FLS, Brandão MLL.",,2026,2026-02-27,Y,MED
Q1_protocol_broad,2026-09-05,41395110,PMC12699266,10.1016/j.csbj.2025.11.046,PanARGMiner (Pan-Genomic Antimicrobial Resistance Gene Miner): An advanced feature selection framework for extracting key resistance genes from pan-genomic datasets.,"Chen YC, Yang MR, Wu YW.",,2025,2025-11-21,Y,MED
Q1_protocol_broad,2026-09-05,42106812,PMC13285402,10.1186/s12917-026-05476-x,Breaking the culture habit: Complementing culture-based veterinary diagnostics with metagenomic data -A case study of feline and canine skin infections.,"Ottesen A, Kocurek B, Mammel MK, Charles SJ, Dietrich J, Pauley S, Cole SD, Rankin S, Ceric O.",,2026,2026-05-09,Y,MED
Q1_protocol_broad,2026-09-05,40978072,PMC12446375,10.46234/ccdcw2025.197,"Confronting the Antimicrobial Resistance Crisis in China: Emerging Superbugs, Genomic Surveillance, and Innovative Countermeasures.","Tong Q, Zeng L, Ge Y, Jia J.",,2025,2025-09-01,N,MED
Q1_protocol_broad,2026-09-05,42179484,PMC13189819,10.3389/fpls.2026.1777294,Bridging scales: integrated multi-omics and deep phenotyping for climate resilience in crop plants.,"Anand S, Reddy SB, Shajini NM, Jose E, Shirsat MS, Visakh RL, Jha UC, Sah RP, Beena R.",,2026,2026-05-07,Y,MED
Q1_protocol_broad,2026-09-05,42111187,PMC13157187,10.1016/j.isci.2026.115829,A comprehensive toolkit for analyzing cell-free DNA genomic sequencing data in liquid biopsy.,"Zhou J, Zhu K, Huang X, Yuan J, Li Y.",,2026,2026-04-21,Y,MED
Q1_protocol_broad,2026-09-05,41874246,PMC13142014,10.1128/spectrum.03451-25,Phylogeny-informed random forests for human microbiome studies.,Koh H.,,2026,2026-03-24,Y,MED
Q1_protocol_broad,2026-09-05,42206067,PMC13202549,10.1016/j.imj.2026.100254,Next-generation sequencing: Driving a paradigm shift from pathogen detection to systems-level analysis.,"Peng Y, Wang Y, Liu L, Liu Y, Yu Y, Sun R, Yu Z.",,2026,2026-04-23,Y,MED
Q1_protocol_broad,2026-09-05,41136894,PMC12553261,10.1186/s12864-025-12162-z,Machine learning prediction of bacterial optimal growth temperature from protein domain signatures reveals thermoadaptation mechanisms.,"Liu H, Zhu G, Chen L, Ye H, Zhang Y, Han G.",,2025,2025-10-24,Y,MED
Q1_protocol_broad,2026-09-05,42061986,PMC13135273,10.26508/lsa.202503539,Machine learning method for the prediction of Bedaquiline-resistant &lt;i&gt;Mycobacterium tuberculosis&lt;/i&gt;.,"Ghosh S, Bhattacharjee S, Saha S.",,2026,2026-04-30,Y,MED
Q1_protocol_broad,2026-09-05,39554812,PMC11564165,10.3389/fcimb.2024.1482186,"Artificial intelligence in predicting pathogenic microorganisms' antimicrobial resistance: challenges, progress, and prospects.","Li Y, Cui X, Yang X, Liu G, Zhang J.",,2024,2024-11-01,Y,MED
Q1_protocol_broad,2026-09-05,41863303,PMC13218381,10.1093/bioinformatics/btag129,Whole-genome prediction of bacterial pathogenic capacity on novel bacteria using protein language models with PathogenFinder2.,"Ferrer Florensa A, Almagro Armenteros JJ, Kaas RS, Clausen PTLC, Nielsen H, Rost B, Aarestrup FM.",,2026,2026-05-01,Y,MED
Q1_protocol_broad,2026-09-05,41664908,PMC12895073,10.1093/bib/bbag023,ANIA: an inception-attention network for predicting minimum inhibitory concentration of antimicrobial peptides.,"Chiu YP, Yao L, Tang Y, Chung CR, Pang Y, Chiang YC, Lee TY.",,2026,2026-01-01,Y,MED
Q1_protocol_broad,2026-09-05,41923798,PMC13036143,10.3389/fbinf.2026.1749404,"Recent advances in computational antimicrobial peptide discovery through big data, modeling, and artificial intelligence and their interplay in ushering the next golden era of drug development.","Ibisanmi TA, Jiang X, Willcox M, Kumar N.",,2026,2026-03-17,Y,MED
Q1_protocol_broad,2026-09-05,41953073,PMC13053822,10.2147/idr.s589962,"Targeting Horizontal Gene Transfer to Combat Antimicrobial Resistance: A Review of Mechanisms, Drivers, and Multi-Omics Strategies.","Tang L, Yang W, Yang L, Lv Y, Zhang J.",,2026,2026-04-02,Y,MED
Q1_protocol_broad,2026-09-05,41507571,PMC12783659,10.1038/s44259-025-00169-1,Antimicrobial resistance databases: opportunities and challenges for public health.,"Centner CM, Di Gregorio S, Argimón S, Brankin A, Dean A, Marcano Zamora D, Bertagnolio S.",,2026,2026-01-08,Y,MED
Q1_protocol_broad,2026-09-05,41213976,PMC12603021,10.1038/s41522-025-00833-4,Harnessing machine learning to predict antibiotic susceptibility in Pseudomonas aeruginosa biofilms.,"Vergauwe F, De Waele G, Sass A, Highmore C, Hanrahan N, Cook Y, Lichtenberg M, Cnockaert M, Vandamme P, Mahajan S, Webb JS, Van Nieuwerburgh F, Bjarnsholt T, Waegeman W, Coenye T.",,2025,2025-11-10,Y,MED
Q1_protocol_broad,2026-09-05,41301619,PMC12649687,10.3390/antibiotics14111124,Molecular Epidemiological Surveillance of Carbapenem-Resistant Gram-Negative Bacteria in Southern Lebanon.,"Al Souheil A, Hussein H, Jabbour Z, Barada S, Gerges JR, Derbaj G, Kurdi A, Kazma HJ, Nahouli N, Najem AH, Medlej A, Zorkot W, Hajj RE, Khalil MI, Matar GM, Abou Fayad A.",,2025,2025-11-07,Y,MED
Q1_protocol_broad,2026-09-05,42263134,,10.1073/pnas.2603926123,Risk prediction of &lt;i&gt;Helicobacter pylori&lt;/i&gt; strains across Correa's cascade via intelligent analysis of genome-wide SNPs.,"Song X, Wang X, Zhang S, Li H, Wu C, Liu H, Tay CY, Ma C, Marshall BJ, Gu B, Wang L.",,2026,2026-06-09,N,MED
Q1_protocol_broad,2026-09-05,41557799,PMC12846827,10.1073/pnas.2515709123,Noncanonical genetic markers resolve the pre-GOE emergence of aerobic bacteria in Earth's history.,"Liao T, Chen S, Wang S, Huang Y, Tsui SKW, Stüeken EE, Cao Q, Luo H.",,2026,2026-01-20,Y,MED
Q1_protocol_broad,2026-09-05,42450188,PMC13362375,10.3390/ijms27135920,Metabolomic Classification of Myalgic Encephalomyelitis/Chronic Fatigue Syndrome via Explainable Ensemble Learning and Pareto-Guided Feature Selection.,"Yagin FH, Korkmaz Y, Colak C, Alzakari SA, Alkhalifa AK, Al-Hashem F, Aghaei M.",,2026,2026-06-30,Y,MED
Q1_protocol_broad,2026-09-05,41971314,PMC13066166,10.3389/fmicb.2026.1770628,"Pathotype-specific antimicrobial resistance in diarrheagenic &lt;i&gt;Escherichia coli&lt;/i&gt;: gene variants, resistance mechanisms, and evolution of treatment strategies.","Kamal Raj D, Saravanan SK, Viswanathan A, Elavarasu SM, Nanda Kumar SK, Sridharan KS, Govindarajan A, Krishnan S, Ramasamy M.",,2026,2026-03-27,Y,MED
Q1_protocol_broad,2026-09-05,42326398,PMC13278932,10.3389/fmicb.2026.1852304,An approach for diagnosis of diarrhea in neonatal piglets based on the core gut microbiota and machine learning.,"Zhao S, Peng S, Li H, Yang G, Gao X, Xu K, Shi L, Yu H, Qiao S.",,2026,2026-06-05,Y,MED
Q1_protocol_broad,2026-09-05,41744225,PMC12936788,10.1093/bib/bbag085,Towards accurate artificial intelligence models for strain-level phage-host prediction.,"Malajczuk CJ, Vaitekenas A, Iszatt JJ, Stick SM, Kicic A, Karpievitch YV.",,2026,2026-01-01,Y,MED
Q1_protocol_broad,2026-09-05,42558784,PMC13438193,10.3389/fmicb.2026.1870115,AI-driven discovery of probiotic gene modules and their functional impact in food and health.,"Alshatari S, Ziarno M.",,2026,2026-07-22,Y,MED
Q1_protocol_broad,2026-09-05,42094693,PMC13139186,10.3389/fchem.2026.1810136,Machine learning for the prediction of gram-negative bacterial secreted effectors: advances and challenges.,"Wei L, He S, Fan Z.",,2026,2026-04-21,Y,MED
Q1_protocol_broad,2026-09-05,41366288,PMC12817779,10.1186/s12866-025-04570-8,"Integrative computational modeling framework linking mycotoxin contamination, microbial hazards, and antimicrobial resistance risk in dairy systems.","Khan R, Khan S, Pari B.",,2025,2025-12-09,Y,MED
Q1_protocol_broad,2026-09-05,42171620,PMC13196992,10.1099/mgen.0.001730,"Genomic characterization of invasive &lt;i&gt;Streptococcus pneumoniae&lt;/i&gt; isolates from a southern Taiwan medical centre, 2015-2023.","Liu P, Venero AK, Tran T, Metcalf BJ, Chochua S, Li Y, Huang YF, Lee MS.",,2026,2026-05-01,Y,MED
Q1_protocol_broad,2026-09-05,41725368,PMC12980480,10.1021/acs.analchem.5c03370,Label-Free Differentiation of Antimicrobial Resistance Groups Using Raman Spectroscopy.,"Pistiki A, Ryabchykov O, Wagenhaus A, Bocklitz TW, Deinhardt-Emmer S, Löffler B, Rösch P, Popp J.",,2026,2026-02-23,Y,MED
Q1_protocol_broad,2026-09-05,42507936,PMC13419639,10.1073/pnas.2607571123,Discovery of a phenazine-thiol conjugase from sparse data using genome-informed machine learning.,"Shan X, Trindade IB, Glasser NR, Thalhammer KO, Scurria M, Mora A, Conway SJ, Newman DK.",,2026,2026-07-27,N,MED
Q1_protocol_broad,2026-09-05,40503893,PMC12282082,10.1128/msystems.00584-25,Rapid prediction of antibiotic resistance in &lt;i&gt;Enterobacter cloacae&lt;/i&gt; complex using whole-genome and metagenomic sequencing.,"Pan F, Han P, Wu Q, Hou W, Rao G, Ma Z, Weng W, Zhang H.",,2025,2025-06-12,Y,MED
Q1_protocol_broad,2026-09-05,42494956,PMC13391275,10.3389/fvets.2026.1850860,Differentiating commensal and disease-associated &lt;i&gt;Enterococcus cecorum&lt;/i&gt; isolates in poultry using protein sequences.,"Ayoola MB, Krishnan BS, Nanduri B, Rhoads DD, Ramkumar M.",,2026,2026-07-09,Y,MED
Q1_protocol_broad,2026-09-05,42428319,PMC13346224,10.3389/fmicb.2026.1815687,Antioxidant potential and genomic adaptation of &lt;i&gt;Cetobacterium ceti&lt;/i&gt; MaLMAid0298 from the gills of &lt;i&gt;Sebastiscus marmoratus&lt;/i&gt;.,"Lee JW, Yu J, Lee YJ, Jin H, Yang JE, Kwon KK, Kim YJ.",,2026,2026-06-25,Y,MED
Q1_protocol_broad,2026-09-05,41316035,PMC12751255,10.1186/s12879-025-12180-y,"Antibiotic susceptibility patterns of clinical isolates of salmonella species producing extended spectrum beta lactamases as predictor of multidrug resistance in a tertiary hospital, Southeastern Nigeria.","Aniokete UC, Uzor S, Okoroiwu HU, Ibeneme SC, Iroha IR.",,2025,2025-11-28,Y,MED
Q1_protocol_broad,2026-09-05,42121141,PMC13335061,10.1186/s12911-026-03528-8,Machine learning-driven decision support for antibiotic optimization in typhoid fever based on patient profiles.,"Ssemuyiga C, Saru E, Aleshinloye YA.",,2026,2026-05-12,Y,MED
Q1_protocol_broad,2026-09-05,42112429,PMC13149473,10.3389/fmicb.2026.1823476,Targeting biofilm-driven antibiotic resistance: emerging mechanisms and next-generation therapeutic interventions.,"Mbaraka A, Meena RR, Menghani E, Verma N.",,2026,2026-04-23,Y,MED
Q1_protocol_broad,2026-09-05,42511982,PMC13404127,10.3390/biomedicines14071508,Tracking Gut Homeostasis: Key Taxa Transitions and Core Network Hyper-Connectivity as Early Signals of Dysbiosis.,"Xu Y, Li C, Zhao Y, Lei S, Yang W, Yao S, Wu K, Huang J, Yu Z, Chen S.",,2026,2026-07-03,Y,MED
Q1_protocol_broad,2026-09-05,39639222,PMC11622658,10.1186/s12879-024-10282-7,Machine learning-based prediction of antibiotic resistance in Mycobacterium tuberculosis clinical isolates from Uganda.,"Babirye SR, Nsubuga M, Mboowa G, Batte C, Galiwango R, Kateete DP.",,2024,2024-12-05,Y,MED
Q1_protocol_broad,2026-09-05,41937768,PMC13044010,10.3389/fpls.2026.1795871,Genomic prediction for stem rust resistance in the southern United States elite oat (&lt;i&gt;Avena sativa&lt;/i&gt; L.) germplasm.,"Acharya JP, Khan N, Kunwar S, McBreen J, Adewale SA, Harrison S, Melson E, Hathcoat D, Nandety RS, Fiedler J, Babar MA, Klos KE.",,2026,2026-03-19,Y,MED
Q1_protocol_broad,2026-09-05,42198593,PMC13209501,10.3390/pathogens15050466,Spatial Suitability of Peste des Petits Ruminants in North Africa Using Machine-Learning Ecological Niche Modeling.,"Imanbayeva D, Alkhamis MA, Humphreys JM, Perez AM.",,2026,2026-04-24,Y,MED
Q1_protocol_broad,2026-09-05,42432108,PMC13354572,10.1038/s41598-026-62071-8,Data-driven exploration of electronic nose technology to differentiate bacteria in blood cultures under biofilm-promoting conditions.,"Wörner J, van Leuven N, Eimler J, Odefey U, Bockmühl DP, Pein-Hackelbusch M.",,2026,2026-07-10,Y,MED
Q1_protocol_broad,2026-09-05,42266447,PMC13243874,10.1155/ijm/7658756,"From Powder to Pathogen: A Systematic Review of Detection, Pathogenicity, and Mitigation of &lt;i&gt;Cronobacter sakazakii&lt;/i&gt; in Infant Formula.","Bhowmik S, Ahmed S, Kaifa FH, Safi MAA, Rivu S, Bari ML, Islam MA, Mohanto NC.",,2026,2026-06-07,Y,MED
Q1_protocol_broad,2026-09-05,41755839,PMC12933362,10.1021/jacsau.5c01520,Harnessing AI for Antimicrobial Peptide Innovation against Multidrug Resistance.,"Pimentel JPF, Quigua Orozco RM, de Rezende SB, Lima L, Cardoso MH.",,2026,2026-02-02,Y,MED
Q1_protocol_broad,2026-09-05,40642980,PMC12323339,10.1128/spectrum.00556-25,Machine learning-selected minimal features drive high-accuracy rule-based antibiotic susceptibility predictions for &lt;i&gt;Staphylococcus aureus&lt;/i&gt; via metagenomic sequencing.,"Jia X, Xiong Y, Xu Y, Chen F, Han P, Qu J, He Q, Rao G.",,2025,2025-07-11,Y,MED
Q1_protocol_broad,2026-09-05,41541062,PMC12802363,10.1016/j.bsheal.2025.11.001,An explainable artificial intelligence framework reveals mutations associated with drug resistance in &lt;i&gt;Mycobacterium tuberculosis&lt;/i&gt;.,"Cen H, Zhang P, Ling Y, Zhao G, Zhang G.",,2025,2025-11-04,Y,MED
Q1_protocol_broad,2026-09-05,42450746,PMC13360156,10.3390/ani16132039,Genomic and Phenotypic Characterization of Avian-Derived &lt;i&gt;Limosilactobacillus reuteri&lt;/i&gt; Strains Showing Pathogen-Inhibiting Activity and Folate Production.,"Kuniyoshi TM, Blanco I, Almeida JVDA, Matajira CEC, Cucick ACC, Oliveira TF, Sabo SDS, Frota EG, Azevedo POS, Sanca FMM, Knirsch MC, Oliveira MM, Varani AM, Oliveira RPS.",,2026,2026-07-02,Y,MED
Q1_protocol_broad,2026-09-05,41463765,PMC12730010,10.3390/antibiotics14121263,"Harnessing Machine Learning Approaches for the Identification, Characterization, and Optimization of Novel Antimicrobial Peptides.","Saleem N, Kumar N, El-Omar E, Willcox M, Jiang XT.",,2025,2025-12-14,Y,MED
Q1_protocol_broad,2026-09-05,40384974,PMC12081381,10.3389/fcimb.2025.1560569,Advancements in AI-driven drug sensitivity testing research.,"Liao H, Xie L, Zhang N, Lu J, Zhang J.",,2025,2025-05-02,Y,MED
Q1_protocol_broad,2026-09-05,42494485,PMC13394188,10.1093/hr/uhag112,Chromosome-scale assembly of the elite &lt;i&gt;Coptis chinensis&lt;/i&gt; cultivar 'Chulian No. 1' and decoding of fine clonal variations using geospatial-genomic machine learning to facilitate medicinal plant breeding.,"Yu K, Yang Y, Wang H, Jiang X, You J, Guo J.",,2026,2026-04-02,Y,MED
Q1_protocol_broad,2026-09-05,41955205,PMC13065082,10.1371/journal.pcbi.1014130,PhageCGRNet: Integrating Chaos Game Representation of Genomes with Convolutional Neural Network for accurate phage host classification prediction.,"Wang T, Yu ZG, Li J, Lin X.",,2026,2026-04-09,Y,MED
Q1_protocol_broad,2026-09-05,40909218,PMC12405390,10.3389/fbioe.2025.1638957,Next-generation sequencing applications in food science: fundamentals and recent advances.,"Tigrero-Vaca J, Díaz B, Gu G, Cevallos-Cevallos JM.",,2025,2025-08-20,Y,MED
Q1_protocol_broad,2026-09-05,,,10.20944/preprints202603.1564.v1,Integrating Phenotypic and Genomic Data with Machine Learning to Predict Antimicrobial Resistance and Identify Genetic Biomarkers in<em> E. coli</em>,"Adeyemi SH, Paudel R.",,2026,2026-03-19,N,PPR
Q1_protocol_broad,2026-09-05,41783494,PMC12953079,10.3389/fmicb.2026.1729846,Genomic diversity and host-specificity in &lt;i&gt;Corynebacterium pseudotuberculosis&lt;/i&gt; using comparative population genomics.,"Profeta R, Schlesener CL, Shaw CA, Busch RC, Heller MC, Spier S, Wu J, Welch S, Viana MVC, Barroso FAL, Brenig B, Azevedo V, Weimer BC.",,2026,2026-02-17,Y,MED
Q1_protocol_broad,2026-09-05,42201941,PMC13215497,10.1371/journal.pone.0349094,Advancing poultry health: A meta-analysis of epitope-based and peptide-based vaccines against Avian Pathogenic E. coli with machine learning insights.,"Waseem M, Kamran Z, Ali A.",,2026,2026-05-27,Y,MED
Q1_protocol_broad,2026-09-05,42254513,PMC13236517,10.3389/fmicb.2026.1824965,A multi-omics case-control study identifying oropharyngeal microbiome-metabolite patterns that characterize secondary bacterial pneumonia among influenza patients.,"Zhang H, He R, Xu L, Zhou H, Yu R, Huang P.",,2026,2026-05-22,Y,MED
Q1_protocol_broad,2026-09-05,41803129,PMC13100060,10.1038/s41467-026-70196-7,Distinct genomic trajectory among invasive Salmonella Typhimurium ST313 infections.,"Jia C, Zhou H, Cao Q, Huang C, An H, Li Y, Lan L, Yue M.",,2026,2026-03-09,Y,MED
Q1_protocol_broad,2026-09-05,42121722,PMC13163011,10.3390/ani16091302,Comparative Biofilmomics of Antimicrobial-Resistant &lt;i&gt;Salmonella&lt;/i&gt;: Serovar- and Host-Specific Signatures.,"Edison LK, Kariyawasam S.",,2026,2026-04-23,Y,MED
Q1_protocol_broad,2026-09-05,,,10.64898/2026.07.13.738241,Co-dissemination of anti-phage defence systems and multidrug resistance is associated with the seventh-pandemic  <i>Vibrio cholerae</i>  defensome,"Hoque MM, To J, Leo D, McDougald D, Matson JS, Espinoza-Vergara G.",,2026,2026-07-13,N,PPR
Q1_protocol_broad,2026-09-05,42052556,PMC13112875,10.1080/20002297.2026.2662091,Metagenome-based virome analysis identifies the oral viral signatures for periodontitis.,"Chu T, Liu J, Zhang Y, Yang K, Li S, Yan Q, Li Y.",,2026,2026-04-25,Y,MED
Q1_protocol_broad,2026-09-05,42308248,PMC13293517,10.1371/journal.pcbi.1014407,Machine learning-driven identification of virulence determinants in Borrelia burgdorferi associated with human dissemination.,"Nguyen HT, Brissette CA.",,2026,2026-06-17,Y,MED
Q1_protocol_broad,2026-09-05,41751160,PMC12937605,10.3390/biomedicines14020261,Artificial Intelligence Drives Advances in Multi-Omics Analysis and Precision Medicine for Sepsis.,"Shen Y, Zhang P, Luo J, Chen S, Gu S, Lin Z, Tang Z.",,2026,2026-01-23,Y,MED
Q1_protocol_broad,2026-09-05,41769123,PMC12945999,10.3389/fpubh.2026.1763512,Leveraging real-time genomic surveillance to combat infectious diseases and antimicrobial resistance in cancer patients.,"Hong Y, Kalfakakou D, Cheong IH, Kozlakidis Z.",,2026,2026-02-13,Y,MED
Q1_protocol_broad,2026-09-05,,,10.64898/2026.08.25.747089,Genomic Context as a Predictor of Multidrug Resistance in African Klebsiella pneumoniae: A Feasibility Study with Leave-One-Country-Out Validation,"Ahmad A, Busair E.",,2026,2026-08-26,N,PPR
Q1_protocol_broad,2026-09-05,42450613,PMC13360211,10.3390/biology15131066,"Gut Microbiomes of Rainbow Trout and Atlantic Salmon: Nutritional Modulation, Mucosal Immunity, and Resistome Risk.","Jiang Z, Chen J, Ren Y, Lin T, Li S, Shen F, Qin B, Li L, Li C, Ying N, Zheng H.",,2026,2026-07-03,Y,MED
Q1_protocol_broad,2026-09-05,41383826,PMC12693543,10.1093/nargab/lqaf165,Genomic data representations for horizontal gene transfer detection.,"Wijaya AJ, Anžel A, Richard H, Hattab G.",,2025,2025-12-10,Y,MED
Q1_protocol_broad,2026-09-05,40618714,PMC12273418,10.1016/j.identj.2025.100890,Neural Networks for Predicting and Classifying Antimicrobial Resistance Sequences in Porphyromonas gingivalis.,"Yadalam PK, Anegundi RV, Natarajan PM, Ardila CM.",,2025,2025-07-05,Y,MED
Q1_protocol_broad,2026-09-05,41900412,PMC13029476,10.3390/microorganisms14030654,Artificial Intelligence for Microbial Isolation and Cultivation: Progress and Challenges.,"Li M, Yao X, Zhang M, Hu B.",,2026,2026-03-13,Y,MED
Q1_protocol_broad,2026-09-05,41121674,PMC12540910,10.1002/mbo3.70093,Minimum Inhibitory Concentrations of Anidulafungin as a Potential Predictor of Biocide Susceptibility of Clade 1 Candidozyma (Candida) auris Isolates.,"Erganis S, Seyer A, Mustapha MT, Yuvali M, Martli F, Algin S, Turan Uzuntas S, Yavuz B, Dogan A, Kılıc E, Kirca F, Usman AG, Sahin EA, Ergin C, Dinc B, Uzun Ozsahin D, Kalkanci A.",,2025,2025-10-01,Y,MED
Q1_protocol_broad,2026-09-05,41939240,PMC13048606,10.1080/29933935.2026.2650247,"Precision nutrition through diet-gut microbiome interactions: Emerging insights driven by artificial intelligence, microbiome health metrics, and mechanistic modeling.","Barrera-Suarez MA, Zhao CY, Karnatovskaia LV, Sung J.",,2026,2026-03-30,Y,MED
Q1_protocol_broad,2026-09-05,42254492,PMC13233351,10.3389/fmicb.2026.1846545,MARM: a framework for malignancy risk prediction from host-derived CNV in bronchoalveolar lavage fluid mNGS data with microbial admixture.,"Chang Z, Wang X, Zhao M, Zhang X, Li S, Liu Y, Zhang S, Wang J, Wang X.",,2026,2026-05-21,Y,MED
Q1_protocol_broad,2026-09-05,40605039,PMC12220163,10.1186/s12940-025-01196-1,Human health risk assessment for microbial pesticides in the EU: challenges and perspectives.,"Barrero-Canosa J, Ebeling J, Kenny EF, Marx-Stoelting P, Paege N, Feustel S, Leme DM.",,2025,2025-07-02,Y,MED
Q1_protocol_broad,2026-09-05,42284356,PMC13278573,10.1371/journal.pbio.3003848,Evolutionary inference reveals global natural histories and predicted pathways of antimicrobial resistance in Klebsiella pneumoniae.,"Aga ONL, Moyo SJ, Manyahi J, Kibwana U, Löhr IH, Langeland N, Blomberg B, Johnston IG.",,2026,2026-06-12,Y,MED
Q1_protocol_broad,2026-09-05,41978380,PMC13076943,10.1093/bib/bbag107,Artificial intelligence drives the identification and screening of novel antibiotics and antimicrobial peptides.,"Zhou Q, Sun L, Ou Y, Liu H, Gao J, Dai R, Li Y, Cheng G, Tao Y, Pan Y, Huang L.",,2026,2026-03-01,Y,MED
Q1_protocol_broad,2026-09-05,,,10.1101/2025.06.05.25329036,Predicting clinical outcome of<i>Escherichia coli</i>O157:H7 infections using explainable Machine Learning,"Paganini JA, Khatun S, McAteer S, Cowley L, Greig DR, Gally DL, Jenkins C, Dallman TJ.",,2025,2025-06-06,Y,PPR
Q1_protocol_broad,2026-09-05,41881996,PMC13172444,10.1038/s41598-026-38238-8,PrimerAST: A predictive machine learning tool for primer design and quality assessment.,"Al-Mahrami N, Al Yazidi S, Alrashdi H, Al-Jahwari Z, Al-Mahrizi M, Yousif AA, Al-Aamri H, Al-Rahbi B, Al Jahdhami N.",,2026,2026-03-25,Y,MED
Q1_protocol_broad,2026-09-05,42062846,PMC13277203,10.1186/s12866-026-05057-w,Evaluation of AI-enhanced FTIR spectroscopy for species and biovar typing of intracellular pathogenic Brucella spp.,"Duvnjak S, Dopuđ M, Šuto S, Reil I, Zdelar-Tuk M, Mikolajczak A, Špičić S.",,2026,2026-04-30,Y,MED
Q1_protocol_broad,2026-09-05,41526362,PMC12894696,10.1038/s41522-025-00905-5,Cross-cohort resistome and virulome gradients structure the colorectal cancer microbiome.,"Ascandari A, Aminu S, Benhida R, Daoud R.",,2026,2026-01-12,Y,MED
Q1_protocol_broad,2026-09-05,42484785,PMC13391680,10.1007/s11259-026-11411-0,Evolution of swine influenza surveillance and one health governance in Taiwan: from zoonotic risk management to integrated preparedness.,"Lin CH, Lin TM, Lin MW, Lin CS.",,2026,2026-07-22,Y,MED
Q1_protocol_broad,2026-09-05,40974773,,10.1016/j.ijfoodmicro.2025.111446,Prediction of reduction behavior by heating and strain variability of Campylobacter jejuni using amino acid phylogenetics from whole genome sequencing data.,"Abe H, Kawasaki S.",,2026,2025-09-15,N,MED
Q1_protocol_broad,2026-09-05,,PMC13295707,,Current State of the Fight Against Antimicrobial Resistance: What Are the Different Strategies for Tomorrow?,"Wahnou H, El Kebbaj R, Demoré B, Limami Y, Duval R.",,2026,2026-06-01,Y,PMC
Q1_protocol_broad,2026-09-05,42319251,PMC13280946,10.1093/bib/bbag315,"Computational prediction of replication origins: a comparative review of methods, benchmarks, and trends from heuristics to deep learning.","Jomaa H, Assaf R.",,2026,2026-05-01,Y,MED
Q1_protocol_broad,2026-09-05,42452204,PMC13363779,10.3390/plants15131997,"Genetic Diversity, Population Structure, Integration of Genome-Wide Association Studies and Machine Learning for Antibacterial Trait Analysis in the Mediterranean Spice Laurel (&lt;i&gt;Laurus nobilis&lt;/i&gt;).","Karataş G, Ali A, Karık Ü, Nadeem MA, Aasim M, Bedir M, Altaf MT, Liaqat W, Qureshi SA, Ali F, Farid R, Cavagnaro PF, Shahid MQ, Ali SA, Alsaleh A, Baloch FS.",,2026,2026-06-27,Y,MED
Q1_protocol_broad,2026-09-05,40673424,PMC12453412,10.1099/mgen.0.001448,Genomic surveillance of invasive &lt;i&gt;Streptococcus pneumoniae&lt;/i&gt; strains in south Tunisia during 2012-2022.,"Smaoui F, Ksibi B, Ben Ayed N, Ktari S, Gargouri O, Mezghani S, Mnif B, Mahjoubi F, Karray H, Hammami A.",,2025,2025-07-01,Y,MED
Q1_protocol_broad,2026-09-05,41754214,PMC12942808,10.3390/nu18040696,Current Concepts in Probiotic Safety and Efficacy.,"Churin AA, Sokolyanskaya LO, Lukina AP, Karnachuk OV.",,2026,2026-02-21,Y,MED
Q1_protocol_broad,2026-09-05,41645058,PMC12977718,10.1186/s12864-026-12609-x,StaphScope: a species-optimized computational pipeline for rapid and accessible Staphylococcus aureus genotyping and surveillance.,"Beckley B, Amarh V.",,2026,2026-02-06,Y,MED
Q1_protocol_broad,2026-09-05,42412824,PMC13340165,10.1093/bioinformatics/btag262,PhageMind: generalized strain-level phage host range prediction via meta-learning.,"Shen Y, Shi K, Yu C, Zhang R, Sun Y, Shang J.",,2026,2026-07-01,Y,MED
Q1_protocol_broad,2026-09-05,41471968,PMC12736159,10.3390/microorganisms13122766,Cell-to-Cell and Patient-to-Patient Variability in Antimicrobial Resistance.,"Huang X, Huang J, Zhong CC, Wong MCS.",,2025,2025-12-04,Y,MED
Q1_protocol_broad,2026-09-05,41096595,PMC12524605,10.3390/ijms26199326,Bacterial Systematic Genetics and Integrated Multi-Omics: Beyond Static Genomics Toward Predictive Models.,"Sakaguchi T, Irifune Y, Kamada R, Sakaguchi K.",,2025,2025-09-24,Y,MED
Q1_protocol_broad,2026-09-05,41937887,PMC13050177,10.2147/tcrm.s596651,Artificial Intelligence in the Diagnosis and Management of Pulmonary Tuberculosis: A Review of Current Applications and Future Perspectives.,"Ou Y, Zhang Q, Meng C, Zhou X, Na M, Yu Z, Ma W, Huang C.",,2026,2026-03-31,Y,MED
Q1_protocol_broad,2026-09-05,,,10.21203/rs.3.rs-9898333/v2,ARMOR (Antibiotic Resistance Modelling through Omics and Resistance-gene analysis),"Ahmad A, Anas M, Saleem M.",,2026,2026-08-18,N,PPR
Q1_protocol_broad,2026-09-05,41153274,PMC12562594,10.3390/diagnostics15202602,Artificial Intelligence in Infectious Disease Diagnostic Technologies.,"Dong C, Liu Y, Nie J, Zhang X, Yu F, Zhou Y.",,2025,2025-10-15,Y,MED
Q1_protocol_broad,2026-09-05,41204531,PMC12599679,10.1097/md.0000000000045865,Microbial spectrum and resistance profiles in elderly patients with pulmonary infections: A tNGS-based retrospective study.,"Lei G, Hu Y, Wu X, Yang X.",,2025,2025-11-01,Y,MED
Q1_protocol_broad,2026-09-05,42344006,PMC13289690,10.1155/ijfo/6618960,"Microbial Ecology at the Nexus of Food Safety and Biotechnology With Ecological Mechanisms, Risks, and Emerging Innovations.","Tepson JA, Agyirifo DS.",,2026,2026-06-23,Y,MED
Q1_protocol_broad,2026-09-05,41988658,PMC13084545,10.1093/jac/dkag131,Genome-wide association studies builds a predictive model and reveals novel resistance features for macrolide-resistant Bordetella pertussis.,"Chen J, Liang G.",,2026,2026-04-01,Y,MED
Q1_protocol_broad,2026-09-05,41749098,PMC13040912,10.1186/s12864-026-12635-9,Genomic and phenotypic characterization of Vibrio cholerae strain SU109: a genomic investigation of a shrimp-associated strain from Bangladesh.,"Chamonara K, Masum MHU, Uddin MS, Siddiqua A, Sultana S, Islam S.",,2026,2026-02-26,Y,MED
Q1_protocol_broad,2026-09-05,41477370,PMC12750469,10.7759/cureus.98098,Artificial Intelligence-Integrated Biosensors for Antimicrobial Resistance Detection and Surveillance: A Review and Future Perspectives for Global Biosecurity.,"Lawal OP, Opara IJ, Ayo-Ige A, Eboh NA, Cos-Ibe U, Forson KAAM, Mensah EK, Olaitan OF, Nii-Okai E, Yeboah A, Gabriels N, Olaniyi AO.",,2025,2025-11-29,Y,MED
Q1_protocol_broad,2026-09-05,42062970,PMC13289497,10.1186/s12879-026-13480-7,Explainable prediction of MDR/RR-TB in tuberculosis-diabetes mellitus multimorbidity: a machine learning model developed and validated in a dual-center study.,"Zhong X, Liu K, Zhang J, Tang X, Lu T, Chen Q, Pang J, Chen R, Li B, Ding S, Ma L.",,2026,2026-04-30,Y,MED
Q1_protocol_broad,2026-09-05,42453110,PMC13366462,10.3389/fmicb.2026.1872946,"The role of gut microbiome in antimicrobial resistance transmission between companion animals and livestock: mechanisms, drivers, and One Health implications.","Guo J, Song H, Xi Z, Geng W, Wang F.",,2026,2026-06-29,Y,MED
Q1_protocol_broad,2026-09-05,41930963,PMC13185595,10.1128/msystems.00062-26,Genomic and evolutionary factors influencing the prediction accuracy of optimal growth temperature in prokaryotes.,"Toki S, Matsui M, Tominaga K, Suzuki TK, Tsuchimatsu T, Iwasaki W.",,2026,2026-04-03,Y,MED
Q1_protocol_broad,2026-09-05,41374325,PMC12691374,10.3390/diagnostics15232944,Next-Generation Sequencing for Bloodstream Infections: Shaping the Future of Rapid Diagnostics and Precision Medicine.,"Elbehiry A, Marzouk E, Edrees HM, Abdelsalam MH, Aljizani F, Alqarni S, Khateeb E, Alzaben F, Ibrahem M, Mousa AM, Huraysh N, Abu-Okail A.",,2025,2025-11-21,Y,MED
Q1_protocol_broad,2026-09-05,42212684,PMC13224768,10.1080/19490976.2026.2672791,Decoding the microbiome: artificial intelligence-targeted gut microenvironment breakthroughs in personalized cancer therapy.,"Liu J, Zhao P, Jiang D, Li S, Jin C, Xu D, Wang X, Chen Y, Tang B, Qu X.",,2026,2026-05-29,Y,MED
Q1_protocol_broad,2026-09-05,42437449,PMC13356806,10.1093/bib/bbag342,Deep learning models for cell cycle phase prediction from single-cell RNA sequencing data.,"Akhter H, Piktel D, Gibson LF, Hu G, Adjeroh DA.",,2026,2026-07-01,Y,MED
Q1_protocol_broad,2026-09-05,40522106,PMC12323314,10.1128/spectrum.01200-25,Comparison of virulence and resistance genes in &lt;i&gt;Mannheimia haemolytica&lt;/i&gt; and &lt;i&gt;Pasteurella multocida&lt;/i&gt; from dairy cattle with and without bovine respiratory disease.,"Garzon A, Miramontes C, Weimer BC, Profeta R, Hoyos-Jaramillo A, Fritz HM, Pereira RV.",,2025,2025-06-16,Y,MED
Q1_protocol_broad,2026-09-05,42505659,PMC13403791,10.3390/antibiotics15070696,"Integrated Genome Mining, Bacterial Co-Culture Activation, and Peptidomic Analyses Identify Antimicrobial Peptide Candidates from South American Bacteria.","Espinoza-Culupú A, Vasquez SR, Toribio IV, Farfán-López M, Ramos BM, Távara MC, Palacios-Rodriguez AP, da Silva Junior PI, Ramirez P.",,2026,2026-07-16,Y,MED
Q1_protocol_broad,2026-09-05,42143205,PMC13212377,10.1007/s40263-026-01295-8,"Enhancing Drug Response Prediction in Epilepsy with Emerging Multimodal Models: Focus on Clinical, Pharmacologic, and Genomic Factors.","Anderson A, Chang RS, Howard M, Chen Z, Nhu D, Ge Z, Kwan P.",,2026,2026-05-16,Y,MED
Q1_protocol_broad,2026-09-05,41473103,PMC12745486,10.3389/fvets.2025.1699077,Molecular detection of antimicrobial resistance in livestock mycoplasmas: current status and future prospects.,"Sulyok KM, Kreizinger Z, Földi D, Kovács ÁB, Grózner D, Manso-Silván L, Bokma J, Heuvelink AE, Klose SM, Feberwee A, Catania S, Ramirez Corbera AS, Vaz PK, Boland C, Ganapathy K, Gautier-Bouchardon AV, Becker CAM, Tardy F, Lysnyansky I, Gyuranecz M.",,2025,2025-12-15,Y,MED
Q1_protocol_broad,2026-09-05,42346858,PMC13304419,10.3390/medsci14020319,From Species Identification to Empirical Therapy: A Machine Learning and Rule-Based Decision Support Framework for Antifungal Resistance Prediction in ICU &lt;i&gt;Candida&lt;/i&gt; Infections.,"Solomon MP, Mahler B, Ditu LM, Popescu O, Zugravu CA, Manolescu LSC.",,2026,2026-06-15,Y,MED
Q1_protocol_broad,2026-09-05,41451278,PMC12727986,10.3389/fpls.2025.1718810,AI-driven advances in plant biotechnology: sharpening the edge of plant tissue culture and genome editing.,"Narra M, Ray A, Polley B, Yang H, Bhowmik PK.",,2025,2025-12-10,Y,MED
Q1_protocol_broad,2026-09-05,41472108,PMC12737570,10.3390/vetsci12121129,Host-Microbe Interactions: Prospects of Machine Learning and Deep Learning Technologies in Animal Viral Disease Management.,"Lu Y, Li X, Abd El-Aty AM, Ju X, Yong Y.",,2025,2025-11-27,Y,MED
Q1_protocol_broad,2026-09-05,42118424,PMC13167828,10.1007/s11250-026-05077-8,Big data and artificial intelligence in animal nutrition: a new era of precision feeding.,"Devi P, Nath SK, Barua B, Saha T.",,2026,2026-05-12,Y,MED
Q1_protocol_broad,2026-09-05,40055840,PMC11887096,10.1186/s40168-025-02055-4,DRAMMA: a multifaceted machine learning approach for novel antimicrobial resistance gene detection in metagenomic data.,"Rannon E, Shaashua S, Burstein D.",,2025,2025-03-07,Y,MED
Q1_protocol_broad,2026-09-05,,,10.21203/rs.3.rs-10511061/v1,Collaborative Reasoning With Multimodal Large Models for Predicting the Risk of Infection With Multidrug-Resistant Organisms,"Xie Y, Li W, Long Y, Yang Y, Yang P.",,2026,2026-08-26,N,PPR
Q1_protocol_broad,2026-09-05,41572308,PMC12911206,10.1186/s12985-026-03069-6,Bacteriophages in gut metagenomes: from analysis to application.,"Zakharevich N, Strokach A, Shitikov E, Klimina K.",,2026,2026-01-22,Y,MED
Q1_protocol_broad,2026-09-05,42661162,,10.1186/s12866-026-05542-2,Comprehensive in silico genomics analysis of global trends and host-specific emergence of aminoglycoside resistance in Staphylococcus aureus: a One-Health perspective.,"El-Sehrawy AAMA, Jasim SA, Jasim HF, Nematov O, Baig MR, Smerat A, Iqbal MS, Basunduwah TS, Beig M.",,2026,2026-08-27,N,MED
Q1_protocol_broad,2026-09-05,41580987,PMC13116254,10.1002/advs.202513333,MGM as a Large-Scale Pretrained Foundation Model for Microbiome Analyses in Diverse Contexts.,"Zhang H, Zhang Y, Kang Z, Xiong J, Yang R, Ning K.",,2026,2026-01-25,Y,MED
Q1_protocol_broad,2026-09-05,41664175,PMC12983601,10.1186/s12911-026-03376-6,A machine learning model for accurate prediction of CMV end-organ disease.,"Çiçek Y, Silahtaroğlu G.",,2026,2026-02-09,Y,MED
Q1_protocol_broad,2026-09-05,42389321,PMC13320555,10.1016/j.soh.2026.100163,Surveillance and response to emerging and re-emerging zoonotic diseases: advancing One Health from evidence to action.,"Feng XY, Frutos R, Zhu XQ, Serra-Cobo J, Zhou XN.",,2026,2026-06-08,Y,MED
Q1_protocol_broad,2026-09-05,41972581,PMC13072308,10.3390/biology15070578,Phage Frontiers: Genomic and Functional Profiling of Novel Virulent Agents Targeting Foodborne &lt;i&gt;Enterobacteriaceae&lt;/i&gt;.,"Qabel RA, Xu M, Li C, Zhang C, Zhang C, Huang Y, Xiong G, Maser E, Guo L.",,2026,2026-04-04,Y,MED
Q1_protocol_broad,2026-09-05,41910434,PMC13058696,10.2340/aos.v85.45662,Characterising oral microbial signatures for periodontal disease in the NHANES population.,"Zhuang Z, Chen Y, Wang Y, Wei D.",,2026,2026-03-30,Y,MED
Q1_protocol_broad,2026-09-05,42445328,PMC13357214,10.3389/fvets.2026.1854400,Reducing antimicrobial resistance burden from livestock production by targeting pig gut health.,"Lauridsen C, Smidt H, Fredholm M, Marco ML, Arumugam M.",,2026,2026-06-29,Y,MED
Q1_protocol_broad,2026-09-05,42418234,PMC13344882,10.1099/mgen.0.001785,Evolving strategies for virus discovery.,"Araujo Serrao de Andrade A, Silverj A, Josephs T, Gregory AC.",,2026,2026-07-01,Y,MED
Q1_protocol_broad,2026-09-05,42199442,PMC13199364,10.3389/fcimb.2026.1819856,Research advances in the application of microfluidic chip technology for rapid detection of antibiotic-resistant bacteria.,"Xia L, Tang C, Tong D, He Q.",,2026,2026-05-11,Y,MED
Q1_protocol_broad,2026-09-05,42326740,PMC13275401,10.3389/fbinf.2026.1801685,Machine learning-based classification of COVID-19 severity using respiratory microbiome profiles from shotgun metagenomic sequencing.,"Avina-Bravo EG, García-Lorenzo I, Alfaro-Ponce M, Breton-Deval L.",,2026,2026-06-04,Y,MED
Q1_protocol_broad,2026-09-05,42086791,PMC13333835,10.1038/s41598-026-50613-z,Multimodal computational discovery of MvfR inhibitors targeting quorum sensing in multi-drug-resistant Pseudomonas aeruginosa.,"Ibisanmi TA, Jiang X, Khan RA, Yu TT, Willcox M, Kumar N.",,2026,2026-05-05,Y,MED
Q1_protocol_broad,2026-09-05,41060247,PMC12550484,10.1111/1755-0998.70046,Ultraconserved Elements and Machine Learning Classifiers Enable Robust Phylogenetics and Taxonomy in Model and Non-Model Nematodes.,"Villegas L, Jimenez L, van der Sprong J, Holovachov O, Waldvogel AM, Schiffer PH.",,2025,2025-10-08,Y,MED
Q1_protocol_broad,2026-09-05,41152776,PMC12570710,10.1186/s12879-025-11900-8,Evaluating antimicrobial resistance and clinical outcomes in surgical ICU using a machine learning perspective: a retrospective observational study.,"Ziaian B, Yousufzai S, Karami M, Ebrahimi A, Ghahramani S, Saadat A, Dehghaninazhvani S, Roghani-Shahraki H, Abdollahzade R, Moradi S, Rahmanian A, Zulfiqar B, Sharifi S, Yousefi A, Tadayon A, Hosseini H.",,2025,2025-10-28,Y,MED
Q1_protocol_broad,2026-09-05,40851801,PMC12367658,10.3389/fcimb.2025.1641385,Whole-genome sequencing and machine learning reveal key drivers of delayed sputum conversion in rifampicin-resistant tuberculosis.,"Fang Q, Li X, Lu Y, Gao J, Wu Y, Chen Y, Che Y.",,2025,2025-08-07,Y,MED
Q1_protocol_broad,2026-09-05,42534998,PMC13422385,10.3389/fmicb.2026.1881800,Precision antimicrobials: the next paradigm shift after broad-spectrum therapy.,"Siva SNR, Marimuthu SK, Kumaran M, Tharmalingam N.",,2026,2026-07-16,Y,MED
Q1_protocol_broad,2026-09-05,41009927,PMC12466338,10.3390/antibiotics14090949,Smart Phages: Leveraging Artificial Intelligence to Tackle Prosthetic Joint Infections.,"Mehta N, Nguyen AT, Rodriguez EK, Young J.",,2025,2025-09-19,Y,MED
Q1_protocol_broad,2026-09-05,41191716,PMC12588535,10.1371/journal.pone.0336142,Evaluating machine learning approaches for host prediction using H3 influenza genomic data.,"Tran H, Berke O, Ricker N, Poljak Z.",,2025,2025-11-05,Y,MED
Q1_protocol_broad,2026-09-05,41824322,PMC12987596,10.1099/mgen.0.001535,Genetic traits of IncK2 plasmids and the &lt;i&gt;Escherichia coli&lt;/i&gt; host underlying the association to the chicken gut.,"Rozwandowicz M, AbuOun M, Alba P, Anjum MF, Zając M, Brouwer MSM, Börjesson S, Caniça M, Carfora V, Diaconu EL, Doublet B, Gates D, Hammerl JA, Hasman H, Haverkamp THA, Hendrickx APA, Lindsjö OK, Manageiro V, Mo SS, Myrenås M, Rizzardi K, Schau Slettemeås J, Sunde M, van Duijkeren E, van Hoek AHAM, ",,2026,2026-03-01,Y,MED
Q1_protocol_broad,2026-09-05,40762505,PMC12403771,10.1128/spectrum.00065-25,Prediction of antimicrobial resistance in &lt;i&gt;Staphylococcus aureus&lt;/i&gt; with a machine learning classifier based on WGS data.,"Liu Y, Wang X, Wu L, Shi Z, Zhu M, Ye L, Xu P.",,2025,2025-08-05,Y,MED
Q1_protocol_broad,2026-09-05,42036878,PMC13173533,10.1021/acs.est.6c01112,Machine Learning-Guided Synthetic Microbial Communities Enable Functional and Sustainable Degradation of Persistent Environmental Pollutants.,"De la Vega-Camarillo E, Arreola-Vargas J, Antony-Babu S, Mathur SK, Santos JA, Shim WB.",,2026,2026-04-26,Y,MED
Q1_protocol_broad,2026-09-05,42116101,PMC13334898,10.1186/s13062-026-00788-2,Harnessing meta-analysis and artificial intelligence to reveal conserved regulatory biosignatures of abiotic stress in soybean.,"Laskar P, Singh B.",,2026,2026-05-11,Y,MED
Q1_protocol_broad,2026-09-05,42606628,,10.1007/s11033-026-12501-7,Genomic characterization of an unusual bloodstream Weissella viridescens isolate obtained from a Bulgarian intensive care unit patient.,"Peykov S, Stratev A, Boyanova L, Gergova R, Strateva T.",,2026,2026-08-17,N,MED
Q1_protocol_broad,2026-09-05,42467983,PMC13379074,10.1093/bib/bbag260,The critical role of artificial intelligence and bioinformatics in accelerating peptide-based vaccine discovery for tackling global infectious diseases.,"Tholo N, Markey G, Harrigan R, Pandey P, Prasad B, Barai RS, Gibson DS, Shukla P.",,2026,2026-07-01,Y,MED
Q1_protocol_broad,2026-09-05,41237544,,10.1016/j.compbiolchem.2025.108760,"Zoonoticus: A machine learning model for genomic prediction of zoonotic bacterial strains using virulence, resistance, and mobile genetic elements.","Umeshkumar KU, Karwasra R.",,2026,2025-11-08,N,MED
Q1_protocol_broad,2026-09-05,42511308,PMC13409503,10.3390/foods15142562,Artificial Intelligence in Foodborne Pathogen Detection from Sensing to Food Safety Systems: A Systematic Review.,"Schirone M, D'Ambrosio G, Paparella A.",,2026,2026-07-21,Y,MED
Q1_protocol_broad,2026-09-05,41496866,PMC12767845,10.1016/j.fochms.2025.100338,A WGS workflow for identifying genetically modified and foodborne-pathogenic &lt;i&gt;Bacillus&lt;/i&gt; isolates.,"Godfroid M, Van Uffelen A, Fraiture MA, De Keersmaecker SCJ, Vanneste K, Roosens NHC, Bogaerts B.",,2026,2025-12-08,Y,MED
Q1_protocol_broad,2026-09-05,42528612,PMC13414194,10.3389/fcimb.2026.1928147,Editorial: Omics Sciences in microbiology and infectious diseases.,"Marino A, Marletta S, Stracquadanio S.",,2026,2026-07-15,Y,MED
Q1_protocol_broad,2026-09-05,42192700,PMC13203182,10.3390/antibiotics15050478,Combating Antibacterial Resistance: The Integrative Role of Artificial Intelligence in Bio-Based Product Development.,"Gudepu R, Sirikonda S, Banoth R, Annagowni PK, Dahariya S, Velidandi A.",,2026,2026-05-08,Y,MED
Q1_protocol_broad,2026-09-05,42100726,PMC13144117,10.3389/fbinf.2026.1810235,A machine learning-derived genomic dataset from bacteria frequently reported as probiotics.,"Neres Rodrigues DL, Sodrzeieski PA, Auger S, Chatel JM, Benko-Iseppon AM, Azevedo V, de Castro Soares S, Aburjaile FF.",,2026,2026-04-22,Y,MED
Q1_protocol_broad,2026-09-05,41753730,PMC12942976,10.3390/microorganisms14020444,A One Health Perspective on &lt;i&gt;Proteus mirabilis&lt;/i&gt;: The Interaction of Virulence and Antimicrobial Resistance Across Human and Animal Reservoirs.,"Hasona IF, Awad A, Younis G, Mohamed WF.",,2026,2026-02-12,Y,MED
Q1_protocol_broad,2026-09-05,42369007,PMC13303925,10.3389/frai.2026.1859410,"Artificial intelligence for infection surveillance, risk stratification, and antimicrobial decision support in acute-care hospitals: a scoping review.","Mustafa MH, Abu-Mahfouz MS, Saleh SA, Almagharbeh WT, Alturaiki SM, El Arab RA.",,2026,2026-06-12,Y,MED
Q1_protocol_broad,2026-09-05,41484934,PMC12866564,10.1186/s40793-025-00839-7,Genomic insights into adaptative traits of phyllosphere yeasts.,"Gouka L, Serra I Melendez C, Vardazaryan N, Nor Nielsen K, Riber L, Hestbjerg Hansen L, Raaijmakers JM, Seidl MF, Melkonian C, Cordovez V.",,2026,2026-01-03,Y,MED
Q1_protocol_broad,2026-09-05,41860897,PMC13029773,10.1371/journal.pntd.0014118,Shotgun metagenomic analysis of the oral microbiomes of children with noma.,"Olaleye M, O'Ferrall AM, Goodman RN, Kabila DW, Peters M, Falq G, Samuel J, Doyle D, Gomez D, Oloruntuyi G, Isah S, Adetunji AS, Farley E, Evans NJ, Sherlock M, Roberts AP, Amirtharajah M, Ainsworth S.",,2026,2026-03-20,Y,MED
Q1_protocol_broad,2026-09-05,41112193,PMC12531868,10.1021/acsbiomedchemau.5c00125,Machine Learning-Guided Design of Rhenium Tricarbonyl Complexes for Next-Generation Antibiotics.,"Nedyalkova M, Demirci G, Cortat Y, Schindler K, Rahmani F, Horner J, Vasighi M, Crochet A, Pavic A, Mamula O, Zobi F, Lattuada M.",,2025,2025-09-04,Y,MED
Q1_protocol_broad,2026-09-05,40928958,PMC12452170,10.1099/mgen.0.001421,AmpliconTyper - a tool for analysing ONT multiplex PCR data from environmental and other complex samples.,"Spadar A, Mahindroo J, Troman C, Owusu M, Adu-Sarkodie Y, Owusu-Dabo E, Abraham D, Benny B, Govindan K, Mohan VR, Dyson ZA, Grassly N, Holt KE.",,2025,2025-09-01,Y,MED
Q1_protocol_broad,2026-09-05,,,10.1101/2025.09.22.677784,Machine learning based lineage prediction from AMR phenotypes for Escherichia coli ST131 clade C surveillance across infection types,"Ross TA, Pöntinen AK, Holsbø E, Samuelsen Ø, Hegstad K, Kampffmeyer M, Corander J, Gladstone RA.",,2025,2025-09-24,N,PPR
Q1_protocol_broad,2026-09-05,,,10.64898/2026.05.25.727578,Genomic Diagnostics for Drug-Resistant Mycobacterium tuberculosis: Computational Prediction of Antimicrobial Resistance,"Serajian M, Han Y, Boucher C.",,2026,2026-05-25,N,PPR
Q1_protocol_broad,2026-09-05,42381830,PMC13316279,10.1016/j.crmicr.2026.100634,Pathogenesis and genome characterization of translucent post-larvae disease-causing &lt;i&gt;Vibrio parahaemolyticus&lt;/i&gt; in &lt;i&gt;Litopenaeus vannamei&lt;/i&gt;.,"Kumar R, Azzahidah A, Teoh YH, Lin SJ, Dhar AK, Lin SS, Wang HC, Lo CF, Wang HC.",,2026,2026-06-18,Y,MED
Q1_protocol_broad,2026-09-05,42166504,PMC13193413,10.1371/journal.pone.0349686,Machine learning reveals microbiome differences by periodontitis severity.,"Seo SH, Lee JW, Oh S, Hong JS, Lee BS, Kwon SJ, Kim KS, Park JS, Heo JS, Ahn KH, Lee HJ, Park KU.",,2026,2026-05-21,Y,MED
Q1_protocol_broad,2026-09-05,41769288,PMC12936619,10.32592/ari.2025.80.3.605,Artificial intelligence in Combating Antimicrobial Resistance.,"Hatim A N, Ammar Abdul Razzak M, Sriram T, Rajkumar Krishnan V, Desh NS.",,2025,2025-06-30,N,MED
Q1_protocol_broad,2026-09-05,41428500,PMC12807638,10.1093/nar/gkaf1307,ARKbase: Antimicrobial Resistance Knowledgebase1.0.,"Gambhir S, Pandey S, Bajetha H, Kaur J, Das A, Pranavathiyani G, Aggarwal R, Maity U, Dange S, Singh V, Zarkar M, Sankhdher R, Singh B, Seth S, Bhardwaj A.",,2026,2026-01-01,Y,MED
Q1_protocol_broad,2026-09-05,41741511,PMC12936077,10.1038/s41598-026-37765-8,Protein language models enable accurate viral host range prediction.,"Beltrán JF, Belén LH, Parraguez-Contreras F, Yañez AJ.",,2026,2026-02-25,Y,MED
Q1_protocol_broad,2026-09-05,41768139,PMC12936363,10.1177/11779322251415123,Zoon0PredV: Potential Virus Species Crossover Prediction Using Convolutional Neural Networks and Viral Protein Sequence Patterns.,"Serage RA, Nyirenda CN, Omomule TG, Christoffels AG, Anderson DE.",,2026,2026-02-24,Y,MED
Q1_protocol_broad,2026-09-05,42012213,PMC13227982,10.1128/spectrum.02026-25,Analytical validation of a highly accurate and reliable next-generation sequencing-based urine assay.,"Couto-Rodriguez M, Danko DC, Wells HL, Rey S, Jirau Serrano X, Fidler G, Papciak J, Combs PF, Plourde A, Augenbraun M, Mason CE, Otto C, O'Hara NB, Nagy-Szakal D.",,2026,2026-04-21,Y,MED
Q1_protocol_broad,2026-09-05,41137523,PMC12562794,10.1080/19490976.2025.2569739,G&lt;b&gt;ut microbiome metagenomics in clinical practice: bridging the gap between research and precision medicine&lt;/b&gt;.,"Tegegne HA, Savidge TC.",,2025,2025-10-25,Y,MED
Q1_protocol_broad,2026-09-05,41557465,PMC12891910,10.1093/bioinformatics/btag018,MetaFX: feature extraction from whole-genome metagenomic sequencing data.,"Ivanov A, Popov V, Morozov M, Olekhnovich E, Ulyantsev V.",,2026,2026-02-01,Y,MED
Q1_protocol_broad,2026-09-05,42427491,PMC13347191,10.3389/fimmu.2026.1802038,Artificial intelligence advancements in monoclonal antibody development technology.,"Ammar M, Samsonov M, Gurylina E, Bayzigitov D.",,2026,2026-06-25,Y,MED
Q1_protocol_broad,2026-09-05,42133196,PMC13176134,10.1007/s11033-026-11956-y,Comparison of Oxford Nanopore Technologies sequencing protocols using R9.4.1 and R10.4.1 flow cells under 20-hour and 48-hour conditions for genotyping methicillin methicillin-resistant Staphylococcus aureus (MRSA).,"do Couto MSB, Helmersen K, Deola AV, Wagner G, Aamot HV, Ferreira FA.",,2026,2026-05-14,Y,MED
Q1_protocol_broad,2026-09-05,42171789,PMC13384994,10.1007/s00726-026-03531-3,"Computational identification and characterization of noncoding RNA-encoded peptides: tools, databases, and in silico strategies.","Shenoy N, Karkare A, Gangadhar V, Padubidri SR, Rao S, Dsouza LA, Joshi MB, Damerla RR, Gandhi NS, Mallya S.",,2026,2026-05-22,Y,MED
Q1_protocol_broad,2026-09-05,39940908,PMC11817502,10.3390/ijms26031140,Integrating Machine Learning with MALDI-TOF Mass Spectrometry for Rapid and Accurate Antimicrobial Resistance Detection in Clinical Pathogens.,"López-Cortés XA, Manríquez-Troncoso JM, Sepúlveda AY, Soto PS.",,2025,2025-01-28,Y,MED
Q1_protocol_broad,2026-09-05,41888125,PMC13187473,10.1038/s41522-026-00970-4,A global metagenomic atlas of aging identifies a microbiota phase transition associated with disease risk.,"Fu J, Zhang J, He R, Dong Q, Mao H, Shen W, Wu W, Chen X, Ma W, Zhai Q, Chen L, Zhou H, Hu S, He Y, Qi C.",,2026,2026-03-26,Y,MED
Q1_protocol_broad,2026-09-05,41183489,,10.1093/lambio/ovaf127,Comparative genomics reveals antimicrobial resistance and population structure of chicken-associated Salmonella enterica serotype Typhimurium in the United States.,"Chen Z, Cui M.",,2025,2025-11-01,N,MED
Q1_protocol_broad,2026-09-05,41929677,PMC13038940,10.3389/fmicb.2026.1729937,StackPVP: a stacked ensemble classification framework for predicting phage virion proteins using integrated evolutionary features.,"Cai L, Zhang H, Chu Y.",,2026,2026-03-18,Y,MED
Q1_protocol_broad,2026-09-05,41805176,PMC13055378,10.1128/spectrum.02856-25,Oxford Nanopore enhanced accuracy of long-read amplicons applied to microbial whole-genome sequencing.,"Helsmoortel M, Sentausa E, Villain A, Tran V-D, Santiago-Allexant E, Beaulieu C, Hesketh A, Abi-Ghanem J, Leissner P, Saliou A.",,2026,2026-03-10,Y,MED
Q1_protocol_broad,2026-09-05,42333270,PMC13283427,10.1093/biomethods/bpag029,Advances in the detection of antimicrobial resistance in aquatic environments: a methodological perspective.,"Ibitoye OA, Anyanwu CN, Agbaje AB, Fasogbon IV, Dangana RS, Akinola SA, Tibyangye J, Adam AA, Aja PM.",,2026,2026-06-04,Y,MED
Q1_protocol_broad,2026-09-05,40917940,PMC12411037,10.1155/ccrp/9031137,Exploring the Potentials of Artificial Intelligence in Sepsis Management in the Intensive Care Unit.,"Riahi A, Yazdani MS, Eshraghi R, Houyeh MK, Bahrami A, Khoshdooz S, Amini M, Behzadi E, Khalaji A, Moeini Taba SM, Hashemian SMR.",,2025,2025-08-28,Y,MED
Q1_protocol_broad,2026-09-05,42203543,PMC13225620,10.1016/j.it.2026.04.003,Human antibodies as emerging drugs for antimicrobial resistance.,"Ridelfi M, Zucconi Galli Fonseca V, Sala C, Rappuoli R.",,2026,2026-05-27,N,MED
Q1_protocol_broad,2026-09-05,,,10.64898/2026.03.09.710302,Pairing Data Independent Acquisition and High-Resolution Full Scan for Fast Urinary Tract Infection Diagnosis,"Coyle E, Lacombe-Rastoll A, Roux-Dalvai F, Leclercq M, Bories P, Bérubé È, Gotti C, Bekker-Jensen D, Bache N, Isabel S, Droit A.",,2026,2026-03-11,N,PPR
Q1_protocol_broad,2026-09-05,42271362,PMC13281578,10.1186/s12967-026-08403-8,Gut fungal signatures in colorectal cancer and their potential for supporting diagnosis: a multi-cohort metagenomic analysis.,"Zhang Z, Lu T, Dong B, Liu J, Zhang Y, Li S, Liu H, Li X, Guan T, Guo H, Yan Q, Lei Z, Yu X, Wang L, Kang J, Li L, Zhao D.",,2026,2026-06-10,Y,MED
Q1_protocol_broad,2026-09-05,42196168,PMC13206401,10.3390/ijms27104185,Artificial Intelligence Methods in Forest Biotechnology: Current Status and Future Prospects.,"Lebedev V, Lebedev A.",,2026,2026-05-08,Y,MED
Q1_protocol_broad,2026-09-05,41594119,PMC12837372,10.3390/antibiotics15010082,Antimicrobial Resistance: How Can We Overcome the Problem?,"Sora VM, Wallet C, Meroni G, Loustau T, Rohr O, Zecconi A, Schwartz C.",,2026,2026-01-14,Y,MED
Q1_protocol_broad,2026-09-05,38500034,PMC10946178,10.1186/s12864-024-10214-4,Generalizability of machine learning in predicting antimicrobial resistance in E. coli: a multi-country case study in Africa.,"Nsubuga M, Galiwango R, Jjingo D, Mboowa G.",,2024,2024-03-18,Y,MED
Q1_protocol_broad,2026-09-05,41307179,PMC12704144,10.1080/22221751.2025.2595789,Genome analysis and machine learning-based feature selection strategy reveal potential drug-resistance determinants in &lt;i&gt;Nakaseomyces glabratus&lt;/i&gt;.,"Wang Q, Chen R, Cao X, Zhang H, Yang J, Wang X, Liu Y, Tan X, Liang T, Li R, Wan Z, Wang Y, Liu W.",,2025,2025-12-13,Y,MED
Q1_protocol_broad,2026-09-05,41251138,PMC12807693,10.1093/nar/gkaf1254,BV-BRC: a unified bacterial and viral bioinformatics resource with expanded functionality and AI integration.,"Shukla M, Wattam AR, Aleman A, Bhattacharya R, Bowers N, Brettin T, Capria A, Chia N, Cucinell C, Davis JJ, Dempsey DM, Dickerman A, Dietrich EM, Gokdemir O, Hendrickson RC, Kenyon RW, Klahn B, Kuscuoglu M, Lefkowitz EJ, Ma H, Machi D, Macken C, Mann CM, Mao C, Nguyen M, Olsen GJ, Olson RD, Overbeek",,2026,2026-01-01,N,MED
Q1_protocol_broad,2026-09-05,39935761,PMC11811736,10.1093/nargab/lqaf005,Current state and future prospects of Horizontal Gene Transfer detection.,"Wijaya AJ, Anžel A, Richard H, Hattab G.",,2025,2025-02-11,Y,MED
Q1_protocol_broad,2026-09-05,42449804,PMC13360233,10.3390/diagnostics16132022,"Artificial Intelligence in Inherited Epidermolysis Bullosa: Current Evidence, Challenges, and Future Directions.",Alheggi A.,,2026,2026-06-29,Y,MED
Q1_protocol_broad,2026-09-05,41623622,PMC12853649,10.3389/fmicb.2025.1722632,Gut microbial and functional signatures in breast cancer: an integrated metagenomic and machine learning approach to non-invasive detection.,"Li Y, Cheng Y, Liu W, Li J, Li S, Suriguga, Ma T, Kwok LY, Cai Z, Sun Z.",,2025,2026-01-15,Y,MED
Q1_protocol_broad,2026-09-05,42514231,PMC13413203,10.3390/life16071163,"Beyond Resistance Genes: &lt;i&gt;Pseudomonas aeruginosa&lt;/i&gt; as a Complex Adaptive System Driving Persistence, Evolution, and Antimicrobial Resistance.","Elbehiry A, Marzouk E.",,2026,2026-07-14,Y,MED
Q1_protocol_broad,2026-09-05,42450507,PMC13361244,10.3390/foods15132389,"Research Progress in Multi-Omics Analysis of Dairy Products: Nutritional Quality, Safety Evaluation, and Health Functions.","Xu M, Ma B, Zhu K, Tu W, Li C, Hao P, Zhang M.",,2026,2026-07-04,Y,MED
Q1_protocol_broad,2026-09-05,,,10.64898/2026.05.07.26352673,Scalable deep-learning-based inference of time-varying transmission dynamics from outbreak phylogenies,"Xie R, Zhukova A, Peña PG, Iglesias G, Hu S, Wang J, Tsang TK, Dhanasekaran V, Kraemer MUG, Pybus OG, Gascuel O.",,2026,2026-05-10,Y,PPR
Q1_protocol_broad,2026-09-05,42168873,PMC13378171,10.1186/s12866-026-05193-3,"Genomic characterization of an extensively drug-resistant Klebsiella pneumoniae co-harboring mcr-3.11, blaNDM-5 and blaCTX-M-27 isolated from pelvic effusion in a colon cancer patient.","Zhao K, Wang W, Ma M, Feng J, Qi T, Wang J, He J.",,2026,2026-05-21,Y,MED
Q1_protocol_broad,2026-09-05,41906791,PMC13034105,10.1002/tpg2.70233,GWAS and genomic prediction of crown rust resistance in the southern US elite oat (Avena sativa L.) germplasm.,"Acharya JP, Babar MA, Klos KE, Harrison S, DeWitt N, Ibrahim AMH, Murphy P, Nandety RS, Fiedler J.",,2026,2026-06-01,Y,MED
Q1_protocol_broad,2026-09-05,41006282,PMC12475001,10.1038/s41467-025-63436-9,Accurate prediction of gene deletion phenotypes with Flux Cone Learning.,"Merzbacher C, Mac Aodha O, Oyarzún DA.",,2025,2025-09-26,Y,MED
Q1_protocol_broad,2026-09-05,42031767,PMC13315309,10.1038/s41467-026-72225-x,Convolutional neural networks quantify antibiotic resistance in Mycobacterium tuberculosis with diagnostic grade accuracy and predict treatment response.,"Kulkarni SG, Green AG, Mann BC, Malatesta S, Kulkarni-Goodwin S, Cesare N, Mulaudzi S, Rawoot N, MIC-ML Consortium, Warren RM, Jacobson KR, Farhat MR.",,2026,2026-04-24,Y,MED
Q1_protocol_broad,2026-09-05,42130491,PMC13162067,10.1017/ash.2026.10392,"Impact of stopping contact precautions on &lt;i&gt;vanA&lt;/i&gt; plasmid transmission, Northern California, 2021-2023.","Rodriguez-Nava G, Grieshop MP, Zulli A, Behr AA, Miranti E, Tariq W, Viana-Cardenas EP, Pincus N, Banaei N, Sampson M, Bhatt AS, Salinas JL.",,2026,2026-05-12,Y,MED
Q1_protocol_broad,2026-09-05,41712449,PMC12919940,10.1099/jgv.0.002198,"Isolation, characterization and genomic analysis of a novel lytic bacteriophage EcoPhCCP1, capable of infecting multiple strains of multidrug-resistant &lt;i&gt;Escherichia coli&lt;/i&gt; recovered from urinary tract infections.","Parra B, Sandoval M, Matus-Köhler M, Rivera D, Hepp MI, Opazo-Capurro A, González-Rocha G.",,2026,2026-02-01,Y,MED
Q1_protocol_broad,2026-09-05,41439255,PMC12719438,10.3389/fcimb.2025.1641413,Multi-cohort ensemble learning framework for vaginal microbiome-based endometrial cancer detection.,"Dodani D, Talhouk A.",,2025,2025-12-08,Y,MED
Q1_protocol_broad,2026-09-05,41012041,PMC12473499,10.3390/plants14182889,Integrative Machine Learning Approaches for Identifying Loci Associated with Anthracnose Resistance in Strawberry.,"Jang YJ, Yun D, Shin W, Goo C, Song CM, Han K, Kim S, Kim DS, Lee S, Oh Y.",,2025,2025-09-17,Y,MED
Q1_protocol_broad,2026-09-05,42505601,PMC13404382,10.3390/antibiotics15070638,Smart Nano-Antibiotics: AI-Guided Stimuli-Responsive Nanoplatforms for Precision Antimicrobial Therapy.,"Parvin N, Park K, Jung JH, Mandal TK.",,2026,2026-06-26,Y,MED
Q1_protocol_broad,2026-09-05,42010622,PMC13127034,10.1186/s13073-026-01646-6,Strain-level microbial signatures and inferred functional alterations in infants with food protein-induced allergic proctocolitis.,"Goldstein C, Lavy I, Sun T, Ennis D, Shreffler WG, Yuan Q, Virkud YV, Martin VM, Yassour M.",,2026,2026-04-20,Y,MED
Q1_protocol_broad,2026-09-05,41238587,PMC12618456,10.1038/s41467-025-66183-z,CarbaDetector: a machine learning model for detecting carbapenemase-producing Enterobacterales from disk diffusion tests.,"Muhsal LK, Cimen C, Sattler J, Theis L, Nolte O, Dortet L, Bonnin RA, Egli A, Hamprecht A.",,2025,2025-11-14,Y,MED
Q1_protocol_broad,2026-09-05,41589861,PMC12955427,10.1128/spectrum.00564-25,Evaluation of a machine learning system for genomic antimicrobial susceptibility determination on a clinically representative test set.,"Wittenbach JD, Conwill A, Sansum H, Gassett A, Gardner A, Brookhart A, Hollowell T, Knysh P, Worley NB, Billings N, Herriott IC, Shimabukuro JA, Quan KA, Madey KM, Huang SS, Sater MRA, Bittencourt CE, Huntley MH.",,2026,2026-01-27,Y,MED
Q1_protocol_broad,2026-09-05,42355540,PMC13301029,10.3390/life16061014,"Fiber-Degrading Microorganisms: Types, Screening and Applications.","Yang H, Yang B, Zhang W, Su M, Dai Q, Ma J.",,2026,2026-06-17,Y,MED
Q1_protocol_broad,2026-09-05,41459049,PMC12739177,10.3389/fvets.2025.1646675,A data privacy and deep learning based AMR dashboard for rural and regional veterinary practices in Texas.,"Gopali S, Ji T, Schmidt M, Zimmerman N, Awosile B.",,2025,2025-12-10,Y,MED
Q1_protocol_broad,2026-09-05,41890980,PMC13015239,10.1016/j.onehlt.2026.101384,Dual-platform metagenomic surveillance distinguishes pathogen and resistome hotspots across agricultural and mixed-use watersheds.,"Shi Y, Sanderson H, Chuan J, Khan IUH, Sunohara M, Craiovan E, Lapen DR, Diarra M, Chen W.",,2026,2026-03-08,Y,MED
Q1_protocol_broad,2026-09-05,39512798,PMC11540761,10.3389/fgene.2024.1490645,"Editorial: Microbial comparative genomics and pangenomics: new tools, approaches and insights into gene and genome evolution.","Verma D, Satyanarayana T, Dias PJ.",,2024,2024-10-24,Y,MED
Q1_protocol_broad,2026-09-05,42116651,PMC13376717,10.1002/cbdv.202503583,The Incredible Potential of Cave Actinobacteria in Finding New Antimicrobials and Bioactive Compounds.,"Nawaz S, Umer A, Khalid L, Sajid I.",,2026,2026-05-01,N,MED
Q1_protocol_broad,2026-09-05,42149897,PMC13183242,10.1371/journal.pone.0348602,Large-scale cryptic proteome mining revealed potential phage-mediated host-pathogen genetic exchange in Mycobacterium tuberculosis.,"Bhalla N, Angrish N.",,2026,2026-05-18,Y,MED
Q1_protocol_broad,2026-09-05,39816336,PMC11734142,10.1016/j.heliyon.2024.e34719,Integrative genomics would strengthen AMR understanding through ONE health approach.,"Liu CSC, Pandey R.",,2024,2024-07-17,Y,MED
Q1_protocol_broad,2026-09-05,42192866,PMC13204554,10.3390/cancers18101503,Leveraging Multi-Model Machine Learning Algorithms for Tumor-Normal Classification and Discovery of Biomarkers in Colorectal Cancer Using Multi-Omics Data.,"Alawad DM, Fertel M, Hicks C.",,2026,2026-05-07,Y,MED
Q1_protocol_broad,2026-09-05,40565540,PMC12191839,10.3390/genes16060648,A Comprehensive Review of Deep Learning Applications with Multi-Omics Data in Cancer Research.,"Sartori F, Codicè F, Caranzano I, Rollo C, Birolo G, Fariselli P, Pancotti C.",,2025,2025-05-28,Y,MED
Q1_protocol_broad,2026-09-05,41747630,PMC13374985,10.1016/j.mib.2026.102724,Harnessing artificial intelligence for antimicrobial discovery and optimization.,"Clements AE, Fieldhouse MR, Walker AS.",,2026,2026-02-25,Y,MED
Q1_protocol_broad,2026-09-05,42184113,PMC13200550,10.1093/bib/bbag263,ac4C modification sites prediction in human mRNA: a complete review.,"Zulfiqar H, Ahmad RM, Lin H, Yu XL.",,2026,2026-05-01,Y,MED
Q1_protocol_broad,2026-09-05,41489657,PMC12769562,10.1007/s00284-026-04722-7,"Leptospira and Leptospirosis: A Review of Species Classifications, Genomes, Morphological Structures, Antimicrobial Resistances, Transmissions, and Clinical Manifestations.","Bilung LM, Tahar AS, Pui CF, Bakeri MKS, Su'ut L, Ngui R, Kira R, Apun K.",,2026,2026-01-05,Y,MED
Q1_protocol_broad,2026-09-05,39320197,,10.3233/shti240907,Prediction of Antibiotic Susceptibility in E. coli Isolates Using Machine Learning.,"Talamantes-Becerra B, Wickramarachchi A, Bauer DC, Sng L, Nguyen A, Twine N, Leroux H.",,2024,2024-09-01,N,MED
Q1_protocol_broad,2026-09-05,41264352,PMC12633814,10.1099/mgen.0.001573,Global epidemiological insights on the antimicrobial resistance of &lt;i&gt;Enterococcus faecium&lt;/i&gt; and a genomic analysis framework.,"Lee K, Jang YH, Park K, Sung H, Kim MN.",,2025,2025-11-01,Y,MED
Q1_protocol_broad,2026-09-05,41853314,PMC12992067,10.3389/fonc.2026.1766201,AI-powered mapping of tumor immunity for optimized mRNA vaccine engineering.,Srivastava R.,,2026,2026-03-03,Y,MED
Q1_protocol_broad,2026-09-05,41300710,PMC12652787,10.3390/genes16111258,Artificial Intelligence-Assisted CRISPR/Cas Systems for Targeting Plant Viruses.,"Iksat N, Madirov A, Zhanassova K, Masalimov Z.",,2025,2025-10-24,Y,MED
Q1_protocol_broad,2026-09-05,41733313,PMC13244307,10.20892/j.issn.2095-3941.2025.0762,"Microbiota-host interaction in colorectal cancer: emerging computational technology, multi-omics integration, and mechanisms.","Lu Y, Yu J.",,2026,2026-02-01,Y,MED
Q1_protocol_broad,2026-09-05,42550335,PMC13437752,10.1007/s11033-026-12537-9,Phage as a prospective arsenal against superbugs.,"Zhao L, Wan Y, Leung SSY, Yang X, Zeng P.",,2026,2026-08-04,Y,MED
Q1_protocol_broad,2026-09-05,,,10.64898/2026.08.12.744533,A comprehensive phage-bacteria interaction atlas links phage lineage and capsule serotype to genome-guided machine learning prediction in  <i>Klebsiella pneumoniae</i>,"Selvakumar H, Noonan AJC, Rotman E, Alayouni M, Piya D, Maucourt F, Koderi Valappil S, Svab M, Oriheula B, Cowser G, Murray I, Bousliman C, Kazakov A, Deutschbauer AM, Roux S, Mimee M, Arkin AP, Mutalik VK.",,2026,2026-08-13,N,PPR
Q1_protocol_broad,2026-09-05,41402282,PMC12783191,10.1038/s41467-025-66996-y,Rapid culture-free diagnosis of clinical pathogens via integrated microfluidic-Raman micro-spectroscopy.,"Li Y, Xu J, Yi X, Li X, Luo Y, Glidle A, Summersgill P, Allen S, Ryan T, Liu X, Yu W, Chu X, Chen S, Zhang Q, Xu X, Hua X, Yang Q, Reboud J, Yu Y, Huang WE, Cooper JM, Yin H.",,2025,2025-12-16,Y,MED
Q1_protocol_broad,2026-09-05,41769395,PMC12949586,10.7717/peerj.20808,Strain-level genomic variation of &lt;i&gt;Streptococcus mutans&lt;/i&gt; and early childhood caries in preschool children from Northern Arizona and Hawaii.,"Whealy RN, Furstenau TN, Roberts A, Cocking JH, Erickson D, Brock B, McCormick R, Timm S, Pacheco M, Mochida-Meek S, Fofanov V.",,2026,2026-02-25,Y,MED
Q1_protocol_broad,2026-09-05,42059572,PMC13185636,10.1128/msystems.00800-25,Advances and future directions in identifying specific taxa from microbial meta-omics data: from pipeline to deep learning.,"Zhang J, Wang X, Wang D, Zheng Z, Wang H, Ma L.",,2026,2026-04-30,Y,MED
Q1_protocol_broad,2026-09-05,41591172,PMC12846081,10.3390/toxins18010026,Artificial Intelligence (AI) in Saxitoxin Research: The Next Frontier for Understanding Marine Dinoflagellate Toxin Biosynthesis and Evolution.,"Muhammad BL, Kim HS, Aliyu I, Shehu HA, Ki JS.",,2026,2026-01-05,Y,MED
Q1_protocol_broad,2026-09-05,40599184,PMC12207556,10.3748/wjg.v31.i24.108021,Revolutionizing gastroenterology and hepatology with artificial intelligence: From precision diagnosis to equitable healthcare through interdisciplinary practice.,"Chen ZL, Wang C, Wang F.",,2025,2025-06-01,Y,MED
Q1_protocol_broad,2026-09-05,40140458,PMC11947258,10.1038/s41598-025-94321-6,Quantitative prediction of disinfectant tolerance in Listeria monocytogenes using whole genome sequencing and machine learning.,"Gmeiner A, Ivanova M, Njage PMK, Hansen LT, Chindelevitch L, Leekitcharoenphon P.",,2025,2025-03-26,Y,MED
Q1_protocol_broad,2026-09-05,40478766,PMC12144320,10.1099/mgen.0.001420,&lt;i&gt;Enterococcus lactis&lt;/i&gt; is ecologically and genetically distinct from the major opportunistic pathogen &lt;i&gt;Enterococcus faecium&lt;/i&gt;.,"Ross TA, Janice J, Arredondo-Alonso S, Löhr IH, Holsbø E, Corander J, Pöntinen AK, Kampffmeyer M, Hegstad K.",,2025,2025-06-01,Y,MED
Q1_protocol_broad,2026-09-05,42293300,PMC13255086,10.1016/j.soh.2026.100160,"Microfluidic point-of-care testing for antimicrobial resistance: advances, strategies, and One Health perspectives.","Wang C, Feng J, Zhou C, Xiu L, Hu Q, Li H, Guo X, Wang X, Chen M, Yin K.",,2026,2026-05-14,Y,MED
Q1_protocol_broad,2026-09-05,41957589,PMC13191928,10.1186/s12866-026-05019-2,Machine learning prediction of antibiotic resistance in Gram-negative pneumonia: a clinical-genomic integrated model.,"Guan J, Chen Z, Wang H, Li W, Ye F, Li S.",,2026,2026-04-09,Y,MED
Q1_protocol_broad,2026-09-05,40459283,PMC12177927,10.1021/acs.accounts.0c00594,AI-Driven Antimicrobial Peptide Discovery: Mining and Generation.,"Szymczak P, Zarzecki W, Wang J, Duan Y, Wang J, Coelho LP, de la Fuente-Nunez C, Szczurek E.",,2025,2025-06-03,Y,MED
Q1_protocol_broad,2026-09-05,,,10.21203/rs.3.rs-7763072/v1,Gut translocation of antimicrobial resistant pathogens in patients undergoing haematopoietic stem cell transplantation in India,"Madhav A, Jacob JJ, Selvarajan S, Kulkarni S, Murugan D, Narayanan PS, Muniyandi Y, Mohan K, Das S, George B, Veeraraghavan B, Baker S.",,2025,2025-10-21,Y,PPR
Q1_protocol_broad,2026-09-05,39987507,PMC11898080,10.1021/acs.jcim.4c02347,Predicting Antimicrobial Class Specificity of Small Molecules Using Machine Learning.,"Gadiya Y, Genilloud O, Bilitewski U, Brönstrup M, von Berlin L, Attwood M, Gribbon P, Zaliani A.",,2025,2025-02-23,Y,MED
Q1_protocol_broad,2026-09-05,40298586,PMC12024240,10.3390/antibiotics14040404,Novel Antibacterial Approaches and Therapeutic Strategies.,"Niño-Vega GA, Ortiz-Ramírez JA, López-Romero E.",,2025,2025-04-15,Y,MED
Q1_protocol_broad,2026-09-05,40854982,PMC12378394,10.1038/s44259-025-00141-z,Identification and antimicrobial resistance profiling of Pseudomonas aeruginosa using multi-excitation Raman spectroscopy and computational analytics.,"Highmore C, Hanrahan N, Cook Y, Pritchard Y, Lister A, Cooper K, Devitt G, Munro APS, Faust SN, Mahajan S, Webb JS.",,2025,2025-08-25,Y,MED
Q1_protocol_broad,2026-09-05,42249581,PMC13241579,10.1111/1751-7915.70397,Genomic Map of Escherichia coli and Single Nucleotide Polymorphism Markers in Colorectal Cancer.,"Xi Y, Liping Z, Yating X, Yang X, Jian C, Caiyun C, Shuwen L, Zian Z, Xiaojian Y, Shuwen H, Wei W.",,2026,2026-06-01,Y,MED
Q1_protocol_broad,2026-09-05,42256452,PMC13233505,10.3389/ffunb.2026.1828327,Comparative genomics of Eastern-Indian &lt;i&gt;Ustilaginoidea virens&lt;/i&gt; strain NRRI-FSM-1 at whole-genome level unravels genome evolution and genetic plasticity.,"Devanna BN, Singh PK, Dubey H, Samantaray S, Parameswaran C, Behera L, Bag MK.",,2026,2026-05-21,Y,MED
Q1_protocol_broad,2026-09-05,42542874,PMC13428191,10.7759/cureus.111932,Antimicrobial Resistance Patterns in Infections Among Patients With Hematologic Malignancies: A Systematic Review.,"Kaur Soni T, Kshatri AHS, Femy A, Verma B, Verma P, Dutta S, Bodanam S, Johnson LS, R K, Devarapalli J, V P A, Ns D, Shrivastava S, Keshari Samal S.",,2026,2026-07-02,Y,MED
Q1_protocol_broad,2026-09-05,40227048,PMC12057382,10.1128/aac.01082-24,Genomics for antimicrobial resistance-progress and future directions.,"Sherry NL, Lee JYH, Giulieri SG, Connor CH, Horan K, Lacey JA, Lane CR, Carter GP, Seemann T, Egli A, Stinear TP, Howden BP.",,2025,2025-04-14,Y,MED
Q1_protocol_broad,2026-09-05,41645653,PMC12877424,10.1002/cam4.71578,Digital Biomarkers for Precision Early Detection of Lung Cancer: Integrating AI-Driven Multi-Omics Into Clinical Pathways.,"Bu F, Ling ZQ.",,2026,2026-02-01,Y,MED
Q1_protocol_broad,2026-09-05,42417745,PMC13340917,10.1590/s1984-29612026023,"Next-generation molecular tools in veterinary parasitology: advances, challenges, and perspectives in the diagnosis of emerging parasites.","Antunes TPB, Antunes E.",,2026,2026-07-06,Y,MED
Q1_protocol_broad,2026-09-05,41699469,PMC12983536,10.1186/s12864-026-12628-8,Genetic structure analysis of a Northwest Chinese population using a self-developed DIP system and machine learning for forensic ancestry inference.,"Cai M, Shen R, Shi X, Wu Y, Luo L, Liang Q, Zhu B.",,2026,2026-02-16,Y,MED
Q1_protocol_broad,2026-09-05,38792673,PMC11123121,10.3390/microorganisms12050842,"Tackling the Antimicrobial Resistance ""Pandemic"" with Machine Learning Tools: A Summary of Available Evidence.","Rusic D, Kumric M, Seselja Perisin A, Leskur D, Bukic J, Modun D, Vilovic M, Vrdoljak J, Martinovic D, Grahovac M, Bozic J.",,2024,2024-04-23,Y,MED
Q1_protocol_broad,2026-09-05,40906401,PMC12383765,10.3390/biology14081075,From Panels to Pathogen Networks: The Expanding Role of Targeted Sequencing in Veterinary Medicine.,"Luo J, Lu W, Liu R, Zhang S, Cao J, Ma C.",,2025,2025-08-18,Y,MED
Q1_protocol_broad,2026-09-05,41347244,PMC12673510,10.3389/fmicb.2025.1704931,Advancements in alternative approaches to address antimicrobial resistance in bacterial pneumonia: a comprehensive review.,"Daraghmeh DN, AbuIriban RW, Nawawreh N, Abuamro AM, Alassar MM, Daraghma SN, Alhajahmed NM, Thandar Y.",,2025,2025-11-19,Y,MED
Q1_protocol_broad,2026-09-05,41930907,PMC13051840,10.1002/vms3.70905,"Advances in Avian Diagnostic Pathology: Current Trends, Challenges and Future Directions: A Review.","Getnet GM, Getnet MA, Atenaf AS.",,2026,2026-05-01,Y,MED
Q1_protocol_broad,2026-09-05,42181278,PMC13197638,10.1016/j.isci.2026.115892,Diversity of antibiotic resistance genes increases in urbanized lakes: A multi-tool screening.,"De Yebra P, Zoccarato L, Galindo JA, Numberger D, Abdulkadir N, Grossart HP, Greenwood AD.",,2026,2026-04-27,Y,MED
Q1_protocol_broad,2026-09-05,42074242,PMC13115827,10.3390/ijms27083604,Deciphering 6-mer Spectra Distribution Rules in Coronavirus Genomes: Application to Comparative Genomic Analysis.,"Yang Z, Li H, Li X, Liu G.",,2026,2026-04-18,Y,MED
Q1_protocol_broad,2026-09-05,41594129,PMC12837905,10.3390/antibiotics15010092,"Burden of Bacterial Antimicrobial Resistance in Libya, 1970-2024: A Systematic Meta-Analysis with Projections to 2050.","Bleiblo FA, El-Awamie MW, Elsharif NA, Feetouri MM, Alogali IS, Mohamed AA, Aloriby MA, El Salabi AA, Bader TS, Moftah SA, Alqabbasi OS, Abdeldaim GM, Almajbry EM, Khamid MM, Hasen YM, Layas Y, Shamsi SS, Milad AM, Alamami AD, Elraid GH, Hamed AS, Altajouri AA.",,2026,2026-01-16,Y,MED
Q1_protocol_broad,2026-09-05,39345263,PMC11427404,10.3389/fmicb.2024.1460335,Use of whole genome sequencing for surveillance and control of foodborne diseases: <i>status quo</i> and <i>quo vadis</i>.,"Schadron T, van den Beld M, Mughini-Gras L, Franz E.",,2024,2024-09-13,Y,MED
Q1_protocol_broad,2026-09-05,39874387,PMC11790238,10.1371/journal.pntd.0012801,Potential links between human bloodstream infection by Salmonella enterica serovar Typhimurium and international transmission to Colombia.,"Li Y, Pulford CV, Díaz P, Perez-Sepulveda BM, Duarte C, Predeus AV, Wiesner M, Heavens D, Low R, Schudoma C, Montaño A, Hall N, Moreno J, Hinton JCD.",,2025,2025-01-28,Y,MED
Q1_protocol_broad,2026-09-05,41304116,PMC12654848,10.3390/microorganisms13112429,Genomic Surveillance and Resistance Profiling of Multidrug-Resistant &lt;i&gt;Acinetobacter baumannii&lt;/i&gt; Clinical Isolates: Clonal Diversity and Virulence Insights.,"Ristori MV, Pirona I, De Florio L, Aita SE, Macari G, Spoto S, Antonelli Incalzi R, Angeletti S.",,2025,2025-10-23,Y,MED
Q1_protocol_broad,2026-09-05,42353740,PMC13295799,10.3390/antibiotics15060617,"Antimicrobial Resistance in Pediatric Infections: Current Status, Challenges, and Future Directions.","Dinh C, Parang K.",,2026,2026-06-17,Y,MED
Q1_protocol_broad,2026-09-05,42324270,PMC13444103,10.1038/s41522-026-01059-8,Characterization of gut microbiome signatures in metabolic dysfunction associated steatotic liver disease.,"Ma Y, Yang M, Xu A, Zhao X, Dong X, Li W, Tu H, Guo Y, Song Z, Wu X.",,2026,2026-06-21,Y,MED
Q1_protocol_broad,2026-09-05,41472209,PMC12737545,10.3390/v17121538,Bioinformatics Tools and Approaches for Virus Discovery in Genomic Data: A Systematic Review.,"Galeeva J, Kuzmichenko P, Manolov A, Lukashev A, Ilina E.",,2025,2025-11-24,Y,MED
Q1_protocol_broad,2026-09-05,40868004,PMC12382831,10.3390/antibiotics14080810,"&lt;i&gt;Staphylococcus aureus&lt;/i&gt; in Bovine Mastitis: A Narrative Review of Prevalence, Antimicrobial Resistance, and Advances in Detection Strategies.","Touaitia R, Ibrahim NA, Touati A, Idres T.",,2025,2025-08-08,Y,MED
Q1_protocol_broad,2026-09-05,41288390,PMC12772318,10.1128/spectrum.01876-25,High-quality &lt;i&gt;Acinetobacter&lt;/i&gt; genomes recovered from combat wounds via metagenomic sequencing resemble cultured isolate genomes.,"Kimbrel JA, Thissen JB, Lisboa FA, Mabery S, Jaing CJ, Elster EA, Schobel SA, Be NA.",,2026,2025-11-25,Y,MED
Q1_protocol_broad,2026-09-05,42198729,PMC13211684,10.3390/v18050526,Isolation of Bacteriophages with Lytic Activity from Biological Samples of Left Ventricular Assist Device Patients: An In Vitro Study.,"Sax B, Koppanyi A, Kristof K, Kiraly A, Prinz G, Hartyanszky I, Nagy GG, Nemet I, Temesvari-Kis F, Kiss B, Merkely B.",,2026,2026-04-30,Y,MED
Q1_protocol_broad,2026-09-05,41575464,PMC12892988,10.1128/mbio.03431-25,Confidence-based prediction of antibiotic resistance at the patient level.,"Inda-Díaz JS, Johnning A, Hessel M, Sjöberg A, Lokrantz A, Helldal L, Jirstrand M, Svensson L, Kristiansson E.",,2026,2026-01-23,Y,MED
Q1_protocol_broad,2026-09-05,42165580,PMC13274421,10.1128/aem.00125-26,"Diversity and function of OXA-48-like β-lactamase variants in environmental &lt;i&gt;Shewanella&lt;/i&gt; isolates from Stockholm, Sweden.","Fernández-Juárez V, Petrovic M, Mihindukulasooriya I, Joffré E, Sjöling Å, Martín-Rodríguez AJ.",,2026,2026-05-21,Y,MED
Q1_protocol_broad,2026-09-05,39748007,PMC11696989,10.1038/s41598-024-84870-7,First report on comprehensive genomic analysis of a multidrug-resistant Enterobacter asburiae isolated from diabetic foot infection from Bangladesh.,"Islam MR, Mondol SM, Hossen MA, Khatun MP, Selim S, Amiruzzaman, Gomes DJ, Rahaman MM.",,2025,2025-01-02,Y,MED
Q1_protocol_broad,2026-09-05,41283681,PMC12710356,10.1128/msystems.00950-25,Unveiling the landscape of prokaryotic global regulators through deep protein language models.,"Geng J, Wu J, Luo S, Liu D, Nie J, Fan G, Sun Q, Hu S, Wu L.",,2025,2025-11-24,Y,MED
Q1_protocol_broad,2026-09-05,40872707,PMC12390266,10.3390/vetsci12080757,"&lt;i&gt;Staphylococci&lt;/i&gt; in Livestock: Molecular Epidemiology, Antimicrobial Resistance, and Translational Strategies for One Health Protection.","Elbehiry A, Marzouk E.",,2025,2025-08-13,Y,MED
Q1_protocol_broad,2026-09-05,42555388,PMC13328407,10.3389/fcimb.2026.1847443,Harnessing the gut microbiome to combat tuberculosis: a technological and clinical review.,"Sun W, Xiao M, Ali SL, Jin C, Khan A, Shakirullah, Ni R, An Y, Zhang M, Tian Y, Kaushik S, Zhang Y, Gong W.",,2026,2026-06-19,Y,MED
Q1_protocol_broad,2026-09-05,38124060,PMC10731705,10.1186/s12866-023-03147-7,Machine learning and phylogenetic analysis allow for predicting antibiotic resistance in M. tuberculosis.,"Yurtseven A, Buyanova S, Agrawal AA, Bochkareva OO, Kalinina OV.",,2023,2023-12-20,Y,MED
Q1_protocol_broad,2026-09-05,42198785,PMC13211394,10.3390/v18050584,Infectome Landscape of Rodents and Shrews in Guangdong Province Reveals Diverse Pathogens with Zoonotic Potential in Wildlife.,"Lin Y, Li F, Liang P, Zhou Y, Zhang L, Zhou W, Liang Y, Yu R, Yang W, Zhou Z, Wei Z, He J, Jiang J, Yan H.",,2026,2026-05-21,Y,MED
Q1_protocol_broad,2026-09-05,42402588,,10.1186/s40168-026-02454-1,Conserved 3' stem-loop structures enable comprehensive analysis of bacterial transcription termination in metagenomes.,"Jin Y, Cui J, Liu R, Ma H, Xu X, Wu S, Gan F, Lu ZJ, Xu ZZ.",,2026,2026-07-06,N,MED
Q1_protocol_broad,2026-09-05,41012787,PMC12474250,10.3390/vetsci12090862,From Farm to Fork: Antimicrobial-Resistant Bacterial Pathogens in Livestock Production and the Food Chain.,"Elbehiry A, Marzouk E.",,2025,2025-09-04,Y,MED
Q1_protocol_broad,2026-09-05,42023515,PMC13355064,10.1093/nar/gkag382,PhaBOX2: an enhanced web server for discovering and analyzing viral contigs in metagenomic data.,"Shang J, Peng C, Guan J, Cai D, Wang D, Sun Y.",,2026,2026-07-01,Y,MED
Q1_protocol_broad,2026-09-05,,,10.21203/rs.3.rs-9898333/v1,ARMOR - (Antibiotic Resistance Modelling through Omics and Resistance-gene analysis),"Ahmad A, Anas M.",,2026,2026-06-03,N,PPR
Q1_protocol_broad,2026-09-05,42390095,PMC13436424,10.1128/spectrum.00114-26,Strain-level genomic analysis of &lt;i&gt;Staphylococcus epidermidis&lt;/i&gt; across multiple body sites in healthy females.,"Jablonska S, Shanbhag N, Kula A, Putonti C.",,2026,2026-06-22,Y,MED
Q1_protocol_broad,2026-09-05,42512156,PMC13411890,10.3390/ijerph23070850,From Reactive to Predictive One Health: AI-Enabled Frameworks for Integrated Zoonotic Surveillance and Governance.,"Sorrentino E, Mazzeo A, Mascolo C, Chiara MV, Rosati S, Maiuro L.",,2026,2026-06-29,Y,MED
Q1_protocol_broad,2026-09-05,,PMC13300613,,Application value and challenges associated with plasma cell-free DNA metagenomic sequencing technology in the diagnosis of infections in patients with hematological disorders,"Xu C, Liu T, Zhang X, Feng S.",,2026,2026-06-25,Y,PMC
Q1_protocol_broad,2026-09-05,41965534,PMC13185177,10.1186/s12859-026-06440-0,GGAR: gradient guided adaptive regularization enhances deep learning classification of brassica species using codon usage bias.,"Shahzad A, Akram S, Mehmood T.",,2026,2026-04-11,Y,MED
Q1_protocol_broad,2026-09-05,41347242,PMC12672555,10.3389/fmicb.2025.1647437,Genomic evolution of enteric pathogens: mechanisms of pathogenicity and diagnostic innovations.,"Li T, Li J, Tang Z, Liu X, Yao S, Zhu J, Wang W, Huo L, Chen S, Zhang G, Liu Z.",,2025,2025-11-19,Y,MED
Q1_protocol_broad,2026-09-05,41670376,PMC12955437,10.1128/spectrum.03713-25,Comparison and validation of multiple machine learning algorithms for predicting MDRO infection in catheter-related bloodstream patients: a multicenter cohort study.,"Wang H, Yang C, Zhao M, Ren F, Wang X, Yan H, Qin W, Tian F, Li L.",,2026,2026-02-11,Y,MED
Q1_protocol_broad,2026-09-05,41700755,PMC13104130,10.1002/advs.202522628,Forecasting Root Rot Disease through Predictive Microbial Functional Profiling.,"You C, Ren P, Guan Y, Gong K, Hua Z, Zhou W, Mei X, Wang Y, Wang X, Xu Y, Shen Q, Wei Z.",,2026,2026-02-17,Y,MED
Q1_protocol_broad,2026-09-05,41787255,PMC13072478,10.1186/s12866-026-04718-0,Machine learning model integrating oral microbiota and clinical features for predicting osteoporosis and bone loss in high-altitude populations.,"Wang J, Yang F, Hao S, Dong C, Tian Y, Xu Y, Yang S, Yang H, Xiao X, Zheng T, Zuo H, Pei X, Zhao X.",,2026,2026-03-05,Y,MED
Q1_protocol_broad,2026-09-05,41586531,PMC12915310,10.1128/aem.02235-25,Fermentation conditions outweigh phylogeny in shaping the metabolome of novel &lt;i&gt;Micromonospora&lt;/i&gt; strains: an integrated genomics-metabolomics analysis.,"Han J-R, Li S, Lian W-H, Xu L, Duan L, Li J-L, Shi G-Y, Wei Q-C, Ali M, Li W-J, Dong L.",,2026,2026-01-26,Y,MED
Q1_protocol_broad,2026-09-05,42058254,PMC13122421,10.32592/ari.2025.80.4.819,The Role of Artificial Intelligence and Machine Learning in Advancing Animal Biotechnology: A Review.,"Siva Kiran RR, Dhamodhar P.",,2025,2025-08-30,N,MED
Q1_protocol_broad,2026-09-05,42553265,PMC13433518,10.3389/fmicb.2026.1830232,Persistence of non-typhoidal &lt;i&gt;Salmonella&lt;/i&gt; across hosts and environments: a One Health perspective.,"Abdelgany A, Wong A, Guan J.",,2026,2026-07-21,Y,MED
Q1_protocol_broad,2026-09-05,41113632,PMC12531165,10.3389/fmicb.2025.1673343,"Detecting antibiotic resistance: classical, molecular, advanced bioengineering, and AI-enhanced approaches.","Aldea AC, Diguṭă FC, Presacan O, Voaideṣ C, Toma RC, Matei F.",,2025,2025-10-03,Y,MED
Q1_protocol_broad,2026-09-05,42218721,PMC13222521,10.1093/bib/bbag270,CLCNet: a contrastive learning and chromosome-aware network for genomic prediction in plants.,"Huang J, Yang Z, Yin M, Li C, Li J, Wang Y, Huang L, Li M, Liang C, He F, Han R, Jiang Y.",,2026,2026-05-01,Y,MED
Q1_protocol_broad,2026-09-05,41660233,PMC12874134,10.1016/j.isci.2026.114684,Agnostic capture of pathogens for the detection and diagnostics of emerging threats.,"Sakkos A, Saint-John B, Tyml T, Myskova E, Aureli L, Inman JL, Snijders AM, Mouncey NJ, Mukundan H, Schulz F.",,2026,2026-01-12,Y,MED
Q1_protocol_broad,2026-09-05,41131551,PMC12548117,10.1186/s40168-025-02231-6,"One Health, One Microbiome.","Muhummed AM, Lanker KC, Yersin S, Zinsstag J, Vonaesch P.",,2025,2025-10-23,Y,MED
Q1_protocol_broad,2026-09-05,39843587,PMC11721440,10.1038/s44259-024-00068-x,Challenges and applications of artificial intelligence in infectious diseases and antimicrobial resistance.,"Cesaro A, Hoffman SC, Das P, de la Fuente-Nunez C.",,2025,2025-01-07,Y,MED
Q1_protocol_broad,2026-09-05,41244988,PMC12615354,10.1093/nargab/lqaf147,Network analysis of antimicrobial resistance in &lt;i&gt;Staphylococcus aureus&lt;/i&gt;: characterization of hub genes and their functional implications.,"Hasan MI, Smyth DS, Teufel AI.",,2025,2025-11-14,Y,MED
Q1_protocol_broad,2026-09-05,42519700,PMC13381789,10.3389/fmicb.2026.1884628,Rethinking metagenome-assembled genome completeness: are we truly recovering complete genomes?,"Pellegrinetti TA, Molligan J, Mendes LW, Pedrinho A, Pérez-López E.",,2026,2026-07-06,Y,MED
Q1_protocol_broad,2026-09-05,42197123,PMC13210365,10.3390/molecules31101571,Mapping the Convergence of Frontier Technologies for Major Environmental Challenges: A Chemical and Molecular Perspective on the Use of AI for Climate Action and Antimicrobial Resistance.,"Rojas-Flores SJ, Liza R, Nazario-Naveda R, Díaz F, Delfin-Narciso D, Cardenas MG, Cabanillas-Chirinos L.",,2026,2026-05-08,Y,MED
Q1_protocol_broad,2026-09-05,42227740,PMC13288933,10.1128/msystems.00370-26,Functional and ecological drivers of bacterial interactions in glacier-fed stream biofilms.,"Gonzalez Mateu M, Peter H, Michoud G, Touchette D, Baier F, Deluigi N, Jacoby R, Zimmermann M, Battin TJ.",,2026,2026-06-02,Y,MED
Q1_protocol_broad,2026-09-05,42106361,PMC13381771,10.1038/s41522-026-01001-y,Instance-based transfer learning enables cross-cohort early detection of colorectal cancer.,"Sun Y, Wu S, Wu Z, Zhu W, Gao H, Xing J, Zhao J, Fan X, Su X.",,2026,2026-05-09,Y,MED
Q1_protocol_broad,2026-09-05,42559685,PMC13443453,10.1093/nar/gkag756,Functional analysis of natural variation in the RNA-binding protein CsrA across the bacterial domain predicts regulatory activity.,"Winkelman JT, Yarberry E, Fanouraki G, Winkelman JD, Mukherjee S.",,2026,2026-07-01,Y,MED
Q1_protocol_broad,2026-09-05,,,10.64898/2026.05.20.26353739,Integrated Machine Learning-PanGWAS Reveals Chromosome-Encoded Persistence Networks and Plasmid Plasticity in Recurrent Urinary Tract Infection in  <i>Escherichia coli</i>,"R S, Nagarajan S, Mohan S S.",,2026,2026-05-22,N,PPR
Q1_protocol_broad,2026-09-05,41986376,PMC13260827,10.1038/s41522-026-00985-x,Water kefir as a paradigm for multi-omics and genome-scale metabolic modelling in fermented food.,"Khan A, Breselge S, O'Mahony AK, O'Sullivan O, Cotter PD, McCarthy SN, Mahony J, Kenny JG.",,2026,2026-04-15,Y,MED
Q1_protocol_broad,2026-09-05,40384881,PMC12081579,10.1007/s40588-025-00247-y,Long-Read Sequencing for the Rapid Response to Infectious Diseases Outbreaks.,"Oehler JB, Burns K, Warner J, Schmitz U.",,2025,2025-05-15,Y,MED
Q1_protocol_broad,2026-09-05,41940202,PMC13046349,10.4103/jisp.jisp_369_24,Comparing gradient boosting and neural networks in the prediction of intersecting genes in gingival epithelial immunity.,"Ardila CM, Anegundi RV, Puttu G, Ayyachamy S, Yadalam PK.",,2025,2025-11-01,Y,MED
Q1_protocol_broad,2026-09-05,41330090,,10.1016/j.ijfoodmicro.2025.111551,"Characteristics and genomics study of Salmonella isolates in retail chicken in Shaanxi, China: Focus on comparative genomics analysis of S. Kentucky and S. enteritidis isolates from Shaanxi with those from elsewhere in China.","Ma J, Bai X, Wang S, Yang Y, Li M, Li M, Zhou W, Cui S, Yang B.",,2026,2025-11-27,N,MED
Q1_protocol_broad,2026-09-05,41446807,PMC12722026,10.1016/j.csbj.2025.11.067,Drug response in the era of precision medicine: A methodological review.,"Okyere D, Bravo-Merodio L, Xu Y, Guan X, Parkhi D, Gkoutos G, Acharjee A.",,2025,2025-12-02,Y,MED
Q1_protocol_broad,2026-09-05,,,10.21203/rs.3.rs-8920054/v1,Decoding Positive Selection in Mycobacterium tuberculosis with Phylogeny-Guided Graph Attention Models,"Wang L, Campino S, Clark TG, Phelan JE.",,2026,2026-03-13,Y,PPR
Q1_protocol_broad,2026-09-05,42309606,PMC13156627,10.1016/j.jgeb.2026.100702,"Recovery and analysis of ancient DNA: challenges, methods, and applications in forensic and archaeological science.","Silverstein J, Chapman A.",,2026,2026-05-07,Y,MED
Q1_protocol_broad,2026-09-05,41203701,PMC12594890,10.1038/s41598-025-24802-1,SHAP-based binarization enhances metataxonomic machine learning with application to gut microbiota of inflammatory bowel disease.,"Lee Y, Seo J, Di Camillo B.",,2025,2025-11-07,Y,MED
Q1_protocol_broad,2026-09-05,40988919,PMC12450893,10.3389/frai.2025.1512003,Enhanced deep Convolutional Neural Network for SARS-CoV-2 variants classification.,"Awe OI, Obura H, Ssemuyiga C, Mudibo E, Mwanga MJ.",,2025,2025-09-08,Y,MED
Q1_protocol_broad,2026-09-05,41429182,PMC12721875,10.1111/1758-2229.70267,Antibiotic Resistance Crisis: From Bacterial Bioprospecting to Artificial Intelligence.,"Cunha-Ferreira IC, Vizzotto CS, Peixoto J, Krüger RH.",,2025,2025-12-01,Y,MED
Q1_protocol_broad,2026-09-05,42104260,PMC13321764,10.1186/s12866-026-05098-1,Arctic deep-sea hydrothermal microbiomes as a natural niche for novel antimicrobial peptides.,"Nguyen TT, Steen IH, Bøe MH, Otterlei M, Stokke R.",,2026,2026-05-08,Y,MED
Q1_protocol_broad,2026-09-05,41695711,PMC12903899,10.7717/peerj.20706,Better data for better predictions: data curation improves deep learning for sgRNA/Cas9 prediction.,"Browne TS, Edgell DR, Gloor GB.",,2026,2026-02-10,Y,MED
Q1_protocol_broad,2026-09-05,41199746,PMC12588577,10.3389/fgene.2025.1651917,aiGeneR 3.0: an enhanced deep network model for resistant strain identification and multi-drug resistance prediction in &lt;i&gt;Escherichia coli&lt;/i&gt; causing urinary tract infection using next-generation sequencing data.,"Nayak DSK, Pati A, Panigrahi A, Khan M, Alabdullah B, Sahoo SK, Sahu B, Almjally A, Mallik S, Swarnkar T.",,2025,2025-10-23,Y,MED
Q1_protocol_broad,2026-09-05,40871464,PMC12388022,10.3390/microorganisms13081960,"Advanced Strategies in Phage Research: Innovations, Applications, and Challenges.","Wu P, Li W, Zhang W, Li S, Deng B, Xu S, Li Z.",,2025,2025-08-21,Y,MED
Q1_protocol_broad,2026-09-05,42483306,PMC13386477,10.1155/sci/7134066,Integrative Transcriptomic Analysis Identifies a Key Candidate Gene Bridging Inflammation and DNA Repair in Endometriosis.,"Wang J, Li W, Feng J, Wang Z.",,2026,2026-07-21,Y,MED
Q1_protocol_broad,2026-09-05,41196040,PMC12671149,10.1128/spectrum.00792-25,"Transmission dynamics and molecular characterization of methicillin-resistant &lt;i&gt;S. epidermidis&lt;/i&gt; among men who have sex with men in Guangzhou, China.","Chen S, Wu Y, Liu Y, Cheng Q, Yao Z, Ye X.",,2025,2025-11-06,Y,MED
Q1_protocol_broad,2026-09-05,42519018,PMC13382273,10.1016/j.isci.2026.116754,Multi-omics reveals functional recovery of the gut microbiome in rescued Sunda pangolins (&lt;i&gt;Manis javanica&lt;/i&gt;).,"Zhang Z, Shu Y, Liu X, Xu B, Chen J, Zhang Z, Wang K, Hua Y.",,2026,2026-07-13,Y,MED
Q1_protocol_broad,2026-09-05,42147457,PMC13176625,10.1155/tbed/2215823,A Scoping Review of Machine Learning Applications Across Epidemiological Stages of Zoonotic Disease.,"Zhang Y, Sun Y, Wang J, Wang L, Fang R, Wu X, Yang X, Guo Y, Li S.",,2026,2026-05-14,Y,MED
Q1_protocol_broad,2026-09-05,42037420,PMC13251387,10.1128/jcm.01054-25,MethylSense: high accuracy machine learning-based diagnostics for &lt;i&gt;Aspergillus fumigatus&lt;/i&gt; infection in chickens using host cell-free DNA methylation and Nanopore sequencing.,"Drag MH, Hvilsom C, Poulsen LL, Jensen HE, Tahas SA, Leineweber C, Cray C, Bertelsen MF, Bojesen AM.",,2026,2026-04-27,Y,MED
Q1_protocol_broad,2026-09-05,,PMC13288047,,Branching out: Resolving plant evolution through phylogenetic networks,"Tiley G, Solís‐Lemus C.",,2026,2026-01-01,Y,PMC
Q1_protocol_broad,2026-09-05,42111292,PMC13155117,10.1093/ismeco/ycag093,Multi-scale ecological drivers shape the genome flexibility of soil-dwelling &lt;i&gt;Listeria monocytogenes&lt;/i&gt;.,"Goh YX, Hardeep FNU, Zhang H, Liao J.",,2026,2026-01-01,Y,MED
Q1_protocol_broad,2026-09-05,42499499,PMC13395602,10.3389/fphar.2026.1753893,Deciphering tuberculosis pathway mechanisms via graph neural networks and multimodal deep learning: a comprehensive AI-driven framework for precision medicine.,"Yang Y, Liu H, Lei Q, Li T.",,2026,2026-07-10,Y,MED
Q1_protocol_broad,2026-09-05,41427144,PMC12714607,10.3389/fvets.2025.1681083,Data-driven discovery of antiviral peptides against PRRSV using multiple machine learning models.,"Yousaf W, Haseeb A, Shen Y, Li H, Fan K, Sun N, Sun P, Sun Y, Yang H, Yin W, Zhang H, Zhang Z, Zhong J, Wang J, Huo N.",,2025,2025-12-05,Y,MED
Q1_protocol_broad,2026-09-05,,,10.21203/rs.3.rs-9230875/v1,"Beyond the Black Box: A Calibrated, Gene-Centric Pipeline for High-Precision Ciprofloxacin Resistance Prediction in Salmonella enterica",Barznji HN.,,2026,2026-03-27,N,PPR
Q1_protocol_broad,2026-09-05,42430497,PMC13353424,10.1126/sciadv.ady9432,A scalable deep-learning framework for cancer detection using cell-free DNA shallow whole-genome sequencing.,"Wang H, Mennea PD, McAndrew G, Sonmezler O, Shcherbo DS, Ditter EJ, Jensen SØ, Buma AIG, Smith CG, Cheng Z, Harris C, Cutts RJ, Hrebien S, Crosbie PAJ, Corrie PG, van den Heuvel MM, Roshan A, McCaughan F, Rintoul RC, Markowetz F, Kaplan T, Cooper WN, Zhao H, Rosenfeld N.",,2026,2026-07-10,Y,MED
Q1_protocol_broad,2026-09-05,42021525,PMC13103521,10.1111/1541-4337.70468,AI-Enabled Imaging for Pathogen Detection Under Stress Conditions: A Systematic Review.,"Papa M, Kuehnle G, Oh YJE, Yi J.",,2026,2026-05-01,Y,MED
Q1_protocol_broad,2026-09-05,42020464,PMC13273106,10.1038/s41598-026-37419-9,"Microbial signatures define the ecosystem functions of the pelagic microbiome in a basin-scale, Southwest Atlantic Ocean.","Bergo NM, Peres FV, Vieira DC, Modolon F, Moreira JCF, Lizárraga RGM, Romano RG, Bendia AG, Lemos LN, de Moura Emilio A, Amendola AM, Castano DCD, Chuqui MG, Paula FS, Brandão WSG, Fonseca G, Vasconcelos ATR, Jonck CR, Moreira DL, Brandini FP, Pellizari VH.",,2026,2026-04-22,Y,MED
Q1_protocol_broad,2026-09-05,40149106,PMC11939754,10.3390/antibiotics14030296,Metagenomics as a Transformative Tool for Antibiotic Resistance Surveillance: Highlighting the Impact of Mobile Genetic Elements with a Focus on the Complex Role of Phages.,"Olsen NS, Riber L.",,2025,2025-03-12,Y,MED
Q1_protocol_broad,2026-09-05,42472229,PMC13380244,10.2147/idr.s614363,Genomic Characterization of SARS-CoV-2 NB.1.8.1 and PQ.2 from the Infants and Young Children with Gastrointestinal Symptoms.,"Zhang X, Guo X.",,2026,2026-07-14,Y,MED
Q1_protocol_broad,2026-09-05,41742841,PMC13159146,10.1002/advs.74581,A Genomic Catalog of Migratory Microbiomes from Wild Birds across China's Habitats.,"Wang Y, Wu H, Qu M, Zhang C, Xu Z, Pei Y, Zhao C, Wang J, Ma S, Lyu N, Xu X, Bi Y, Zhu B, Gao GF.",,2026,2026-02-26,Y,MED
Q1_protocol_broad,2026-09-05,42500329,PMC13396490,10.34133/csbj.0114,Classifying Diabetic and Healthy &lt;i&gt;β&lt;/i&gt;-Cells in Type 2 Diabetes Using Machine Learning on Single-Cell RNA Sequencing Data.,"Onah DFO, Lomboy Toledo ML.",,2026,2026-07-24,Y,MED
Q1_protocol_broad,2026-09-05,,,10.1101/2025.11.12.688105,A comprehensive AMR genotype-phenotype database (CABBAGE),"Dickens E, Derelle R, Beardmore R, Suresh A, Uplekar S, Azov AG, Gurbich TA, El Houdaigui B, Keatley J, Ochkalova S, Koci O, Rahman NM, Shivalikanjli A, Winterbottom A, Yordanova G, Parkinson H, Yates AD, Finn RD, Lees JA, Chindelevitch L.",,2025,2025-11-13,Y,PPR
Q1_protocol_broad,2026-09-05,40952128,PMC12542634,10.1128/msystems.00909-25,Machine learning-based evaluation of risk factors for carbapenem-resistant &lt;i&gt;Klebsiella pneumoniae&lt;/i&gt; dissemination in neonatal units.,"Liu X, Jiang M, Zhang J, Li H, Liu Y, Zhang J, Chen X, Bu J, Xie S, Zhang M, Dong N, Cao Q, Zhou Z.",,2025,2025-09-15,Y,MED
Q1_protocol_broad,2026-09-05,41088064,PMC12522379,10.1186/s12905-025-03957-z,Vaginal Microenvironment-Driven neural network model for predicting multiple HPV co-infections: a machine learning clinical decision framework.,"XiaoNan L, MeiHan C, Dan H.",,2025,2025-10-14,Y,MED
Q1_protocol_broad,2026-09-05,42440958,PMC13333632,10.3389/frai.2026.1782333,Gated recurrent unit model for forecasting greenhouse gas concentrations with uncertainty quantification.,"Kimei EH, Nyambo DG, Mduma N, Kaijage SF.",,2026,2026-06-22,Y,MED
Q1_protocol_broad,2026-09-05,,PMC13325256,,Artificial intelligence-driven advancements in agricultural biotechnology,"Hossen Z, Forhad M, Ayez M, Karmaker S, Islam M, Hossain M, Haque M, Hasan M, Islam M.",,2026,2026-06-26,Y,PMC
Q1_protocol_broad,2026-09-05,41203622,PMC12595021,10.1038/s41467-025-64516-6,Widespread Trichuris incognita reveals hidden diversity and reshapes understanding of human whipworm infections.,"Rahman N, Bär MA, Dommann J, Hürlimann E, Coulibaly JT, Ali S, Sayasone S, Beinamaryo P, Keiser J, Schneeberger PHH.",,2025,2025-11-07,Y,MED
Q1_protocol_broad,2026-09-05,41768056,PMC12946035,10.3389/fpls.2026.1744367,Resistance gene against &lt;i&gt;Xanthomonas oryzae pv. Oryzae (Xoo&lt;/i&gt;) in rice: molecular mechanisms and breeding strategies for bacterial leaf blight.,"Jiang H, Huang Q, Yang C, Liang Y.",,2026,2026-02-13,Y,MED
Q1_protocol_broad,2026-09-05,42387151,PMC13324150,10.1038/s44324-026-00117-1,Will predictive AI make discovery research in metabolism obsolete.,"Sun J, Baker SM, Montgomery MK, Zhou H.",,2026,2026-07-01,Y,MED
Q1_protocol_broad,2026-09-05,41862452,PMC13184272,10.1038/s41467-026-70613-x,High-resolution phage-host assignment through key proteins using large language models.,"Du Z, Li M, Lin K, Xing B, Ou Y, Lin Z, Song W, Chen J, Li J, Li J, Xiao M.",,2026,2026-03-20,Y,MED
Q1_protocol_broad,2026-09-05,40900699,PMC12399536,10.3389/fpubh.2025.1650925,Next generation sequencing as a panacea for antibiotic susceptibility testing: yea or nay?,van Belkum A.,,2025,2025-08-18,Y,MED
Q1_protocol_broad,2026-09-05,42292930,PMC13256000,10.1093/biomethods/bpag026,Viral Sentry AI-Automated zoonotic surveillance and drug repurposing agent.,"Munteanu CR, Vázquez-Naya J, Tejera E.",,2026,2026-05-27,Y,MED
Q1_protocol_broad,2026-09-05,41958070,PMC13066726,10.1111/1462-2920.70301,Genomic and Ecological Flexibility Shape the Global Distribution of a Black Fungus.,"Coleine C, Biagioli F, Sáez-Sandino T, Gostincar C, Turco S, Muggia L, Donati C, Cestaro A, Kurbessoian T, Egidi E, Stajich JE, Tedersoo L, Delgado-Baquerizo M.",,2026,2026-04-01,Y,MED
Q1_protocol_broad,2026-09-05,41596712,PMC12842411,10.3390/ijms27021070,"Gut Microbiota and Type 2 Diabetes: Genetic Associations, Biological Mechanisms, Drug Repurposing, and Diagnostic Modeling.","Jin X, Chen X, Chen H, Hong X.",,2026,2026-01-21,Y,MED
Q1_protocol_broad,2026-09-05,,,10.64898/2026.07.31.26359396,Beyond the Red Complex:  <i>De Novo</i>  Marker Discovery Uncovers Novel Periodontitis-Associated Taxa and Enables Non-Invasive Machine Learning Diagnosis,"Koohi-Moghadam M, Leung WK.",,2026,2026-08-03,N,PPR
Q1_protocol_broad,2026-09-05,42513907,PMC13414098,10.3390/microorganisms14071401,"Dynamic Bacterial Communities, Resistome-Virulome Coupling, and Biomonitoring Paradigms at Direct Sea Discharge Outlets: An Integrated Microbiome Perspective for Coastal Pollution Control.","Wang B, Jia S, Chen L, Zhang M.",,2026,2026-06-25,Y,MED
Q1_protocol_broad,2026-09-05,41897409,PMC13023955,10.3390/biom16030474,Endogenous and Exogenous Small RNA Signatures as Novel Tools for Postmortem Interval Determination.,"Wang Y, Li B, Wang Y, Chen Q, Wang Z, Fu G, Li S, Zhang C, Zhou Z, Cong B.",,2026,2026-03-22,Y,MED
Q1_protocol_broad,2026-09-05,41562299,PMC12820801,10.1002/pro.70468,Diversity of FAAL enzymes and prediction of their substrate specificity using FAALPred.,"Liong A, Pereira LM, Leão PN.",,2026,2026-02-01,Y,MED
Q1_protocol_broad,2026-09-05,,,10.64898/2026.07.03.26357218,Genomic Epidemiology of Multi-Modal ESBL Gene Transmission among Enterobacterales in a Neonatal Unit,"Parker MJ, Hopkins K, Chau K, Cregan J, Oakley S, Barrett L, Jeffrey K, Butler L, Paulus S, Young B, Eyre DW, Fowler PW, Stoesser N, Sanderson N, Bejon P.",,2026,2026-07-06,Y,PPR
Q1_protocol_broad,2026-09-05,41436515,PMC12749526,10.1038/s41598-025-24836-5,Exploiting fuzzy weights in CNN model-based taxonomic classification of 500-bp sequence bacterial dataset.,"Algarni AD, Abd El-Samie FE, Soliman NF, Emara HM, Algarni F, Abd-Alhalem SM, Marie HS.",,2025,2025-12-23,Y,MED
Q1_protocol_broad,2026-09-05,42396189,PMC13323542,10.1016/j.pccm.2026.05.005,Artificial intelligence in respiratory medicine: From diagnosis to treatment and future directions.,"Chen Z, Tang Z, Ewing RM, Belkhatir Z, Wang Y.",,2026,2026-06-06,Y,MED
Q1_protocol_broad,2026-09-05,42391309,PMC13339827,10.1099/mic.0.001720,Investigating the mobility and host range of mobile genetic elements harbouring antimicrobial resistance genes in enterococci.,"Kim JI, Zaheer R, Zovoilis A, Van Domselaar G, Zaidi SE, Haight T, Beiko RG, McAllister TA.",,2026,2026-07-01,Y,MED
Q1_protocol_broad,2026-09-05,41922473,PMC13180969,10.1038/s41598-026-46129-1,The association of a common HFE gene variant with stroke disability utilizing predictive machine learning and electronic health records.,"Markus H, Helmuth TB, Connor JR, Liu DJ, Simon SD.",,2026,2026-04-01,Y,MED
Q1_protocol_broad,2026-09-05,41122237,PMC12536801,10.7717/peerj.20232,"Prediction of sporulating Firmicutes from uncultured gut microbiota using SpoMAG, an ensemble learning tool.","Terra Machado D, Bernardes Brustolini OJ, Dos Santos Corrêa E, Ribeiro Vasconcelos AT.",,2025,2025-10-17,Y,MED
Q1_protocol_broad,2026-09-05,,,10.1101/2024.12.17.628241,Integration of metagenome-assembled genomes with clinical isolates reveals genomic signatures of  <i>Klebsiella pneumoniae</i>  in carriage and disease,"Gupta S, Almeida A.",,2024,2024-12-18,Y,PPR
Q1_protocol_broad,2026-09-05,42321936,PMC13281617,10.1186/s13073-026-01700-3,Microbial cell-free DNA for rapid pathogen identification in clinical diagnostics: a proof of concept study.,"Banz M, Hagel S, Freiburger S, Huhn F, Krause M, Glöckner S, Löffler B, Nurjadi D, Muthukumarasamy U, Jundzill M, Kaasch AJ, Pletz MW, Brandt C.",,2026,2026-06-19,Y,MED
Q1_protocol_broad,2026-09-05,42018649,PMC13102167,10.1049/syb2.70066,Exploring the Power of Machine Learning in Analysing Protein-Protein Sequences.,"Nag A, Sil R, Hassan MM, Ritu TH, Das B, Roy N, Sinha A, Guin D, Maurya N.",,2026,2026-01-01,Y,MED
Q1_protocol_broad,2026-09-05,42451761,PMC13362627,10.3390/molecules31132395,Next-Generation Strategies to Encounter Antimicrobial Resistance (AMR): From Lariocidin to Gene Editing and Nanotechnology-Based Approaches.,"Yilmaz I, Yoğurtçu BM, Aisida S, Ezer EB.",,2026,2026-07-07,Y,MED
Q1_protocol_broad,2026-09-05,40993121,PMC12460886,10.1038/s41467-025-64018-5,"GPS Pipeline: portable, scalable genomic pipeline for Streptococcus pneumoniae surveillance from Global Pneumococcal Sequencing Project.","Hung HCH, Kumar N, Dyster V, Yeats C, Metcalf B, Li Y, Hawkins PA, McGee L, Bentley SD, Lo SW.",,2025,2025-09-24,Y,MED
Q1_protocol_broad,2026-09-05,40721600,PMC12304167,10.1038/s41538-025-00527-3,Advancing microbial risk assessment: perspectives from the evolution of detection technologies.,"Xiao L, Li Z, Dou X, Long Y, Li Z, Liu Y, Dong Q.",,2025,2025-07-28,Y,MED
Q1_protocol_broad,2026-09-05,40969435,PMC12440979,10.3389/fmicb.2025.1665685,"Diagnosis of nontuberculous mycobacterial infections using genomics and artificial intelligence-machine learning approaches: scope, progress and challenges.","Murthy MK, Gupta VK, Maurya AP.",,2025,2025-09-03,Y,MED
Q1_protocol_broad,2026-09-05,42560301,PMC13446368,10.33073/pjm-2026-001,Characteristics of Gut Microbiota in Patients with Severe Pneumonia and its Potential Clinical Relevance.,"Zhong F, Huang M, Wei X, Fu L, Yan L.",,2026,2026-06-30,Y,MED
Q1_protocol_broad,2026-09-05,42154499,PMC13186573,10.1099/mgen.0.001719,"Conservation, origin, and remodeling of the phenyl acetate degradation pathway.","Arreola-Calderon J, Hurtado-Ramirez JM, Cruz-Santiago E, Gutierrez-Rios RM.",,2026,2026-05-01,Y,MED
Q1_protocol_broad,2026-09-05,42365577,PMC13336451,10.1002/advs.76369,Calcineurin-Dependent Stress Adaptation Enables Caspofungin Heteroresistance Leading to Stable Resistance in Candida Glabrata.,"Su Y, Li Y, Xiao M, Guo D, Perlin DS, Shor E, Xu Y, Li Y.",,2026,2026-06-28,Y,MED
Q1_protocol_broad,2026-09-05,41716800,PMC12913482,10.3389/fmed.2026.1758028,A deep Siamese network framework for precision phage selection in pulmonary infections.,"Wang X, Fu M, Lin S, Wang Y, Pei H.",,2026,2026-02-04,Y,MED
Q1_protocol_broad,2026-09-05,42381175,PMC13318929,10.1111/mpp.70306,"To Beet or Not (Just) to Beet: Ecology, Virulence and Genomic Insights Into the Leaf Spot Disease Causative Pseudomonas syringae pv. aptata.","Nikolić I, Rosić I, Medić O, Ranković T, Sokić M, Berić T, Lozo J, Stanković S.",,2026,2026-07-01,Y,MED
Q1_protocol_broad,2026-09-05,41960917,PMC13170464,10.1128/jcm.00156-26,The emergence of superficial dermatophytosis due to &lt;i&gt;Trichophyton indotineae&lt;/i&gt; and &lt;i&gt;Trichophyton mentagrophytes&lt;/i&gt; genotypes VII and II* in New York: a need for comprehensive testing approaches.,"Todd GC, Vaida V, O'Brien B, Chaturvedi S.",,2026,2026-04-10,Y,MED
Q1_protocol_broad,2026-09-05,41528122,PMC12799223,10.1099/mgen.0.001597,Environmental surveillance of bacteria in a new intensive care unit using plate sweeps.,"McMurray-Jones A, Spann K, Yarlagadda PKDV, Fernando J, Roberts LW.",,2026,2026-01-01,Y,MED
Q1_protocol_broad,2026-09-05,42186451,PMC13198873,10.2147/ijgm.s548733,Hypervirulent and Drug-Resistant &lt;i&gt;Klebsiella pneumoniae&lt;/i&gt;: Clinical Challenges and Alternative Treatment Strategies.,"Bani Abdel-Rahman S, Altarawneh H, Alfreahat HAH, Alhazmi KA, Alharbi OS, Gazzaz M, Alharthi TM, Ismaeel LA, Halabi WS, Sharif AT, Redwan B, Alkuwaity KK, Alhazmi W, Saleh BH, Alqarni MA, Alsaedi A, Alhussainy NH, Niyazi HA, Niyazi HA, AbdulMajed H, Juma NA, Ibrahem K.",,2026,2026-05-20,Y,MED
Q1_protocol_broad,2026-09-05,41154808,PMC12561268,10.3390/biology14101405,Evaluation of Marker Gene-Based In Silico Antimicrobial Resistance Prediction Tools.,"Kim WJ, Hahm C, Kim D, Kim D, Seo JY, Ahn JY, Park PW, Seo YH, Lee J.",,2025,2025-10-13,Y,MED
Q1_protocol_broad,2026-09-05,40035424,PMC11879110,10.7554/elife.101241,Avian-specific &lt;i&gt;Salmonella&lt;/i&gt; transition to endemicity is accompanied by localized resistome and mobilome interaction.,"Jia C, Huang C, Zhou H, Zhou X, Wang Z, Siddique A, Kang X, Cao Q, Huang Y, He F, Li Y, Yue M.",,2025,2025-03-04,Y,MED
Q1_protocol_broad,2026-09-05,41780060,PMC13084845,10.1080/22221751.2026.2640699,Lassa virus live tracking and lineage assignment: how nextstrain can enhance surveillance and public health in Africa and beyond.,"Daodu RO, Chang J, Prescott JB, Reinert K, Kühnert D.",,2026,2026-04-15,Y,MED
Q1_protocol_broad,2026-09-05,42075335,PMC13119226,10.3390/microorganisms14040939,Progress of Rapid Detection Technology for Aquatic Microorganisms: A Comprehensive Review.,"Liu Q, Qiu Z, Yao M, Jiao B, Zhou Y, Li C, Liu H, Xin L.",,2026,2026-04-21,Y,MED
Q1_protocol_broad,2026-09-05,41992792,PMC13087548,10.1002/minf.70029,The Use of DeepQSAR Models for the Discovery of Peptides With Enhanced Antimicrobial and Antibiofilm Potential.,"You J, Mslati H, Haney EF, Akhoundsadegh N, Hancock REW, Cherkasov A.",,2026,2026-04-01,Y,MED
Q1_protocol_broad,2026-09-05,42045255,PMC13332246,10.1038/s41540-026-00721-3,Biomarker identification of triple negative breast cancer subtypes using machine learning.,"Mohammad S, Chandrasekar V, Singh AV, Aboumarzouk OM, Al-Shamari A, Choudhary S, Gupta N, Dakua SP.",,2026,2026-04-27,Y,MED
Q1_protocol_broad,2026-09-05,42212790,PMC13289057,10.1128/msystems.00144-26,Moving from a taxonomic to a functional perspective in global microbiome analysis requires optimizing multiplexing ratios.,"Zielińska K, Pantiukh K, Org E, Łabaj PP, Kosciolek T.",,2026,2026-05-29,Y,MED
Q1_protocol_broad,2026-09-05,42495597,PMC13393291,10.1155/sci5/4286814,A Systematic Review: Deep Learning for Analyzing Genomic Data to Discover Evolutionary Patterns.,"Hassanpour Faramoushjani R, Ansari S.",,2026,2026-07-23,Y,MED
Q1_protocol_broad,2026-09-05,,,10.1101/2025.09.20.677523,"A natural history of AMR in  <i>Klebsiella pneumoniae</i>  : Global diversity, predictors, and predictions of evolutionary pathways","Aga ONL, Moyo SJ, Manyahi J, Kibwana U, Löhr IH, Langeland N, Blomberg B, Johnston IG.",,2025,2025-09-21,Y,PPR
Q1_protocol_broad,2026-09-05,41835207,PMC12979362,10.2147/idr.s571281,Hospital Air and Healthcare Personnel as Reservoirs of Drug-Resistant Bacteria in Tertiary Care Settings in Pakistan.,"Ahmad N, Imran MF, Ahmed RT, Suleman MM, Riaz M, Sheikh AS, Chiang MH.",,2026,2026-03-06,Y,MED
Q1_protocol_broad,2026-09-05,41596715,PMC12842041,10.3390/ijms27021073,Molecular Identification and RNA-Based Management of Fungal Plant Pathogens: From PCR to CRISPR/Cas9.,"Ansari RA, Rezaee Danesh Y, Castello I, Vitale A.",,2026,2026-01-21,Y,MED
Q1_protocol_broad,2026-09-05,42427100,PMC13390648,10.1093/gbe/evag174,Genome Evolution in Plant Pathogenic Bacteria.,"Weis KS, Kaur A, Ghosh P, Potnis N.",,2026,2026-07-01,Y,MED
Q1_protocol_broad,2026-09-05,41255540,PMC12620250,10.3389/fendo.2025.1699954,Harnessing gut-derived bioactives and AI diagnostics for the next generation of type 2 diabetes solutions.,"Tseyslyer Y, Malyi V, Saifullina M, Tsyryuk O, Shvets Y, Penchuk Y, Kovalchuk I, Kovalchuk O, Korotkyi O, Bulda V, Lazarieva O.",,2025,2025-11-03,Y,MED
Q1_protocol_broad,2026-09-05,42406630,PMC13335487,10.1093/nar/gkag656,DeepAden: an explainable machine learning method for predicting the substrate specificity of nonribosomal peptide synthetases.,"Huang J, Ge L, Wu Y, Tian Y, Wu J, Gao Q, Li P, Meng S, Zhang H, Qin Z.",,2026,2026-07-01,Y,MED
Q1_protocol_broad,2026-09-05,41587207,PMC12872022,10.1371/journal.pcbi.1013892,PlasticEnz: An integrated database and screening tool combining homology and machine learning to identify plastic-degrading enzymes in meta-omics datasets.,"Krzynowek A, Snoeks J, Faust K.",,2026,2026-01-26,Y,MED
Q1_protocol_broad,2026-09-05,41148677,PMC12561749,10.3390/antibiotics14100985,"Phenotypic and Genotype Patterns of Antimicrobial Resistance in Non-Human Primates: An Overlooked ""One Health"" Concern.","Wen J, Okyere SK, Shi Y, Qu Y, Chen C.",,2025,2025-09-30,Y,MED
Q1_protocol_broad,2026-09-05,42123685,PMC13163357,10.3390/ijms27094107,MERS-Mpro Predictor: A Machine Learning-Based Tool for Rapid Screening of Potential MERS-CoV Main Protease Inhibitors.,"Ouassaf M, Alhatlani BY.",,2026,2026-05-04,Y,MED
Q1_protocol_broad,2026-09-05,41331014,PMC12764523,10.1038/s41598-025-28934-2,"Whole genome of petroleum hydrocarbon degrading Rhodococcus indonesiensis isolated from Nacharam, Hyderabad, India.","Zaman SAU, Sharma K, Nayarisseri A, Khazanehdari KA, Bhuyan R.",,2025,2025-12-02,Y,MED
Q1_protocol_broad,2026-09-05,42059386,PMC13228018,10.1128/spectrum.03127-25,Genome-based insights into metal co-resistance in Amazonian mercury-resistant bacteria: ecological lifestyle and biosafety implications for bioremediation.,"Escobar MC, Niño-Garcia JP, Acosta-González A, Díaz-Cárdenas C, Vasquez Y, Marques S, Cardona GI.",,2026,2026-04-30,Y,MED
Q1_protocol_broad,2026-09-05,42553088,PMC13433291,10.3389/fcimb.2026.1840378,Molecular insights into lower respiratory tract microbiota reveal disease-specific biomarkers and shared microbial networks in asthma and COPD.,"Huang Y, Zhao Y, Xin X, Lin S.",,2026,2026-07-21,Y,MED
Q1_protocol_broad,2026-09-05,42300796,PMC13410981,10.1128/msphere.00831-25,Integrative analysis of mortality risk in SFTS using machine learning and genetic approaches.,"Zha H, Wang L, Sun H, Li J, Wang Y.",,2026,2026-06-16,Y,MED
Q1_protocol_broad,2026-09-05,41310832,PMC12661733,10.1186/s40168-025-02213-8,Prediction of symptomatic and asymptomatic bacteriuria in spinal cord injury patients using machine learning.,"Hoque MM, Noorian P, Espinoza-Vergara G, To J, Leo D, Chari P, Weber G, Pryor J, Duggin IG, Lee BB, Rice SA, McDougald D.",,2025,2025-11-27,Y,MED
Q1_protocol_broad,2026-09-05,40919010,PMC12411857,10.1016/j.jmsacl.2025.04.011,Enhanced identification of &lt;i&gt;Morganella&lt;/i&gt; spp. using MALDI-TOF mass spectrometry.,"Duque M, Emeraud C, Bonnin RA, Giai-Gianetto Q, Dortet L, Godmer A.",,2025,2025-05-03,Y,MED
Q1_protocol_broad,2026-09-05,41169709,PMC12571500,10.1093/bioadv/vbaf223,"Advances and challenges in understanding evolution through genome comparison: meeting report of the European Molecular Biology Organization (EMBO) lecture course ""Evolutionary and Comparative Genomics"".","Gavriilidou A, Stamatakis A, Kupczok A, Bista I, Jiggins CD, Fernández R, Skourtanioti E, Amoutzias G, Delneri D, Kyrpides N, Nikolaou C, Pittis AA, Manousaki T, Vakirlis N.",,2025,2025-10-08,Y,MED
Q1_protocol_broad,2026-09-05,42207801,PMC13218526,10.1371/journal.pone.0348054,Genomic and functional characterization of a novel halophilic bacteriophage targeting carbapenem-resistant Klebsiella pneumoniae.,"Abed S, Beig M, Soltani S, Pahlevani M, Speck P, Shafiei M, Shahraki AH, Ghorbani A.",,2026,2026-05-28,Y,MED
Q1_protocol_broad,2026-09-05,41750530,PMC12937474,10.3390/antibiotics15020233,"Artificial Intelligence and the Discovery of Antibiotics: Reinventing with Opportunities, Challenges, and Clinical Translation.","Sanapalli BKR, Palit S, Deshpande A, Tokala R, Sigalapalli DK, Sanapalli V.",,2026,2026-02-23,Y,MED
Q1_protocol_broad,2026-09-05,40563474,PMC12190607,10.3390/biom15060834,"Harnessing Microbiome, Bacterial Extracellular Vesicle, and Artificial Intelligence for Polycystic Ovary Syndrome Diagnosis and Management.","Kushawaha B, Rem TT, Pelosi E.",,2025,2025-06-07,Y,MED
Q1_protocol_broad,2026-09-05,42395635,PMC13325734,10.1016/j.nmni.2026.101804,Synergistic potential of probiotics and bacteriophages in combating multidrug-resistant microbial infections: A novel therapeutic strategy for the post-antibiotic era.,"Ataei-Alamdari S, Alimardani F, Afkhami H, Kashfi M, Yousefi MH.",,2026,2026-06-26,Y,MED
Q1_protocol_broad,2026-09-05,41174147,PMC12579225,10.1038/s41598-025-22075-2,A machine learning approach to predict strain-specific phage-host interactions.,"Camejo PY, Rojas F, Ossa A, Hurtado R, Tichy D, Pieringer C, Pino M, Mora-Uribe P, Ulloa S, Norambuena R, Tobar-Calfucoy E, Aguilera M, Rojas-Martínez V, Cifuentes O, Sabag A, Cifuentes N, San Martín D, Infante C, Cifuentes P, Pieringer H, León LE.",,2025,2025-10-31,Y,MED
Q1_protocol_broad,2026-09-05,41361265,PMC12817740,10.1186/s12866-025-04586-0,Global landscape of antibiotic resistance genes in the human gut microbiome metagenome-assembled genomes.,"Wang C, Wang C, Chen S, Shi K, Yu J, Ding Y, Yue Y, Hua Y, Wang H, Chen J.",,2025,2025-12-09,Y,MED
Q1_protocol_broad,2026-09-05,41964025,PMC13101135,10.1186/s40793-026-00883-x,Interpretable multi-omics machine learning reveals drought-driven shifts in plant-microbe interactions.,"Yoshioka H, Debeljak P, Prado S, Fuji Y, Ichihashi Y, Iwata H.",,2026,2026-04-10,Y,MED
Q1_protocol_broad,2026-09-05,40101387,PMC11960674,10.1016/j.ebiom.2025.105633,Next-generation diagnostics of bloodstream infections enabled by rapid whole-genome sequencing of bacterial cells purified from blood cultures.,"Di Pilato V, Bonaiuto C, Morecchiato F, Antonelli A, Giani T, Rossolini GM.",,2025,2025-03-17,Y,MED
Q1_protocol_broad,2026-09-05,40118924,PMC11928524,10.1038/s41538-025-00394-y,Big data analytics in food industry: a state-of-the-art literature review.,"Siddique A, Gupta A, Sawyer JT, Huang TS, Morey A.",,2025,2025-03-21,Y,MED
Q1_protocol_broad,2026-09-05,42260815,PMC13246055,10.1097/md.0000000000049114,Development and validation of a machine learning model for colorectal cancer status classification using NHANES data: A cross-sectional study.,Chen J.,,2026,2026-06-01,Y,MED
Q1_protocol_broad,2026-09-05,41857077,PMC13139461,10.1038/s41598-026-40783-1,Data-driven classification of Escherichia coli using protein language model ascertains O-serotype determining genes.,"Jeong H, Shin HD, Jung J, Kim H.",,2026,2026-03-19,Y,MED
Q1_protocol_broad,2026-09-05,41871589,PMC13318809,10.1016/j.lanmic.2026.101385,Diagnostics for priority bacterial pathogens: global gaps and research needs for curbing antimicrobial resistance in low-resource settings.,"Gigante V, Murtagh M, Bachmann TT, Rocke T, Trainor BW, Poutanen SM, Roberts T, Vila J, Cameron A.",,2026,2026-03-20,Y,MED
Q1_protocol_broad,2026-09-05,41988391,PMC13077583,10.2147/idr.s578705,Applications and Challenges of CRISPR-Cas Technology for the Detection of Antimicrobial Resistance Genes.,"Tang W, Yang N, Shi M.",,2026,2026-04-09,Y,MED
Q1_protocol_broad,2026-09-05,40282010,PMC12024244,10.3390/ani15081176,"Pathogenomic Insights into &lt;i&gt;Piscirickettsia salmonis&lt;/i&gt; with a Focus on Virulence Factors, Single-Nucleotide Polymorphism Identification, and Resistance Dynamics.","Islam SI, Shahed K, Ahamed MI, Khang LTP, Jung WK, Sangsawad P, Dinh-Hung N, Permpoonpattana P, Linh NV.",,2025,2025-04-20,Y,MED
Q1_protocol_broad,2026-09-05,41776385,PMC12958703,10.1186/s12859-025-06365-0,DNA sequence contamination analyzer (DNASCAN): a supervised analysis toolkit for detecting and removing DNA contaminants.,Malamon JS.,,2026,2026-03-03,Y,MED
Q1_protocol_broad,2026-09-05,41939694,PMC13044801,10.2147/vhrm.s590502,Artificial Intelligence for Cardiovascular Risk Prediction: An Umbrella Review of Applications and Translational Challenges.,"Parizad R, Hatwal J, Brar A, Desai R, Batta A, Mohan B.",,2026,2026-03-28,Y,MED
Q1_protocol_broad,2026-09-05,40601471,PMC12282287,10.1099/mgen.0.001444,Large-scale global molecular epidemiology of antibiotic resistance determinants in &lt;i&gt;Streptococcus pneumoniae&lt;/i&gt;.,"Shawrob KSM, Dhariwal A, Salvadori G, Gladstone RA, Junges R.",,2025,2025-07-01,Y,MED
Q1_protocol_broad,2026-09-05,41446505,PMC12723239,10.1093/nargab/lqaf189,Life at the extremes: maximally divergent microbes with similar genomic signatures linked to extreme environments.,"Safari M, Butler J, Randhawa GS, Hill KA, Kari L.",,2025,2025-12-23,Y,MED
Q1_protocol_broad,2026-09-05,42052092,PMC13111009,10.3389/fcimb.2026.1783836,Cross-species transmission of &lt;i&gt;bla&lt;/i&gt; &lt;sub&gt;NDM-5&lt;/sub&gt;-IncX3 plasmids: molecular mechanisms and One Health-based strategies for CREC control.,"Xu B, Liu L, Fu H, Liu M, Li X.",,2026,2026-04-13,Y,MED
Q1_protocol_broad,2026-09-05,41473737,PMC12745843,10.1155/bmri/1235637,Functional and Structure Prediction of Hypothetical Proteins From &lt;i&gt;Listeria aquatica&lt;/i&gt; FSL S10-1188: Bioinformatics Approaches.,"Abdallah MM, Suliman RAI, Ahmed YT, Yahia M.",,2025,2025-12-28,Y,MED
Q1_protocol_broad,2026-09-05,,,10.64898/2026.07.10.734579,amR: an R package suite to predict antimicrobial resistance in bacterial pathogens,"Ghosh A, Brenner EP, Boyer EA, McKim AP, Vang CK, Wolfe EP, Mayer DA, Lesiyon RL, Ravi J.",,2026,2026-07-13,N,PPR
Q1_protocol_broad,2026-09-05,40870843,PMC12384723,10.3390/diagnostics15161991,"Metagenomic Next-Generation Sequencing in Infectious Diseases: Clinical Applications, Translational Challenges, and Future Directions.","Elbehiry A, Abalkhail A.",,2025,2025-08-08,Y,MED
Q1_protocol_broad,2026-09-05,41634057,PMC12887023,10.1038/s41598-026-35143-y,Predicting genetic evolution of viruses to identify suitable vaccines using artificial intelligence.,"Shahin OR, Ibrahim MN, Alanazi A, Alharithi FS, Alruwaili Y, Alzahrani AA, El Azab EF.",,2026,2026-02-03,Y,MED
Q1_protocol_broad,2026-09-05,40957922,PMC12441123,10.1038/s44259-025-00154-8,Towards the integration of antibiotic resistance gene mobility into environmental surveillance and risk assessment.,"Klümper U, Fang P, Li B, Xia Y, Frigon D, Hamilton KA, Quon H, Berendonk TU, de la Cruz Barron M.",,2025,2025-09-16,Y,MED
Q1_protocol_broad,2026-09-05,41593747,PMC12918008,10.1186/s13059-026-03960-z,Genome-resolved metagenomics uncovers diversity and functional landscapes of the gastrointestinal epithelium-associated microbiome in cattle.,"Lin L, Zheng X, Tao Y, Zhu W, Guan LL, Mao S.",,2026,2026-01-27,Y,MED
Q1_protocol_broad,2026-09-05,42211841,PMC13212205,10.3389/fmicb.2026.1775141,Intralesional microbial community signatures across histopathologic categories of tongue lesions.,"Madhavan K, Lanzel E, Dabdoub SM, Sidahmed A, Hellstein J, Drake DR, Banas JA, Ganesan SM.",,2026,2026-05-13,Y,MED
Q1_protocol_broad,2026-09-05,42513767,PMC13413550,10.3390/ma19143031,Machine Learning and Artificial Intelligence in Metallic Orthopedic Implant Development: A Narrative Review.,"Guruprasad P, Sivaram P, Cibik A, Bombard PT, Anastasio AT.",,2026,2026-07-14,Y,MED
Q1_protocol_broad,2026-09-05,42335155,PMC13289866,10.1371/journal.pcbi.1014403,Ten quick tips for classifying unknown bacteriophage.,"Bastiaanssen FTS, Hill C, Shkoporov AN.",,2026,2026-06-23,Y,MED
Q1_protocol_broad,2026-09-05,41987292,PMC13192194,10.1186/s13059-026-04075-1,Prediction of plant phase-separating proteins using positive-unlabeled learning.,"Fu R, Tian Y, Ren H, Zhao A, Lou Y, Mao S, Yang J, Jiang S, Huang X, Wang X.",,2026,2026-04-15,Y,MED
Q1_protocol_broad,2026-09-05,41894437,PMC13046260,10.1371/journal.pcbi.1014125,An improved dataset for predicting mammal infecting viruses from genetic sequence information.,"Reddy T, Schneider A, Hall AR, Witmer A, Hengartner N.",,2026,2026-03-27,Y,MED
Q1_protocol_broad,2026-09-05,42505847,PMC13411882,10.3390/insects17070736,"Metabolomic and Bacterial Community Signatures of Weathering Time in Empty Puparia of &lt;i&gt;Aldrichina grahami&lt;/i&gt; (Aldrich, 1930) (Diptera: Calliphoridae).","Zhang X, Wang J, Chen S, Wu H, Huang X, Mao H, Xie H, Ye C, Liu M, Qu Y, Shang Y.",,2026,2026-07-17,Y,MED
Q1_protocol_broad,2026-09-05,40231846,PMC12094023,10.1128/aem.02420-24,Microbiome determinants of productivity in aquaculture of whiteleg shrimp.,"Shan X, Li K, Stadler P, Borbor M, Reyes G, Solórzano R, Chamorro E, Bayot B, Cordero OX.",,2025,2025-04-15,Y,MED
Q1_protocol_broad,2026-09-05,39417073,PMC11480060,10.3389/fmicb.2024.1474078,Application of machine learning based genome sequence analysis in pathogen identification.,"Gao Y, Liu M.",,2024,2024-10-02,Y,MED
Q1_protocol_broad,2026-09-05,40727028,PMC12301802,10.1016/j.dib.2025.111875,Dataset for the near-complete hybrid genome assembly of &lt;i&gt;Citrobacter werkmanii&lt;/i&gt; UPMLSS01 isolated from Borneo river and insights into its native antibiotic resistance repertoire.,"Leong SS, Gan HM.",,2025,2025-07-11,Y,MED
Q1_protocol_broad,2026-09-05,39754220,PMC11699698,10.1186/s40168-024-01996-6,Effects of data transformation and model selection on feature importance in microbiome classification data.,"Karwowska Z, Aasmets O, Estonian Biobank research team, Kosciolek T, Org E.",,2025,2025-01-04,Y,MED
Q1_protocol_broad,2026-09-05,41012523,PMC12473769,10.3390/pharmaceutics17091186,Machine Learning for Multi-Target Drug Discovery: Challenges and Opportunities in Systems Pharmacology.,"Bi X, Wang Y, Wang J, Liu C.",,2025,2025-09-12,Y,MED
Q1_protocol_broad,2026-09-05,42344281,PMC13287082,10.1002/pei3.70174,Integrative Analysis of Abiotic Stress-Responsive Genes in Soybean Using Differential Gene Expression and Validation With Machine Learning.,"Hajibarat Z, Saidi A.",,2026,2026-06-22,Y,MED
Q1_protocol_broad,2026-09-05,42073194,PMC13114433,10.3390/foods15081306,Probing Genomic Diversity of &lt;i&gt;Cronobacter sakazakii&lt;/i&gt; in the United States by Single Nucleotide Polymorphisms.,"Zhang W, Wong CWY, Zhang R, Tian R, Imanian B, Li Y, Jiang H.",,2026,2026-04-09,Y,MED
Q1_protocol_broad,2026-09-05,41636510,PMC13011352,10.1128/msystems.01002-25,Tools and approaches to study the human gut virome: from the bench to bioinformatics.,"Anne Hallowell H, Malogan J, Suez J.",,2026,2026-02-04,Y,MED
Q1_protocol_broad,2026-09-05,41892063,PMC13024073,10.3390/bios16030171,Non-Invasive Urine-Based Diagnostic Technologies for Early Bladder Cancer.,"Hao Z, Yue S, Yao L, Gong Y, Yu J, Zhou L.",,2026,2026-03-20,Y,MED
Q1_protocol_broad,2026-09-05,42309604,PMC13158710,10.1016/j.jgeb.2026.100700,WheatRPred: deep learning framework for predicting disease resistance protein in wheat and its wild relatives.,"Pandey B, Singh M, Mishra AK.",,2026,2026-05-05,Y,MED
Q1_protocol_broad,2026-09-05,41980943,PMC13079874,10.1038/s41467-026-71521-w,Comprehensive benchmarking of metagenomic binning tools reveals key factors for improved genome recovery.,"Kim J, Kim N, Cha JH, Ma J, Lee I.",,2026,2026-04-14,Y,MED
Q1_protocol_broad,2026-09-05,40631741,PMC12323597,10.1128/spectrum.00549-25,Taxonomic and phenotypic characterization of a novel &lt;i&gt;Providencia&lt;/i&gt; species: &lt;i&gt;Providencia lanzhouensis&lt;/i&gt; sp. nov.,"Xiang Y, Dong X, Ma L, Cao D, Li Y, Jiang X, Xu P, Yuan X, Bi K, Zhang Y, Han Y, Zhang Y.",,2025,2025-07-09,Y,MED
Q1_protocol_broad,2026-09-05,41315930,PMC12763835,10.1186/s12859-025-06312-z,TaxaPLN: a taxonomy-aware augmentation strategy for microbiome-trait classification including metadata.,"Chaussard A, Bonnet A, Le Corff S, Sokol H.",,2025,2025-11-28,Y,MED
Q1_protocol_broad,2026-09-05,42228926,PMC13271349,10.1080/21505594.2026.2682654,Pathogenicity and Virulence of &lt;i&gt;Fusarium oxysporum&lt;/i&gt; f. sp. &lt;i&gt;vasinfectum&lt;/i&gt; Race 4: Understanding an Emerging Threat to Cotton from Field to Genome.,"Zhou Y, Zhang H, Martin TK, Chagoya J, Isakeit T, Shim WB.",,2026,2026-06-10,Y,MED
Q1_protocol_broad,2026-09-05,,,10.64898/2026.03.13.711634,Antarctic marine microplastics reveals environmental persistence and rapid evolution of  <i>Candida auris</i>,"van Rhijn N, Gan E, Hepo-oja P, Wang X, Li J, Duggan S, Firer D, Alsharqi L, Gifford H, Steenwyk JL, Brackin AP, Abdolrasouli A, Borman AM, Cuomo CA, Fisher MC, Armstrong-James D, Farrer RA, Usher J, Rhodes J.",,2026,2026-03-13,Y,PPR
Q1_protocol_broad,2026-09-05,41695257,PMC12904771,10.1093/bioadv/vbaf324,Machine learning can distinguish orphans that have resulted from sequence divergence beyond recognition.,"Tassios E, de Leuw J, Nikolaou C, Kupczok A, Vakirlis N.",,2026,2025-12-27,Y,MED
Q1_protocol_broad,2026-09-05,42110214,PMC13150071,10.34133/csbj.0075,"Transformer-Based Multiomics Study Identifies Important Role of Glycine, Serine, and Threonine Metabolism Pathway in Rheumatoid Arthritis Complicated by Anemia.","Huang J, Wei Y, Wang D, Yin Z, Chen J, Jian C, Zhu X, Li S, Zhang J, Wang T, Liu C, Wei L, Gao J, Zhu J, Zou Q, Wu J, Zeng F.",,2026,2026-05-07,Y,MED
Q1_protocol_broad,2026-09-05,42039799,PMC13106308,10.3389/fmicb.2026.1779022,"Bacterial secondary metabolites as resistance-modifying adjuvants: microbial origins, molecular mechanisms, and translational relevance.","Chigozie VU, Esimone CO.",,2026,2026-04-10,Y,MED
Q1_protocol_broad,2026-09-05,41341958,PMC12669229,10.3389/fcimb.2025.1701570,Nanopore sequencing in veterinary medicine: from concepts to clinical applications.,"Chaves M, Hashish A, Goraichuk IV, Casserta LC, Mears MC, Gadu E, Bakre A, Alexander Morris ER, Shelkamy MMS, Nadendla S, Perez DR, El-Gazzar M.",,2025,2025-11-18,Y,MED
Q1_protocol_broad,2026-09-05,42327718,PMC13276505,10.3389/fimmu.2026.1851811,Oral and gut microbiota dysbiosis with strengthened oral-gut connectivity in post-stroke cognitive impairment.,"Zhang X, Chen F, Yang J, Ma J, Li X, Wang H, Li Q, Zhao Y, Xu J.",,2026,2026-06-04,Y,MED
Q1_protocol_broad,2026-09-05,40763289,PMC12324682,10.1371/journal.pgph.0004976,The genomic configurations driving antimicrobial resistance and virulence in colistin resistant Pseudomonas aeruginosa from an Egyptian Tertiary Oncology Hospital.,"AbdulHak A, Zedan HH, El-Mahallawy HA, Sayed AA, Mohamed HO, Zafer MM.",,2025,2025-08-05,Y,MED
Q1_protocol_broad,2026-09-05,41767673,PMC12945782,10.3389/fvets.2026.1761682,Distribution and antimicrobial resistance profiles of vaginal bacteria in healthy dairy cows.,"Macleod BM, Ntallaris T, Morrell JM, Hansson I, Varga C.",,2026,2026-02-13,Y,MED
Q1_protocol_broad,2026-09-05,42564172,PMC13442445,10.3389/fimmu.2026.1849553,Microbiome as a prediction of immunotherapy response in lung cancer.,"Rojas L, Zuluaga J, Cardona AF.",,2026,2026-07-23,Y,MED
Q1_protocol_broad,2026-09-05,41940145,PMC12973402,10.1016/j.abiote.2025.100014,Artificial intelligence-driven discovery of bioactive peptides: Computational approaches and future perspectives.,"Liu X, Guan F, Luo H, Yao B, Tian J.",,2026,2025-12-03,Y,MED
Q1_protocol_broad,2026-09-05,42093940,PMC13139636,10.1002/ece3.73620,Comprehensive Sampling Across Seasons and Habitats Revealed the Composition and Functional Attributes of Gut Microbiota Enterotypes in Subterranean Rodents.,"Ren S, Wang J, Guo D, Li J, Zhao Y, Han C, Nan X.",,2026,2026-05-04,Y,MED
Q1_protocol_broad,2026-09-05,42119567,PMC13198261,10.1016/j.xcrm.2026.102777,Multi-faceted characterization of the gut microbiome and metabolome in patients with primary Sjögren syndrome.,"Chen C, Xing Y, Xing G, Zeng F, Zheng N, Sha S, Zhao L, Zhang Y, Ling Y, Yao X, Liu C, Zhang Y, Mei T, Guo R, Kang J, Cheng L, Fan S, Sun W, Li S, Yan Q, Yao X, Kong X, Ma W.",,2026,2026-05-11,Y,MED
Q1_protocol_broad,2026-09-05,41083998,PMC12516880,10.1186/s13059-025-03819-9,iPro-MP: a BERT-based model to predict multiple prokaryotic promoters.,"Su W, Yang Y, Zhao Y, Yuan S, Xie X, Hao Y, Zhang H, Ye D, Lyu H, Lin H.",,2025,2025-10-13,Y,MED
Q1_protocol_broad,2026-09-05,42174426,PMC13371551,10.1186/s12870-026-08972-2,"Whole-genome sequencing revealed the genomic origin of Solanum demissum Lindl., a Mexican hexaploid wild potato species.","Hosaka AJ, Hosaka K.",,2026,2026-05-22,Y,MED
Q1_protocol_broad,2026-09-05,42274520,PMC13255796,10.3390/biology15110869,Genetic Diversity and Differentiation Pattern of &lt;i&gt;Mastacembelus armatus&lt;/i&gt; in the Dongjiang and Ganjiang River Sources.,"Wu B, Fang Y, Zeng Q, Li H, Zhang Y, Wang H.",,2026,2026-05-31,Y,MED
Q1_protocol_broad,2026-09-05,41975790,PMC13073471,10.3390/diagnostics16071079,Machine Learning-Based Lung Cancer Classification Using Blood-Derived Microbial DNA: A Comparative Analysis of Taxonomic Profiling Strategies.,"Goh CJ, Park J, Kim Y, Park D, Kim J, Kwon SJ, Kim MJ, Lee MS.",,2026,2026-04-02,Y,MED
Q1_protocol_broad,2026-09-05,40266678,PMC12044193,10.1099/mgen.0.001394,"Genomic epidemiology of &lt;i&gt;Salmonella&lt;/i&gt; Enteritidis human infections in the Netherlands, 2019 to 2023.","Chanamé Pinedo LE, Franz E, Dallman TJ, Coipan CE, Wolthuis R, Veldman KT, Mughini-Gras L, Pijnacker R, van den Beld MJC.",,2025,2025-04-01,Y,MED
Q1_protocol_broad,2026-09-05,41940156,PMC12973392,10.1016/j.abiote.2025.100005,Harnessing artificial intelligence to decode the rhizosphere microbiome.,"Ma J, Qiao J, Cao Y, Cheng Z.",,2026,2025-10-21,Y,MED
Q1_protocol_broad,2026-09-05,42467987,PMC13379071,10.1093/bib/bbag380,An overview of self-supervised deep learning applications to molecular data.,"Borràs Ferrís L, Fratti R, Nucera V, Oreiller V, Di Camillo B, Atzori M, Müller H.",,2026,2026-07-01,Y,MED
Q1_protocol_broad,2026-09-05,41009770,PMC12470432,10.3390/ijms26189206,Computational Metagenomics: State of the Art.,"Pita-Galeana MA, Ruhle M, López-Vázquez L, de Anda-Jáuregui G, Hernández-Lemus E.",,2025,2025-09-20,Y,MED
Q1_protocol_broad,2026-09-05,41975703,PMC13073026,10.3390/diagnostics16070991,"Metagenomic and Targeted Next-Generation Sequencing in Infectious Disease Diagnostics: Current Applications, Challenges, and Future Perspectives.","Rong R, Long Y, Li Y, Lin L, Yang J, Hu Z, Liu D, Chen P.",,2026,2026-03-25,Y,MED
Q1_protocol_broad,2026-09-05,41939696,PMC13047742,10.3389/fmicb.2026.1787011,"Genomic determinants of antifungal activity of &lt;i&gt;Streptomyces melanosporofaciens&lt;/i&gt; STM-2 revealed by genome mining, comparative genomics and evolutionary analysis.","Opoku Gyamfi M, Cheng MJ, Leu JY, Tseng M, Addo J, Hour AL, Cheng WC.",,2026,2026-03-20,Y,MED
Q1_protocol_broad,2026-09-05,41660431,PMC12876236,10.3389/fcimb.2026.1783280,Editorial: Perspectives in clinical microbiology for combating multi-drug resistant bacterial infections: 2024/2025.,"Rudrapal M, Estrada-Garcia T.",,2026,2026-01-23,Y,MED
Q1_protocol_broad,2026-09-05,41735992,PMC13036994,10.1186/s12903-026-07969-5,Development and validation of machine learning-based risk prediction models of coronary artery disease using Porphyromonas gingivalis concentration.,"Zheng X, Fu W, Li C, Liu J, Qiao F, Ma S.",,2026,2026-02-24,Y,MED
Q1_protocol_broad,2026-09-05,41888223,PMC13172421,10.1038/s41598-026-44250-9,MiGPC: a comprehensive catalog of enzybiotics from environmental metagenomes.,"Afshar Jahanshahi D, Ariaeenejad A, Hasannejad A, Zabihi MR, Ghaffari MR, Ariaeenejad S, Kavousi K.",,2026,2026-03-26,Y,MED
Q1_protocol_broad,2026-09-05,40998779,PMC12462448,10.1038/s41467-025-63526-8,Predicting rhizosphere-competence-related catabolic gene clusters in plant-associated bacteria with rhizoSMASH.,"Li Y, Sun M, Raaijmakers JM, Mommer L, Zhang F, Song C, Medema MH.",,2025,2025-09-25,Y,MED
Q1_protocol_broad,2026-09-05,42557279,PMC13443556,10.1038/s41598-026-63849-6,"Integrated One-Health analysis of antimicrobial resistance, biofilm formation, and genetic relatedness of Enterococcus spp. at the human-food interface.","Ahmed HA, El Feky TM, Shalaby M, Elsotohy ME, Mohsen RA, Ahmed AA.",,2026,2026-08-05,Y,MED
Q1_protocol_broad,2026-09-05,40560760,PMC12194135,10.7554/elife.102253,Distinct adaptation and epidemiological success of different genotypes within &lt;i&gt;Salmonella enterica&lt;/i&gt; serovar Dublin.,"Sia CM, Ambrose RL, Valcanis M, Andersson P, Ballard SA, Howden BP, Williamson DA, Pearson JS, Ingle DJ.",,2025,2025-06-25,Y,MED
Q1_protocol_broad,2026-09-05,41311462,PMC12648985,10.1016/j.jmsacl.2025.11.003,Interpretable machine learning of clinical MALDI-TOF spectra discriminates carbapenem-resistant &lt;i&gt;Klebsiella pneumoniae&lt;/i&gt; while revealing phylogenetic heterogeneity that limits model generalizability.,"Cai C, Zou M, Chen M, Yuan P, Fang Z, Zhong L, Chen D, Zhou H, Zeng N.",,2025,2025-11-09,Y,MED
Q1_protocol_broad,2026-09-05,41190272,PMC12580352,10.3389/fmicb.2025.1695567,Beyond H37Rv: &lt;i&gt;Mycobacterium tuberculosis&lt;/i&gt; pangenome structure and applications.,"Negrete-Paz AM, Vázquez-Marrufo G, Vázquez-Garcidueñas MS.",,2025,2025-10-20,Y,MED
Q1_protocol_broad,2026-09-05,42500660,PMC13395864,10.3389/fimmu.2026.1875393,Translating viral genetic data to PRRSV-2 cross-neutralization using machine learning.,"Pamornchainavakul N, Huang J, Paploski IAD, Makau DN, Ferreira CP, Krishna VD, Schroeder DC, Cheeran MC, VanderWaal K.",,2026,2026-07-10,Y,MED
Q1_protocol_broad,2026-09-05,42141123,PMC13434703,10.1038/s42003-026-10278-w,Decoding the human gut bacterial plasmids in colorectal cancer.,"Han S, Wu Z, Wu Y, Wang Z, Qian P, Chu J, Li J, Zhuang J, Yang X.",,2026,2026-05-15,Y,MED
Q1_protocol_broad,2026-09-05,41203782,PMC12594848,10.1038/s41598-025-25580-6,deepBreaks identifies and prioritizes genotype-phenotype associations using machine learning.,"Baghbanzadeh M, Dawson T, Sayoldin B, Frazer SA, Oakley TH, Crandall KA, Rahnavard A.",,2025,2025-11-07,Y,MED
Q1_protocol_broad,2026-09-05,40863133,PMC12388062,10.3390/metabo15080514,Machine Learning-Driven Insights in Cancer Metabolomics: From Subtyping to Biomarker Discovery and Prognostic Modeling.,"Elguoshy A, Zedan H, Saito S.",,2025,2025-08-01,Y,MED
Q1_protocol_broad,2026-09-05,41171631,PMC12603118,10.1099/mgen.0.001553,Evidence of diversification and geographic separation in a lineage of &lt;i&gt;Campylobacter jejuni&lt;/i&gt; co-circulating in cattle and humans.,"Rodrigues JA, Vasco KA, Blankenship HM, Cha W, Mukherjee S, Sloup RE, Carbonell SL, Soehnlen MK, Manning SD.",,2025,2025-10-01,Y,MED
Q1_protocol_broad,2026-09-05,39452262,PMC11505168,10.3390/antibiotics13100996,The Synergy of Machine Learning and Epidemiology in Addressing Carbapenem Resistance: A Comprehensive Review.,"Sakagianni A, Koufopoulou C, Koufopoulos P, Feretzakis G, Kalles D, Paxinou E, Myrianthefs P, Verykios VS.",,2024,2024-10-21,Y,MED
Q1_protocol_broad,2026-09-05,41888601,PMC13022334,10.1038/s44259-026-00192-w,Artificial intelligence for early detection and risk prediction of antimicrobial resistance in aquatic ecosystems.,"Calero-Cáceres W, Tavella RA, Sellera FP, Balcazar JL, Rodriguez-Manzano J, Cayô R, Lincopan N, Gales AC, Schenkman S, Ruan Z, Stehling EG, Furlan JPR.",,2026,2026-03-26,Y,MED
Q1_protocol_broad,2026-09-05,41402725,PMC12715923,10.1186/s12711-025-01022-9,Normalized cumulative gain as an alternative evaluation measure for genomic selection models.,"Heinrich F, Lange TM, Ramzan F, Gültas M, Schmitt AO.",,2025,2025-12-16,Y,MED
Q1_protocol_broad,2026-09-05,41769339,PMC12947133,10.3389/fcimb.2026.1751074,Analytical validation of a metagenomic next-generation diagnostic platform for urinary tract infection in a Thai tertiary hospital setting: a BI-Biotia UTI cohort study.,"Wangprapa P, Nagy-Szakal D, Wells HL, Fidler G, Sangtian M, Panmontha W, Bunlungsup S, Techasathit W, Couto-Rodriguez M, Danko DC, Mason CE, O'Hara NB, Sriswasdi S, Viangteeravat T.",,2026,2026-02-13,Y,MED
Q1_protocol_broad,2026-09-05,41462140,PMC12859941,10.1186/s12879-025-12320-4,"The impact of artificial intelligence on the prescribing, selection, resistance, and stewardship of antimicrobials: a scoping review.","Al Mazrouei N, Ahmed Elnour A, Badi S, Alsulami FT, Awadallah Mohamed Saeed A, Awad Al-Kubaisi K, Menon V, Yousif Khidir I, Ismail M, Osman Mahagoub MM, Ramisetti AK, Elkarib R.",,2025,2025-12-30,Y,MED
Q1_protocol_broad,2026-09-05,40562837,PMC12328207,10.1038/s41559-025-02752-1,A composite universal DNA signature for the tree of life.,"de Medeiros BAS, Cai L, Flynn PJ, Yan Y, Duan X, Marinho LC, Anderson C, Davis CC.",,2025,2025-06-25,Y,MED
Q1_protocol_broad,2026-09-05,39763003,PMC11705761,10.1186/s40168-024-01983-x,Regional antimicrobial resistance gene flow among the One Health sectors in China.,"Feng Y, Lu X, Zhao J, Li H, Xu J, Li Z, Wang M, Peng Y, Tian T, Yuan G, Zhang Y, Liu J, Zhang M, Zhu La AT, Qu G, Mu Y, Guo W, Wu Y, Zhang Y, Wang D, Hu Y, Kan B.",,2025,2025-01-07,Y,MED
Q1_protocol_broad,2026-09-05,41686647,PMC13001809,10.1093/molbev/msag043,Toward a genomic understanding of the tree of life.,"Spang A, Pisani D.",,2026,2026-03-01,Y,MED
Q1_protocol_broad,2026-09-05,42058049,PMC13123501,10.1016/j.dib.2026.112780,"Whole Genome sequencing data of &lt;i&gt;Pseudomonas aeruginosa&lt;/i&gt; strain PA-Mosul-25, harboring the &lt;i&gt;bla&lt;/i&gt; &lt;sub&gt;VEB-9&lt;/sub&gt; ESBL gene, isolated from a hospital environment in Nineveh, Iraq.","Saeed HK, Salih TS.",,2026,2026-04-16,Y,MED
Q1_protocol_broad,2026-09-05,40794220,PMC12343662,10.1007/s11306-025-02300-9,LC-MS/MS metabolomics unravels the resistant phenotype of carbapenemase-producing Enterobacterales.,"Dixon B, Ahmed WM, Fowler SJ, Felton T, Trivedi DK.",,2025,2025-08-12,Y,MED
Q1_protocol_broad,2026-09-05,,PMC13300320,,Progress in the Application of Machine Learning in the Field of Single-Cell and Spatial Transcriptomics,"Zhu Y, Hao Z, Zhu L, Shen L, Liu Y, Gan M.",,2026,2026-05-26,Y,PMC
Q1_protocol_broad,2026-09-05,41180309,PMC12575089,10.1002/mlf2.70047,Profiling the heterogeneity of microbial populations and communities at the single-cell level.,"Wu L, Zuo W, Cao Z, Qu Z, Dai L.",,2025,2025-10-27,Y,MED
Q1_protocol_broad,2026-09-05,42488416,PMC13388074,10.3389/fcimb.2026.1879718,Bacteriophage therapy beyond antibiotics: emerging innovations for infectious and non-infectious diseases.,"Zhang B, Shu X, Masud AI, Karmakar J, Fan J, Nime I, Acharjee M, Pan F, Islam MS.",,2026,2026-07-08,Y,MED
Q1_protocol_broad,2026-09-05,41170168,PMC12569537,10.46234/ccdcw2025.226,&lt;i&gt;Salmonella&lt;/i&gt; &lt;i&gt;enterica&lt;/i&gt; ST8333 Was Isolated as Early as July 2015.,"Wang Y, Liu Y, Zhu B, Gao GF, Xu X.",,2025,2025-10-01,N,MED
Q1_protocol_broad,2026-09-05,,,10.64898/2026.05.21.726852,A machine learning framework for interpreting phylogenetic tree patterns in interkingdom horizontal gene transfer,"Aguirre-Carvajal K, Armijos-Jaramillo V, Munteanu CR.",,2026,2026-05-24,N,PPR
Q1_protocol_broad,2026-09-05,40835741,PMC12368250,10.1038/s42003-025-08650-3,Machine learning based on pangenome-wide association studies reveals the impact of host source on the zoonotic potential of closely related bacterial pathogens.,"Han C, Lu S, Hu P, Chang J, Zou D, Li F, Li Y, Lu Q, Ren H.",,2025,2025-08-20,Y,MED
Q1_protocol_broad,2026-09-05,40874235,PMC12380447,10.1093/bioadv/vbaf190,An explainable machine learning pipeline for prediction of antimicrobial resistance in &lt;i&gt;Pseudomonas aeruginosa&lt;/i&gt;.,"Jain A, Dabburu GR, Samanta B, Singhal N, Kumar M.",,2025,2025-08-22,Y,MED
Q1_protocol_broad,2026-09-05,41545912,PMC12952185,10.1186/s12866-025-04625-w,Pan-genome and antibiotic resistance insights into Xanthomonas citri pv. punicae pathotypes.,"Rathna V, Kukreti A, Prasannakumar MK, C M, R K, Patil SS, Venkateshbabu G, Devanna P, J H, Banakar SN, Sarangi AN, Vaidya K, Rymbai S, Mahesh HB, Soolanayakanahally RY, Kagale S.",,2026,2026-01-16,Y,MED
Q1_protocol_broad,2026-09-05,42059621,PMC13185613,10.1128/jvi.00175-26,Is the molecular microenvironment of the latent HIV reservoir predictable using deep learning approaches?,Chen H-C.,,2026,2026-04-30,Y,MED
Q1_protocol_broad,2026-09-05,39843763,PMC11721068,10.1038/s44259-024-00058-z,Conference report of the 2024 Antimicrobial Resistance Meeting.,"Chong CE, Pham TM, Carey ME, Wee BA, Taouk ML, Favieres JF, Moore CE, Dyson ZA, Lim C, Brown CL, Williamson D, Opatowski L, Outterson K, Mukiri KM, Sherry NL, Essack SY, Brisse S, Grad YH, Baker KS.",,2024,2024-11-29,Y,MED
Q1_protocol_broad,2026-09-05,41640400,PMC12864420,10.3389/fmicb.2025.1718089,Comparative genomics reveals the genomic basis of race T2 emergence and heavy metal resistance in &lt;i&gt;Xanthomonas euvesicatoria&lt;/i&gt; pv. &lt;i&gt;perforans&lt;/i&gt;.,"Huang CJ, Wu TL, Lin YH, Lin YC.",,2025,2026-01-20,Y,MED
Q1_protocol_broad,2026-09-05,41180165,PMC12571911,10.3389/fbinf.2025.1622931,CoMPHI: a novel composite machine learning approach utilizing multiple feature representation to predict hosts of bacteriophages.,"Bodaka S, Kolliputi N.",,2025,2025-10-16,Y,MED
Q1_protocol_broad,2026-09-05,42469629,PMC13377704,10.1186/s12866-026-05262-7,"Isolation, characterization, and genomic analysis of a novel lytic bacteriophage with potent antibiofilm activity against multidrug-resistant Acinetobacter baumannii.","M Amin E, Aziz RK, Murad FE, Elrakaiby MT, Samir R.",,2026,2026-07-17,Y,MED
Q1_protocol_broad,2026-09-05,42182636,PMC13190221,10.21037/jtd-2025-1-2791,Community-acquired pneumonia with &lt;i&gt;Staphylococcus aureus&lt;/i&gt; and viral co-infection: clinical characteristics and pathogen genomic analysis.,"Liu Y, Guo S, Hu X, Guo Q, Lu F.",,2026,2026-03-23,Y,MED
Q1_protocol_broad,2026-09-05,41035885,PMC12481518,10.3389/fmicb.2025.1641967,Bibliometric analysis of the application of artificial intelligence techniques in bacteriology: a PRISMA-guided research agenda.,"Velasco Cardona DC, Cardona-Acevedo S, Valencia-Arias A, Pérez-Delgado O, Pinella Vega M.",,2025,2025-09-16,Y,MED
Q1_protocol_broad,2026-09-05,41072458,,10.1016/j.lanmic.2025.101183,Estimating the association of antimicrobial resistance genes with minimum inhibitory concentration in Escherichia coli: an observational study.,"Lipworth S, Chau K, Oakley S, Barrett L, Crook D, Peto T, Walker AS, Stoesser N.",,2025,2025-10-07,N,MED
Q1_protocol_broad,2026-09-05,39292673,PMC11410219,10.1371/journal.pone.0309333,Prediction of antimicrobial resistance of Klebsiella pneumoniae from genomic data through machine learning.,"Condorelli C, Nicitra E, Musso N, Bongiorno D, Stefani S, Gambuzza LV, Carchiolo V, Frasca M.",,2024,2024-09-18,Y,MED
Q1_protocol_broad,2026-09-05,42221488,PMC13216488,10.3389/fmicb.2026.1836902,Genomic and microecological insights into the biocontrol mechanisms of &lt;i&gt;Bacillus velezensis&lt;/i&gt; BER1 against rice sheath blight.,"Kang Z, Zhang S, Jiao Z, Wang X, Wei Y, Wang R, Chang Y, Wang N.",,2026,2026-05-14,Y,MED
Q1_protocol_broad,2026-09-05,41522440,PMC12782932,10.3934/microbiol.2025045,Mechanisms of antimicrobial resistance: From genetic evolution to clinical manifestations.,"Nusrat S, Aliyu M, Zohora FT.",,2025,2025-12-18,Y,MED
Q1_protocol_broad,2026-09-05,40359007,PMC12078549,10.3201/eid3113.241506,An Advanced Molecular Detection Roadmap for Nonlaboratorians.,"Ricaldi JN, Parker JT, Barnes N, Turner H, Santibañez S.",,2025,2025-05-01,Y,MED
Q1_protocol_broad,2026-09-05,42506399,PMC13414049,10.3390/metabo16070445,"Historical Perspectives, Classification and Diagnostic Approaches of Inborn Errors of Metabolism: A Systematic Review and Meta-Analysis.","Mutamuliza J, Gori E, Mutesa L, Debray FG.",,2026,2026-06-25,Y,MED
Q1_protocol_broad,2026-09-05,40660849,PMC12260210,10.1002/mbo3.70035,Discrimination of Klebsiella pneumoniae and Klebsiella quasipneumoniae by MALDI-TOF Mass Spectrometry Coupled With Machine Learning.,"Nishikawa M, Tang W, Kostrzewa M, Rodgus J, Davies F, Liu Y, Jauneikaite E, Larrouy-Maumus G.",,2025,2025-08-01,Y,MED
Q1_protocol_broad,2026-09-05,39513706,PMC11619367,10.1128/spectrum.01171-24,Phylogenomics of novel clones of &lt;i&gt;Aeromonas veronii&lt;/i&gt; recovered from a freshwater lake reveals unique biosynthetic gene clusters.,"Lawal OU, Bryan N, Parreira VR, Anderson R, Chen Y, Precious M, Goodridge L.",,2024,2024-11-08,Y,MED
Q1_protocol_broad,2026-09-05,41736110,PMC13040825,10.1186/s42523-026-00522-3,Faecal microbiome profiling uncovers putative biomarkers for piglets resilient to post-weaning diarrhoea.,"Pirolo M, Sherwani MK, Espinosa-Gongora C, Eriksen EØ, Tassinato C, Alberdi A, Guardabassi L.",,2026,2026-02-24,Y,MED
Q1_protocol_broad,2026-09-05,42202790,PMC13293967,10.1016/j.xcrm.2026.102835,"Gut microbiome composition and functional potential associate with incident type 2 diabetes in 4,685 adults from a Swedish prospective cohort.","Toubon G, Boulund F, Escobedo CM, Brunius C, Engstrand L, Larsson SC, Nordin E, Schuppe-Koistinen I, Wolk A, Wittenbecher C, Landberg R.",,2026,2026-05-27,Y,MED
Q1_protocol_broad,2026-09-05,39432417,PMC11493187,10.1099/mgen.0.001308,AMRColab - a user-friendly antimicrobial resistance detection and visualization tool.,"Lam SD, Di Gregorio S, Ang MY, Griffiths E, Jamaluddin TZMT, Nathan S, Neoh HM.",,2024,2024-10-01,Y,MED
Q1_protocol_broad,2026-09-05,42354913,PMC13302913,10.3390/microorganisms14061290,Integrative Phenotypic and Genomic Analysis Reveals Antimicrobial and Stress-Resistance Mechanisms of &lt;i&gt;Lacticaseibacillus rhamnosus&lt;/i&gt; MG0718 as a Promising Probiotic Candidate for Food Applications.,"Yin Y, Huang Y, Li C, Pei Z, Li C, Chen Z, Bai H, Ma C, Li J, Chen H, Peng H.",,2026,2026-06-07,Y,MED
Q1_protocol_broad,2026-09-05,40547794,PMC12180303,10.3389/fmicb.2025.1543610,Comparative genomics reveals key adaptive mechanisms in pathogen host-niche specialization.,"Zhang M, Han L, Liao C, Su W, Jiang C.",,2025,2025-06-06,Y,MED
Q1_protocol_broad,2026-09-05,40918253,PMC12408608,10.3389/fcimb.2025.1629422,Utilization of machine learning to predict antibiotic resistant event outcomes in acute myeloid leukemia patients undergoing induction chemotherapy.,"McMahon S, Franklin S, Galloway-Peña J.",,2025,2025-08-21,Y,MED
Q1_protocol_broad,2026-09-05,41048502,PMC12493982,10.3389/fmicb.2025.1634194,Enhancing pathogen identification through AI-assisted metagenomic sequencing.,"Peng X, Wei Y, Zhou X.",,2025,2025-09-19,Y,MED
Q1_protocol_broad,2026-09-05,41011541,PMC12473104,10.3390/microorganisms13092210,MicroAIbiome: Decoding Cancer Types from Microbial Profiles Using Explainable Machine Learning.,"Rahman MM, Shokouhmand S, Rahman S, Tamzi NN, Bhatt S, Faezipour M.",,2025,2025-09-21,Y,MED
Q1_protocol_broad,2026-09-05,42336875,PMC13291226,10.1038/s41598-026-58062-4,Graph informed biomarker discovery framework using transcriptomic machine learning for glioblastoma prognosis.,"Mahmoud O, Mounir M, Gad W.",,2026,2026-06-23,Y,MED
Q1_protocol_broad,2026-09-05,41953438,PMC13053512,10.3389/fmicb.2026.1781392,Quantifying human-environment interactions through Bayesian modeling of species-resolved microbial transfer signatures: an exploratory proof-of-concept study.,"Li H, Yu Z, Wu Z, Lin Y, Liu T, Liu Y, Li Z, Zhang S, Su Z, Wang H.",,2026,2026-03-24,Y,MED
Q1_protocol_broad,2026-09-05,41666404,PMC12888821,10.1093/bib/bbag051,Comprehensive review and assessment of machine learning approaches for host-pathogen protein-protein interaction prediction.,"Noor F, Tahir Ul Qamar M.",,2026,2026-01-01,Y,MED
Q1_protocol_broad,2026-09-05,40133304,PMC11937555,10.1038/s41467-025-58214-6,Enhanced diagnosis of multi-drug-resistant microbes using group association modeling and machine learning.,"Saliba JG, Zheng W, Shu Q, Li L, Wu C, Xie Y, Lyon CJ, Qu J, Huang H, Ying B, Hu TY.",,2025,2025-03-25,Y,MED
Q1_protocol_broad,2026-09-05,42318195,PMC13272016,10.3389/fnins.2026.1743844,Therapeutic impact of Mongolian Andai therapy on gut microbiota and metabolomic profiles in depression.,"Sa Q, Mei M, Ma Y, Niu Y, Chao M, Hu Y, Qi Y.",,2026,2026-06-03,Y,MED
Q1_protocol_broad,2026-09-05,42344314,PMC13289853,10.1093/burnst/tkag028,Diagnostic strategies in necrotizing soft tissue infections: from clinical scores to multi-omics and machine learning.,"Ji X, Li X, Lu Z.",,2026,2026-04-14,Y,MED
Q1_protocol_broad,2026-09-05,42192663,PMC13203292,10.3390/antibiotics15050441,"Co-Resistance Structure and Multidrug Resistance-Associated Antimicrobials in &lt;i&gt;Escherichia coli&lt;/i&gt; from Healthy Pigs in Japan: A Computational Analysis of JVARM Data, 2012-2023.","Hosoi Y, Kawanishi M, Matsuda M, Harada S, Kubo M, Sekiguchi H.",,2026,2026-04-29,Y,MED
Q1_protocol_broad,2026-09-05,41617669,PMC12867423,10.1080/19490976.2026.2623359,"Precise probiotic therapy: Advances, bottlenecks, and the road to microbiome-informed nutrition.","Jiang Y, Jiang S, Wang Z, Zhu P, Zhang J, Teng F, Huang S.",,2026,2026-01-30,Y,MED
Q1_protocol_broad,2026-09-05,42279791,PMC13256408,10.3390/foods15112005,Deep Learning and Microbiome Analysis Reveal the Preservation Mechanism of &lt;i&gt;Cinnamomum cassia&lt;/i&gt; for Strawberry.,"Jiang S, Sun H, Zhang C, Zhang Y.",,2026,2026-06-04,Y,MED
Q1_protocol_broad,2026-09-05,41493101,PMC12815261,10.1093/ismejo/wraf289,"Constructing a ""periodic table"" of bacteria to map diversity in trait space.","Hoffert M, Gorman E, Lladser ME, Fierer N.",,2026,2026-01-01,Y,MED
Q1_protocol_broad,2026-09-05,42413498,PMC13400175,10.1016/j.xcrm.2026.102905,Core gastric microbiota linked to pathogenesis and preserved across age-stratified cohorts.,"Huang W, Chen Q, Gao X, Yi G, Su Y, Shen J, Zhang T, Zhang H, Chen Y, Yu Y, Wang W, Jiang H, Lin X, Xu Z.",,2026,2026-07-07,Y,MED
Q1_protocol_broad,2026-09-05,40924753,PMC12440170,10.1371/journal.pntd.0013512,CLASV: Rapid Lassa virus lineage assignment with random forest.,"Daodu RO, Awotoro E, Ulrich JU, Kühnert D.",,2025,2025-09-09,Y,MED
Q1_protocol_broad,2026-09-05,42230586,PMC13392250,10.1038/s41467-026-73785-8,Genome-guided generative adversarial learning enables nanopore adaptive sequencing.,"Zhang Y, Sun P, Zhang J, Fu Z, Bo X, Guan D, Ni M, Ren Z.",,2026,2026-06-02,Y,MED
Q1_protocol_broad,2026-09-05,41892472,PMC13023868,10.3390/antibiotics15030311,Antimicrobial Resistance Along the Food Chain: Spread and Integrated Strategies for Mitigation and Control.,"Spagnolo AM, Palma F, Amagliani G, Panunzio MF, Montagna MT, Alonzo E, Bonaccorsi G, Cairella G, Guberti E, Schiavano GF, Study Group on Food and Nutrition of the Italian Society of Hygiene (SItI).",,2026,2026-03-19,Y,MED
Q1_protocol_broad,2026-09-05,42561151,PMC13446512,10.1093/bib/bbag420,Data-intensive immune network modelling for One Health.,"Hillis R, Johari NBA, Shirali M, Overton IM.",,2026,2026-07-01,Y,MED
Q1_protocol_broad,2026-09-05,41898338,PMC13023676,10.3390/biomedicines14030694,Disease-Causing Mechanisms and Therapeutic Targets in Infectious Diseases: Implications for Clinical Management and Public Health.,"Sejersen K, Sütterlin S, Larsson AO.",,2026,2026-03-17,Y,MED
Q1_protocol_broad,2026-09-05,42074078,PMC13115596,10.3390/ijms27083432,"Special Issue ""Novel Mechanisms of Bacterial Antibiotic Resistance and Strategies to Fight Them"".","Straniero V, Monterroso B, Zorrilla S.",,2026,2026-04-11,Y,MED
Q1_protocol_broad,2026-09-05,42491728,PMC13378470,10.7717/peerj.21488,Clinical strains isolated from early-stage colorectal cancer patients promote tumorigenesis.,"Suzuki D, Yang J, Obana N, Yachida S, Shiba S, Mizutani S, Takamaru H, Saito Y, Fukuda S, Yamada T.",,2026,2026-07-14,Y,MED
Q1_protocol_broad,2026-09-05,42443264,PMC13365576,10.1038/s41598-026-52974-x,Gut microbiome signatures associate with DNA methylation-based biological aging.,"Kunihiro BP, Yamamoto BY, Juarez R, Maunakea AK.",,2026,2026-07-14,Y,MED
Q1_protocol_broad,2026-09-05,42515645,PMC13431605,10.3390/v18070793,HSV-1 US3 Hijacks Conserved Actin Regulatory Complexes to Drive F-Actin Remodeling.,"Hossain MI, Arifuzzaman M, Hasan MM, Hasan MM, Park SJ, Rahimian L, Dutta O, Chouljenko V, Mohan H, Ghavimi R, Kousoulas KG.",,2026,2026-07-19,Y,MED
Q1_protocol_broad,2026-09-05,41585266,PMC12825227,10.3389/fmed.2025.1569615,Tuberculosis diagnosis using artificial intelligence: current trends and future prospects.,"Mbulayi O, Djungu SJ, Aketi L, Koulali MA, Azzaoui H, Koulali R, El Mzibri M, Chaoui I, Tayalati Y.",,2025,2026-01-07,Y,MED
Q1_protocol_broad,2026-09-05,40870763,PMC12385277,10.3390/foods14162847,Zoonotic Pathogens in Food: New Advances and Editorial Insights.,"Schirone M, Luciani M, Iannetti L.",,2025,2025-08-17,Y,MED
Q1_protocol_broad,2026-09-05,,,10.64898/2026.02.05.704025,Bacterial phylogeny explains variation in virulence but not phage efficacy  <i>in vivo</i>,"Walsh SK, Imrie RM, Buckling A, Longdon B.",,2026,2026-02-05,Y,PPR
Q1_protocol_broad,2026-09-05,41291759,PMC12751584,10.1186/s12938-025-01487-1,Artificial intelligence at the gut-oral microbiota frontier: mapping machine learning tools for gastric cancer risk prediction.,"Azhdarimoghaddam A, Mohammad Bigloo A, Soleimani Meigoli MS, Abdelbaset M, Narimani M, Dadkhah Tehrani F, Asadi Anar M, Abdolvand F, Goudarzi P, Ghazizadeh Y, Mohammadzadeh N, Eini P, Khosravi F, Abouzeid M.",,2025,2025-11-25,Y,MED
Q1_protocol_broad,2026-09-05,42409828,PMC13338271,10.1038/s41467-026-75004-w,Applying Artificial Intelligence and machine learning in precision nutrition.,"Massara P, Kirkland J, Pagani I, Huey SL, Hirsh H, McDonald D, Patel L, Finkelstein JL, Gantz M, Wang F, Erickson D, Wells MT, Elemento O, Knight R, Mehta S.",,2026,2026-07-06,Y,MED
Q1_protocol_broad,2026-09-05,40333137,PMC12030482,10.3390/pathogens14040371,Change of Heart: Can Artificial Intelligence Transform Infective Endocarditis Management?,"McHugh JW, Challener DW, Tabaja H.",,2025,2025-04-09,Y,MED
Q1_protocol_broad,2026-09-05,42447570,PMC13382404,10.1016/j.clinsp.2026.101059,"Multi-omics integration and machine learning identify a novel gene signature consisting of CCDC141, CHI3L2, RIMKLB, and PDLIM7 in bronchopulmonary dysplasia associated with neutrophil-driven immune dysregulation.","Sun Y, You J, Tao J, Dai J, Chen A, Luo F, Chen Y.",,2026,2026-07-14,Y,MED
Q1_protocol_broad,2026-09-05,42255437,PMC13233194,10.3389/fendo.2026.1827134,"Multi-omics Mendelian randomization integrating metabolism, microbiome and immunity supports a putative gut-immune-pelvic pathway in deep infiltrating endometriosis.","Shi S, Song W, Wu Z, Cheng Y, Liu H, Tian F, Li X.",,2026,2026-05-21,Y,MED
Q1_protocol_broad,2026-09-05,40676575,PMC12272970,10.1186/s12903-025-06590-2,Ensemble learning for microbiome-based caries diagnosis: multi-group modeling and biological interpretation from salivary and plaque metagenomic data.,"Wei F, Wu Z, Li G, Sun X, Shi X, Tan L, Ai T, Qu L, Zheng S.",,2025,2025-07-17,Y,MED
Q1_protocol_broad,2026-09-05,42466125,PMC13372748,10.3389/fmicb.2026.1842380,tsAMP: a strain-level antimicrobial peptide identification framework based on large language models and pathogen genomic variation.,"Li H, Gao H, Tian J, Wang X, Jiang R, Chen T, Chen H, Yang Y, Zhu C.",,2026,2026-07-02,Y,MED
Q1_protocol_broad,2026-09-05,42381921,PMC13316423,10.1093/bioadv/vbag166,DeepTaxa: a hybrid CNN-BERT framework for 16S rRNA taxonomic classification.,"Salah R, AbdElaal KR, Ghonaim L, Awe OI, Moustafa A.",,2026,2026-06-12,Y,MED
Q1_protocol_broad,2026-09-05,40941626,PMC12428759,10.3390/diagnostics15172138,Episode- and Hospital-Level Modeling of Pan-Resistant Healthcare-Associated Infections (2020-2024) Using TabTransformer and Attention-Based LSTM Forecasting.,"Luchian N, Salim C, Condratovici AP, Marcu C, Buzea CG, Matei MN, Dinu CA, Duceac Covrig M, Elkan EM, Rusu DI, Ochiuz L, Duceac LD.",,2025,2025-08-25,Y,MED
Q1_protocol_broad,2026-09-05,41970215,PMC13068621,10.1016/j.crmicr.2026.100588,Explainable AI-SERS approach for highly accurate discrimination of &lt;i&gt;Escherichia coli&lt;/i&gt; pathotypes and &lt;i&gt;Shigella&lt;/i&gt; species.,"Ham JH, Jeon YJ, Lee S, Jeon Y, Kim D, You J, Jung DH, Kim HY.",,2026,2026-03-27,Y,MED
Q1_protocol_broad,2026-09-05,,PMC13299817,,An Exploratory Transcriptomic Classification Model for Psoriasis Based on Apoptosis-Associated and Proliferation–Apoptosis-Coupled Genes Using Explainable Machine Learning,"Liu X, Fu W, Li J, Jing M, Zhu X, Bo W.",,2026,2026-06-01,Y,PMC
Q1_protocol_broad,2026-09-05,42181885,PMC13194142,10.3389/fphar.2026.1773609,"Artificial intelligence for coordinating vaccine design, antiviral discovery, and real-world monitoring in the era of emerging and endemic viral threats.","Akingbola A, Adegbesan A, Adewole O, Adebiyi KO, Benson AE, Ojo O, Urowoli JO, Alabi OJ, Ojeriakhi OJ, Shekoni M.",,2026,2026-05-08,Y,MED
Q1_protocol_broad,2026-09-05,42404018,PMC13328272,10.3389/fdmed.2026.1778372,Harnessing generative artificial intelligence for periodontitis prediction: a machine learning approach integrating systemic health indicators for precision oral health in resource-limited settings.,"Sarkar A, Ghosh E, Bhattacharjee S.",,2026,2026-06-19,Y,MED
Q1_protocol_broad,2026-09-05,41772662,PMC13059237,10.1186/s12943-026-02589-7,Artificial intelligence models: transforming early diagnosis and precise treatment of gastrointestinal cancers.,"Liu K, Luo Z, Zhang W, Pan Q, Su X, Yang Z, Zhang Q, Wang B, Tang B, He Z, Guo J.",,2026,2026-03-02,Y,MED
Q1_protocol_broad,2026-09-05,41059691,PMC12584740,10.1128/spectrum.03206-24,Characterization of cervical microbiota in cervical intraepithelial neoplasia and cervical cancer using low-coverage whole genome sequencing.,"Zhang T, Gu F, Li W, Han R, Liu X, Dai C, Zhang D, Li H.",,2025,2025-10-08,Y,MED
Q1_protocol_broad,2026-09-05,42187734,PMC13203410,10.3390/biology15100772,Mechanistic Systems Biology of High-Salinity Fermented Seafood: Multi-Omics Integration for Microbial Safety and Quality Prediction.,"Ang MY, Li C, Pramono H, Low TY, Feisal NAS, Wong GJ, Choo SW.",,2026,2026-05-12,Y,MED
Q1_protocol_broad,2026-09-05,41704814,PMC12908607,10.3389/fvets.2026.1744053,From machine learning to digital twin integration for livestock production and research.,"Abdelrahman M, Issa S, Elsayed Ali M, Alotaibi J, Alshanbari F.",,2026,2026-02-02,Y,MED
Q1_protocol_broad,2026-09-05,41759629,PMC13019794,10.1016/j.mcpro.2026.101539,Antibiotic Resistance Detection and Concomitant Species Identification of ESKAPE Pathogens by Proteomics.,"Blumenscheit C, Pfeifer Y, Werner G, John C, Layer-Nicolaou F, Schneider A, Lasch P, Doellinger J.",,2026,2026-02-26,Y,MED
Q1_protocol_broad,2026-09-05,41159248,PMC12834425,10.1021/acs.jproteome.5c00733,From Identification to Insight: Making Full Use of the Diagnostic Potential of MS/MS Proteotyping in Clinical Microbiology Using Efficient Bioinformatics.,"Muth T, Karlsson R, Yu YK, Alves G.",,2025,2025-10-29,Y,MED
Q1_protocol_broad,2026-09-05,42106372,PMC13377067,10.1038/s41522-026-00993-x,"Virome diversity, evolution, transmission networks, and zoonotic potential of wildlife on the Qinghai-Tibet plateau.","Zhou H, Pu J, Liu J, Wang Y, Hou Q, Ma J, Liu Y, Wang W, Lu S, Ba J, Qi T, Yang J, Luo X, Xu J.",,2026,2026-05-09,Y,MED
Q1_protocol_broad,2026-09-05,41007192,PMC12466996,10.3390/bioengineering12090944,Smart Microbiomes: How AI Is Revolutionizing Personalized Medicine.,"Alexandrescu L, Tofolean IT, Condur LM, Tofolean DE, Nicoara AD, Serbanescu L, Rusu E, Twakor AN, Dumitru E, Dumitru A, Tocia C, Herlo LF, Alexandrescu DM, Stanigut AM.",,2025,2025-08-31,Y,MED
Q1_protocol_broad,2026-09-05,40658318,PMC12259524,10.1186/s13619-025-00246-w,Identification of a 10-species microbial signature of inflammatory bowel disease by machine learning and external validation.,"Yu S, Li J, Ye Z, Zhang M, Guo X, Wang X, Liu L, Wang Y, Zhou X, Fu W, Zhang MQ, Chen YG.",,2025,2025-07-14,Y,MED
Q1_protocol_broad,2026-09-05,41594052,PMC12838024,10.3390/antibiotics15010014,Antimicrobial Resistance in Bacterial Strains of Agricultural Interest: Predictions Based on Genomic Data.,"Pajuelo E, Medina-Rodríguez M, Flores-Duarte NJ, Doukkali B, Mesa-Marín J, Rodríguez-Llorente ID, Navarro-Torre S.",,2025,2025-12-20,Y,MED
Q1_protocol_broad,2026-09-05,40999328,PMC12465904,10.1186/s12864-025-12009-7,HKDE-LACM: a hybrid model for lactic acid bacteria classification via k-mer and DNABERT-2 embedding fusion with cyclic DE-BO optimization.,"Zou J, Liu W, Dai J, Dong G.",,2025,2025-09-25,Y,MED
Q1_protocol_broad,2026-09-05,40821356,PMC12355066,10.1016/j.eehl.2025.100171,Identification of human pathogens in soil by virulence gene-based machine learning method.,"Qi S, Wang S, Xia Y, Chen S, Lu H.",,2025,2025-07-24,Y,MED
Q1_protocol_broad,2026-09-05,42193801,PMC13203390,10.3390/ani16101510,Transcriptomic Analysis and Machine Learning Identify Cross-Pathogen Biomarkers for Bacterial and Parasitic Infections in Silver Pomfret (&lt;i&gt;Pampus argenteus&lt;/i&gt;).,"Wu Y, Li Y, Chen T, Xia W, Wang Y, Yan X, Hu J.",,2026,2026-05-14,Y,MED
Q1_protocol_broad,2026-09-05,41867453,PMC13005593,10.2147/jir.s581764,Artificial Intelligence for Predicting Immunotherapy Efficacy in Non-Small Cell Lung Cancer.,"Cao P, Jia X, Yang Y, Wang X, Zhu J, Li X, Yang Z, Wen Q.",,2026,2026-03-17,Y,MED
Q1_protocol_broad,2026-09-05,41011405,PMC12473023,10.3390/microorganisms13092073,Use of Wastewater to Monitor Antimicrobial Resistance Trends in Communities and Implications for Wastewater-Based Epidemiology: A Review of the Recent Literature.,"Malcom HB, Bowes DA.",,2025,2025-09-05,Y,MED
Q1_protocol_broad,2026-09-05,41518235,PMC12795276,10.1080/21505594.2026.2613506,Pangenomic analysis reveals metabolic adaptation of &lt;i&gt;Haemophilus parainfluenzae&lt;/i&gt; to the urogenital tract.,"Davina-Nunez C, Rincon-Quintero A, Potel C, Menéndez Rodríguez C, Montaño Barrientos BJ, Fontan-Silva B, Quintela-Baluja M, Perez-Castro S.",,2026,2026-01-10,Y,MED
Q1_protocol_broad,2026-09-05,40861397,PMC12371328,10.1093/bioadv/vbaf181,Diffusion model for imputing time-series gut microbiome profiles using phylogenetic information and metadata integration.,"Seki M, Zhang YZ, Imoto S.",,2025,2025-07-28,Y,MED
Q1_protocol_broad,2026-09-05,42317725,PMC13273461,10.1016/j.isci.2026.116311,Genome-guided discovery of antibiotic activity in &lt;i&gt;Streptomyces virginiae&lt;/i&gt; THA-960 against multidrug resistant &lt;i&gt;Staphylococcus aureus&lt;/i&gt;.,"Nguyen TTM, Jung J, Jin X, Zheng Q, Choi J, Yi TH.",,2026,2026-06-09,Y,MED
Q1_protocol_broad,2026-09-05,42075333,PMC13118437,10.3390/microorganisms14040938,Pangenome Architecture and Accessory Gene-Driven Population Structure of &lt;i&gt;Staphylococcus aureus&lt;/i&gt; Revealed by a Hospital-Adjacent Environmental Isolate.,"Rodrigues WF, Mazurek L, Miguel RB, Vilela GP, Tres AB, Calegari SM, Agostinho F, Miguel-Neto J, Martins-de-Abreu MC, Wagner KM, Morisseau C, Ueira-Vieira C, Cardoso MS, Góes-Neto A, Oliveira CJF, Soares SC, Miguel CB.",,2026,2026-04-21,Y,MED
Q1_protocol_broad,2026-09-05,42281379,PMC13265237,10.4014/jmb.2604.04061,Large-Scale Microbiome Profiling of Brown Algae Identifies a Specific &lt;i&gt;Vibrio aphrogenes&lt;/i&gt; Clade Strain That Promotes Gametophyte Settlement.,"Bae Y, Kim DJ, Seo Y, Noh Y, Lee S, Kwon SK.",,2026,2026-06-01,Y,MED
Q1_protocol_broad,2026-09-05,42230553,PMC13230739,10.1038/s41392-026-02631-6,Multi-omics and artificial intelligence for precision drug discovery and potential clinical applications.,"Liu Y, Zhu K, Peng W, Liu Z, Mao X.",,2026,2026-06-03,Y,MED
Q1_protocol_broad,2026-09-05,42376844,PMC13317016,10.1099/mgen.0.001742,Genomic outbreak investigation of biosafety-level-3 pathogens using nanopore sequencing.,"Thomas CF, Brangsch H, Tomaso H, Melzer F, Wareth G, Linde J.",,2026,2026-06-01,Y,MED
Q1_protocol_broad,2026-09-05,41295839,PMC12656223,10.3390/toxins17110524,AI and Biotechnology to Combat Aflatoxins: Future Directions for Modern Technologies in Reducing Aflatoxin Risk.,"Gamlath CJ, Wu F.",,2025,2025-10-23,Y,MED
Q1_protocol_broad,2026-09-05,40725449,PMC12294306,10.3390/genes16070794,"A Review of the Diagnostic Approaches for the Detection of Antimicrobial Resistance, Including the Role of Biosensors in Detecting Carbapenem Resistance Genes.","Kao K, Alocilja EC.",,2025,2025-06-30,Y,MED
Q1_protocol_broad,2026-09-05,42504192,PMC13401893,10.2147/copd.s620360,Construction and Validation of a Machine Learning Model Based on Clinical and Microbiomic Features for Predicting High Mucus Secretion in COPD.,"Liu Q, Zhao H.",,2026,2026-07-22,Y,MED
Q1_protocol_broad,2026-09-05,38706320,PMC11070729,10.1093/bib/bbae206,Assessing computational predictions of antimicrobial resistance phenotypes from microbial genomes.,"Hu K, Meyer F, Deng ZL, Asgari E, Kuo TH, Münch PC, McHardy AC.",,2024,2024-03-01,Y,MED
Q1_protocol_broad,2026-09-05,41088378,PMC12522788,10.1186/s12967-025-07048-3,Effects of zacopride and multidimensional impacts of cross-kingdom symbiosis: gut microbiota modulates coronary microvascular dysfunction via the chlorophyll/heme-tryptophan metabolic axis.,"Chen Z, Jia Y, Li H, Fan R, Cao Y, Ni L, Yang L, Yuan Z, Zhu K, Gao Y, Lin Y.",,2025,2025-10-14,Y,MED
Q1_protocol_broad,2026-09-05,42528707,PMC13414852,10.3389/fcimb.2026.1870890,"Artificial intelligence in vaccine development: applications, implementation, and future directions.","Kumar SN, Gondane R, Mahindrakar S, Vyawahare S, Krishna R, Subramaniam S, Nair BG, Kumar GB, Madhavan A, M N, Babu P.",,2026,2026-07-15,Y,MED
Q1_protocol_broad,2026-09-05,41696869,PMC12915850,10.1080/19490976.2026.2630563,GutMIND: A multi-cohort machine learning framework for integrative characteristics of the microbiota-gut-brain axis in neuropsychiatric disorders.,"Ju Y, Lin S, Hu S, Jin X, Xiao L, Zhang T, Zhang Y, Zhang L, Ma X, Zhu F, Guo R.",,2026,2026-02-16,Y,MED
Q1_protocol_broad,2026-09-05,41940069,PMC13043290,10.1038/s44386-026-00042-9,A Metabolism-Informed Neural Network Identifies Pathways Influencing the Potency and Toxicity of Antimicrobial Combinations.,"Arora HS, Lev K, Robida A, Velmurugan R, Chandrasekaran S.",,2026,2026-04-01,Y,MED
Q1_protocol_broad,2026-09-05,41590718,PMC12843494,10.3390/md24010020,A Structure-Based Deep Learning Framework for Correcting Marine Natural Products' Misannotations Attributed to Host-Microbe Symbiosis.,"Tian X, Lyu C, Zhou Y, Zhang L, Fan A, Liu Z.",,2026,2026-01-01,Y,MED
Q1_protocol_broad,2026-09-05,42274913,PMC13350627,10.1007/s40121-026-01376-7,"Infections in Burn Patients: Pathophysiology, Prevention, and Contemporary Therapeutic Strategies in the Era of Antimicrobial Resistance.","Țânțu AC, Țânțu MM, Vrancianu CO, Sandu AM, Cristian RE, Constantin M, Păunescu A, Diaconescu D, Dragu ER, Adameșteanu MO, Chioaru B, Hariga SC, Jecan CR, Vîlcea ID.",,2026,2026-06-11,Y,MED
Q1_protocol_broad,2026-09-05,42461951,PMC13390941,10.1371/journal.pgen.1012245,Contrasting evolutionary patterns of helper and sensor NRC NLRs in lettuce reflect functional divergence following subfunctionalization.,"Pai H, Sakai T, Posbeyikian A, Frijters R, Sugihara Y, Contreras MP, Kourelis J, Adachi H, Kamoun S, Toghani A.",,2026,2026-07-16,Y,MED
Q1_protocol_broad,2026-09-05,42160340,PMC13214046,10.1073/pnas.2524201123,ProteomeLM: A proteome-scale language model enables accurate and rapid prediction of protein-protein interactions and gene essentiality across taxa.,"Malbranke C, Zalaffi GP, Bitbol AF.",,2026,2026-05-20,Y,MED
Q1_protocol_broad,2026-09-05,39781509,PMC11704786,10.1093/nargab/lqae188,ProPr54 web server: predicting σ&lt;sup&gt;54&lt;/sup&gt; promoters and regulon with a hybrid convolutional and recurrent deep neural network.,"Achterberg T, de Jong A.",,2025,2025-01-07,Y,MED
Q1_protocol_broad,2026-09-05,41030238,PMC12477283,10.2147/idr.s545440,Establishment of a Machine Learning-Based Predictive Model for &lt;i&gt;Klebsiella pneumoniae&lt;/i&gt; Liver Abscess.,"Li H, Yu Y, Chen X, Sun Q, Li X, Shang Q, Ying M, Liu X, Meng J, Bian L, Wu S, Gao Y.",,2025,2025-09-24,Y,MED
Q1_protocol_broad,2026-09-05,42146199,PMC13177248,10.1021/acsomega.6c00049,Harnessing Sequence Embedding and Ensemble Learning to Identify Antifungal Peptides with Low Hemolytic Risk.,"Lin CY, Cheng WC, Chen UL, Lin TT, Hsu LH, Shih YH, Lu IH, Chen YL, Chen SH.",,2026,2026-04-27,Y,MED
Q1_protocol_broad,2026-09-05,41602756,PMC12833367,10.3389/fmicb.2025.1717859,AI-powered analysis of viral metagenomic sequencing data for rapid outbreak investigation and novel pathogen discovery.,"Chisompola D, Luwaya E, Nzobokela J, Mwansa P, Chakulya M.",,2025,2026-01-12,Y,MED
Q1_protocol_broad,2026-09-05,41368349,PMC12682574,10.2147/jir.s546260,Utility of Machine Learning to Characterize Gut Microbiota Dysbiosis and Its Clinical Implications in Inflammatory Bowel Disease.,"Lee JY, Kim DH, Choi JW, Shong M, Lee CK.",,2025,2025-12-02,Y,MED
Q1_protocol_broad,2026-09-05,,,10.1101/2025.09.26.678787,High-accuracy SNV calling for bacterial isolates using deep learning with AccuSNV,"Liao H, Conwill A, Light-Maka I, Fenk M, Mitchell AH, Qu EB, Torrillo P, Baker JS, Key FM, Lieberman TD.",,2025,2025-09-29,N,PPR
Q1_protocol_broad,2026-09-05,39557756,PMC11925980,10.1007/s12602-024-10402-4,Progress in the Identification and Design of Novel Antimicrobial Peptides Against Pathogenic Microorganisms.,Sun S.,,2025,2024-11-18,Y,MED
Q1_protocol_broad,2026-09-05,,,10.64898/2026.03.18.709804,OxBreaker: species-agnostic pipeline for the analysis of outbreaks using nanopore sequencing,"Reding C, Hopkins KMV, Colpus M, Sanderson ND, Gentry J, Oakley S, Campbell M, Karageorgopoulos D, Jeffery K, Eyre D, Bejon P, Stoesser N, Walker AS, Young BC.",,2026,2026-03-19,Y,PPR
Q1_protocol_broad,2026-09-05,42450251,PMC13362042,10.3390/ijms27135984,"Multi-Omics Integration in Stroke: Neuroinflammatory Endotypes, Immune Cell Crosstalk, and Precision Biomarker Discovery.","Ardic N, Dinc R.",,2026,2026-07-03,Y,MED
Q1_protocol_broad,2026-09-05,41735310,PMC13043771,10.1038/s41540-026-00676-5,"Unlocking the potential of computational phenotypic drug discovery: methods, challenges, and future directions.","Kumar S, Pal A, Chatterjee S.",,2026,2026-02-24,Y,MED
Q1_protocol_broad,2026-09-05,42455870,PMC13395434,10.1371/journal.pcbi.1014492,Popformer: Learning general signatures of positive selection with a self-supervised transformer.,"Zong L, Friedler SA, Mathieson S.",,2026,2026-07-15,Y,MED
Q1_protocol_broad,2026-09-05,42199549,PMC13200065,10.3389/fmicb.2026.1834533,"Prevalence of &lt;i&gt;Lawsonia intracellularis&lt;/i&gt; and characteristics of gut microbiomes of the infected pigs in Shaanxi province, China.","Wang Y, Zhao H, Sun Y, Mi M, Hu X, Ye D, Wang X, Dou L, Wang J, Yang Z.",,2026,2026-05-11,Y,MED
Q1_protocol_broad,2026-09-05,41901740,PMC13029276,10.3390/pathogens15030287,Native &lt;i&gt;Bacillus&lt;/i&gt;-Based Probiotic Consortia Suppress &lt;i&gt;Vibrio parahaemolyticus&lt;/i&gt; and Restructure Hatchery Water Microbiomes in Shrimp Larval Systems.,"Pazmiño-Gomez B, Rodas-Pazmiño K, Pazmiño-Pérez R, Tapia-Guijarro T, Balcazar-Quimi W, Valle-Asan S, Salazar-Vera S, Villalva-Vera M, Ochoa-Fajardo D, Rodas-Neira E.",,2026,2026-03-06,Y,MED
Q1_protocol_broad,2026-09-05,40470315,PMC12136712,10.1016/j.csbj.2025.04.032,Deep learning-guided structural analysis of a novel bacteriophage KPP105 against multidrug-resistant &lt;i&gt;Klebsiella pneumoniae&lt;/i&gt;.,"Ko S, Kim J, Cho JH, Kim Y, Kim D.",,2025,2025-05-01,Y,MED
Q1_protocol_broad,2026-09-05,41938045,PMC13046520,10.3389/fruro.2026.1719894,Breaking barriers in male infertility: the power of artificial intelligence-driven solutions.,"Ibañez Vazquez L, Pérez Romero N, Tueti Silva D, Infante S, González-Santander C, De La Parra I, Galante Romo I, Gómez Rivas JA, Moreno Sierra J.",,2026,2026-03-20,Y,MED
Q1_protocol_broad,2026-09-05,42354998,PMC13305937,10.3390/microorganisms14061374,Characterization of Nasopharyngeal Microbiota Dysbiosis in Children with &lt;i&gt;Mycoplasma pneumoniae&lt;/i&gt; Pneumonia.,"Bi J, Yu B, Zhang Y, Zheng G, Han Y, Yan Y, Wang W, Wu L, Wang Y, Yi Z.",,2026,2026-06-21,Y,MED
Q1_protocol_broad,2026-09-05,42324618,PMC13285596,10.1080/19490976.2026.2687925,Mapping the metagenomic landscape: combined shotgun sequencing and quantitative PCR to profile gut metagenome-assembled genomes in marmosets following treatment with a broad-spectrum antibiotic cocktail.,"Hernandez JB, Abiodun M, Hayer SS, Dickson T, Ayayee P, Clayton JB.",,2026,2026-06-21,Y,MED
Q1_protocol_broad,2026-09-05,41386627,,10.1016/j.ijantimicag.2025.107690,Machine-learning and gene-synergy networks reveal interpretable drivers of antibiotic resistance in Staphylococcus aureus.,"Xu J, Li Y, Wang Y, Liu F, Long J, Zhu J, Jin Y, Chen S, Duan G, Yang H.",,2026,2025-12-10,N,MED
Q1_protocol_broad,2026-09-05,42451116,PMC13363466,10.3390/nu18132112,"Probiotic-Plant Bioactive Synergy in Gut Health: Mechanisms, Antimicrobial Activity, and Translational Challenges.","Jach ME, Sajnaga E, Ozimek E, Serefko A, Locatelli M.",,2026,2026-06-28,Y,MED
Q1_protocol_broad,2026-09-05,41501250,PMC12852157,10.1038/s41598-025-33939-y,Multi-kingdom gut microbiota characterization in Chinese patients with idiopathic inflammatory myopathies.,"Liu C, Xing Y, Su J, Liu Y, Dou Y, Wang Z, Sha S, Yan Q, Xu M, Zhao L, Tian Y, Xing G, Li S, Kang J, Kong X.",,2026,2026-01-07,Y,MED
Q1_protocol_broad,2026-09-05,40335465,PMC12059030,10.1038/s41467-025-56829-3,Machine learning-based meta-analysis reveals gut microbiome alterations associated with Parkinson's disease.,"Romano S, Wirbel J, Ansorge R, Schudoma C, Ducarmon QR, Narbad A, Zeller G.",,2025,2025-05-07,Y,MED
Q1_protocol_broad,2026-09-05,41806147,PMC12976157,10.1007/s44307-025-00093-5,Nanopore direct RNA sequencing for RNA modification analysis: workflow assessment and computational tool benchmarking.,"Wu Z, Li J, Xia R, Dai J, Su J, Meng J, Zhang Y.",,2026,2026-03-10,Y,MED
Q1_protocol_broad,2026-09-05,41461857,PMC12820273,10.1038/s41598-025-32359-2,MVPHI: a multi-view learning framework for predicting complex microbial interactions.,"Xie Y, Pan J, Li D, Wang Q, Sun Y, Wang S.",,2025,2025-12-29,Y,MED
Q1_protocol_broad,2026-09-05,42043199,PMC13119757,10.3390/v18040410,"Deciphering HPAI Influenza A Virus (H5N1): Molecular Basis of Pathogenicity, Zoonotic Potential, and Advances in Vaccination Strategies.","Mohammad I, Hajelbashir MI, El-Bidawy MH, Abuderman A, Abuderman A, Satea M, Arafah AMR, Ansari MR, Rahmani M, Warsi MK, Helmi N, Kamal MA.",,2026,2026-03-26,Y,MED
Q1_protocol_broad,2026-09-05,42437307,PMC13355745,10.1016/j.omtn.2026.102992,Decoding preeclampsia: A fusion of multi-view machine learning and multi-omics to identify putative inflammation-related mechanisms.,"Guo Y, Liang Y, Liu L, Zhou Y, Yang X, Ming X, Hu P, Wu J, Li D, Hou D, Xia S, Wang X, Zuo Y.",,2026,2026-06-24,Y,MED
Q1_protocol_broad,2026-09-05,42256231,PMC13236964,10.3389/fcimb.2026.1830192,Recolonization dynamics of the middle ear microbiota following MESNA-assisted dissection in pediatric cholesteatomatous chronic otitis media.,"Gomez-Ramirez U, De La Torre-González C, Villamor P, Huante Guido M, Contreras-Rodríguez A, Velázquez-Guadarrama N.",,2026,2026-05-22,Y,MED
Q1_protocol_broad,2026-09-05,40718817,PMC12289703,10.3389/fmicb.2025.1492484,Age of machine learning: new trends in autism spectrum disorder prediction.,"Xu W, Li H, Li J, Jin M.",,2025,2025-07-11,Y,MED
Q1_protocol_broad,2026-09-05,41660855,PMC12959092,10.1128/aac.01600-25,Spatiotemporal dynamics and multiple driving factors of antimicrobial resistance in China during the COVID-19 pandemic (2019-2023): a provincial panel data analysis.,"Zheng X, You X, Liu Y, Wu B.",,2026,2026-02-09,Y,MED
Q1_protocol_broad,2026-09-05,41716459,PMC12913530,10.3389/fcimb.2026.1749499,Machine learning prediction of pharmacist intervention benefit in tuberculosis patients using clinical parameters: a single-center retrospective study.,"Li T, Liu H, You Z, Lei Q.",,2026,2026-02-04,Y,MED
Q1_protocol_broad,2026-09-05,42346572,PMC13301921,10.3390/jof12060442,Machine-Learning Prediction of Extracellular Vesicle Protein Sorting Expands the Characterization of Secretory Functions in &lt;i&gt;Mucor circinelloides&lt;/i&gt;.,"Neves-da-Rocha J, Lopes MER, Nogueira LF, Moghadam S, De Paiva FEA, Almeida F.",,2026,2026-06-17,Y,MED
Q1_protocol_broad,2026-09-05,42392792,PMC13327812,10.1111/1462-2920.70361,Multi-Omics Profiling of the Scaphoideus titanus Yeast-Like Symbiont Guides the Bioinformatic Discovery of Related Fungal Symbioses in Insects.,"Abbà S, Vallino M, Cicerone A, Cirrincione S, Aiuto B, Galetto L, Rossi M.",,2026,2026-07-01,Y,MED
Q1_protocol_broad,2026-09-05,39597542,PMC11596196,10.3390/microorganisms12112153,"""CLADE-FINDER"": <i>Candida auris</i> Lineage Analysis Determination by Fourier Transform Infrared Spectroscopy and Artificial Neural Networks.","Magrì C, De Carolis E, Ivagnes V, Di Pilato V, Spruijtenburg B, Marchese A, Meijer EFJ, Chowdhary A, Sanguinetti M.",,2024,2024-10-26,Y,MED
Q1_protocol_broad,2026-09-05,40890455,PMC12402447,10.1038/s44259-025-00150-y,Mitigating antimicrobial resistance by innovative solutions in AI (MARISA): a modified James Lind Alliance analysis.,"Waldock WJ, Thould H, Chindelevitch L, Croucher NJ, de la Fuente C, Collins JJ, Ashrafian H, Darzi A.",,2025,2025-09-01,Y,MED
Q1_protocol_broad,2026-09-05,41443199,PMC12853177,10.1016/j.crmeth.2025.101266,MMonitor for real-time monitoring of microbial communities using long reads.,"Lucas TN, Biehain U, Gautam A, Gemeinhardt K, Lass T, Konzalla S, Ley RE, Angenent LT, Huson DH.",,2026,2025-12-23,Y,MED
Q1_protocol_broad,2026-09-05,42299589,PMC13268506,10.1097/md.0000000000049336,Identification and analysis of endoplasmic reticulum stress-related biomarkers in chronic sinusitis with nasal polyps using bioinformatics approaches.,"Zhai Y, Lu H, Ding Q.",,2026,2026-06-01,Y,MED
Q1_protocol_broad,2026-09-05,40969171,PMC12440954,10.3389/frai.2025.1602775,Lung cancer risk prediction using augmented machine learning pipelines with explainable AI.,"M S P, D S, Chakrabortty A.",,2025,2025-09-03,Y,MED
Q1_protocol_broad,2026-09-05,41684678,PMC12891182,10.3389/fmicb.2026.1735728,Genomic-based biosurveillance for avian influenza: whole genome sequencing from wild mallards sampled during autumn migration in 2022-2023 reveals a high co-infection rate on migration stopover site in Georgia.,"Papkiauri A, Urushadze L, Tevdoradze T, Sidamonidze K, Tomashvili G, Gavashelidze M, Ninua L, Daraselia I, Kiknavelidze S, Melikishvili N, Hu B, Chain P, Gibson K, Dix M, Li V, Fair J, Owen J, Javakhishvili Z.",,2026,2026-01-28,Y,MED
Q1_protocol_broad,2026-09-05,42046020,PMC13255406,10.1186/s12866-026-05084-7,Multi-omics profiling of gut microbiota and host transcriptome identifies diagnostic signatures and mechanistic links in moyamoya disease.,"Zhou Q, Huang P, Zhou R, Zeng F, Jiang J, Zhao B, Zhao B, Xu H, Wei W, Li X.",,2026,2026-04-27,Y,MED
Q1_protocol_broad,2026-09-05,40725635,PMC12295126,10.3390/jcm14144942,Use of Artificial Intelligence Methods for Improved Diagnosis of Urinary Tract Infections and Urinary Stone Disease.,"Pantilimonescu TF, Damian C, Radu VD, Hogea M, Costachescu OA, Onofrei P, Toma B, Zelinschi D, Roca IC, Ursu RG, Iancu LS, Serban IL.",,2025,2025-07-12,Y,MED
Q1_protocol_broad,2026-09-05,42494527,PMC13391308,10.3389/fphar.2026.1761582,Next-generation hybrid bioanalytical platforms and clinical integration of TDM technologies for precision monitoring to optimize last-resort antibiotic therapy.,"Inamdar A, Beeraka NM, Hemanth Vikram PR, Gurupadayya B, Sanathan SR, Prashant A, Kumar TP, Nikolenko VN, Padmanabha Reddy Y, Kandula DR, Basappa B.",,2026,2026-07-09,Y,MED
Q1_protocol_broad,2026-09-05,41900351,PMC13029496,10.3390/microorganisms14030591,Artificial Intelligence-Driven Discovery and Optimization of Antimicrobial Peptides Targeting ESKAPE Pathogens and Multidrug-Resistant Fungi.,"Wu-Mo C, Flores-González A, Meléndez-Delgado J, Ortiz-Gómez V, Meléndez-González H, Maldonado-Hernández R.",,2026,2026-03-06,Y,MED
Q1_protocol_broad,2026-09-05,41947423,PMC13056712,10.1093/bib/bbag143,PLM-effector: unleashing the potential of protein language models for bacterial secreted protein prediction.,"Zheng D, Chen L, Pang G, Yang J.",,2026,2026-03-01,Y,MED
Q1_protocol_broad,2026-09-05,39964311,PMC11845061,10.1080/19490976.2025.2468358,Profiling the gut microbiota to assess infection risk in &lt;i&gt;Klebsiella pneumoniae&lt;/i&gt;-colonized patients.,"De Maio F, Bianco DM, Santarelli G, Rosato R, Monzo FR, Fiori B, Sanguinetti M, Posteraro B.",,2025,2025-02-18,Y,MED
Q1_protocol_broad,2026-09-05,41312525,PMC12647938,10.46234/ccdcw2025.240,"World Antimicrobial Awareness Week 2025 - Act Now: Protect Our Present, Secure Our Future.","Zhou Z, Wu D, Wu Y.",,2025,2025-11-01,N,MED
Q1_protocol_broad,2026-09-05,42221580,PMC13216471,10.3389/fcimb.2026.1813261,Identification and evaluation of gut microbiome as non-invasive biomarkers for early lung adenocarcinoma from a multi-center study.,"Zhang W, Wu S, Shen L, Peng P, Li R, Zheng Q, Jia X, Liu Q, Liu Y.",,2026,2026-05-14,Y,MED
Q1_protocol_broad,2026-09-05,40890427,PMC12583546,10.1038/s44320-025-00136-y,Predicting natural variation in the yeast phenotypic landscape with machine learning.,"Khaiwal S, De Chiara M, Barré BP, Barrio-Hernandez I, Stenberg S, Beltrao P, Warringer J, Liti G.",,2025,2025-09-01,Y,MED
Q1_protocol_broad,2026-09-05,42665067,,10.1016/j.ijantimicag.2026.107981,Antibiotic Resistance in Helicobacter pylori: Pathogenic Mechanisms and Eradication Barriers.,"Kandpal M, Singh S, Shrivastava H, Jindal H, Bagde PH, Dixit AK, Nair PG, Dey R, Lamba D, Yr SK, Elangovan M, Sharma R, Parmar HS, Kar P, Jha HC.",,2026,2026-08-28,N,MED
Q1_protocol_broad,2026-09-05,41236214,PMC12616882,10.1002/mbo3.70147,"Comparative Genomics of Lactococcus spp. From Global Aquaculture Outbreaks Reveals Virulence Determinants, Antibiotic Resistance, and Phage Defence Mechanisms.","Blanchard AM, Secker B, Atterbury RJ, Windle SJ, Dong HT, Wongkaew J, Dien LT, Huchzermeyer D, Hang'ombe BM, Senapin S.",,2025,2025-12-01,Y,MED
Q1_protocol_broad,2026-09-05,41402010,,10.1016/j.ijtb.2025.11.020,Deep learning on genomic sequences for rapid identification of drug-resistant tuberculosis.,"Bajeja S, Jayapaul K, Gaur P, Rama Mohan C, Pathak A, Madanan M.",,2025,2025-11-29,N,MED
Q1_protocol_broad,2026-09-05,41114575,PMC12671150,10.1128/spectrum.03414-24,Genomic insights and functional adaptation of &lt;i&gt;Mycobacterium intracellulare&lt;/i&gt; strains isolated from patients with inflammatory bowel disease.,"Deb S, Kumari L, Mahajan N, Basant SK, Joshi T, Ahuja V, Singh UB.",,2025,2025-10-20,Y,MED
Q1_protocol_broad,2026-09-05,42467985,PMC13379068,10.1093/bib/bbag377,Decoding viral protein sequences by large language models.,"Fei T, Li S, Yang Z, Zhou K, Li Y, Zeng T.",,2026,2026-07-01,Y,MED
Q1_protocol_broad,2026-09-05,42465583,PMC13373319,10.34133/csbj.0147,Prediction of DNA N4-Methylcytosine Sites Based on a Position-Aligned Multi-branch Fusion Network.,"Wang H, Li J, Ruan Y, Feng H.",,2026,2026-07-16,Y,MED
Q1_protocol_broad,2026-09-05,41370631,PMC12694490,10.1093/bib/bbaf656,PBIP: a deep learning framework for predicting phage-bacterium interactions at the strain level.,"Ma L, Gao P, Liu G, Bai Y, Lin Q, Li J, Xiao M.",,2025,2025-11-01,Y,MED
Q1_protocol_broad,2026-09-05,42377573,PMC13319265,10.1007/s10126-026-10665-8,"De novo Genome Assembly, Annotation, and Comparative Analysis of the Lined Sole Achirus lineatus as a Resource for Evolutionary and Environmental Genomics.","Quintanilla-Mena M, Góngora-Castillo EB, Rodriguez-Canul R, Rivera-Bustamante R.",,2026,2026-06-30,Y,MED
Q1_protocol_broad,2026-09-05,,,10.21203/rs.3.rs-7332980/v1,Characterising the microbial and antimicrobial resistance signatures of hospital-acquired pneumonia using nanopore metagenomic sequencing,"Tan C, Aydin A, Owen D, Rofael S, Brealey D, Peters M, Charalampous T, Hurst J, McHugh T, Livermore D, Gant V, Grady J, Balloux F, Dorp Lv, Enne V.",,2025,2025-08-18,Y,PPR
Q1_protocol_broad,2026-09-05,38539073,PMC10967124,10.1186/s12859-024-05648-2,Utilizing genomic signatures to gain insights into the dynamics of SARS-CoV-2 through Machine and Deep Learning techniques.,"Elsherbini AMA, Elkholy AH, Fadel YM, Goussarov G, Elshal AM, El-Hadidi M, Mysara M.",,2024,2024-03-27,Y,MED
Q1_protocol_broad,2026-09-05,42505654,PMC13406028,10.3390/antibiotics15070691,The Pharmacology of Bacterial Persistence: From Antibiotic Tolerance to Antimicrobial Resistance.,"Caroleo MC, Pisano M, Cione E, Scumaci D, Cai T, Gallelli L, Leo A.",,2026,2026-07-16,Y,MED
Q1_protocol_broad,2026-09-05,41750866,PMC12939011,10.3390/foods15040676,Impact of Farm Management Practices on &lt;i&gt;Salmonella&lt;/i&gt; Occurrence at the Farm Level-A Blend of Traditional Methods and Artificial Intelligence.,"Marcu D, Balta I, Harvey M, McCleery D, Marcu A, Gradisteanu-Pircalabioru G, Callaway T, Iancu T, Pet I, Morariu F, Imbrea AM, Dumitrescu G, Ciochina LP, Stef L, Corcionivoschi N.",,2026,2026-02-12,Y,MED
Q1_protocol_broad,2026-09-05,42184107,PMC13200535,10.1093/bib/bbag249,Comparative review of artificial intelligence for transcriptomic biomarker discovery in coronavirus disease 2019 (COVID-19).,"Khoo LY, Dhillon SK.",,2026,2026-05-01,Y,MED
Q1_protocol_broad,2026-09-05,41184812,PMC12581320,10.1186/s12866-025-04411-8,Rapid key gene discovery for bacterial shape: a cross-species machine learning approach.,"Liu Q, Liu H, Shi J, Xu C, Xie Y, Hu S, Zhang Y, Han G.",,2025,2025-11-03,Y,MED
Q1_protocol_broad,2026-09-05,40134271,PMC12650709,10.1176/appi.neuropsych.20240126,Relationships of Personality Traits With the Taxonomic Composition of the Gut Microbiome Among Psychiatric Inpatients.,"Orme W, Grimm SL, Vella DSN, Fowler JC, Frueh BC, Weinstein BL, Petrosino J, Coarfa C, Madan A.",,2025,2025-03-26,N,MED
Q1_protocol_broad,2026-09-05,42292068,PMC13263229,10.1155/ianc/2645726,The Role of Artificial Intelligence in Modern Analytical Chemistry: Current Trends and Future Directions.,"Elagamy SH, Chanduluru HK, Obaydo RH, Lotfy HM.",,2026,2026-06-12,Y,MED
Q1_protocol_broad,2026-09-05,42255950,PMC13240061,10.1002/hem3.70394,Access to diagnosis using liquid biopsy (ADLiB): Identifying lymphoma in a tuberculosis-endemic setting.,"Antel K, Xiong N, Merrill M, Chen T, McGrath L, Droessler C, van der Schyff M, Wu MX, Cheddie D, Slome C, McBride L, Day J, Mohamed Z, Fakie N, Mbatani N, Shultz C, Meintjes G, Tyekucheva S, Cohen EF, Tolstorukov MY, Verburgh E, Murakami MA.",,2026,2026-05-29,Y,MED
Q1_protocol_broad,2026-09-05,40158619,PMC12766198,10.1016/j.jare.2025.03.039,The Application of artificial intelligence in periprosthetic joint infection.,"Li P, Wang Y, Zhao R, Hao L, Chai W, Jiying C, Feng Z, Ji Q, Zhang G.",,2026,2025-03-28,Y,MED
Q1_protocol_broad,2026-09-05,,,10.1101/2025.11.01.685986,"Evolutionary landscape of oral microbiome over 100,000 years","Zhong L, Li H, Xia S, Xie S, Bianucci R, Li S, Supa-Amornkul S, Speller C, Shi Q, Cui Y, Yang H, Achtman M, Zhou Z.",,2025,2025-11-01,Y,PPR
Q1_protocol_broad,2026-09-05,42415001,,10.1186/s12915-026-02680-x,Phylogenetic analysis and machine learning identify signatures of selection and predict deleterious mutations in common bean (Phaseolus vulgaris L.).,"Cordoba-Novoa H, Buckler ES, Romay CM, Berthel A, Johnson L, Balasubramanian P, Hoyos-Villegas V.",,2026,2026-07-07,N,MED
Q1_protocol_broad,2026-09-05,41245812,PMC12611639,10.1093/jacamr/dlaf210,"Circulation of polyclonal OXA-244-producing &lt;i&gt;Escherichia coli&lt;/i&gt; lineages in Jerusalem, Israel.","Sattler J, Oster Y, Seth Smith HMB, Gütlin Y, Michael-Gayego A, Reshef D, Temper V, Borgwardt K, Egli A, Strahilevitz J, Moran-Gilad J.",,2025,2025-11-13,Y,MED
Q1_protocol_broad,2026-09-05,42278532,PMC13256899,10.3390/ijms27115008,Multi-Omics Dissection of Drought Stress Responses in Crops: From Molecular Regulatory Networks to Climate-Resilient Breeding Applications.,"Ali B, Khan Z, Imin N, Janda T, Gholizadeh F.",,2026,2026-06-01,Y,MED
Q1_protocol_broad,2026-09-05,41423641,PMC12847940,10.1038/s41467-025-67778-2,Integrating protein language and geometric deep learning models for enhanced vaccine antigen prediction.,"Zai X, Zhao Y, Wang X, Leng M, Lu M, Yang Y, Zhao X, Li R, Li Y, Zhang Y, Zhang J, Li D, Ren H, Xu J, Chen W.",,2025,2025-12-21,Y,MED
Q1_protocol_broad,2026-09-05,39506632,PMC11539783,10.1186/s12859-024-05967-4,Rapid bacterial identification through volatile organic compound analysis and deep learning.,"Yan B, Zeng L, Lu Y, Li M, Lu W, Zhou B, He Q.",,2024,2024-11-06,Y,MED
Q1_protocol_broad,2026-09-05,40569694,PMC12199706,10.1093/gigascience/giaf072,"Integrating comparative genomics and risk classification by assessing virulence, antimicrobial resistance, and plasmid spread in microbial communities with gSpreadComp.","Kasmanas JC, Magnúsdóttir S, Zhang J, Smalla K, Schloter M, Stadler PF, de Leon Ferreira de Carvalho ACP, Rocha U.",,2025,2025-01-01,Y,MED
Q1_protocol_broad,2026-09-05,42271456,PMC13255231,10.1186/s40104-026-01434-7,Machine learning-based linking of bacterial genomes to optimal growth pH: a foundation for rational microbial engineering.,"Chen H, Yang X, Anas MA, Feng S, Lin Y, Xu G, Ni K, Yang F, Wang X.",,2026,2026-06-11,Y,MED
Q1_protocol_broad,2026-09-05,42063831,PMC13126170,10.1021/jacsau.5c01636,PARAS: High-Accuracy Machine Learning of Substrate Specificities in Nonribosomal Peptide Synthetases.,"Terlouw BR, Huang C, Meijer D, Cediel-Becerra JDD, He R, Rothe ML, Jenner M, Zhou S, Zhang Y, Fage CD, Tsunematsu Y, van Wezel GP, Robinson SL, Alberti F, Alkhalaf LM, Chevrette MG, Challis GL, Medema MH.",,2026,2026-04-10,Y,MED
Q1_protocol_broad,2026-09-05,41466046,PMC12852109,10.1038/s41598-025-33824-8,"Comparative genomics of Brucella species reveals key determinants of secondary metabolism, antimicrobial resistance, and virulence.","Liu X, Zhang R, Sun M, Qiao J, Liang M.",,2025,2025-12-30,Y,MED
Q1_protocol_broad,2026-09-05,41149342,PMC12564411,10.3390/bios15100690,Integration of Artificial Intelligence in Biosensors for Enhanced Detection of Foodborne Pathogens.,"Banicod RJS, Tabassum N, Jo DM, Javaid A, Kim YM, Khan F.",,2025,2025-10-12,Y,MED
Q1_protocol_broad,2026-09-05,,,10.1101/2025.09.09.675081,"Meta-analysis of the uncultured gut microbiome across 11,115 global metagenomes reveals a new candidate biomarker of health","da Silva AC, Lapkin J, Yin Q, Muller E, Almeida A.",,2025,2025-09-09,Y,PPR
Q1_protocol_broad,2026-09-05,39804261,PMC12451627,10.1099/jgv.0.002067,Unveiling the ghost: machine learning's impact on the landscape of virology.,"Bowyer S, Allen DJ, Furnham N.",,2025,2025-01-01,Y,MED
Q1_protocol_broad,2026-09-05,41943075,PMC13182013,10.1186/s13040-026-00553-1,Benchmarking genomic foundation models for binary classification of gene fusion breakpoints from DNA sequences.,"Krupička R, Komárková M, Dvorský B, Kollinová K, Klempíř O.",,2026,2026-04-06,Y,MED
Q1_protocol_broad,2026-09-05,40084837,PMC11980375,10.1128/jcm.01484-24,Lipid fingerprinting by MALDI Biotyper Sirius instrument fails to differentiate the three subspecies of the &lt;i&gt;Mycobacterium abscessus&lt;/i&gt; complex.,"Yoshida M, Fukano H, Yahara K, Nakano S, Komine T, Suzuki M, Fujinaga A, Doke K, Hoshino Y.",,2025,2025-03-14,Y,MED
Q1_protocol_broad,2026-09-05,41748159,PMC13151442,10.1136/gutjnl-2025-337280,Bacterial genomic structural variations in children with autism serve as diagnostic biomarkers.,"Liu W, Lu Y, Ng SC, Chan FK, Sung JJ, Yu J.",,2026,2026-04-07,Y,MED
Q1_protocol_broad,2026-09-05,42063550,PMC13125899,10.1016/j.isci.2026.115597,"The genome sequence of the gastric gland parasite, &lt;i&gt;Cryptosporidium proliferans&lt;/i&gt;.","Wiśniewska MM, Tůmová L, Silberman JD, Salomaki ED, Bielawski J, Táborský P, Hlásková L, Sak B, Kváč M, Kolísko M.",,2026,2026-04-06,Y,MED
Q1_protocol_broad,2026-09-05,40269515,PMC12018304,10.1093/bib/bbaf176,Bioinformatic approaches to blood and tissue microbiome analyses: challenges and perspectives.,"Sirasani JP, Gardner C, Jung G, Lee H, Ahn TH.",,2025,2025-03-01,Y,MED
Q1_protocol_broad,2026-09-05,40724597,PMC12300311,10.3390/life15071094,Hybrid Genome and Clinical Impact of Emerging Extensively Drug-Resistant Priority Bacterial Pathogen &lt;i&gt;Acinetobacter baumannii&lt;/i&gt; in Saudi Arabia.,Borgio JF.,,2025,2025-07-12,Y,MED
Q1_protocol_broad,2026-09-05,40720171,PMC12302716,10.1093/bfgp/elaf011,Genomic insights into bacteriophages: a new frontier in AMR detection and phage therapy.,"Banerjee B, Halder S, Kumar S, Chaddha M, Ali R, Mohite R, Bano M, Pandey R.",,2025,2025-01-01,Y,MED
Q1_protocol_broad,2026-09-05,42199650,PMC13199630,10.2147/ijn.s580784,Toxicodynamics and Human Health Risks of Metal Nanoparticles: A Review of AI/ML-Based Predictive Nanotoxicology.,"Awasthi KK, Awasthi G, Saxena P, Awasthi A, Srivastava A, Sankhla MS, Roy AS, Hussain A, Miglani R, Rawat G, Pathania R.",,2026,2026-05-20,Y,MED
Q1_protocol_broad,2026-09-05,42304052,PMC13271870,10.1111/acel.70579,The Evolving Landscape of Clinical Aging Clocks: From Epigenetic to Multi-Omics Integration.,"Liu L, Lai Y, Tian C, Huang Y, Hao J, Zhao Y, Chen D, Wu T, Zhou D, Zheng X, Yang H, Yu Z, Li N, Yang J.",,2026,2026-06-01,Y,MED
Q1_protocol_broad,2026-09-05,40933132,PMC12417494,10.3389/fmicb.2025.1626002,Enhanced metagenomic strategies for elucidating the complexities of gut microbiota: a review.,"Li X, Lu H.",,2025,2025-08-26,Y,MED
Q1_protocol_broad,2026-09-05,42345832,PMC13295491,10.3390/biology15120974,The Programmable Microbiome: Integrative AI and Multi-Omics Frameworks for Precision T2DM Management.,"Konwar B, Kim KS.",,2026,2026-06-22,Y,MED
Q1_protocol_broad,2026-09-05,39511309,PMC11544221,10.1038/s41598-024-77947-w,Leveraging large-scale Mycobacterium tuberculosis whole genome sequence data to characterise drug-resistant mutations using machine learning and statistical approaches.,"Pruthi SS, Billows N, Thorpe J, Campino S, Phelan JE, Mohareb F, Clark TG.",,2024,2024-11-07,Y,MED
Q1_protocol_broad,2026-09-05,41223112,PMC12610826,10.1099/mgen.0.001540,Genomic diversity and antimicrobial resistance of &lt;i&gt;Staphylococcus aureus&lt;/i&gt; in Saudi Arabia: a nationwide study using whole-genome sequencing.,"Alarawi MS, Altammami M, Abutarboush M, Kulmanov M, Alkuraithy DM, Kafkas S, Radley R, Abdelhakim M, Aldakhil H, Bawazeer RA, Alolayan MA, Alnafjan BM, Huraysi AA, Almaabadi A, Suliman BA, Aljohani AG, Hemeg HA, Almogbel MS, Alazmi M, Bazaid AS, Abujamel TS, Hashem AM, Al-Zahrani IA, Abdoh MS, Hoban",,2025,2025-11-01,Y,MED
Q1_protocol_broad,2026-09-05,42038316,PMC13106162,10.3389/fphar.2026.1699987,The WHO priority list of antibiotic-resistant bacteria: challenges and opportunities for next-generation antimicrobial development.,"Abdallah EM, Alhudhaibi AM, Dahab M, Al Noman A, Sharma PD, Taha TH, Nawaz M.",,2026,2026-04-10,Y,MED
Q1_protocol_broad,2026-09-05,41988420,PMC13076137,10.3389/fpls.2026.1756809,AI-driven integration and optimization of medicinal plant multi-omics metabolic networks.,"Chen J, Cai J, To Quyen Duong H, Bunsupa S, Han R, Tong X.",,2026,2026-03-31,Y,MED
Q1_protocol_broad,2026-09-05,41764348,PMC13056922,10.1038/s41598-026-41873-w,Predicting FOX gene candidates for oxic nitrogen fixation using multi-omic machine learning and comparative bioinformatics.,"Young J, Gu L, Zhou R.",,2026,2026-02-28,Y,MED
Q1_protocol_broad,2026-09-05,42296384,PMC13318495,10.1093/bioinformatics/btag373,EAGP: an efficient generative augmentation framework for phage protein classification under severe class imbalance.,"Li J, Li H, Wang Y, Zou Q, Zhu H.",,2026,2026-06-01,Y,MED
Q1_protocol_broad,2026-09-05,39962395,PMC11834299,10.1186/s12864-025-11331-4,Inferring Staphylococcus aureus host species and cross-species transmission from a genome-based model.,"Du W, Chen S, Jiang R, Zhou H, Li Y, Ouyang D, Gong Y, Yao Z, Ye X.",,2025,2025-02-17,Y,MED
Q1_protocol_broad,2026-09-05,,PMC13299392,,A Novel Lytic Podovirus AP-20-A Infecting Sinorhizobium meliloti: Mosaic Genome with Cross-Phylum Homology and Implications for Inoculant Establishment,"Kozlova A, Roumiantseva M, Saksaganskaia A, Vladimirova M, Muntyan V, Gorbunova M, Gorshkov A.",,2026,2026-06-01,Y,PMC
Q1_protocol_broad,2026-09-05,41010359,PMC12471524,10.3390/life15091417,Prophage Activation: An In Silico Platform for Identifying Prophage Regulatory Elements to Inform Phage Engineering Against Drug-Resistant Bacteria.,"Musrrat S, Han Z, Wang K, Huang Y, Xiang Y, Liu S, Yin W.",,2025,2025-09-09,Y,MED
Q1_protocol_broad,2026-09-05,41512299,PMC12857576,10.1093/bioinformatics/btag005,PanForest: predicting genes in genomes using random forests.,"Beavan AJS, Domingo-Sananes MR, McInerney JO.",,2026,2026-01-01,Y,MED
Q1_protocol_broad,2026-09-05,40375280,PMC12083092,10.1186/s13104-025-07269-1,Genomic dataset of multidrug-resistant Klebsiella quasipneumoniae from Indonesia.,"Sari NIP, Yuliandari P, Pramono AK, Tyastuti D, Furqoni AH, Fitriana F, Sunarno S, Setyowati D, Dharmayanti NLPI.",,2025,2025-05-15,Y,MED
Q1_protocol_broad,2026-09-05,41243980,PMC12807682,10.1093/nar/gkaf1083,MicroAgroBiome: a toolkit for exploring specialized metabolism and ecological interactions in rhizosphere microbiomes of cultivated crops.,"Aguilar C, Fontove-Herrera F, Pashkov A, García-Estrada DA, Contreras-Peruyero H, Guerrero-Flores S, Ramírez-Sánchez O, Sélem-Mojica N.",,2026,2026-01-01,Y,MED
Q1_protocol_broad,2026-09-05,42100688,PMC13144036,10.3389/fmicb.2026.1781381,Plant microbiome engineering: from inoculation to genome editing.,"Yadav J, Gehlot P, Soni P, Jain T.",,2026,2026-04-22,Y,MED
Q1_protocol_broad,2026-09-05,41572348,PMC12825282,10.1186/s40168-025-02253-0,Beyond borders: plasmids drive a shared antibiotic resistome in European urban water systems.,"He W, Yu Z, Wu Z, Olesen AK, Madsen JS, Dechesne A, Smets BF, Nesme J, Sørensen SJ.",,2026,2026-01-22,Y,MED
Q1_protocol_broad,2026-09-05,42147320,PMC13176221,10.3389/fphar.2026.1770295,Multi-omic and computational approaches for biomarker discovery and clinical translation in pediatric sepsis.,"Van Nynatten LR, Stranges V, Sahu D, Fraser DD.",,2026,2026-05-01,Y,MED
Q1_protocol_broad,2026-09-05,41002268,PMC12548037,10.1093/bioinformatics/btaf548,GRUMB: a genome-resolved metagenomic framework for monitoring urban microbiomes and diagnosing pathogen risk.,"Aminu S, Ascandari A, Benhida R, Daoud R.",,2025,2025-10-01,Y,MED
Q1_protocol_broad,2026-09-05,41982233,PMC13071930,10.3389/fonc.2026.1771804,Empowering photodynamic therapy with artificial intelligence: current trends and future directions.,"Paul A, Xavierselvan M, Aebisher D, Kubrak T, Bartusik-Aebisher D, Mallidi S.",,2026,2026-03-30,Y,MED
Q1_protocol_broad,2026-09-05,42002763,PMC13224497,10.1186/s13073-026-01657-3,DposFinder: an interpretable transformer model for predicting phage-derived polysaccharide depolymerases and their host capsular serotypes.,"Shen Y, Lun H, Zhang Y, Wang Z, Tai C, Chen X, Song J, He P, Ou HY.",,2026,2026-04-20,Y,MED
Q1_protocol_broad,2026-09-05,41935036,PMC13057109,10.1038/s41467-026-71462-4,Antibiotic resistance gene analyses in microbial communities: challenges and opportunities.,"Larsson DGJ, Flach CF, Kristiansson E.",,2026,2026-04-04,Y,MED
Q1_protocol_broad,2026-09-05,42351878,PMC13295624,10.3390/bioengineering13060633,"Predictive Algal Systems Biology: Integrating Omics, Genome-Scale Metabolic Models, and Machine Learning.","Tec-Campos D, Kumar M, Parra N, Bracamonte A, Castillo-Sanchez A, Pae J, Zuñiga C, Zengler K.",,2026,2026-05-28,Y,MED
Q1_protocol_broad,2026-09-05,41768933,PMC12935917,10.3389/fsysb.2025.1659648,Avian cecal microbiome response and resilience to Newcastle disease are dictated by breed background.,"Ameer A, Saleem F, Keating C, Afzal F, Irshad H, Ahmed K, Sattar S, Ijaz UZ, Javed S.",,2025,2026-02-12,Y,MED
Q1_protocol_broad,2026-09-05,42276012,PMC13276518,10.1016/j.ebiom.2026.106326,IgG4-related disease has a specific intestinal microbiota signature.,"Budzinski L, Beenken AE, Sempert T, Kang GU, Abbas A, Lietz L, Maier R, Mashreghi MF, Chang HD, Alexander T.",,2026,2026-06-11,Y,MED
Q1_protocol_broad,2026-09-05,41372160,PMC12728208,10.1038/s41467-025-66413-4,Differential gut transmission of IncP plasmid clades involving hypervirulent Klebsiella pneumoniae reveals plasmid-specific ecological adaptation.,"Yong M, Low WW, Mishra S, Williams G, Mileto S, Lim C, Chwa C, Oo G, Cheam G, Chen Y, Chung The H, Pham TD, Lyras D, Gan YH.",,2025,2025-12-10,Y,MED
Q1_protocol_broad,2026-09-05,41295140,PMC12653030,10.3390/jof11110759,Cryptic Diversity and Ecological Overlap in &lt;i&gt;Sporothrix schenckii&lt;/i&gt;: Insights from Multilocus Phylogenetics of Clinical and Environmental Isolates.,"Brunner-Mendoza C, Messias Rodrigues A, Duarte-Escalante E, Reyes-Montes MDR, Pérez-Mejía A, Navarro-Barranco H, Calderón-Ezquerro MDC, Toriello C.",,2025,2025-10-22,Y,MED
Q1_protocol_broad,2026-09-05,39532933,PMC11557942,10.1038/s41598-024-78247-z,Early prediction of Mycobacterium tuberculosis transmission clusters using supervised learning models.,"Gharamaleki OG, Colijn C, Sekirov I, Johnston JC, Sobkowiak B.",,2024,2024-11-12,Y,MED
Q1_protocol_broad,2026-09-05,42182528,PMC13196590,10.1093/ismeco/ycag112,Bridging taxonomic gaps in microbial community profiling with LSTM-generated synthetic full-length 16S rRNA sequences.,"Geijo-Fernández J, Pfundner A, Garcia-Perez CA.",,2026,2026-01-01,Y,MED
Q1_protocol_broad,2026-09-05,42104245,PMC13326102,10.1186/s12864-026-12927-0,BSepDB: a database of bacterial selenoprotein genes and proteins.,"Hong Z, Li H, Zhang Y.",,2026,2026-05-08,Y,MED
Q1_protocol_broad,2026-09-05,42147797,PMC13179766,10.2147/jir.s603984,Identification and Validation of ALOX15 as a Robust Diagnostic Biomarker for Obesity-Associated Asthma: An Integrative Bioinformatic and Experimental Study.,"Zhang H, Chen L, Chen H, Zhang K, Chen Z, Chen T.",,2026,2026-05-12,Y,MED
Q1_protocol_broad,2026-09-05,38402870,PMC11221363,10.1159/000538002,Whole Genome Sequencing: Applications in Clinical Bacteriology.,Mustafa AS.,,2024,2024-02-23,Y,MED
Q1_protocol_broad,2026-09-05,41501634,PMC12870312,10.1186/s12864-025-12348-5,Genomic adaptability and virulence of Bacillus anthracis: a machine learning-based pan-genome and comparative analysis.,"Sekar YS, Chellapandi P, Suresh KP, Saranya SV, Papanna M, Gulati BR, Amachawadi RG, Khatoon M, Hemadri D, Archana CA, Rani S, Patil A, Palavesam A, Sagar N, Anand J, Patil SS.",,2026,2026-01-07,Y,MED
Q1_protocol_broad,2026-09-05,42197712,PMC13210926,10.3390/plants15101578,Deciphering Cell-Type-Specific Transcriptional Regulation in Tomato Leaves Through Ensemble Machine Learning and Single-Cell Transcriptomics.,"Shen H, Liu W, Li Y, He Z, Yang Z, Hu Z, Wu T.",,2026,2026-05-21,Y,MED
Q1_protocol_broad,2026-09-05,42267194,PMC13244267,10.20517/cdr.2026.27,Deep spatial proteomics reveals a suppressive immune niche linked to immune evasion in renal cell carcinoma.,"Zhang Y, Zhu Y, Liu Z, Li H, Zhong B, Cui X, Kong Y, Lu H.",,2026,2026-05-19,Y,MED
Q1_protocol_broad,2026-09-05,42511801,PMC13411769,10.3390/ijms27146458,Deciphering Stress Resilience in Black Pepper (&lt;i&gt;Piper nigrum&lt;/i&gt; L.): From Current Advances to Emerging Opportunities.,"Cheng A, Ee KP.",,2026,2026-07-21,Y,MED
Q1_protocol_broad,2026-09-05,40014930,PMC12100464,10.2460/ajvr.24.10.0314,Antimicrobial minimum inhibitory concentrations can be imputed from phenotypic data using a random forest approach.,"Anil G, Glass J, Mosaddegh A, Cazer CL.",,2025,2025-02-27,Y,MED
Q1_protocol_broad,2026-09-05,41912529,PMC13194874,10.1038/s41597-026-07068-8,Metagenome Sequencing and Recovery of 52 Microbial Genomes from Plastic-Polluted Coastal Sediment.,"Achudhan AB, Narayanan R, Madhavan T.",,2026,2026-03-30,Y,MED
Q1_protocol_broad,2026-09-05,41994058,PMC13080348,10.30476/dentjods.2025.104629.2540,AI-Powered Microscopic Diagnostic Techniques for &lt;i&gt;Candida albicans&lt;/i&gt; Detection: A Systematic Review.,"Shoorgashti R, Jafari F, Lesan S.",,2026,2026-03-01,Y,MED
Q1_protocol_broad,2026-09-05,41334162,PMC12666699,10.3389/fmicb.2025.1698809,"Antimicrobial resistance at a turning point: microbial drivers, one health, and global futures.","Elbehiry A, Marzouk E, Abalkhail A.",,2025,2025-11-17,Y,MED
Q1_protocol_broad,2026-09-05,41088209,PMC12522538,10.1186/s12915-025-02374-w,Advancing virulence factor prediction using protein language models.,"Liu Y, Cao X, Li J, Li T, Li J, Ma X, Chi X, Tang Y, Liu Z, Li H.",,2025,2025-10-14,Y,MED
Q1_protocol_broad,2026-09-05,41933173,PMC13190315,10.1038/s41591-026-04256-2,"Evidence of monkeypox virus clade IIb lineage A.2.2 in the Republic of the Congo and co-circulation of clade Ia, Ib and clade IIb.","Koukouikila-Koussounda F, Kwe Yinda C, Issamou Mayangue P, Aymard Eyenet Boussam D, Golmard Elenga R, Hosanna Lenguiya L, Dzeret Indolo G, Reize Vishnou Ampiri B, Nathalie Macosso L, Judicaël Louzolo I, Samuel Onyakouang I, Exaucé Lyelet Demboux J, Kankou JM, Gilbert Nianga A, Aghokeng AF, Munster V",,2026,2026-04-03,Y,MED
Q1_protocol_broad,2026-09-05,40957402,PMC12539256,10.1016/j.crmeth.2025.101174,"Methods, applications, and computational challenges in bait capture enrichment.","Bravo JE, Newsom KJ, Noyes N, Boucher C.",,2025,2025-09-01,Y,MED
Q1_protocol_broad,2026-09-05,41578371,PMC12836997,10.1186/s13036-025-00616-7,Smartphone-based multispectral autofluorescence analysis of bacteria mixtures of staphylococci using convolutional neural network.,"Reynolds J, Sosnowski K, Carlson C, McGuire TD, Roman W, Yoon JY.",,2026,2026-01-23,Y,MED
Q1_protocol_broad,2026-09-05,40871373,PMC12388624,10.3390/microorganisms13081869,Combating Antimicrobial Resistance: Innovations and Strategies.,Koumaki V.,,2025,2025-08-11,Y,MED
Q1_protocol_broad,2026-09-05,39144214,PMC11322068,10.3389/fmicb.2024.1398886,Toxin-antitoxin system gene mutations driving <i>Mycobacterium tuberculosis</i> transmission revealed by whole genome sequencing.,"Hou Y, Li Y, Tao N, Kong X, Li Y, Liu Y, Li H, Wang Z.",,2024,2024-07-31,Y,MED
Q1_protocol_broad,2026-09-05,41408707,PMC12815263,10.1093/ismejo/wraf267,Everything is everywhere but Escherichia coli adapts to different niches.,"Monteith W, Krisna MA, Garcias B, Cummins EA, Kelly DJ, Taylor AJ, Sheppard SK.",,2026,2026-01-01,Y,MED
Q1_protocol_broad,2026-09-05,41011355,PMC12471753,10.3390/microorganisms13092023,Pathoadapative Genomic Determinants of &lt;i&gt;Staphylococcus aureus&lt;/i&gt; Community Skin Infections and Nasal Colonization.,"Black CA, So W, Benavides R, Mercer JA, Dallas SS, Shurko JF, Bandy SM, Encino BA, Lipscomb JS, Vargus A, Frei CR, Lee GC.",,2025,2025-08-29,Y,MED
Q1_protocol_broad,2026-09-05,41401080,PMC12707824,10.7554/elife.104975,Lifestyles shape genome size and gene content in fungal pathogens.,"Fijarczyk A, Hessenauer P, Hamelin R, Landry CR.",,2025,2025-12-16,Y,MED
Q1_protocol_broad,2026-09-05,41926667,PMC13205903,10.1002/advs.202516931,Maternal Preconception Antibiotic Exposure Disrupts Microbial Succession: A Transgenerational Risk for Offspring Gut Mucosal Immaturity and Colitis Susceptibility.,"Chen Y, Duan R, Zhang C, Li G, Ji X, Zhang Q, Pei F, Wang K, Duan L.",,2026,2026-04-02,Y,MED
Q1_protocol_broad,2026-09-05,42394846,PMC13327610,10.1002/mlf2.70089,Rapid and quantitative phage susceptibility test by ramanome.,"Han X, Wan X, Zhou Y, Fu X, Zheng X, Gao B, Huang S, Ge A, Huang J, Lu H, Xu J.",,2026,2026-05-21,Y,MED
Q1_protocol_broad,2026-09-05,42474943,PMC13384037,10.1002/advs.76541,Multi-regional Organoid Biobank Reveals FAK-ACSL1-Driven Doxorubicin-Resistance and Predictive Biomarkers in Breast Cancer.,"Xu H, Qin Z, Yang J, Zhang B, Cao M, Wang P, Wang Z, Cheng J, Wang L, Liu H, Yang H.",,2026,2026-07-20,Y,MED
Q1_protocol_broad,2026-09-05,41328162,PMC12664985,10.1016/j.patter.2025.101373,Pan-microalgal dark proteome mapping via interpretable deep learning and synthetic chimeras.,"Nelson DR, Jaiswal AK, Samir Ismail N, Mystikou A, Salehi-Ashtiani K.",,2025,2025-09-24,Y,MED
Q1_protocol_broad,2026-09-05,42059635,PMC13188855,10.1128/aem.01586-25,Interpretable convolutional neural networks for sequence-based classification and discovery of plastic-degrading enzymes.,"Lee W-H, Dumontet L, Jung K, Lee H, Thapa G, Oh T-J, Kang M.",,2026,2026-04-30,Y,MED
Q1_protocol_broad,2026-09-05,42212825,PMC13343854,10.1128/mbio.00741-26,&lt;i&gt;Lactobacillus&lt;/i&gt; shapes LPS-reservoir modules within the gut microbiota to mitigate atrial fibrillation.,"Wang X, Wang X, Xu S, Zheng J, Pang Y, Cheng T, Han R, Zhao W, Huang Z.",,2026,2026-05-29,Y,MED
Q1_protocol_broad,2026-09-05,42054466,PMC13127573,10.1126/sciadv.aec1406,Plant-associated fungi co-opt ancient antimicrobials for host manipulation.,"Mesny F, Wolf V, López-Moral A, Kraege A, Punt W, Liu S, Zhu J, Park J, Sato Y, Thomma BPHJ.",,2026,2026-04-29,Y,MED
Q1_protocol_broad,2026-09-05,41847557,PMC12990374,10.1016/j.crfs.2026.101379,Genotypic and phenotypic strategies to detect antibiotic resistance in foodborne pathogens along the food processing chain.,"He Y, Zhao J, Xu X, Hou X, Chen Y, Shang Y, Xiang X.",,2026,2026-03-13,Y,MED
Q1_protocol_broad,2026-09-05,41752202,PMC12940901,10.3390/ijms27042068,"Microbiome-Genome Crosstalk in Colorectal Cancer: Colibactin Signatures and &lt;i&gt;Fusobacterium nucleatum&lt;/i&gt; in Epidemiology, Driver Selection, and Translation.",Jung S.,,2026,2026-02-23,Y,MED
Q1_protocol_broad,2026-09-05,40434822,PMC12120143,10.1099/mic.0.001564,From air to insight: the evolution of airborne DNA sequencing technologies.,"Berelson MFG, Heavens D, Nicholson P, Clark MD, Leggett RM.",,2025,2025-05-01,Y,MED
Q1_protocol_broad,2026-09-05,38274998,PMC10809114,10.1016/j.csbj.2023.12.041,Predicting antimicrobial resistance in <i>E. coli</i> with discriminative position fused deep learning classifier.,"Jin C, Jia C, Hu W, Xu H, Shen Y, Yue M.",,2024,2023-12-29,Y,MED
Q1_protocol_broad,2026-09-05,42597889,,10.1016/j.engmic.2026.100292,SuSha: A multi-model ensemble learning framework for predicting microbial salinity adaptation.,"Ren S, Ren S, Chen H, Zhang W, Zhang T, Chong H, Wang Z, Cao W, Yong X, Zhou J.",,2026,2026-07-06,N,MED
Q1_protocol_broad,2026-09-05,40833080,PMC12502611,10.1128/spectrum.03033-24,Predicting hydrocarbon presence in marine cold seep sediments using machine learning models trained with benthic bacterial 16S rRNA taxonomy.,"Khan R, Bhardwaj T, Li C, Chakraborty A, Seoane JM, Brooks JM, Bernard BB, MacDonald A, MacAdam N, Campbell C, Fowler M, Hubert CRJ.",,2025,2025-08-20,Y,MED
Q1_protocol_broad,2026-09-05,41683797,PMC12897619,10.3390/ijms27031365,"Mining the Hidden Pharmacopeia: Fungal Endophytes, Natural Products, and the Rise of AI-Driven Drug Discovery.","Al Shami R, Mousa WK.",,2026,2026-01-29,Y,MED
Q1_protocol_broad,2026-09-05,41898797,PMC13025914,10.3390/genes17030263,High-Resolution Microbial Fingerprinting for Forensic Individual Identification: A Proof-of-Concept Study Integrating 2bRAD-M and Hierarchical Attention Network.,"Li H, Yu Z, Wu Z, Lin Y, Liu T, Liu Y, An J, Zhao J, Liu Y, Ma X, Wang H.",,2026,2026-02-26,Y,MED
Q1_protocol_broad,2026-09-05,41545549,PMC12891679,10.1038/s41598-026-36508-z,In vitro effects of Bacillus velezensis strain Mandacaium against Xanthomonas citri pv. glycines: genomic and metabolomic insights.,"Correa JL, Santos ACC, Cerqueira RC, Dos Santos AR, Cassemiro NS, Carollo CA, Rodrigues TS, Bonetti AM, Tebaldi ND, Ueira-Vieira C.",,2026,2026-01-16,Y,MED
Q1_protocol_broad,2026-09-05,42559249,PMC13439738,10.3389/fphar.2026.1897593,"Efflux pump overexpression in fluoroquinolone multidrug resistance: molecular mechanisms, PK/PD implications, global epidemiology, and translational strategies.","Alhowail AH, Almogbel YS.",,2026,2026-07-22,Y,MED
Q1_protocol_broad,2026-09-05,38472956,PMC10930720,10.3390/diagnostics14050484,Harnessing of Artificial Intelligence for the Diagnosis and Prevention of Hospital-Acquired Infections: A Systematic Review.,"Baddal B, Taner F, Uzun Ozsahin D.",,2024,2024-02-23,Y,MED
Q1_protocol_broad,2026-09-05,41304894,PMC12655502,10.3390/ph18111649,Pattern Recognition Algorithms in Pharmacogenomics and Drug Repurposing-Case Study: Ribavirin and Lopinavir.,"Calvo H, Islas-Díaz D, Hernández-Laureano E.",,2025,2025-10-31,Y,MED
Q1_protocol_broad,2026-09-05,41449406,PMC12849144,10.1186/s13041-025-01269-9,"Early autism detection: a review of emerging technologies, biomarkers, and explainable AI approaches.","Agrawal R, Agrawal R.",,2025,2025-12-25,Y,MED
Q1_protocol_broad,2026-09-05,41836398,PMC12982374,10.3389/fimmu.2026.1795736,"The intratumoral microbiome in colorectal cancer: origins, microenvironmental interactions, and new horizons in precision medicine.","Li X, Wang Q, Yuan Q, Wang L.",,2026,2026-02-27,Y,MED
Q1_protocol_broad,2026-09-05,,,10.1101/2025.09.12.675231,Mapping the Phenotypic Landscape of Beta-lactam Resistance in Streptococcus pneumoniae,"Balmer AJ, Murray GGR, Lo SW, Restif O, Weinert LA.",,2025,2025-09-16,Y,PPR
Q1_protocol_broad,2026-09-05,40133041,PMC11950287,10.3201/eid3104.241172,Attribution of Salmonella enterica to Food Sources by Using Whole-Genome Sequencing Data.,"Rose EB, Steele MK, Tolar B, Pettengill J, Batz M, Bazaco M, Tameru B, Cui Z, Lindsey RL, Simmons M, Chen J, Posny D, Carleton H, Bruce BB.",,2025,2025-04-01,Y,MED
Q1_protocol_broad,2026-09-05,39717273,PMC11663915,10.3389/fmicb.2024.1507537,Machine learning-enhanced assessment of potential probiotics from healthy calves for the treatment of neonatal calf diarrhea.,"Zhai Y, Kim M, Fan P, Rajeev S, Kim SA, Driver JD, Galvão KN, Boucher C, Jeong KC.",,2024,2024-12-09,Y,MED
Q1_protocol_broad,2026-09-05,42028241,PMC13099358,10.1016/j.crmicr.2026.100590,Unexplored biosynthetic gene clusters in bacteria isolated from Brazilian stingless bee honey with activity against multidrug-resistant pathogens.,"Silva JFMD, Matos CFR, Moura LM, Tavares JPDC, Silva PTAE, Oliveira PP, de Paula GF, Sunnerhagen P, Brocchi M, Bilsland E.",,2026,2026-04-01,Y,MED
Q1_protocol_broad,2026-09-05,42358624,PMC13291547,10.3389/fbinf.2026.1765216,A dual functional inhibitory molecule to combat GyrA-ParC and associated mutants in fluoroquinolone-resistant &lt;i&gt;Shigella flexneri&lt;/i&gt; causing shigellosis: an ML guided and quantum simulation-based &lt;i&gt;in silico&lt;/i&gt; approach.,"Ghosh S, Ramaiah S.",,2026,2026-06-10,Y,MED
Q1_protocol_broad,2026-09-05,41140269,PMC12555457,10.1093/jac/dkaf314,Applications and benefits of the British Society for Antimicrobial Chemotherapy Resistance Surveillance Project-legacy and future.,"Parcell BJ, Horner C, Reynolds R, Allen M, Longshaw C, Livermore DM, MacGowan AP.",,2025,2025-10-01,Y,MED
Q1_protocol_broad,2026-09-05,41527012,PMC12865950,10.1186/s13195-025-01941-1,Dysbiotic shift in the oral microbiota of patients with Alzheimer's disease compared to their healthy life partners-a combinatorial approach and a paired study design.,"Weber C, Wind D, Petzsch P, Supprian T, Dilthey A, Christl J, Finzer P.",,2026,2026-01-13,Y,MED
Q1_protocol_broad,2026-09-05,42403429,PMC13328364,10.3389/fdgth.2026.1841706,Artificial intelligence for predicting and preventing adverse pregnancy outcomes addressing bias and clinical translation.,"Bashir SG, Salad HA, Abdullahi YB, Abdi YH, Abdi MS, Ahmed NI, Saidu Musa S, Elehamer NMK, Musa MK, Bolarinwa O, Dada O.",,2026,2026-06-19,Y,MED
Q1_protocol_broad,2026-09-05,42422065,PMC13341293,10.3389/fphar.2026.1837055,Machine learning-driven discovery of antimicrobial peptides against &lt;i&gt;Pseudomonas aeruginosa&lt;/i&gt;.,"Zhang Y, Sun X, Li H, Li D, Yu C, Zhao B, Zhou Y, Zhu YZ, Zhao R.",,2026,2026-06-24,Y,MED
Q1_protocol_broad,2026-09-05,41958479,PMC13061156,10.1093/ve/veag009,Sequence based virus host prediction: a curated dataset and generalizable framework for training artificial intelligence to identify viruses of humans.,"Carbajo AL, Vensko TA, Pellett PE.",,2026,2026-02-20,Y,MED
Q1_protocol_broad,2026-09-05,42109769,PMC13150532,10.3897/imafungus.17.185187,Interpreting fungal ecological contributions through taxonomic and functional profiling of metatranscriptomics.,"Hu W, Hu J, Wang Z, Wang H.",,2026,2026-04-29,Y,MED
Q1_protocol_broad,2026-09-05,40938972,PMC12445494,10.1371/journal.pntd.0013533,Whole genome sequencing of Yersinia pestis isolates from Central Asian natural plague foci revealed the role of adaptation to different hosts and environmental conditions in shaping specific genotypes.,"Abdirassilova AA, Yessimseit DT, Kassenova AK, Abdeliyev BZ, Zhumadilova ZB, Tokmurziyeva GZ, Kovaleva GG, Abdel ZZ, Meka-Mechenko TV, Umarova SK, Begimbayeva EZ, Agzam SD, Motin VL, Reva ON, Rysbekova AK.",,2025,2025-09-12,Y,MED
Q1_protocol_broad,2026-09-05,41354681,PMC12789584,10.1038/s41467-025-67047-2,Tissue-resident microbiota impacts colorectal cancer progression and prognosis.,"Shi Z, Ren H, Lin C, Li F, Wu M, Yang F, Luo T, Nunes L, Isaksson A, Hammarström K, Zhu T, Zhu S, Zhong Y, Ljuslinder I, Uhlén M, Palmqvist R, Glimelius B, Wu K, Sjöblom T, Zhong H.",,2025,2025-12-07,Y,MED
Q1_protocol_broad,2026-09-05,42292361,PMC13253461,10.3389/fimmu.2026.1734832,Etiological study of pulmonary infections following solid organ transplantation using metagenomic next-generation sequencing and development of a risk prediction model: a retrospective cohort study.,"Jiang H, Lu E, Liu Q, Li Z, Zhu Y.",,2026,2026-05-28,Y,MED
Q1_protocol_broad,2026-09-05,40792105,PMC12336193,10.3389/fcimb.2025.1591076,Exploring fecal microbiota signatures associated with immune response and antibiotic impact in NSCLC: insights from metagenomic and machine learning approaches.,"Han W, Zhou Y, Wang Y, Liu X, Sun T, Xu J.",,2025,2025-07-28,Y,MED
Q1_protocol_broad,2026-09-05,42389146,PMC13318963,10.3389/fgeed.2026.1805932,"An evolutionary genomic perspective on preterm birth, genome editing, and pregnancy in the human species.","Obeng AA, Uddin M, Wang C, Wildman DE.",,2026,2026-06-17,Y,MED
Q1_protocol_broad,2026-09-05,41301486,PMC12650511,10.3390/biom15111569,Tea-Residue-Derived &lt;i&gt;Klebsiella pneumoniae&lt;/i&gt; CGMCC 31459: Genomic Insights and Antioxidant Activity of Its Exopolysaccharides.,"Wang Y, Shi S, Lin M, Zhang G, Fang L, Li J, Geng R, Zheng Y, Hao L.",,2025,2025-11-07,Y,MED
Q1_protocol_broad,2026-09-05,42069597,PMC13188342,10.1186/s12967-026-08197-9,"A pan-viral map of host dependency factors from multi-omics integration and machine learning across influenza A, SARS-CoV-2, Zika, and dengue viruses.","Naseri M, Hiemisch A, Dietz A, Oswald M, Koenig R.",,2026,2026-05-02,Y,MED
Q1_protocol_broad,2026-09-05,41533724,PMC12803441,10.1049/syb2.70056,Machine Learning-based Diagnostic Potential of Bipolar Disorder Using Gut Microbiota Signatures.,"Li H, Jin YT, Ye DX, Liu Q, Su X, Zhang HQ, Yang H.",,2026,2026-01-01,Y,MED
Q1_protocol_broad,2026-09-05,41480107,PMC12753994,10.3389/fmicb.2025.1680686,Integrated &lt;i&gt;in silico&lt;/i&gt;-&lt;i&gt;in vitro&lt;/i&gt; and pharmacokinetic profiling of &lt;i&gt;Thymus vulgaris&lt;/i&gt;-derived metabolites targeting multidrug resistance pathways in extensively drug-resistant &lt;i&gt;Acinetobacter baumannii&lt;/i&gt; (muks92).,"Abdulkareem AH, Mukhles Ahmed M, Abed Latef Al-Meani S, Abdulkareem EH.",,2025,2025-12-17,Y,MED
Q1_protocol_broad,2026-09-05,42453733,PMC13365033,10.3389/fpls.2026.1873747,"Beyond static snapshots: predicting dynamic, explainable intermediate phenotypes for climate-resilient crop breeding.","Jiang S, Yan J.",,2026,2026-06-30,Y,MED
Q1_protocol_broad,2026-09-05,42193025,PMC13204830,10.3390/cancers18101668,From Traditional Risk Factors to Machine Learning Models: Advancing the Prediction of Anastomotic Leak and Other Major Complications in Colorectal Cancer Surgery.,"Tsokkou S, Konstantinididis N, Konstantinidis I, Konstantinidis I, Papakonstantinou M, Alexandris F, Tokou D, Kotsani K, Alexandrou D, Giakoustidis D, Giakoustidis A, Papadopoulos V, Bangeas P.",,2026,2026-05-21,Y,MED
Q1_protocol_broad,2026-09-05,41835196,PMC12988785,10.2147/idr.s589797,Development and Validation of a Predictive Model for Surgical Site Infection in Open Hand Injuries.,"Nie X, Wang G, Ba Y, Zhao H, Chen Y, Wang W, Wang J, Lu T.",,2026,2026-03-10,Y,MED
Q1_protocol_broad,2026-09-05,41310118,PMC12660777,10.1038/s42003-025-09111-7,Bile acids segregate metabolic syndrome in a cohort of 100 deeply phenotyped horses.,"Donnelly CG, Peng S, Pflieger L, Manfredi J, Coleman M, Rappaport N, Price ND, Finno CJ.",,2025,2025-11-27,Y,MED
Q1_protocol_broad,2026-09-05,41786734,PMC13125666,10.1038/s41467-026-70233-5,Dominance and natural suppression of bacterial plant pathogens across global soils.,"Gao M, Delgado-Baquerizo M, Xiong C, Sáez-Sandino T, Wang J, Liang J, Guirado E, Muñoz-Rojas M, Román R, Maestre FT, Singh BK.",,2026,2026-03-06,Y,MED
Q1_protocol_broad,2026-09-05,41743030,PMC12931382,10.1016/j.bsheal.2025.12.005,Containment of antimicrobial resistance for strengthening global public health security: Biorisk management perspectives.,"Asadulghani M, Griffith NK, Arndt W.",,2026,2025-12-27,Y,MED
Q1_protocol_broad,2026-09-05,41968103,PMC13201069,10.1093/femsre/fuag017,Epigenetic regulation and antimicrobial resistance: functional roles of DNA methylation.,"Daaboul R, El Hayek E, Sarraf F, Yazbek C, Yazbek C, Al Khoury C, Tokajian S.",,2026,2026-01-01,Y,MED
Q1_protocol_broad,2026-09-05,42176206,PMC13379446,10.1007/s00449-026-03347-1,10 years of CRISPR/CAS genomic engineering in Yarrowia lipolytica.,"Dias RG, Freitas FPM, Barbosa SL, Assis JVMG, Entringer TL, Fonseca JSC, Romanizio ME, Pimentel BBZ, Campos-Galvão MEM, Vieira NM, Fietto LG, Zsögön A, da Silveira WB.",,2026,2026-05-23,Y,MED
Q1_protocol_broad,2026-09-05,42393826,PMC13336302,10.1080/19490976.2026.2693365,Early risk stratification of late-onset sepsis in very preterm infants by intestinal microbiota profiling: a multicenter case-control validation study.,"Frerichs NM, de Kroon RR, van Schajik Y, El Manouni El Hassani S, van Wesemael AJ, de Boode WP, Cossey V, Hulzebos CV, van den Akker CHP, Raets MMA, d'Haens EJ, Vijlbrief D, van Weissenbruch MM, de Jonge WJ, de Boer NK, van Goudoever JB, Beggs AD, Quraishi MN, Quraishi MN, Davids M, Mondal S, Acharj",,2026,2026-07-02,Y,MED
Q1_protocol_broad,2026-09-05,40100535,PMC11917392,10.1111/1751-7915.70131,Microbial Technologies Enhanced by Artificial Intelligence for Healthcare Applications.,"Yu T, Chae M, Wang Z, Ryu G, Kim GB, Lee SY.",,2025,2025-03-01,Y,MED
Q1_protocol_broad,2026-09-05,42499546,PMC13395675,10.3389/fcimb.2026.1815707,Cross-sectional gut microbiota and serum metabolite differences across clinically defined groups in colorectal cancer.,"Jiang Z, Li L, Long Q, Guo W, Wang M, Li X, Li J, Yi Y.",,2026,2026-07-10,Y,MED
Q1_protocol_broad,2026-09-05,42437815,PMC13357572,10.1007/s00122-026-05267-w,Unraveling the complexity of the oilseed rape genome: from sequencing to gene discovery for trait improvement.,"Ma W, Chen M, Jiang L.",,2026,2026-07-12,Y,MED
Q1_protocol_broad,2026-09-05,41342170,PMC12342693,10.2196/70709,Stacked Deep Learning Ensemble for Multiomics Cancer Type Classification: Development and Validation Study.,"Ameen A, Alganmi N, Bajnaid N.",,2025,2025-08-12,Y,MED
Q1_protocol_broad,2026-09-05,41758556,PMC12948150,10.1099/mgen.0.001631,Nanopore long-read-only genome assembly of clinical Enterobacterales isolates is complete and accurate.,"Nagy D, Pennetta V, Rodger G, Hopkins K, Jones CR, The Neksus Consortium, Hopkins S, Crook D, Walker AS, Robotham J, Hopkins KL, Ledda A, Williams D, Hope R, Brown CS, Stoesser N, Lipworth S.",,2026,2026-02-01,Y,MED
Q1_protocol_broad,2026-09-05,41808840,PMC12967935,10.3389/fimmu.2026.1732079,"Artificial intelligence-enabled multi-omics biomarkers for immune checkpoint blockade: mechanisms, predictive modeling, and clinical translation.","Wang X, Xiong D, Cui S, Duan B, Ding G, Huang Y, Wang Q.",,2026,2026-02-23,Y,MED
Q1_protocol_broad,2026-09-05,39419051,PMC11771477,10.1016/s2666-5247(24)00169-1,Genomic cluster formation among invasive group A streptococcal infections in the USA: a whole-genome sequencing and population-based surveillance study.,"Li Y, Rivers J, Mathis S, Li Z, Chochua S, Metcalf BJ, Beall B, McGee L.",,2024,2024-10-15,Y,MED
Q1_protocol_broad,2026-09-05,42440521,PMC13333511,10.3389/fimmu.2026.1854213,"Host-microbiome-immune disequilibrium in oral disease: mechanisms, dysbiosis, and precision therapeutics.","Lv M, Xu W, Wang T, Mou K, Ni Z, Tu Q, Zhang J, Wu X, Song S, Cheng G.",,2026,2026-06-22,Y,MED
Q1_protocol_broad,2026-09-05,42108498,PMC13330141,10.1186/s41065-026-00687-6,E2F2 and TFDP1 as novel systemic lupus erythematosus (SLE) diagnostic markers and therapeutic targets based on machine learning and experimental study.,"Pan Q, Yu X, Zhu J, Zheng X.",,2026,2026-05-11,Y,MED
Q1_protocol_broad,2026-09-05,41663438,PMC12887025,10.1038/s41598-025-33445-1,AntiPan: a genome-informed in silico pipeline for advancing subunit vaccine discovery against Staphylococcus aureus.,"Ibrahim MS, Fahmy JA, Helal MA, Hakim FT, Sidarous LR, Attallah NE, Abouelhadid S, Elhadidy M, Badr E.",,2026,2026-02-09,Y,MED
Q1_protocol_broad,2026-09-05,41507362,PMC13342496,10.1038/s41418-025-01648-8,Omics-based decoding of molecular and metabolic crosstalk in the skin barrier ecosystem.,"Elettrico L, Piacenti G, Levra Levron C, Ansai O, Croce A, Duval C, Proserpio V, Donati G.",,2026,2026-01-08,Y,MED
Q1_protocol_broad,2026-09-05,,,10.21203/rs.3.rs-8724320/v1,"Shotgun metagenomic profiling of bacterial microbiomes, metagenome-assembled genomes and antimicrobial resistance in respiratory and blood samples from Gambian children with pneumonia","Khan D, Espinoza JL, Tientcheu P, Otchere ID, Mohammed NI, Worwui A, Nicol MP, Kwambana-Adams B, Antonio M, Dupont CL.",,2026,2026-04-08,Y,PPR
Q1_protocol_broad,2026-09-05,40750847,PMC12315386,10.1186/s12864-025-11863-9,PGBTR: a powerful and general method for inferring bacterial transcriptional regulatory networks.,"Gu WC, Ma BG.",,2025,2025-08-01,Y,MED
Q1_protocol_broad,2026-09-05,40134787,PMC11933091,10.3389/fcimb.2025.1490183,Genomic epidemiology and public health implications of zoonotic monophasic &lt;i&gt;Salmonella&lt;/i&gt; Typhimurium ST34.,"Wu X, Du J, Zhou X, Peng X, Jia C, Wang B, Wu B, Li Y, Yue M.",,2025,2025-03-11,Y,MED
Q1_protocol_broad,2026-09-05,41984912,PMC13082449,10.2196/86058,The Gut Bacterial Resistome in the First Two Years of Life: Protocol for a Longitudinal Observational Birth Cohort Study.,"Fri J, Njanje I, Mahopo TC, Mavhandu-Ramarumo LG, Bessong PO, Microbiome and Antimicrobial Resistance Collaborators.",,2026,2026-04-15,Y,MED
Q1_protocol_broad,2026-09-05,38799770,PMC11126350,10.1155/2024/6612162,Advancements in Predictive Microbiology: Integrating New Technologies for Efficient Food Safety Models.,"Taiwo OR, Onyeaka H, Oladipo EK, Oloke JK, Chukwugozie DC.",,2024,2024-05-17,Y,MED
Q1_protocol_broad,2026-09-05,40483351,PMC12145430,10.1038/s42003-025-08313-3,"Predicting bacterial phenotypic traits through improved machine learning using high-quality, curated datasets.","Koblitz J, Reimer LC, Pukall R, Overmann J.",,2025,2025-06-07,Y,MED
Q1_protocol_broad,2026-09-05,41300391,PMC12650632,10.3390/biology14111601,Towards a Research Programme Aiming at Causes and Consequences of Reticulate Evolution.,Oberprieler C.,,2025,2025-11-15,Y,MED
Q1_protocol_broad,2026-09-05,42245511,PMC13229862,10.3389/fmicb.2026.1806062,"Laboratory tests for bovine respiratory bacteria and antimicrobial resistance in commercial feedlot cattle: comparing culture, long-read metagenomics, and recombinase polymerase amplification.","Otto SJG, McLeod L, McCarthy EL, Funk T, Lacoste SR, Chai Z, Links MG, Barlow LD, Gow SP, Ramsay D, Zaheer R, McAllister TA, Stothard P, Hill JE, Waldner CL.",,2026,2026-05-20,Y,MED
Q1_protocol_broad,2026-09-05,40905913,PMC12458679,10.1021/acs.jcim.5c00916,PhyCysID: Plant Cystatin Protein Prediction by an Artificial Intelligence Approach.,"Aqil S, Cadavid IC, Rodrigues NF, Balbinott N, Zanatta G, Margis R.",,2025,2025-09-04,Y,MED
Q1_protocol_broad,2026-09-05,42376319,PMC13310921,10.3389/fcimb.2026.1828012,Metagenomic analysis of human feces reveals gut microbiome role in colorectal cancer.,"Gu Z, Tan Q, Mao D, Zhang Y, Wang Y, He D, Chen S.",,2026,2026-06-15,Y,MED
Q1_protocol_broad,2026-09-05,,PMC13296792,,Increased abundance of Limosilactobacillus reuteri in the gut of selectively bred high-tameness mice and its association with behavioural changes,,,2026,2026-06-01,Y,PMC
Q1_protocol_broad,2026-09-05,40662835,PMC12261485,10.1093/bioinformatics/btaf232,Leveraging large language models to predict antibiotic resistance in Mycobacterium tuberculosis.,"Testagrose C, Pandey S, Serajian M, Marini S, Prosperi M, Boucher C.",,2025,2025-07-01,Y,MED
Q1_protocol_broad,2026-09-05,41038840,PMC12491483,10.1038/s41467-025-63861-w,Unlocking data in Klebsiella lysogens to predict capsular type-specificity of phage depolymerases.,"Concha-Eloko R, Beamud B, Domingo-Calap P, Sanjuán R.",,2025,2025-10-02,Y,MED
Q1_protocol_broad,2026-09-05,42272754,PMC13247438,10.3389/fcimb.2026.1779298,Integrative metagenomic and metabolomic analysis reveals a gut microbiota-metabolite-immune axis in pediatric allergic rhinitis with functional constipation.,"Wu H, Shi L, Wang C, Liang Y, Huang C.",,2026,2026-05-26,Y,MED
Q1_protocol_broad,2026-09-05,41561082,PMC12812873,10.3389/fcimb.2025.1726881,"Genomic insights into antibiotic resistance, virulence traits and phylogenetic lineages of 141 clinical &lt;i&gt;Helicobacter pylori&lt;/i&gt; isolates from Eastern China.","Wang P, Zhao J, Lv B, Zhang X, Li M, Chen S, Fan B, Wang W.",,2025,2026-01-05,Y,MED
Q1_protocol_broad,2026-09-05,41677703,PMC12896672,10.3390/biology15030232,Genomic and Functional Characterization of Lytic &lt;i&gt;Tlsvirus&lt;/i&gt; Bacteriophages Targeting &lt;i&gt;Salmonella&lt;/i&gt; Infantis Isolated from Poultry Farms in Ecuador.,"Sevilla-Navarro S, Gómez-Cano IS, Castillo-Beckmann I, Ballaz S, Debut A, Fernández-Moreira E.",,2026,2026-01-26,Y,MED
Q1_protocol_broad,2026-09-05,41463766,PMC12730012,10.3390/antibiotics14121264,"Safe Meat, Smart Science: Biotechnology's Role in Antibiotic Residue Removal.","Novakovic J, Milosavljevic I, Stepanova M, Ramenskaya G, Jeremic N.",,2025,2025-12-15,Y,MED
Q1_protocol_broad,2026-09-05,40282370,PMC12027452,10.3390/genes16040411,Biological Prior Knowledge-Embedded Deep Neural Network for Plant Genomic Prediction.,"Ye C, Li K, Sun W, Jiang Y, Zhang W, Zhang P, Hu YJ, Han Y, Li L.",,2025,2025-03-31,Y,MED
Q1_protocol_broad,2026-09-05,42221843,PMC13220902,10.2147/ijgm.s606433,IL18 Works Like a Two-Side Coin in Acute Pancreatitis.,"Zhou K, Liu L, Bao J, Wang C, Wang X, Jiang W, Wan R.",,2026,2026-05-25,Y,MED
Q1_protocol_broad,2026-09-05,39816256,PMC11732175,10.3389/frabi.2024.1405296,A machine learning-based strategy to elucidate the identification of antibiotic resistance in bacteria.,"Parthasarathi KTS, Gaikwad KB, Rajesh S, Rana S, Pandey A, Singh H, Sharma J.",,2024,2024-06-18,Y,MED
Q1_protocol_broad,2026-09-05,41645295,PMC12977696,10.1186/s13059-026-03983-6,FungiGuard: identification of plant antifungal peptides with artificial intelligence.,"Li X, Fang Y, Wu Y, Yu X.",,2026,2026-02-06,Y,MED
Q1_protocol_broad,2026-09-05,38257961,PMC10819212,10.3390/microorganisms12010134,Predicting <i>Salmonella</i> MIC and Deciphering Genomic Determinants of Antibiotic Resistance and Susceptibility.,"Ayoola MB, Das AR, Krishnan BS, Smith DR, Nanduri B, Ramkumar M.",,2024,2024-01-10,Y,MED
Q1_protocol_broad,2026-09-05,40866484,PMC12391561,10.1038/s41598-025-17123-w,"The effect of taxonomic, host-dependent features and sample bias on virus host prediction using machine learning and short sequence k-mers.","Perelygin FS, Lukashev AN, Aleshina YA.",,2025,2025-08-27,Y,MED
Q1_protocol_broad,2026-09-05,40758414,PMC12321203,10.1099/mgen.0.001459,How to measure bacterial genome plasticity? A novel index helps gather insights on pathogens.,"Bellinzona G, Biffignandi GB, Brilli M, Baldanti F, Sassera D, Gaiarsa S.",,2025,2025-08-01,Y,MED
Q1_protocol_broad,2026-09-05,42179456,PMC13196476,10.1016/j.nmni.2026.101759,Metabolomics and Artificial Intelligence (AI) assisted metabolomics in the diagnosis of non-tuberculous mycobacterial infections: progress and challenges.,"Murthy MK, Gupta VK, Maurya AP.",,2026,2026-05-07,Y,MED
Q1_protocol_broad,2026-09-05,40788141,PMC12424335,10.1128/mra.00452-25,Draft genome sequence of &lt;i&gt;Enterobacter hormaechei&lt;/i&gt; HKEH-1 isolated from a diabetic patient's blood.,"Ding M, Foong WE, Huang J, Tam H-K.",,2025,2025-08-11,Y,MED
Q1_protocol_broad,2026-09-05,,,10.1101/2025.09.13.675356,Antimicrobial Resistance Prediction in  <i>Salmonella enterica</i>  Using Frequency Chaos Game Representation and ResNet-18,"Ismail SM, Fayed SH.",,2025,2025-09-17,N,PPR
Q1_protocol_broad,2026-09-05,39070267,PMC11272472,10.3389/fmicb.2024.1437602,Artificial intelligence tools for the identification of antibiotic resistance genes.,"Olatunji I, Bardaji DKR, Miranda RR, Savka MA, Hudson AO.",,2024,2024-07-12,Y,MED
Q1_protocol_broad,2026-09-05,41551652,PMC12808345,10.3389/fmicb.2025.1697206,Gut microbiota and traumatic brain injury: insights from an antibiotic-free cohort.,"Wu H, Huo Y, Fang W, Guo J, Wang X, Su L, Cheng G.",,2025,2026-01-02,Y,MED
Q1_protocol_broad,2026-09-05,41789894,PMC13011395,10.1128/msystems.01400-25,Gut virome and metabolic associations in patients with acute pancreatitis.,"Liu M, Wang L, Liu J, Yuan Q, Zhang Y, Wu S, Zhang Y, Guo R, Zhang Y, Lu T, Yan Q, Li S, Xing G, Dong B, Zheng N.",,2026,2026-03-06,Y,MED
Q1_protocol_broad,2026-09-05,40812589,PMC13131408,10.1016/j.jare.2025.08.017,Microbiome-metabolome generated bile acids gatekeep infliximab efficacy in Crohn's disease by licensing M1 suppression and Treg dominance.,"Liu L, Liang L, Liang H, Wang M, Zhou W, Mai G, Yang C, Chen Y.",,2026,2025-08-12,Y,MED
Q1_protocol_broad,2026-09-05,42340507,PMC13294327,10.1007/s00253-026-13906-x,Comparative genomic analysis of RNA-binding proteins across some drug resistant and sensitive Staphylococcus aureus.,"Awad MM, Osman YA, Abdelmoteleb M.",,2026,2026-06-24,Y,MED
Q1_protocol_broad,2026-09-05,41080452,PMC12513795,10.1155/ancp/6570955,Toward Precision Medicine in Celiac Disease: Emerging Roles of Multiomics and Artificial Intelligence.,"Piroozkhah M, Kahangi MF, Asri N, Piroozkhah M, Moradi N, Nazemalhosseini-Mojarad E, Salehi Z, Rostami-Nejad M.",,2025,2025-10-03,Y,MED
Q1_protocol_broad,2026-09-05,41112046,PMC12528002,10.1002/imt2.70077,Geographic containment and virulence-resistance trade-offs drive the evolution of hypervirulent &lt;i&gt;Klebsiella pneumoniae&lt;/i&gt;.,"Wu Y, Pu F, Yan Z, Zhang Y, Chen K, Li S, Wang Y, Lun H, Qu T, Wang J, Li H, Gu D, Chen S, He P, Zhang R, Zhou Z.",,2025,2025-09-04,Y,MED
Q1_protocol_broad,2026-09-05,,PMC12793667,,P-1781. Machine Learning Model for Differentiating Pneumocystis jirovecii Pneumonia from Colonization and Analyzing Mortality Risk in Non-HIV Patients Using BALF Metagenomic Sequencing,,,2026,2026-01-01,Y,PMC
Q1_protocol_broad,2026-09-05,41526387,PMC12902096,10.1038/s41467-026-68287-6,Cross-species dissection of saline-related genes by genetically deciphering a euryhaline microalga Chlorella sp.,"Wang A, Gan Q, Xin Y, Deng Y, Han X, Lu Y.",,2026,2026-01-13,Y,MED
Q1_protocol_broad,2026-09-05,42088020,PMC13136020,10.3389/fcimb.2026.1766429,"Evolving microbiology laboratories: mastering automated culture-based processes and molecular assays, an institutional experience.","Cherkaoui A, Renzi G, Fischer A, Tittel-Elmer M, Tognon M, François P, Lazarevic V, Schrenzel J.",,2026,2026-04-20,Y,MED
Q1_protocol_broad,2026-09-05,42655771,,10.3390/vetsci13080751,Host and Pathogen Genetic Determinants of Brucellosis in Veterinary-One Health Interface: A Review.,"Qadeer A, Tharwat M, Halawani IF, Alzahrani FM, Alzahrani KJ, Alshanbari FA, Khan MZ.",,2026,2026-07-29,N,MED
Q1_protocol_broad,2026-09-05,40676564,PMC12273265,10.1186/s12859-025-06200-6,Automated web-based typing of Clostridioides difficile ribotypes via MALDI-TOF MS.,"Blázquez-Sánchez M, Guerrero-López A, Candela A, Belenguer-Llorens A, Moreno JM, Sevilla-Salcedo C, Sánchez-Cueto M, Arroyo MJ, Gutiérrez-Pareja M, Gómez-Verdejo V, Olmos PM, Mancera L, Muñoz P, Marín M, Alcalá L, Rodríguez-Temporal D, Rodríguez-Sánchez B.",,2025,2025-07-17,Y,MED
Q1_protocol_broad,2026-09-05,41563486,,10.1007/s00203-025-04697-2,Elucidating the link between NS-SNP-Induced protein conformational changes and drug resistance in Klebsiella pneumoniae.,"Liu W, Rao X.",,2026,2026-01-21,N,MED
Q1_protocol_broad,2026-09-05,41868378,PMC12999933,10.3389/fmicb.2026.1742848,Machine learning approaches for data-driven hydrocarbon bioaugmentation and phytoremediation: the role of multi-omics insights.,"Okafor UC, Alghamdi SM, Anguilano L, Yang Y.",,2026,2026-03-05,Y,MED
Q1_protocol_broad,2026-09-05,41123020,PMC12807784,10.1093/nar/gkaf1040,GTDB release 10: a complete and systematic taxonomy for 715 230 bacterial and 17 245 archaeal genomes.,"Parks DH, Chaumeil PA, Mussig AJ, Rinke C, Chuvochina M, Hugenholtz P.",,2026,2026-01-01,Y,MED
Q1_protocol_broad,2026-09-05,42027455,PMC13099815,10.3389/fmicb.2026.1803828,Bacterial N&lt;sub&gt;2&lt;/sub&gt;O mitigation potential in soil-based systems and liquid cultures: a comprehensive meta-analysis.,"Zhou S, Zhu R, Sun Y, Peng D, Wei F, Yuan X, Wei B, Lu D, Li W, Jiang Y, Wang Z.",,2026,2026-04-08,Y,MED
Q1_protocol_broad,2026-09-05,42333271,PMC13283477,10.1093/biomethods/bpag028,Assessing the feasibility of machine learning for ancient DNA age prediction: Limitations and insights.,"Kazanskii M, Golikova M, Kasianov A, Ivanova A, Suraganov A, Uroshlev L.",,2026,2026-06-04,Y,MED
Q1_protocol_broad,2026-09-05,41654884,PMC12977703,10.1186/s44342-026-00067-6,AMP-CapsNet: a multi-view feature fusion approach for antimicrobial peptide prediction using capsule networks.,"Ghulam A, Rehman M, Fida H, Zhao PY, Noroze R, Qi YC, Yu XL.",,2026,2026-02-07,Y,MED
Q1_protocol_broad,2026-09-05,41322389,PMC12663752,10.34172/bi.30984,The role of artificial intelligence in enhancing breast cancer screening and diagnosis: A review of current advances.,"Firuzpour F, Heydari M, Aram C, Alishvandi A.",,2025,2025-10-29,Y,MED
Q1_protocol_broad,2026-09-05,42011762,PMC13425396,10.24272/j.issn.2095-8137.2025.134,Comparison of gut viromes across captive mammals reveals extensive genetic diversity in bacteriophage dark matter and mammalian viruses.,"Lu J, Wang HN, Wang CM, Xu J, Ikechukwu CK, Li W, Ning SY, Wu P, Liu YW, Shen Q, Ji LK, Wang XC, Yang SX, Zhou CL, Wang XL, Zhang W, Shan TL.",,2026,2026-03-01,Y,MED
Q1_protocol_broad,2026-09-05,41784851,PMC12963143,10.1007/s00122-026-05171-3,Integration of proxy intermediate omics traits into a nonlinear two-step model for accurate phenotypic prediction.,"Yoshioka H, Mary-Huard T, Aubert J, Toda Y, Ohmori Y, Yamasaki Y, Tsujimoto H, Takahashi H, Nakazono M, Takanashi H, Fujiwara T, Tsuda M, Kaga A, Inaba J, Fuji Y, Hirai MY, Nose Y, Kumaishi K, Usui E, Kobori S, Sato T, Narukawa M, Ichihashi Y, Iwata H.",,2026,2026-03-05,Y,MED
Q1_protocol_broad,2026-09-05,39591316,PMC11598952,10.3390/vetsci11110542,Unravelling Antimicrobial Resistance in <i>Mycoplasma hyopneumoniae</i>: Genetic Mechanisms and Future Directions.,"Jafari Jozani R, Khallawi MFHA, Trott D, Petrovski K, Low WY, Hemmatzadeh F.",,2024,2024-11-05,Y,MED
Q1_protocol_broad,2026-09-05,41283644,PMC12641681,10.3390/proteomes13040054,Recent Advances and Application of Machine Learning for Protein-Protein Interaction Prediction in Rice: Challenges and Future Perspectives.,"Merumba SB, Ahmed HO, Fu D, Yang P.",,2025,2025-10-27,Y,MED
Q1_protocol_broad,2026-09-05,41590421,PMC12842759,10.3390/jof12010009,Detection of Fluconazole Resistance in <i>Candida parapsilosis</i> Clinical Isolates with MALDI-TOF Analysis: A Proof-of-Concept Preliminary Study.,"Franconi I, Tuvo B, Maltinti L, Falcone M, Mancera L, Lupetti A.",,2025,2025-12-23,Y,MED
Q1_protocol_broad,2026-09-05,42117713,PMC13317193,10.1128/msphere.00003-26,Association between ocular surface microbiota species and type 2 diabetes mellitus with or without retinopathy and related clinical parameters.,"Wang J, Zhang N, Li J-J, Jin Y-Y, Huang S, Chen J-H.",,2026,2026-05-12,Y,MED
Q1_protocol_broad,2026-09-05,40755733,PMC12314689,10.21037/tgh-24-117,Machine learning in the differential diagnosis of ulcerative colitis and Crohn's disease: a systematic review.,"Huang J, Zhu X, Ma Y, Zhang Z, Zhang J, Hao Z, Wu L, Liu H, Wu H, Bao C.",,2025,2025-07-07,Y,MED
Q1_protocol_broad,2026-09-05,41183017,PMC12582450,10.1371/journal.pdig.0001080,Personalized decision-making through AI solutions in pediatric emergency medicine: Focusing on febrile children.,"Jankauskaite L, Oniunaite U, Kevalas R.",,2025,2025-11-03,Y,MED
Q1_protocol_broad,2026-09-05,42548903,PMC13430161,10.1002/imt2.70152,The plant microbiome: From ecological foundations to precision microbial engineering for sustainable agriculture.,"Wei M, Lian T, Chen L, Wang L, Ye J, Yao X, Duan S, Lu Z, Tu J, Li H, Xu XY, Zhou J, He J, Zhu F, Bonfante P, Tran LP, Pang Z, Zhou X, Xu Z, Zhang L, Wang M, Wang X, Tian CF, Liu YX, Sun K, Wang E, Xie X.",,2026,2026-08-02,Y,MED
Q1_protocol_broad,2026-09-05,40579624,PMC12204941,10.1007/s00122-025-04948-2,Integrating multi-omics and machine learning for disease resistance prediction in legumes.,"Mohamedikbal S, Al-Mamun HA, Bestry MS, Batley J, Edwards D.",,2025,2025-06-27,Y,MED
Q1_protocol_broad,2026-09-05,41155696,PMC12566907,10.3390/ph18101583,Mining Microbial Dark Matter: Advanced Cultivation Techniques for Bioactive Compound Discovery.,"Ji M, Ma B, Dong J, Liu S, Shi Y, Bu M, Wang L, Liu L.",,2025,2025-10-20,Y,MED
Q1_protocol_broad,2026-09-05,41727556,PMC12922517,10.3389/bjbs.2026.15559,Antimicrobial Resistance: The Answers.,"Millar BC, Cates MJ, Torrisi MS, Round AJ, Warde A, Lowery CJ, Moore JE.",,2026,2026-02-06,Y,MED
Q1_protocol_broad,2026-09-05,39501228,PMC11539496,10.1186/s12879-024-10142-4,Association between toxin-antitoxin system mutations and global transmission of MDR-TB.,"Li Y, Shao Y, Li Y, Kong X, Tao N, Hou Y, Wang T, Li Y, Liu Y, Li H.",,2024,2024-11-05,Y,MED
Q1_protocol_broad,2026-09-05,42499817,PMC13396575,10.1177/20552076261471883,An explainable multi-label Diagnostic Prediction Model for &lt;i&gt;lung diseases based on proteomic biomarkers&lt;/i&gt;.,"Wang Y, Tan J, Li X, Yu Z, Wang B, Sun L.",,2026,2026-01-01,Y,MED
Q1_protocol_broad,2026-09-05,42010400,PMC13235108,10.1186/s12866-026-05040-5,Altered microbial cargo in fecal microbiome-derived outer membrane vesicles as novel biomarkers for vascular dementia.,"Li X, Wei W, Wei S, Xu W, Mo L, Wang J, Zhu H, Liu Z, Jin F.",,2026,2026-04-21,Y,MED
Q1_protocol_broad,2026-09-05,42426916,PMC13374233,10.1186/s40168-026-02460-3,SubCom analysis: dissecting microbial community functions into taxon-specific contributions and interaction contexts.,"Ishizawa H, Kito M, Noguchi S, Kimura K, Takeo M.",,2026,2026-07-09,Y,MED
Q1_protocol_broad,2026-09-05,42538731,PMC13428076,10.1002/cnr2.70634,Integrated Network Analysis Suggests an miR-21/MMP/VEGF-Associated Regulatory Axis in Gastric Cancer.,"Babajani F, Mozafari H.",,2026,2026-08-01,Y,MED
Q1_protocol_broad,2026-09-05,41810937,PMC13098277,10.1128/msystems.01103-25,Prediction model for periodontitis stage based on the salivary microbiome.,"Lee J, Kim H-J, Kim E-H, Kim S, Park B, Hong S, Kang J, Lee J-Y, Lee S.",,2026,2026-03-11,Y,MED
Q1_protocol_broad,2026-09-05,41164228,PMC12560166,10.3389/fvets.2025.1689589,Detection of antimicrobial peptides from fecal samples of FMT donors using deep learning.,"Wei S, Yin H, Hu X, Chi Y, Zhang L, Zhang B, Qian K, Xu W.",,2025,2025-10-14,Y,MED
Q1_protocol_broad,2026-09-05,42100527,PMC13144031,10.3389/fpubh.2026.1786753,Wastewater-based surveillance of microbial pathogens in GCC countries (2015-2025): a scoping review and questionnaire survey with stakeholders.,"Alghamdi B, Albedah N, Almalki T, Almudarra S, Penttinen P, Wang C, Hong PY.",,2026,2026-04-22,Y,MED
Q1_protocol_broad,2026-09-05,42388494,PMC13318777,10.3389/fmed.2026.1863965,Bacterial mutation dynamics emerging insights into virulence evolution and drug resistance. A review study.,Alsalamah SA.,,2026,2026-06-17,Y,MED
Q1_protocol_broad,2026-09-05,41963398,PMC13201573,10.1038/s41598-026-46272-9,Tripleknock: predicting lethal effect of three-gene knockout in bacteria by deep learning.,"Geng PX, Hou J, Guo J, Jiang X, Zhu H.",,2026,2026-04-10,Y,MED
Q1_protocol_broad,2026-09-05,41754175,PMC12942900,10.3390/nu18040658,Metagenomics and Machine Learning Identify TMA-Producing &lt;i&gt;Serratia&lt;/i&gt; Induced by High-Fat/Choline Diet: A Novel Obesity Target for TMA.,"Wang Z, Wei J, Huang Z, Liu X, Li S, Fang Z, Hu L, Li R, Tao L, Li C, Chen H.",,2026,2026-02-17,Y,MED
Q1_protocol_broad,2026-09-05,40303946,PMC12037385,10.3389/fmedt.2024.1434799,"Advanced computational tools, artificial intelligence and machine-learning approaches in gut microbiota and biomarker identification.","Dakal TC, Xu C, Kumar A.",,2024,2025-04-15,Y,MED
Q1_protocol_broad,2026-09-05,41892482,PMC13024089,10.3390/antibiotics15030321,New Chemical Scaffold with Antimicrobial Activity Identified in a Screening of Industrial Photoactive Compounds.,"Ezquerra-Aznárez JM, Alonso-Román R, Lucía A, Andreu R, Franco S, Aínsa JA, Ramón-García S.",,2026,2026-03-20,Y,MED
Q1_protocol_broad,2026-09-05,41489361,PMC12838339,10.1128/aem.01983-25,The plasmid-host fitness landscape: a new paradigm for predicting the fate of mobile resistance.,Abdulqadir HN.,,2026,2026-01-05,Y,MED
Q1_protocol_broad,2026-09-05,41750267,PMC12938168,10.3390/biom16020197,"Bioinformatics-Driven, Plant-Based Antibiotic Research Against Quorum Sensing and Biofilm Formation in &lt;i&gt;Pseudomonas aeruginosa&lt;/i&gt; and &lt;i&gt;Escherichia coli&lt;/i&gt; Multiresistant Microbes.","Rosignoli S, Lustrino E, Shevchuk O, Rinaldo S, Rubini E, Paiardini A, Carev I.",,2026,2026-01-27,Y,MED
Q1_protocol_broad,2026-09-05,42215857,PMC13425921,10.1186/s12864-026-12976-5,PRIME: An evaluation framework for protein representation inference and generalization in viral mutation space.,"Gibson K, Li PE, Li V, Dix M, Hung LW, Stelle GW, Babinski M, Chain P, Hu B.",,2026,2026-05-30,Y,MED
Q1_protocol_broad,2026-09-05,41491956,PMC12870727,10.1186/s13018-025-06604-3,Integrative multi-omics analysis reveals gut microbiota-derived metabolites and immune regulatory pathways in osteoarthritis pathogenesis.,"Wang W, Liu H, Zhang M, Wang L.",,2026,2026-01-05,Y,MED
Q1_protocol_broad,2026-09-05,42382671,PMC13314788,10.3389/fbioe.2026.1864299,The gut microbiome in colorectal cancer: molecular paradigms and translational frontiers.,"Liu Y, Mei D.",,2026,2026-06-16,Y,MED
Q1_protocol_broad,2026-09-05,40211017,PMC11986112,10.1038/s41598-025-91469-z,Predicting viral host codon fitness and path shifting through tree-based learning on codon usage biases and genomic characteristics.,"Su S, Ni Z, Lan T, Ping P, Tang J, Yu Z, Hutvagner G, Li J.",,2025,2025-04-10,Y,MED
Q1_protocol_broad,2026-09-05,42131301,PMC13161099,10.3389/fcimb.2026.1826282,Biofilm-associated antibiotic tolerance in the era of multidrug resistance: quorum-sensing mechanisms and emerging therapeutic strategies.,"Subramani T, George EA, Saju AE, E M, De R, K SA, Ramaiah S, Anbarasu A.",,2026,2026-04-28,Y,MED
Q1_protocol_broad,2026-09-05,41501630,PMC12875025,10.1186/s12864-025-12469-x,A transcriptome-based tool for assessing skin aging reveals the ameliorative effect of stem cell-derived extracellular vesicles on UVB-induced aging.,"Xie J, Wang L, Zhao S, Wang J, Cheng Y, Xu L, Kou T, Chen Y, Ying Y, Xin X, Zhang T, Xu X, Lu D, Hu X, Zhang Y, Qiu C, Wang J, Cheng G, Zhou J, Lei S, Lyu Q, Li J, Pan Y, Cao T.",,2026,2026-01-08,Y,MED
Q1_protocol_broad,2026-09-05,39775233,PMC11684616,10.1371/journal.pcbi.1012579,Using genomic data and machine learning to predict antibiotic resistance: A tutorial paper.,"Orcales F, Moctezuma Tan L, Johnson-Hagler M, Suntay JM, Ali J, Recto K, Glenn P, Pennings P.",,2024,2024-12-30,Y,MED
Q1_protocol_broad,2026-09-05,42486871,PMC13392358,10.1038/s41467-026-75375-0,VN1K is a pangenome-informed multi-omics and phenomics resource for the Vietnamese population.,"Tran TTH, Hoang TH, Tran MH, Pham TM, Nguyen NN, Vu GM, Duong VC, Vu QT, Nguyen NT, Vu HQ, Nguyen TM, Nguyen TK, Nguyen SV, Dang T, Nguyen H, Do T, Le C, Nguyen DT, Nguyen HTT, Le NQ, Nguyen QH, Le LT, Pham T, Vu DM, Le HTT, Ngo TD, Nguyen LT, Hoang Y, Dao DX, Phan GH, Tran T, Tran Q, Ha CT, Nguyen ",,2026,2026-07-22,Y,MED
Q1_protocol_broad,2026-09-05,40725054,PMC12295739,10.3390/ijms26146807,Digital Alchemy: The Rise of Machine and Deep Learning in Small-Molecule Drug Discovery.,"Manan A, Baek E, Ilyas S, Lee D.",,2025,2025-07-16,Y,MED
Q1_protocol_broad,2026-09-05,40066074,PMC11891349,10.3389/fbinf.2025.1507448,Reliable machine learning models in genomic medicine using conformal prediction.,"Papangelou C, Kyriakidis K, Natsiavas P, Chouvarda I, Malousi A.",,2025,2025-02-24,Y,MED
Q1_protocol_broad,2026-09-05,42515017,PMC13416211,10.3390/pathogens15070690,Wastewater Surveillance for Early Warning of Infectious Disease Outbreaks: A Systematic Review of Evidence and Implications for One Health Surveillance.,"Panigrahi S, Pattnaik M, Pradhan R, Parai D, Ghosal S, Velayudhan A, Prasad P, Panda A, Bhattacharya D, Pati S.",,2026,2026-06-30,Y,MED
Q1_protocol_broad,2026-09-05,42189287,PMC13388844,10.1007/s00262-026-04432-w,Enterotype-specific microbial biomarkers of immune checkpoint inhibitor response revealed by large-scale integrated metagenomic analysis.,"Candeliere F, Busi E, Cerri S, Sola L, Lombardi M, Greco S, Pedroni S, Amaretti A, Raimondi S, Chiavelli C, Vitale MG, Bertolini F, Depenni R, Franchini G, Dominici M, Rossi M.",,2026,2026-05-26,Y,MED
Q1_protocol_broad,2026-09-05,39227836,PMC11370120,10.1186/s12711-024-00927-1,Population structure and breed identification of Chinese indigenous sheep breeds using whole genome SNPs and InDels.,"Zhao CH, Wang D, Yang C, Chen Y, Teng J, Zhang XY, Cao Z, Wei XM, Ning C, Yang QE, Lv WF, Zhang Q.",,2024,2024-09-03,Y,MED
Q1_protocol_broad,2026-09-05,41949309,PMC13141961,10.1128/spectrum.02969-25,Predicting dairy cattle PL via longitudinal rumen microbiome dynamics using machine learning approaches.,"Yang P, Wu Z, Zhang S, Yan L, Yan Y, Zhou F, Ren X, Li Y, Gu S, Gao S, Zhang Z, Zhang Y, Zhu H, Li H, Zhang Z.",,2026,2026-04-08,Y,MED
Q1_protocol_broad,2026-09-05,41623846,PMC12859369,10.6026/973206300213636,Implementation of AI for predicting antibiotic resistance patterns: A hospital-based study.,"Srivastava A, Tripathi S, R R, Jani P, Singh M, Podder A, Mustafa M, Patwa MK.",,2025,2025-10-31,Y,MED
Q1_protocol_broad,2026-09-05,42475384,PMC13384285,10.1371/journal.pone.0354014,Exosomal gene-based predictive model and therapeutic target identification for Alzheimer's disease: A bioinformatics analysis.,"Ma L, Wang D, Li Z, Ye G, Chen M.",,2026,2026-07-20,Y,MED
Q1_protocol_broad,2026-09-05,41693567,PMC12907563,10.1093/nar/gkag122,Design prokaryotic cis-regulatory elements using language model.,"Xia Y, Sun J, Du X, Liang Z, Wu X, Shi W, Shao B, Guo S, Huo YX.",,2026,2026-02-01,Y,MED
Q1_protocol_broad,2026-09-05,41143519,PMC12671157,10.1128/spectrum.03287-24,Enhanced discrimination of &lt;i&gt;Clostridioides difficile&lt;/i&gt; transmission using whole-genome sequencing and &lt;i&gt;in silico&lt;/i&gt; multi-locus variable number tandem repeat analysis.,"Sundermann AJ, Mills EG, Rangachar Srinivasa V, Griffith MP, Ereifej D, Waggle KD, Raabe NJ, Snyder GM, Van Tyne D, Pless LL, Harrison LH.",,2025,2025-10-27,Y,MED
Q1_protocol_broad,2026-09-05,41953110,PMC13053998,10.1016/j.onehlt.2026.101380,Metagenomic analysis of antimicrobial resistance genes in domestic canines.,"Craddock HA, Motro Y, Winner KM, Lotem-Michaeli Y, Segal E, Godneva A, Grinstein D, Moran-Gilad J.",,2026,2026-03-04,Y,MED
Q1_protocol_broad,2026-09-05,,,10.64898/2026.02.04.703716,A Systematic Benchmark of Antibiotic Resistance Gene Detection Tools for Shotgun Metagenomic Datasets,"Tiwari SK, Ponsero AJ, Haynes S, Tálas J, Grimes KP, Telatin A.",,2026,2026-02-06,Y,PPR
Q1_protocol_broad,2026-09-05,41009952,PMC12469482,10.3390/genes16091005,Diagnosis of Periodontitis via Neutrophil Degranulation Signatures Identified by Integrated scRNA-Seq and Deep Learning.,"Wu H, Huang L, Cai S, Xiong X, He Y.",,2025,2025-08-26,Y,MED
Q1_protocol_broad,2026-09-05,42311593,PMC13270080,10.1002/ece3.73749,Shifting Balancing Selection Underlies an Inversion Cline in Eurasian Blackcap.,"Ishigohoka J, Liedvogel M.",,2026,2026-06-16,Y,MED
Q1_protocol_broad,2026-09-05,40658463,PMC12366487,10.1093/bioinformatics/btaf397,Identifying DNA methylation types and methylated base positions from bacteria using nanopore sequencing with multi-scale neural network.,"Chen Z, Ni P, Wang J.",,2025,2025-08-01,Y,MED
Q1_protocol_broad,2026-09-05,42487698,PMC13388252,10.3389/fmicb.2026.1867561,Identification of key targets driving biofilm formation and virtual screening of potential inhibitors in &lt;i&gt;Pseudomonas aeruginosa&lt;/i&gt;.,"Wang R, Mo E, Wen J, Chen G, Mo J, Xu J, Chen W.",,2026,2026-07-08,Y,MED
Q1_protocol_broad,2026-09-05,41597580,PMC12843925,10.3390/microorganisms14010061,Vector-Borne Infections in Romania: From Surveillance to Prediction.,Duduveche AE.,,2025,2025-12-26,Y,MED
Q1_protocol_broad,2026-09-05,42506597,PMC13417150,10.3390/vaccines14070560,"Emerging Viral Zoonoses: Epidemiology, Vaccination Strategies, and Implications for Global Public Health.","Dulska J, Fol M, Druszczynska M.",,2026,2026-06-25,Y,MED
Q1_protocol_broad,2026-09-05,41695138,PMC12900383,10.3389/fmicb.2025.1725071,The application of bacteriophage to veterinary and One-Health medicine-a road map.,"Atterbury RJ, Gigante AM, Jalasvuori M, Lavigne R, Schouler C, Mariano V, Barrow P.",,2025,2026-01-29,Y,MED
Q1_protocol_broad,2026-09-05,41982879,PMC13071891,10.3389/fmicb.2026.1782463,Detection and functional analysis of horizontal gene transfer events in the ciliate &lt;i&gt;Euplotes&lt;/i&gt;.,"Wang R, Wang X, Meng Q, Liu X, Yan H, Zhang Z, Fu Y, Liang A.",,2026,2026-04-08,Y,MED
Q1_protocol_broad,2026-09-05,42042342,PMC13117476,10.3390/jof12040247,"&lt;i&gt;Candidozyma auris&lt;/i&gt; and the Perfect Storm of Fungal Pathogenicity: Adaptation, Persistence, and Resistance.","Vaccaro A, Cooper JF, Vazquez-Rodriguez A, Badali H, Kean R, Ramage G, Lopez-Ribot JL.",,2026,2026-03-27,Y,MED
Q1_protocol_broad,2026-09-05,40586419,PMC12282076,10.1128/msystems.00333-25,Sequence modeling tools to decode the biosynthetic diversity of the human microbiome.,"Dason MS, Corà D, Re A.",,2025,2025-06-30,Y,MED
Q1_protocol_broad,2026-09-05,40529231,PMC12170818,10.2147/idr.s519795,Pan-Genome-Wide Association Study Identifies Genetic Factors Associated with the Pathogenicity of Invasive Serotype 19F Streptococcus Pneumoniae.,"Shi X, Patil S, Yi Q, Liu Z, Wang H, Zhu C, Chen Y, Zheng Y, Dong S, Bao Y.",,2025,2025-06-12,Y,MED
Q1_protocol_broad,2026-09-05,41561088,PMC12813028,10.3389/fcimb.2025.1720027,Antimicrobial peptides: natural templates for next-generation therapeutics against antimicrobial resistance.,"Ngashangva N, Huidrom S, Devi IS.",,2025,2026-01-05,Y,MED
Q1_protocol_broad,2026-09-05,38707536,PMC11067008,10.1016/j.csbj.2024.04.035,Unitig-centered pan-genome machine learning approach for predicting antibiotic resistance and discovering novel resistance genes in bacterial strains.,"Do DT, Yang MR, Vo TNS, Le NQK, Wu YW.",,2024,2024-04-16,Y,MED
Q1_protocol_broad,2026-09-05,42039745,PMC13105939,10.3389/fcimb.2026.1792743,Machine learning-based risk prediction model for sepsis development in patients with multidrug-resistant &lt;i&gt;Pseudomonas aeruginosa&lt;/i&gt; infections: a multicenter retrospective cohort study.,"Li C, Shi T, Xiao G, Zhang Y, Wang Y, Liang Y, Tang C, Lin N, Wang K.",,2026,2026-04-10,Y,MED
Q1_protocol_broad,2026-09-05,42565147,PMC13446342,10.1016/j.isci.2026.116980,Essentiality-driven prediction of anticancer drug responses in preclinical and clinical contexts.,"Cui H, Du X, Guo H, Liao Z, Wang B, Lian X, Zhang JY, Lu X, Zhang D, Ye A, Feng J, Li J, Cheng Z, Guo FB.",,2026,2026-07-27,Y,MED
Q1_protocol_broad,2026-09-05,41358816,PMC12776354,10.1093/femsre/fuaf061,Phage cocktails: state-of-the-art technologies and strategies for effective design.,"Kaneko T, Nakatsuka K, Tsuneda S.",,2026,2026-01-01,Y,MED
Q1_protocol_broad,2026-09-05,41454672,PMC12758313,10.1080/19490976.2025.2607076,The role of gut microbiome in aging-associated diseases: where do we stand now and how technology will transform the future.,"Aldriwesh MG, Alotibi RS, Alqurainy N, Alrabiah S, Arafah AM, Alghoribi MF, Ajina R.",,2026,2025-12-27,Y,MED
Q1_protocol_broad,2026-09-05,41383407,PMC12695050,10.1093/bioadv/vbaf287,ntRoot: computational inference of human ancestry at scale from genomic data.,"Warren RL, Coombe L, Wong J, Kazemi P, Birol I.",,2025,2025-11-09,Y,MED
Q1_protocol_broad,2026-09-05,41188230,PMC12586494,10.1038/s41467-025-65301-1,Basic reproduction number varies markedly between closely related pandemic Escherichia coli clones.,"Ojala F, Pesonen H, Gladstone RA, Mäklin T, Tonkin-Hill G, Marttinen P, Corander J.",,2025,2025-11-04,Y,MED
Q1_protocol_broad,2026-09-05,41977475,PMC13074136,10.3390/ijms27073296,AI-Driven BCR Modeling for Precision Immunology.,"Liu T, Zhao X, Yang F.",,2026,2026-04-05,Y,MED
Q1_protocol_broad,2026-09-05,42564150,PMC13442006,10.3389/fcimb.2026.1846826,Development and validation of QuadraSynth ML: a novel classifier for sepsis prediction.,"Shen X, Huang Y, Li X, Li Z, Du J, Wen D, Zhao X, Li Z, Jiang JX, Zhang AQ.",,2026,2026-07-23,Y,MED
Q1_protocol_broad,2026-09-05,39402493,PMC11472548,10.1186/s12864-024-10832-y,Machine learning classification of archaea and bacteria identifies novel predictive genomic features.,"Bobbo T, Biscarini F, Yaddehige SK, Alberghini L, Rigoni D, Bianchi N, Taccioli C.",,2024,2024-10-14,Y,MED
Q1_protocol_broad,2026-09-05,40890570,PMC12403478,10.1186/s12859-025-06256-4,DeepSEA: an alignment-free explainable approach to annotate antimicrobial resistance proteins.,"Borelli TC, Paschoal AR, da Silva RR.",,2025,2025-09-01,Y,MED
Q1_protocol_broad,2026-09-05,40928220,PMC12542677,10.1128/msystems.00044-25,Metagenomic research on the structural difference of plaque microbiome from different caries stages and the construction of a caries diagnostic model.,"Dong L, Yang J, Wu H, Sun Y, Liu J, Yuan H, Wang M, Dai Y, Teng F, Jing G, Yang F.",,2025,2025-09-10,Y,MED
Q1_protocol_broad,2026-09-05,41304764,PMC12655143,10.3390/pharmaceutics17111426,Targeted Drug Delivery Strategies in Overcoming Antimicrobial Resistance: Advances and Future Directions.,"Alidriss OM, AlSudais H, Alhumaidan OS, Altwaijry HD, Bakhsh A, Almuhanna Y, Alkudmani ZS, Alqarni IA, Alenazi D, Aljasham AT, Jamous YF.",,2025,2025-11-04,Y,MED
Q1_protocol_broad,2026-09-05,42221490,PMC13215996,10.3389/fmicb.2026.1697699,Clinical efficacy and gut microbiota profiling by 16S rRNA sequencing in children with Henoch-Schönlein purpura treated with integrated Chinese and Western medicine.,"Xu K, Zhang J, Chen X, Liu X, Wang L.",,2026,2026-05-14,Y,MED
Q1_protocol_broad,2026-09-05,42013850,PMC13198301,10.1016/j.xcrm.2026.102761,Distinct signatures in the human gut and oral microbiomes of gastric cancer.,"Qin Y, Zhang YX, Liu LP, Xie YH, Ma XY, Hao Y, Zhao LC, Dong JJ, He Y, Sun K, Zhong H, Zhu S, Liu M, Fang JY, Zhou CB.",,2026,2026-04-20,Y,MED
Q1_protocol_broad,2026-09-05,40988887,PMC12451305,10.1099/acmi.0.000993.v3,Parapipe: a pipeline for parasite next-generation sequencing data analysis applied to Cryptosporidium.,"Morris AV, Robinson G, Chalmers R, Cacciò S, Connor T.",,2025,2025-08-08,Y,MED
Q1_protocol_broad,2026-09-05,42325637,PMC13281022,10.1021/acsbiomedchemau.5c00273,Advancements in Technologies Targeting Horizontal Gene TransferRoutes to Control Drug Resistance Evolution.,"Adegoke SC, Karim MA, Jr MC, Yao Yawlui IS, LaJeunesse D.",,2026,2026-04-09,Y,MED
Q1_protocol_broad,2026-09-05,41851757,PMC13112659,10.1186/s40168-026-02378-w,The interplay between Peptostreptococcus and Fusobacterium as novel signatures in colorectal cancer recurrence.,"Zhang Y, Zhang B, Pang W, Gu W, Wang X, Yuan H, Fang S, Zhang J, Li X, Xing X, Ji X, Liu T, Wei F, Zhang C, Wang S.",,2026,2026-03-18,Y,MED
Q1_protocol_broad,2026-09-05,42120742,PMC13353109,10.1093/plphys/kiag276,Machine learning empowers precise discovery of disease-resistance genes in plants.,"Liu Z, Wang X, Cao S, Lei T, Chen Z, Zhang M, Liu Z, Li J, Lu J, Ma W, Su B, Peng Y, Xu Y, Xu X, Zhang W, Tan C, Chen C, Wang Y, Zhou Y.",,2026,2026-07-01,Y,MED
Q1_protocol_broad,2026-09-05,42305536,PMC13265312,10.3389/fimmu.2026.1721749,A machine learning integrated multi-omics framework for risk prediction and target discovery in insomnia aggravated sepsis induced acute lung injury.,"Zhang J, Zhang Y, Liu Z, Chen X, Yan Z, Chen Z, Li Q.",,2026,2026-06-01,Y,MED
Q1_protocol_broad,2026-09-05,41741529,PMC13043658,10.1038/s41598-026-40944-2,TumorSageNet CNN hybrid architecture enables accurate detection of mango leaf pathologies.,"Ghosh H, Rahat IS, Hossain MZ, Emon MMR, Kant S, Maniruzzaman M.",,2026,2026-02-25,Y,MED
Q1_protocol_broad,2026-09-05,42524013,PMC13408252,10.3389/fcimb.2026.1865643,"From serum inflammatory markers to fluid, tissue, and molecular assays: current advances in the laboratory diagnosis of bone and joint infections.","Li J, Lian S, Liu Y, Yang X, Liu D, Chen J, Xiong H.",,2026,2026-07-14,Y,MED
Q1_protocol_broad,2026-09-05,41978025,PMC13075275,10.3390/s26072238,Ensemble Deep Learning Models on Raw DNA Sequences for Viral Genome Identification in Human Samples.,"De Nat M, Boscolo S, Gallo SP, Nanni L, Fusaro D.",,2026,2026-04-04,Y,MED
Q1_protocol_broad,2026-09-05,42080579,PMC13228012,10.1128/spectrum.03565-25,ICP1 bacteriophage treatment antagonizes colonization of the zebrafish larval intestine by &lt;i&gt;Vibrio cholerae&lt;/i&gt;.,"Sidi Mabrouk A, Depelteau JS, Foini C, Kempff A, Jonker S, Brenzinger S, Limpens R, Majrouh M, Meijer AH, Briegel A.",,2026,2026-05-04,Y,MED
Q1_protocol_broad,2026-09-05,42196226,PMC13207020,10.3390/ijms27104239,"Two Worlds, One Battle: How Bacteria and Malignancies Converge on Drug Resistance.",Papaneophytou C.,,2026,2026-05-10,Y,MED
Q1_protocol_broad,2026-09-05,41634709,PMC12958777,10.1186/s12915-026-02535-5,Transcriptomic analysis of non-model Drosophilidae reveals novel AMP candidates.,"Dhakad P, Newman D, Obbard DJ.",,2026,2026-02-03,Y,MED
Q1_protocol_broad,2026-09-05,42326413,PMC13275662,10.3389/fmicb.2026.1702973,Antibiotic growth promoter and phytogenic feed additive consistently alter microbial community structure in chicken cecum.,"Peng C, Delle Grazie G, Ghanbari M, May A, Abeel T.",,2026,2026-06-04,Y,MED
Q1_protocol_broad,2026-09-05,42279769,PMC13256353,10.3390/foods15111983,Advances in Foodborne Pathogen Detection: From Conventional Confirmation to Integrated and Intelligent Platforms.,"Pan X, Ding X.",,2026,2026-06-03,Y,MED
Q1_protocol_broad,2026-09-05,39624726,PMC11610450,10.3389/fmicb.2024.1510139,Harnessing AI for advancing pathogenic microbiology: a bibliometric and topic modeling approach.,"Tian T, Zhang X, Zhang F, Huang X, Li M, Quan Z, Wang W, Lei J, Wang Y, Liu Y, Wang JH.",,2024,2024-11-15,Y,MED
Q1_protocol_broad,2026-09-05,42547541,PMC13433790,10.1038/s44401-026-00130-y,One Health and antimicrobial stewardship: a call to multi-sectoral collaboration to prevent the emerging epidemic of antimicrobial resistance.,"Nakanjako D, Kajumbula H, Kiragga AN, Kakooza F, Dickens M, Samuel AO, Kadetz P, Sewankambo NK, Yeboah G, Alimi Y, Yahaya AA, Abd El Wahed A, Uwe T.",,2026,2026-08-03,Y,MED
Q1_protocol_broad,2026-09-05,42431713,PMC13431173,10.1101/gr.280278.124,Biobank-scale genotype similarity search and dynamic patient-matched cohort creation with GenoSiS.,"Schneider K, Chowdhury M, Tepper M, Khan JB, Shortt JA, Gignoux C, Layer RM.",,2026,2026-08-03,Y,MED
Q1_protocol_broad,2026-09-05,42484749,PMC13391983,10.1007/s44463-026-00085-6,Machine learning-based prediction and quality control of meat and meat products: applications for intelligent quality management in the meat industry.,"Kim YJ, Kwon HC, Cha JY, Lee S, Kim TK, Kang MC, Park MK, Choi YS.",,2026,2026-07-22,Y,MED
Q1_protocol_broad,2026-09-05,40709915,PMC12452190,10.1099/mgen.0.001437,&lt;i&gt;Vibrio cholerae&lt;/i&gt; lineage and pangenome diversity vary geographically across Bangladesh over 1 year.,"Qin C, Lypaczewski P, Sayeed MA, Cuénod A, Brinkley L, Creasy-Marrazzo A, Cato ET, Islam K, Khabir MIU, Bhuiyan MTR, Begum Y, Kamat MN, Bailey LS, Basso KB, Qadri F, Khan AI, Nelson EJ, Shapiro BJ.",,2025,2025-07-01,Y,MED
Q1_protocol_broad,2026-09-05,42079444,PMC13131327,10.1002/mlf2.70078,Emerging role of metagenomic next-generation sequencing in infectious disease diagnostics: Clinical integration and future directions.,"Fang T, Yuan F, Chen Y, Li N, Zhang Y, Liu H, Liu X, Miao Q, Hu B.",,2026,2026-04-30,Y,MED
Q1_protocol_broad,2026-09-05,41704316,PMC12908660,10.3389/fmicb.2026.1760859,Gut microbial signatures of advanced hepatocellular carcinoma and their potential diagnostic value.,"Wang Y, Yang Z, Liu C, Liu Y, Bai Z, Miao W, Zhang T, Wang Y, Li X, Lai Z, Xu J.",,2026,2026-02-02,Y,MED
Q1_protocol_broad,2026-09-05,41463599,PMC12729526,10.3390/bioengineering12121302,Artificial Intelligence Driven Innovation: Advancing Mesenchymal Stem Cell Therapies and Intelligent Biomaterials for Regenerative Medicine.,"Huang M, Dissanayaka WL, Yiu CKY.",,2025,2025-11-26,Y,MED
Q1_protocol_broad,2026-09-05,42080108,PMC13134674,10.18502/ajmb.v18i1.21041,"Artificial Intelligence-Assisted CRISPR Gene Editing: Current Advances, Clinical Challenges, and Future Directions in Precision Medicine.","Yousefian M, Baharmast M.",,2026,2026-01-01,Y,MED
Q1_protocol_broad,2026-09-05,41617688,PMC12858967,10.1038/s41467-026-68727-3,Trustworthy prediction of enzyme commission numbers using a hierarchical interpretable transformer.,"Dumontet L, Han SR, Lee JH, Oh TJ, Kang M.",,2026,2026-01-30,Y,MED
Q1_protocol_broad,2026-09-05,40575984,PMC12580955,10.5713/ab.25.0062,Microbiota profiles and antimicrobial resistance genes in sow fecal samples from farms with and without antibiotic use.,"Senawin S, Bunchasak C, Rakangthong C, Kaewtapee C, Foongladda S, Surachat K, Chinli R, Loongyai W.",,2025,2025-06-24,Y,MED
Q1_protocol_broad,2026-09-05,41860619,PMC13005774,10.1007/s00253-026-13770-9,Microbiota in Chronic Suppurative Otitis media: association with Postoperative Tympanic membrane outcomes.,"Fu X, Chen Y, Wang Y, Chen B, Chen M, Lyu J, Sun H, Wang Z, Xu J, Li GL, Ren D.",,2026,2026-03-20,Y,MED
Q1_protocol_broad,2026-09-05,41595479,PMC12841266,10.3390/genes17010059,Predicting Physical Appearance from Low Template: State of the Art and Future Perspectives.,"Sessa F, Dervišević E, Esposito M, Francaviglia M, Chisari M, Pomara C, Salerno M.",,2026,2026-01-05,Y,MED
Q1_protocol_broad,2026-09-05,42539783,PMC13424242,10.3389/fmicb.2026.1723669,Global trends and research profile of antibiotic heteroresistance: a bibliometric and visual analysis.,"Hou J, Peng C, Chen W, Peng L, Ma Y, Kang M.",,2026,2026-07-17,Y,MED
Q1_protocol_broad,2026-09-05,41190925,PMC12977550,10.1128/jcm.01086-25,Understanding recurrence in &lt;i&gt;Mycobacterium avium&lt;/i&gt; complex pulmonary disease: genotypic strategies to support clinical decision-making.,"Trinh MP, Shin SJ, Shin M-K.",,2026,2025-11-05,Y,MED
Q1_protocol_broad,2026-09-05,41383631,PMC12689592,10.3389/fimmu.2025.1654117,How artificial intelligence can enable personalized mesenchymal stem cell-based therapeutic strategies in systemic lupus erythematosus.,"Rajeev Kumar S, Kai He K, Lokanathan Y, Gaurav A, Yusoff K, Macedo MF, Bhassu S.",,2025,2025-11-26,Y,MED
Q1_protocol_broad,2026-09-05,41462075,PMC12751606,10.1186/s12859-025-06325-8,Improving protein interaction prediction in GenPPi: a novel interaction sampling approach preserving network topology.,"Silva A, Marquez C, Godoy I, Silva L, Prado M, Beppler M, Avila N, Travençolo B, Santos AR.",,2025,2025-12-29,Y,MED
Q1_protocol_broad,2026-09-05,42496272,PMC13398312,10.3390/proteomes14030032,"A One Health Framework for Proteomics Across the Tree of Life to Advance Food Security, Animal Health, and Ecosystem Resilience.","Mishra T, Tiwari R, Das T, Lingwan M.",,2026,2026-06-24,Y,MED
Q1_protocol_broad,2026-09-05,41668884,PMC12883650,10.3389/fmicb.2026.1724818,Genome-based characterization of AHPND and non-AHPND &lt;i&gt;Vibrio campbellii&lt;/i&gt; isolates from Republic of Korea.,"Lee SY, Choi HJ, Lee S, Choi J, Kwak JS, Kang YJ, Hong SC.",,2026,2026-01-26,Y,MED
Q1_protocol_broad,2026-09-05,41810805,PMC13205910,10.1111/pbi.70597,"The BAHD Acyltransferase Gene Family: Evolutionary Dynamics, Biochemical Mechanisms, and Roles in Plant Stress Adaptation.","Zafar MM, Fei Q, Razzaq A, Siddiqua A, Naveed A, Khan MN, Saleem H, Jiang X.",,2026,2026-03-11,Y,MED
Q1_protocol_broad,2026-09-05,39601577,PMC11784409,10.1128/jcm.01122-24,Multicenter evaluation of Fourier transform infrared (FTIR) spectroscopy as a first-line typing tool for carbapenemase-producing &lt;i&gt;Klebsiella pneumoniae&lt;/i&gt; in clinical settings.,"Candela A, Rodríguez-Temporal D, Lumbreras P, Guijarro-Sánchez P, Arroyo MJ, Vázquez F, Beceiro A, Bou G, Muñoz P, Oviaño M, Fernández J, Rodríguez-Sánchez B.",,2025,2024-11-27,Y,MED
Q1_protocol_broad,2026-09-05,41248286,PMC12663927,10.1073/pnas.2501433122,Rubisco is slow across the tree of life.,"de Pins B, Malbranke C, Jabłońska J, Shmuel A, Sharon I, Bitbol AF, Mueller-Cajar O, Noor E, Milo R.",,2025,2025-11-17,Y,MED
Q1_protocol_broad,2026-09-05,42147315,PMC13171811,10.3389/fphar.2026.1778409,Systems biology approaches to unravelling neonatal sepsis and potential for precision diagnostics and therapeutics.,"Park P, Ketabchi N, Raymond BB, An AY, Acton E, Popescu CR, Lavoie PM, Lee AHY.",,2026,2026-04-30,Y,MED
Q1_protocol_broad,2026-09-05,42095999,PMC13153353,10.1007/s44445-026-00160-0,Artificial intelligence in periodontal disease research: a bibliometric and visualized analysis of global research trends (2007-2025).,"Zhou W, Liu X, Yu J, Li Y, Cheng L, Wang G, Jiang F.",,2026,2026-05-07,Y,MED
Q1_protocol_broad,2026-09-05,40606626,PMC12213627,10.3389/fcimb.2025.1573643,Type VII secretion system gene mutations driving global mycobacterium tuberculosis transmission revealed by whole genomic sequence.,"Yang JJ, Hu YL, Sun PY, Wang L, Xie XJ, Wang TT.",,2025,2025-06-18,Y,MED
Q1_protocol_broad,2026-09-05,41140405,PMC12550956,10.3389/fmicb.2025.1675497,"Whole genome sequence of &lt;i&gt;Penicillium kloeckeri&lt;/i&gt; and insight into its growth-promoting, saline alkaline tolerance properties.","Cui W, Wu Y, Ni B, Cao J.",,2025,2025-10-10,Y,MED
Q1_protocol_broad,2026-09-05,41234120,PMC13351740,10.1093/jxb/eraf498,Artificial intelligence in plant salt stress research: from predictive models to multi-omics integration.,"Santos Del Río J, Talavera A, Fernández-Pozo N, Veredas FJ, Claros MG.",,2026,2026-07-01,Y,MED
Q1_protocol_broad,2026-09-05,42519007,PMC13382586,10.1016/j.isci.2026.116622,Multi-omics profiling reveals gut microbiome signatures associated with cognitive decline in Alzheimer's disease.,"Zhao Z, Zhao F, Zhang M, Sun J, Wang X, Lou J, She R, Kwok LY, Sun Z, Huangfu W, Menghe B.",,2026,2026-07-14,Y,MED
Q1_protocol_broad,2026-09-05,40719778,PMC12304033,10.1007/s11274-025-04504-6,The crosstalk between host and rumen microbiome in cattle: insights from multi-omics approaches and genome-wide association studies.,"Ye X, Sahana G, Lund MS, Cai Z.",,2025,2025-07-28,Y,MED
Q1_protocol_broad,2026-09-05,41722567,PMC13015258,10.1016/j.cels.2025.101510,Identifying microbial protease allergens through protein language model-guided homology.,"Thurimella K, Wu E, Li C, Graham DB, Owens RM, Plichta DR, Sokol CL, Xavier RJ, Bacallado S.",,2026,2026-02-20,N,MED
Q1_protocol_broad,2026-09-05,42433705,PMC13351313,10.1002/hsr2.72792,"Emerging Novel SARS-CoV-2 Subvariants and the Advantages of AI-ML in Deciphering the Mutation Trends, Genomic Surveillance and Vaccine Development.","Rout A, Das K, Sarangi AK, Mishra S, Mohanty C, Singh PK, Rout S, Mohapatra RK, Tuglo LS.",,2026,2026-07-09,Y,MED
Q1_protocol_broad,2026-09-05,41879323,PMC13141881,10.1128/spectrum.03155-25,Metagenomic profiling and predictive modeling of the gut microbiome reveal signatures of gestational disease.,"Mortensen GA, Schmidt H, Radivojac P, Ye Y, Haas DM.",,2026,2026-03-25,Y,MED
Q1_protocol_broad,2026-09-05,42267544,PMC13250821,10.1002/jms.70073,Decoding Biothreats With FT-ICR-MS: Metabotyping of Bacillus cereus Spores Through Untargeted Metabolomics.,"Romão MI, Gomes I, Antunes W, Novak P, Sousa Silva M, Cordeiro C.",,2026,2026-07-01,Y,MED
Q1_protocol_broad,2026-09-05,42042917,PMC13117574,10.3390/metabo16040272,Untargeted GC-IMS Metabolomics of Wound Headspace for Bacterial Infection Biomarker Discovery.,"Lu Y, Yan B, Zeng L, Zhou B, Wu R, Zhong X, He Q.",,2026,2026-04-17,Y,MED
Q1_protocol_broad,2026-09-05,41776991,PMC12983256,10.1016/j.xplc.2026.101786,Biosynthesis of benzylisoquinoline alkaloids and its evolution in plants.,"Tian Y, An Z, Li Q, Bai G, Zhang Q, Dong Y, Chen Y, Chen S, Xu Z, Gao R.",,2026,2026-03-02,Y,MED
Q1_protocol_broad,2026-09-05,41753674,PMC12942932,10.3390/microorganisms14020387,Basic Microbiome Analysis: Analytical Steps from Sampling to Sequencing.,"Ece G, Aktaş A, Koyuncu Özyurt Ö, Demirbakan H, Alışkan HE, Sağlık İ, Zorbozan O, Çetin Duran A, Uğur AR, Öcal D, Uzunoğlu E, Kaya E, Mutlu Sarıgüzel F, Bayındır F, Yetkin G, Altındiş M, Yenice Aktaş S, Kula Atik T.",,2026,2026-02-06,Y,MED
Q1_protocol_broad,2026-09-05,41462954,PMC12730373,10.3390/biomedicines13122942,"Exploring the Role of Transcriptomics, Proteomics, and Machine Learning in HPV Infection and Cardiovascular Disease.","Lazzari L, Casati I, Wang S, Hezzell MJ, Angelini GD, Dong T.",,2025,2025-11-29,Y,MED
Q1_protocol_broad,2026-09-05,,,10.1101/2025.08.12.669853,Plasmids promote antimicrobial resistance through Insertion Sequence-mediated gene inactivation,"Sastre-Dominguez J, Rodera-Fernandez P, DelaFuente J, Martínez-González S, Quesada S, Valencoso-Requena M, Calvo-Villamañan A, Costas C, Fuentes-Hernández A, Santos-Lopez A, San Millan A.",,2025,2025-08-12,Y,PPR
Q1_protocol_broad,2026-09-05,42370332,PMC13308713,10.1093/bioadv/vbag168,Interpretable prediction and generation of ASC-speck aptamers using multiscale deep biological learning models.,"Niu M, Zou Q, Xu L.",,2026,2026-06-13,Y,MED
Q1_protocol_broad,2026-09-05,40555747,PMC12187928,10.1038/s42003-025-08274-7,Bifidobacterium deficit in United States infants drives prevalent gut dysbiosis.,"Jarman JB, Torres PJ, Stromberg S, Sato H, Stack C, Ladrillono A, Pace S, Jimenez NL, Haselbeck RJ, Insel R, Van Dien S, Culler SJ.",,2025,2025-06-24,Y,MED
Q1_protocol_broad,2026-09-05,41840273,PMC13319994,10.1007/s10096-026-05453-0,Point of care antimicrobial susceptibility testing.,"Couwenberg J, van Belkum A, van de Kerkhof D, Scharnhorst V, Wertheim H, van der Linden A, van Asten S.",,2026,2026-03-17,Y,MED
Q1_protocol_broad,2026-09-05,42376311,PMC13313654,10.4103/sjopt.sjopt_345_25,Emerging diagnostic modalities in microbial keratitis: Beyond culture and smear.,"Vought V, Vought R, Choudhry HS, Dastjerdi MH.",,2026,2026-04-01,Y,MED
Q1_protocol_broad,2026-09-05,41878445,PMC13006260,10.3389/fimmu.2026.1781013,Integrated multi-omics analysis unveils microbiota-metabolite-host interactions and novel biomarkers for early diabetic kidney disease diagnosis.,"Jiang T, Deng J, Hu X, Yao D, Chen Q, Hu R, Ma X, Tu L, Tan X, Yuan W, Ma L, Cui J, Lu H, Xu J.",,2026,2026-03-09,Y,MED
Q1_protocol_broad,2026-09-05,41757945,PMC13055232,10.1128/spectrum.03126-25,The regional landscape of the human colon culturome in health and cystic fibrosis.,"Surve SV, Valls RA, Barrack KE, Gwilt LL, Gardner TB, O'Toole GA.",,2026,2026-02-27,Y,MED
Q1_protocol_broad,2026-09-05,41070122,PMC12504239,10.3389/fmicb.2025.1669531,"Urban wastewater overflows as hotspots for dissemination of bacteria producing extended-spectrum β-lactamases and carbapenemases in the Suquía River, Argentina.","Ruiz SE, Morandini FN, Panzetta ME, Lipari FG, Irrazábal MG, Toselli R, Der Ohannesian M, Amieva C, Valdes ME, Giraudo FJ, Rollán MDR, Amé V, Sola C, Saka HA.",,2025,2025-09-24,Y,MED
Q1_protocol_broad,2026-09-05,39794865,PMC11720962,10.1186/s13059-024-03443-z,Relating ecological diversity to genetic discontinuity across bacterial species.,"Passarelli-Araujo H, Venancio TM, Hanage WP.",,2025,2025-01-10,Y,MED
Q1_protocol_broad,2026-09-05,40574982,PMC12199200,10.3389/fmicb.2025.1603770,"The genotypic characterization of &lt;i&gt;Streptococcus pluranimalium&lt;/i&gt; from aborted bovine fetuses in British Columbia, Canada.","Yee M, Trimble MJ, Ghosh K, Hughes G, Knowles D, Duan J, Raverty S, McGregor G, Hsiao WWL.",,2025,2025-06-12,Y,MED
Q1_protocol_broad,2026-09-05,42020446,PMC13319194,10.1038/s41467-026-72289-9,Gut microbiome features associated with Bifidobacterium colonization predict personalized probiotic persistence patterns.,"Goswami S, Ansari A, Sharaf C, O'Toole PW, Shanahan F, Ahuja V, Ghosh TS.",,2026,2026-04-23,Y,MED
Q1_protocol_broad,2026-09-05,40419960,PMC12107961,10.1186/s12859-025-06156-7,TaxaCal: enhancing species-level profiling accuracy of 16S amplicon data.,"Shen Q, Fan X, Sun Y, Gao H, Su X.",,2025,2025-05-26,Y,MED
Q1_protocol_broad,2026-09-05,42490947,PMC13375887,10.3389/fcell.2026.1844436,"Microbiome and cancer: mechanistic insights, diagnostic potential, and therapeutic strategies.","Kumar V, Chaudhary A, Gautam M, Verma P, Singh M.",,2026,2026-07-03,Y,MED
Q1_protocol_broad,2026-09-05,41668206,PMC12892700,10.1186/s13020-025-01320-w,Optimization of potential targets for antidepressant Chinese medicines: AI and multi-omics methods.,"Lei C, Chen Z, Ma C, Xie L, Wu D, Chen J, Chen J.",,2026,2026-02-11,Y,MED
Q1_protocol_broad,2026-09-05,41599011,PMC12845504,10.3390/pathogens15010028,Taming Superbugs: Current Progress and Challenges in Combating ESKAPE Pathogens.,"Hetta HF, Khalaf FR, Kotb AA, Alatawi MN, Albalawi AS, Alharbi AA, Aljohani MK, Aljohani SS, Alatawi MS, Abd Ellah NH, Battah B, Donadu MG, Mazzarello V.",,2025,2025-12-24,Y,MED
Q1_protocol_broad,2026-09-05,,,10.1101/2025.09.24.678318,Ciprofloxacin resistance in  <i>Klebsiella pneumoniae</i>  : phenotype prediction from genotype and global distribution of resistance determinants,"Tsang KK, Amke I, Aanensen DM, Abdulahi J, Aiken A, Bachman MA, Baker S, Barry K, Biffignandi GB, Belitardo EMMA, Bloise I, Boutiba I, Brand C, Brisse S, Campino S, Cantón R, Chiaverini A, Cirillo DM, Clark TG, Coque TM, Corander J, Corbella M, Cornacchia A, Cornick J, Correia A, Cuénod A, Trang Dai",,2025,2025-09-25,Y,PPR
Q1_protocol_broad,2026-09-05,42112889,PMC13274459,10.1128/aem.00061-26,Deterministic abiotic filtering and halophilic core microbiomes shape bacterial community assembly in coastal salt flats (sabkha) of southern Morocco.,"Amechatte G, Radouane N, El Mouttaqi A, Licastro D, Hirich A, Mohamed H, Ahmed B.",,2026,2026-05-11,Y,MED
Q1_protocol_broad,2026-09-05,42274277,PMC13340338,10.1128/spectrum.00846-26,Genomic and phenotypic characterization of novel jumbo and small bacteriophages infecting &lt;i&gt;Xanthomonas hortorum&lt;/i&gt; pv. &lt;i&gt;vitians&lt;/i&gt;: toward a phage-based biocontrol strategy.,"Baud A, Rougis I, Taveau N, Costechareyre D, Graindorge Beaume M, Bertolla F.",,2026,2026-06-11,Y,MED
Q1_protocol_broad,2026-09-05,42253048,PMC13288946,10.1161/circgen.125.005382,Performance of Polygenic Risk Scores for Atherosclerotic Cardiovascular Disease in the &lt;i&gt;All of Us&lt;/i&gt; Program.,"Smith JL, Norland K, Hamed ME, Yu Y, Na J, Dikilitas O, Schaid DJ, Kullo IJ.",,2026,2026-06-08,N,MED
Q1_protocol_broad,2026-09-05,42159601,PMC13189360,10.1099/mgen.0.001717,Unveiling metagenomic and metabolomic signatures in mild and severe pneumonia caused by &lt;i&gt;Mycoplasma pneumoniae&lt;/i&gt; in children.,"Yang Y, Lian S, Li X, Tang Y, Su Y, Zhang Z, Li M, Guo Y, He Z, Shen Y.",,2026,2026-05-01,Y,MED
Q1_protocol_broad,2026-09-05,40581074,PMC12237507,10.1093/bioinformatics/btaf206,Whole-genome phenotype prediction with machine learning: open problems in bacterial genomics.,"James T, Williamson B, Tino P, Wheeler N.",,2025,2025-07-01,Y,MED
Q1_protocol_broad,2026-09-05,40509191,PMC12155768,10.3390/molecules30112303,Novel Antimicrobials from Computational Modelling and Drug Repositioning: Potential &lt;i&gt;In Silico&lt;/i&gt; Strategies to Increase Therapeutic Arsenal Against Antimicrobial Resistance.,"Tarín-Pelló A, Fernández-Álvarez S, Suay-García B, Pérez-Gracia MT.",,2025,2025-05-24,Y,MED
Q1_protocol_broad,2026-09-05,42453426,PMC13366305,10.1016/j.apsb.2025.12.030,Revolutionizing drug discovery from natural products: The roles of artificial intelligence and multi-omics in accelerating innovation.,"Wang B, Liu Q, Zhao W, Zhang T, Zhang D, Sutcharitchan C, Li S.",,2026,2025-12-23,Y,MED
Q1_protocol_broad,2026-09-05,41938344,PMC13047204,10.3389/fmedt.2026.1750006,"Dental devices and antimicrobial resistance: challenges, innovations, and regulatory compliances.","Singh G, Singh M, Murali A, Gandhi S, Singh OV.",,2026,2026-03-20,Y,MED
Q1_protocol_broad,2026-09-05,42322355,PMC13283132,10.1007/s00520-026-10918-1,"Clinical potential of the gut microbiome in oncology: a scoping review of treatment response, toxicity and biomarker development.","de Souza Menezes JD, da Silva MQ, Dos Santos ER, de Carvalho SRPVT, Faria MAG, de Cássia Helú Mendonça Ribeiro R, André JC.",,2026,2026-06-20,Y,MED
Q1_protocol_broad,2026-09-05,40462511,PMC12133679,10.1093/bib/bbaf208,Individualized metagenomic network model for colorectal cancer diagnosis: insights into viral regulation of gut microecology.,"Qian LM, Wang SX, Zhou W, Qin ZX, Wang YN, Zhao Q, Xu RH.",,2025,2025-05-01,Y,MED
Q1_protocol_broad,2026-09-05,42060923,PMC13176812,10.2196/79985,Enterocutaneous Fistula-Associated Sepsis and Mortality: Development and Validation of a Multimodal Artificial Intelligence Prediction Model.,"Li H, Chen J, Lin P, Pan Y, Cao Y, Xie W.",,2026,2026-04-30,Y,MED
Q1_protocol_broad,2026-09-05,42357655,PMC13307921,10.3390/v18060645,In Silico Saturation-Mutagenesis-Based Genomic Mutation Risk Assessment for Enterovirus B.,"Wang L, Tang J, Jia Y, Tong X, Ying X, Chen Q, Dong C.",,2026,2026-06-03,Y,MED
Q1_protocol_broad,2026-09-05,41077897,PMC12550494,10.1111/1755-0998.70055,Machine Learning Enables Alignment-Free Distance Calculation and Phylogenetic Placement Using k-Mer Frequencies.,"Rachtman E, Jiang Y, Mirarab S.",,2025,2025-10-12,Y,MED
Q1_protocol_broad,2026-09-05,42040313,PMC13107476,10.2147/jir.s577930,Cell Death Index Predicts Sepsis Outcomes and Highlights Necroptosis as a Therapeutic Target.,"Gan J, Long Q, Fang S, Song S, Wu J, Li X, Ye H, Gao Z, Zheng Y.",,2026,2026-04-19,Y,MED
Q1_protocol_broad,2026-09-05,,,10.64898/2026.04.08.717216,Long-read sequencing of  <i>Mycobacterial tuberculosis</i>  is comparable to short-read sequencing for antimicrobial resistance prediction and epidemiological studies,"Colpus M, Baker CS, Roghi E, Hong HN, Trieu PP, Thu DDA, Hall A, Fowler PW, Walker TM, Spies R, Webster H, Westhead J, Thai H, Turner RD, Peto TE, Quang NL, Thuong NTT, Omar SV, Crook DW.",,2026,2026-04-08,N,PPR
Q1_protocol_broad,2026-09-05,41933095,PMC13194893,10.1038/s41598-026-44972-w,A diagnostic model based on pulmonary microbiota and host gene expression to distinguish colonization from pneumonia.,"Fu Z, Sun Y, Yao H, Liu Q, Zhang Q, Hu J, Zhou Y, Jiang N, Ai J, Jin J, Zhang W.",,2026,2026-04-03,Y,MED
Q1_protocol_broad,2026-09-05,40122838,PMC11930000,10.1186/s13059-025-03524-7,aurora: a machine learning gwas tool for analyzing microbial habitat adaptation.,"Bujdoš D, Walter J, O'Toole PW.",,2025,2025-03-23,Y,MED
Q1_protocol_broad,2026-09-05,40145748,PMC11980357,10.1128/jcm.01804-24,Proceedings of the Clinical Microbiology Open 2024: artificial intelligence applications in clinical microbiology.,"Dien Bard J, Prinzi AM, Larkin PM, Peaper DR, Rhoads DD.",,2025,2025-03-27,Y,MED
Q1_protocol_broad,2026-09-05,42525447,PMC13435551,10.1099/mgen.0.001776,"Benchmarking of real-time, field-deployable whole-genome sequencing of &lt;i&gt;Plasmodium falciparum&lt;/i&gt; using Nanopore technology.","Razook Z, Mehra S, Naung MT, Gilchrist B, Wijegunasekara S, Utama D, Lautu-Gumal D, Fola AA, Menard D, Kazura J, Laman M, Mueller I, Robinson LJ, Bahlo M, Barry AE.",,2026,2026-07-01,Y,MED
Q1_protocol_broad,2026-09-05,41590694,PMC12844201,10.3390/metabo16010086,Artificial Neural Network Elucidates the Role of Transport Proteins in <i>Rhodopseudomonas palustris</i> CGA009 During Lignin Breakdown Product Catabolism.,"Chowdhury NB, Kathol M, Shahreen N, Saha R.",,2026,2026-01-21,Y,MED
Q1_protocol_broad,2026-09-05,40548719,PMC12282184,10.1128/msystems.00271-25,Microbial diagnostic features identified across populations possess potential antitumor properties in breast cancer.,"Zhou M, Wang Q, Yang R, Zong Z, Huang B, Chen J, Bao X, Li S, Shen L, Dong J, Zhao X, Chen Y, Chen D.",,2025,2025-06-23,Y,MED
Q1_protocol_broad,2026-09-05,41926577,PMC13092281,10.1126/science.adv7924,DefensePredictor: A machine learning model to discover prokaryotic immune systems.,"DeWeirdt PC, Mahoney EM, Laub MT.",,2026,2026-04-02,Y,MED
Q1_protocol_broad,2026-09-05,41927589,PMC13219616,10.1038/s41467-026-71145-0,The Extreme Environment Microbiome Catalog (EEMC): a global resource for microbial diversity and antimicrobial discovery.,"Jiang P, Liang Z, Kovacevic V, Shi J, Milicevic N, Wang F, Liu L, Liu Y, Jiang Y, Han M, Lin X, Petronić Č, Stanojevic N, Wang L, Wang S, Cheng H, Li J, Chen R, Zhang Y, Li Y, Li J, Fang X, Yue Z, Xue C, Yin P, Chen H.",,2026,2026-04-02,Y,MED
Q1_protocol_broad,2026-09-05,39472617,PMC11522393,10.1038/s41598-024-75973-2,Integrating genomic and molecular data to predict antimicrobial minimum inhibitory concentration in Klebsiella pneumoniae.,"Ryu B, Jeon W, Kim D.",,2024,2024-10-29,Y,MED
Q1_protocol_broad,2026-09-05,40751366,PMC12521043,10.1002/psp4.70092,Moving From Point-Based Analysis to Systems-Based Modeling: Knowledge Integration to Address Antimicrobial Resistance.,"Arun B, Rao GG.",,2025,2025-08-01,Y,MED
Q1_protocol_broad,2026-09-05,41495363,PMC12775259,10.1007/s13659-025-00556-1,"Advances in natural product discovery: strategies, technologies, and insights.","Basnet BB, Zhou ZY, Basnet R, Wei B, Wang H.",,2026,2026-01-07,Y,MED
Q1_protocol_broad,2026-09-05,42416743,PMC13325886,10.26574/maedica.2026.21.2.495,Off-Target activity as a Translational Barrier in Programmable Gene-Editing Strategies for Nontuberculous Mycobacteria: Narrative Review.,"Raj D D, Maurya AK, Singh J, Kumar G M, Ramani A, Khurana AK, Purwar S, Biswas D.",,2026,2026-06-01,N,MED
Q1_protocol_broad,2026-09-05,41783503,PMC12953571,10.3389/fmicb.2026.1735218,Fourier transform infrared spectroscopy enables rapid strain typing and cluster analysis of &lt;i&gt;Listeria monocytogenes&lt;/i&gt; under diverse growth conditions.,"Muchaamba F, Stevens MJA, Stephan R.",,2026,2026-02-17,Y,MED
Q1_protocol_broad,2026-09-05,41537581,PMC12955471,10.1128/spectrum.01562-25,Machine learning-based typing of &lt;i&gt;Clostridium botulinum&lt;/i&gt; group III by FT-IR spectroscopy.,"Drigo I, Guolo A, Rizzardi A, Cordovana M, Garbuio M, Tonon E, Vedana M, Zandonà L, Bano L.",,2026,2026-01-15,Y,MED
Q1_protocol_broad,2026-09-05,41777263,PMC12951862,10.2147/jmdh.s572089,Artificial Intelligence-Enabled Multi-Omics for Predicting Immune Checkpoint Inhibitor Response and Resistance.,"Wang X, He J, Ding G, Tang Y, Wang Q.",,2026,2026-02-26,Y,MED
Q1_protocol_broad,2026-09-05,42382347,PMC13318209,10.3389/fmicb.2026.1862985,"Isolation and characterization of &lt;i&gt;Novosphingobium oxfordense&lt;/i&gt; sp. nov. and &lt;i&gt;Novosphingobium mississippiense&lt;/i&gt; sp. nov. from soil, with LC-MS/MS and genome-based investigation of their glycosphingolipid production.","Ali T, Boudreau PD.",,2026,2026-06-16,Y,MED
Q1_protocol_broad,2026-09-05,42511310,PMC13408934,10.3390/foods15142564,Aged Pickle Brine Influences Flavor and Bacteria Characteristics of Pickled Chili Peppers.,"Wang C, Wei K, Qin Z, Cai Z, Zhu C, Shen Z, Gao J, Fang S, Fan Z, Shi M, Li T, Deng W, Laghi L.",,2026,2026-07-21,Y,MED
Q1_protocol_broad,2026-09-05,42041792,PMC13114572,10.3390/brainsci16040382,Distinct Gut Microbiome Characteristics Associated with Mental Health Symptoms of Healthy Adults.,"Lee S, Welch CB, Zinka K, Evans M, Park HJ, Lozada-Fernandez VV, West FD.",,2026,2026-03-31,Y,MED
Q1_protocol_broad,2026-09-05,42076093,PMC13118460,10.3390/pharmaceutics18040441,Functional Peptides: Comparing Synthetic and Sequence-Engineered Antibiofilm Pharmaceutics.,"Aslam B, Khalid MH, Aljasir SF.",,2026,2026-04-02,Y,MED
Q1_protocol_broad,2026-09-05,41321829,PMC12660289,10.3389/fmicb.2025.1684366,Advancing time-since-interval estimation for clandestine graves: a forensic ecogenomics perspective into burial and translocation timelines using massively parallel sequencing.,"de Bruyn C, Scott K, Panter H, Bezombes F, Ralebitso-Senior K.",,2025,2025-11-14,Y,MED
Q1_protocol_broad,2026-09-05,41024987,PMC12476659,10.4291/wjgp.v16.i3.108058,Dynamics of tissue and fecal microbiota in active Crohn's disease and their ability to predict disease state.,"Dutta AK, Abraham D, Praharaj I, Benny B, Govindan K, Zondervenni Z, Joseph AJ.",,2025,2025-09-01,Y,MED
Q1_protocol_broad,2026-09-05,42344668,PMC13287323,10.1111/eva.70285,"Altitude-Associated Divergence of the Gut Microbiome in Endangered Forest Musk Deer: Evidence From Integrated Metagenomics, Metabolomics, and Culturomics.","Huang F, Zhang Z, Zhao Y, Ye S, Gan M, Li X, Zhang Y, Chen L, Zhang Y, Chen L, Wang T, Huang J, Zhang X.",,2026,2026-06-22,Y,MED
Q1_protocol_broad,2026-09-05,42115616,PMC13376353,10.1038/s41467-026-72713-0,Direct carbapenemase typing from disc diffusion antibiograms with MALCA (MAchine Learning CArbapenemase).,"Emeraud C, Benzerara Y, De Swardt H, Aubry A, Veziris N, Jousset AB, Rezzoug I, Latour L, Pages A, Ronsin S, Poignon C, Bonnin RA, Matondo M, Giai Gianetto Q, Dortet L, Godmer A.",,2026,2026-05-11,Y,MED
Q1_protocol_broad,2026-09-05,42197333,PMC13209239,10.3390/microorganisms14050946,Integrated Metagenomic and Metabolomic Profiling Identifies Predictive Biomarkers for Overweight Status in a Mongolian Population.,"Zhao Z, Wang X, Wen F, Zhao F, Zhang M, Menghe B.",,2026,2026-04-22,Y,MED
Q1_protocol_broad,2026-09-05,41568970,PMC12959145,10.1128/aac.01284-25,Novel metabolic adaptation driven by glycoside hydrolase family 25 protein contributes to increasing trimethoprim-sulfamethoxazole resistance in clinical human &lt;i&gt;Brucella melitensis&lt;/i&gt; isolates in China.,"Yang X, Ning W, Yuan Y, Hou X, Ge S, Jiang H, Peng X, Xue T, Zhao H, Kan B, Ding J.",,2026,2026-01-22,Y,MED
Q1_protocol_broad,2026-09-05,41106722,PMC13316553,10.1016/j.jare.2025.10.018,"Machine learning for food flavor prediction and regulation: models, data integration, and future perspectives.","Ge X, Zhou Y, Li Q, Tan Y, Luo Y, Hong H.",,2026,2025-10-15,Y,MED
Q1_protocol_broad,2026-09-05,41104935,PMC12628811,10.1128/aem.01508-25,Gilthead sea bream gut bacteriome as a valuable tool for seafood provenance analysis.,"Feijão E, Duarte IA, Pereira M, Pascoal P, Nunes M, Tanner SE, Dias R, Duarte B, Matos AR, Figueiredo A, Fonseca VF.",,2025,2025-10-17,Y,MED
Q1_protocol_broad,2026-09-05,41211798,PMC13055133,10.1002/btpr.70089,Artificial intelligence and machine learning-assisted digital applications for biopharmaceutical manufacturing.,"Panjwani S, Wei H, Mason J.",,2026,2025-11-10,Y,MED
Q1_protocol_broad,2026-09-05,38524843,PMC10957439,10.1016/j.dib.2024.110293,Genomic dataset of a multiple-drug resistant <i>Pseudomonas</i> sp. strain RAC1 isolated from a flacherie infected Nistari race of <i>Bombyx mori</i> L.,"Mondal R, Dam P, Chakraborty J, Shaw S, Pradhan S, Das S, Nesa J, Meena K, Ghati A, Chaudhuri SD, Bhattacharjee D, Mandal V, Sarkar B, Mandal AK.",,2024,2024-03-05,Y,MED
Q1_protocol_broad,2026-09-05,39745445,PMC11837510,10.1128/jcm.01079-24,Prediction of antimicrobial susceptibility of pneumococci based on whole-genome sequencing data: a direct comparison of two genomic tools to conventional antimicrobial susceptibility testing.,"Sanchez GJ, Cuypers L, Laenen L, Májek P, Lagrou K, Desmet S.",,2025,2024-12-31,Y,MED
Q1_protocol_broad,2026-09-05,41085275,PMC12519517,10.1002/mbo3.70067,"Environmental Antimicrobial Resistance: Key Drivers, Hotspots, Innovative Strategies, and Challenges in the Fight Against Superbugs.","Alem K, Dagnew M, Gizachew M, Gelaw B, Moges F.",,2025,2025-10-01,Y,MED
Q1_protocol_broad,2026-09-05,40732093,PMC12299893,10.3390/microorganisms13071584,Phylogroup Homeostasis of &lt;i&gt;Escherichia coli&lt;/i&gt; in the Human Gut Reflects the Physiological State of the Host.,"Frolova MS, Kiselev SS, Panyukov VV, Ozoline ON.",,2025,2025-07-04,Y,MED
Q1_protocol_broad,2026-09-05,41171074,PMC12625745,10.1128/msystems.01182-25,Predicting age from binarized human oral microbial data combined with an ensemble of classifiers.,"Zhou Y, Wang Y, Xiao B, Wang S, Zhang Z, Wang X, Liu B, Yang Y, Wang C, Zhou C, Liao M, Song F, Luo H.",,2025,2025-10-31,Y,MED
Q1_protocol_broad,2026-09-05,41837270,PMC12988325,10.1093/nargab/lqag028,gplasCC: classification and recovery of plasmids from short-read sequencing data for any bacterial species.,"Paganini JA, Kerkvliet JJ, Jordan O, Teunis G, Plantinga NL, Meneses R, Willems RJL, Arredondo-Alonso S, Schürch AC.",,2026,2026-03-14,Y,MED
Q1_protocol_broad,2026-09-05,40988849,PMC12450889,10.3389/fmicb.2025.1628952,Predicting antibiotic resistance genes and bacterial phenotypes based on protein language models.,"Wang B, Meng R, Li Z, Hu M, Wang X, Zhao Y, Chai Z, Jin Y, Yue J, Chen W, Ren H.",,2025,2025-09-08,Y,MED
Q1_protocol_broad,2026-09-05,41736165,PMC13037316,10.1186/s42523-026-00534-z,"Large-scale genomic analysis of jumbo phages: coevolution, genome architecture, and host interaction mechanisms.","Wei C, Chen Z, Wang Y, Huang L, Chen C.",,2026,2026-02-24,Y,MED
Q1_protocol_broad,2026-09-05,42055456,PMC13128292,10.1111/tpj.70899,Advances and opportunities for computational interrogation of plant proteins.,"Bohling SM, Musharoff S, Gunn LH.",,2026,2026-05-01,Y,MED
Q1_protocol_broad,2026-09-05,39976435,PMC11898611,10.1128/mbio.02852-24,Large-scale genomic analysis reveals significant role of insertion sequences in antimicrobial resistance of &lt;i&gt;Acinetobacter baumannii&lt;/i&gt;.,"Xie F, Wang L, Li S, Hu L, Wen Y, Li X, Ye K, Duan Z, Wang Q, Guan Y, Zhang Y, Shi Q, Yang J, Xia H, Xie L.",,2025,2025-02-20,Y,MED
Q1_protocol_broad,2026-09-05,42465840,PMC13372603,10.3389/fcimb.2026.1725128,Integrated clinical and PBMC transcriptomic profiling identifies lipid metabolism-related candidate signatures associated with chronic brucellosis.,"Wang R, Niu B, Zhang X, Wang Y, Tian H, Zhang C, Zhang L.",,2026,2026-07-02,Y,MED
Q1_protocol_broad,2026-09-05,41884442,PMC13011855,10.3389/fpls.2026.1765002,Genome and transcriptome analyses reveal molecular mechanisms underlying the interaction between &lt;i&gt;Plasmopara viticola&lt;/i&gt; and grapevine.,"Karan R, Prasannakumar MK, M KB, Harish J, Roopashree B, Venkateshbabu G, Patil SS, Shreedevasena S, Mahesh HB, Devanna P, Manjunatha C, Kukreti A, Sarangi AN, Soolanayakanahally R, Kagle S.",,2026,2026-03-10,Y,MED
Q1_protocol_broad,2026-09-05,41038842,PMC12491527,10.1038/s41540-025-00584-0,Minimal gene signatures enable high-accuracy prediction of antibiotic resistance in Pseudomonas aeruginosa.,"Shahreen N, Shahid SA, Subhani M, Al-Siyabi A, Saha R.",,2025,2025-10-02,Y,MED
Q1_protocol_broad,2026-09-05,42294646,PMC13386857,10.1128/msystems.00207-26,A structural backbone with sequestered plasticity organizes the &lt;i&gt;Escherichia coli&lt;/i&gt; pangenome.,"Lu Y-F, Zuo G-H, Zhi X-Y.",,2026,2026-06-15,Y,MED
Q1_protocol_broad,2026-09-05,41325494,PMC12668603,10.1371/journal.pcbi.1013673,"Comment on ""Using genomic data and machine learning to predict antibiotic resistance: A tutorial paper"".","Chicco D, Jurman G.",,2025,2025-12-01,Y,MED
Q1_protocol_broad,2026-09-05,41657853,PMC12876642,10.1177/30502098251415109,"Gut-Microbiome Interactions: Characterization, Therapeutic Implications and Machine Learning.","Ayivi-Tosuh SM, Dofuor AK, Yamoah JAA, Gayi BK, Aiduenu AF, Akomea A, Anovunga SA, Ekloh W, Basing LA.",,2026,2026-01-01,Y,MED
Q1_protocol_broad,2026-09-05,40149092,PMC11939624,10.3390/antibiotics14030281,Genome Analysis of 6222 Bacterial Isolates from Livestock and Food Environments in Spain to Decipher the Antibiotic Resistome.,"Hernández M, Falcó-Prieto Á, Ugarte-Ruiz M, Miguela-Villoldo P, Ocampo-Sosa A, Abad D, Pérez-Sancho M, Álvarez J, Cadamuro RD, Elois MA, Fongaro G, Quesada A, González-Zorn B, Domínguez L, Eiros JM, Rodríguez-Lázaro D.",,2025,2025-03-08,Y,MED
Q1_protocol_broad,2026-09-05,41730886,PMC13039525,10.1038/s41467-026-69705-5,"The landscape of tissue-resident microbiota across normal, polyp, and colorectal cancer tissues.","Xiang H, Shen B, Lao W, Bai B, Chen M, Zhou L, Yu G, Zhang W, Chen H, Wang Y, Jiang H, Song Z.",,2026,2026-02-24,Y,MED
Q1_protocol_broad,2026-09-05,41702707,PMC12951953,10.1101/gr.280977.125,EnDeep4mC predicts DNA &lt;i&gt;N&lt;/i&gt; &lt;sup&gt;4&lt;/sup&gt;-methylcytosine sites using a dual-adaptive feature encoding framework in deep ensembles.,"Zhang S, Zou Q, Niu M, Lv Z, Stalin A, Luo X.",,2026,2026-03-02,Y,MED
Q1_protocol_broad,2026-09-05,40140944,PMC11938600,10.1186/s13073-025-01458-0,Advantages of updated WHO mutation catalog combined with existing whole-genome sequencing-based approaches for Mycobacterium tuberculosis resistance prediction.,"Chen Y, Zhang X, Liang J, Jiang Q, Peierdun M, Xu P, Takiff HE, Gao Q.",,2025,2025-03-26,Y,MED
Q1_protocol_broad,2026-09-05,41158510,PMC12558637,10.3389/fgene.2025.1634882,Gene-LLMs: a comprehensive survey of transformer-based genomic language models for regulatory and clinical genomics.,"Balakrishnan P, Anny Leema A, Dhivya Shree V, Mohammad Saad C, Mohan Babu A.",,2025,2025-10-14,Y,MED
Q1_protocol_broad,2026-09-05,42119790,,10.1016/j.mimet.2026.107536,Screening of new detection targets and virulence factors in Cronobacter using pan-genome and machine learning.,"Xu Z, Wang X, Ruan Q, Zhang C, Qian H, Li R, Ma Y.",,2026,2026-05-11,N,MED
Q1_protocol_broad,2026-09-05,41389591,,10.1016/j.vetmic.2025.110828,Exploring the molecular basis of serotyping and antibiotic resistance differences in Riemerella anatipestifer based on pan-genomics and machine learning.,"Chen J, Liu Y, Fu L, Song X, Zhang D, Duan X, Li Y, Zhao Y, Guo L.",,2026,2025-12-08,N,MED
Q1_protocol_broad,2026-09-05,41717089,PMC12913512,10.3389/fmicb.2025.1733974,Convergent gut microbiome adaptation and pervasive antibiotic resistome in Qinghai-Tibet Plateau passerines.,"Shi S, Qi J, Peng W, Su X, Chen P, Xu S, Li S, Ma L, Wang W, Jiang K, Liu Z, Li W, Xiong H, Wang Y.",,2025,2026-02-04,Y,MED
Q1_protocol_broad,2026-09-05,41545381,PMC12905190,10.1038/s41522-026-00915-x,Grape expectations: disentangling environmental drivers of microbiome establishment in winegrowing ecosystems.,"Flörl L, Schönenberger P, Rienth M, Bokulich NA.",,2026,2026-01-16,Y,MED
Q1_protocol_broad,2026-09-05,41736575,PMC13292183,10.1002/advs.202521936,Leveraging Artificial Intelligence and Large Language Models for Cancer Immunotherapy.,"Wu X, Sun M, Li L, Wang J, Wan S.",,2026,2026-02-25,Y,MED
Q1_protocol_broad,2026-09-05,42529325,PMC13417212,10.1021/jacsau.6c00500,A Machine Learning-Based Genome Mining Approach Reveals Unprecedented Biarylitide Diversity.,"Padva L, Gullick J, Biermann F, Coe LJ, Zhao Y, Tucker S, Zimmer L, Tailhades J, Kehraus S, Schittenhelm RB, De Voss JJ, Helfrich EJN, Cryle MJ, Crüsemann M.",,2026,2026-07-13,Y,MED
Q1_protocol_broad,2026-09-05,42210081,PMC13418137,10.1186/s12870-026-09113-5,"Predicting growth, water-use efficiency and drought response through machine learning, GWAS and differential expression in Ponderosa pine.","Collins SM, Cathey MJ, Barrera M, Harris B, Baesen K, Lincoln A, Dixit A, De La Torre AR.",,2026,2026-05-29,Y,MED
Q1_protocol_broad,2026-09-05,40790563,PMC12337417,10.1186/s12245-025-00901-8,Climate change and the global food chain: a catalyst for emerging infectious diseases?,"Chandipwisa C, Uwishema O, Debebe A, Abdalmotalib MM, Barakat R, Oumer A, John M, Taa L, Onyeaka H.",,2025,2025-08-11,Y,MED
Q1_protocol_broad,2026-09-05,41085653,PMC12756340,10.1007/s00239-025-10272-6,Quest for Orthologs in the era of Data Deluge and AI: Challenges and Innovations in Orthology Prediction and Data Integration.,"Majidian S, Hadziahmetovic A, Langschied F, Pascarelli S, Prieto-Baños S, Rojas-Vargas J, Quest for Orthologs Consortium, Braun EL, Dessimoz C, Diallo AB, Durand D, Fang G, Gabaldón T, Glover N, Liberles DA, McWhite C, Sonnhammer ELL, Thomas PD, Ouangraoua A, Julca I.",,2025,2025-10-14,Y,MED
Q1_protocol_broad,2026-09-05,41949138,PMC13104744,10.25259/ijmr_2923_2025,Bacteriophage research in India and its implications for human health: A scoping review.,"Das S, Mondal S, Hossain M, Asif M, Sen S, Mondal P, Kumar Chakrabarti A, Saha I, Tripathi SK, Das S, Pati S.",,2026,2026-02-01,Y,MED
Q1_protocol_broad,2026-09-05,41668155,PMC12892465,10.1186/s40794-026-00292-5,Travel microbiota: a novel frontier in travel medicine exploring microbial shifts across transportation modes.,"Tiwary P, Oswal K, Tzvetkov NT, Litvinova O, Atanasov AG, Varghese R.",,2026,2026-02-10,Y,MED
Q1_protocol_broad,2026-09-05,42488936,PMC13424997,10.1042/ebc20250054,Forest tree-pathogen interactions under climate change.,"Asiegbu FO, Meng W, Ren W, Yang G, Azeez A, Li Y, Gao Z, Wen Z, Wang K, Chano V.",,2026,2026-07-01,Y,MED
Q1_protocol_broad,2026-09-05,41607813,PMC12836255,10.5500/wjt.v16.i1.114000,Application of machine learning in the research progress of post-kidney transplant rejection.,"Guo YP, Wen Q, Wang YY, Hang G, Chen B.",,2026,2026-03-01,Y,MED
Q1_protocol_broad,2026-09-05,41062543,PMC12508173,10.1038/s41598-025-18106-7,Associations of the intestinal microbiota with plasma bile acids and inflammation markers in Crohn's disease and ulcerative colitis.,"Prast-Nielsen S, Granström AL, Kiasat A, Ahlström G, Edfeldt G, Rautiainen S, Boulund F, Andersson FO, Lindberg J, Schuppe-Koistinen I, Gustafsson UO, Engstrand L.",,2025,2025-10-08,Y,MED
Q1_protocol_broad,2026-09-05,42499663,PMC13396203,10.3389/fmicb.2026.1870101,"Identification and characterization of R75estA, a halophilic polyester-degrading enzyme from a marine bacterium.","Ruginescu R, Necula-Petrareanu G, Tudorache M, Matei M, Muresan M, Purcarea C.",,2026,2026-07-10,Y,MED
Q1_protocol_broad,2026-09-05,42254157,PMC13236359,10.1097/ms9.0000000000005027,"From microbiome profiling to precision medicine: diagnostic and therapeutic potential in gastrointestinal disorders: current evidence, challenges, and future directions.","Arif L, Abbasi MM, Raza AA, Samadi A.",,2026,2026-04-27,Y,MED
Q1_protocol_broad,2026-09-05,41899225,PMC13026370,10.3390/jcm15062301,Comparative Assessment of the IR Biotyper and Pulsed-Field Gel Electrophoresis (PFGE) for Epidemiological Surveillance of &lt;i&gt;Klebsiella pneumoniae&lt;/i&gt; in an Oncology Hospital.,"Szymankiewicz M, Węgrzyńska K, Szczepańska A, Baraniak L, Wawrzyk A, Baraniak A.",,2026,2026-03-17,Y,MED
Q1_protocol_broad,2026-09-05,38529944,PMC10995625,10.1099/mgen.0.001222,Optimising machine learning prediction of minimum inhibitory concentrations in &lt;i&gt;Klebsiella pneumoniae&lt;/i&gt;.,"Batisti Biffignandi G, Chindelevitch L, Corbella M, Feil EJ, Sassera D, Lees JA.",,2024,2024-03-01,Y,MED
Q1_protocol_broad,2026-09-05,40786104,PMC12333605,10.7717/peerj.19637,Prediction of microbe-drug associations using a CNN-Bernoulli random forest model.,"Song Z, Li Q, Zhao J, Bu Q, Bian Z, Qu J.",,2025,2025-08-05,Y,MED
Q1_protocol_broad,2026-09-05,41126836,PMC12537785,10.3389/fimmu.2025.1654060,Machine learning insights into vaccine adjuvants and immune outcomes.,"Ji Y, Bekkari K, Patel R, Shardar M, Walford GA, Kim S, Liu Y, Read-Button W, Tracy K, Kriss J, Barr C, Wolfle M, Kummar S, LaPorta C, Radnoff M, Ghodasara M, Xiong J, Smith WJ, Bakshi K, Sullivan NL, Murgolo N.",,2025,2025-10-07,Y,MED
Q1_protocol_broad,2026-09-05,42000726,PMC13275893,10.1038/s41467-026-71981-0,Multi-kingdom profiling reveals altered gut phage-bacteria-metabolite interactions in MASLD.,"Zhou X, Zhou D, Pu Y, Kim H, Sun Z, Qi W, Jin J, Zhang W, Xia M, Wang C, Hong S, Nguyen LH, Jiao N, Zheng Y, Liu T.",,2026,2026-04-18,Y,MED
Q1_protocol_broad,2026-09-05,41612423,PMC12924245,10.1186/s13068-026-02738-6,Identification and comparative genomic analysis of prophage sequences and CRISPR‒Cas immunity in Methylococcus genomes: insights into industrial methane bioconversion.,"Nizovtseva I, Rezaykin A, Korenskaia A, Zakhartsev M, Chigireva A, Starodumov I, Chernushkin D.",,2026,2026-01-29,Y,MED
Q1_protocol_broad,2026-09-05,40734185,PMC12508789,10.1111/zph.70004,"Prevalence, Risk Factors, and Human Health Implications of Salmonella enterica and Campylobacter spp. in Vermont Backyard Poultry.","Patch CA, Larsen KM, Armstrong CM, Kanrar S, Michaelides AM, Chakraborty P, Harper K, Devlin V, Martin L, Lunna A, Blackwell HL, Nguyen SC, Penny A, Etter AJ.",,2025,2025-07-29,Y,MED
Q1_protocol_broad,2026-09-05,39061343,PMC11274079,10.3390/antibiotics13070661,From Species to Genes: A New Diagnostic Paradigm.,"Fahy S, O'Connor JA, Sleator RD, Lucey B.",,2024,2024-07-17,Y,MED
Q1_protocol_broad,2026-09-05,42261595,PMC13383633,10.1002/biot.70255,Harnessing Deep Learning Models for Guide RNA Optimization and Off-Target Prediction in CRISPR Systems.,"Saeed M, Arham M, Zafar I, Jamal A, Hussian M, Usman M, Bahwerth FS, Noman M, Hossain MB.",,2026,2026-06-01,N,MED
Q1_protocol_broad,2026-09-05,42470394,PMC13417973,10.1021/acsinfecdis.6c00421,Random Forest Modeling to Predict Small Molecule Accumulation in Gram-Negative Bacteria.,"Levy BR, Hergenrother PJ.",,2026,2026-08-01,N,MED
Q1_protocol_broad,2026-09-05,41859065,PMC12998553,10.2147/idr.s566930,Seven-Year Surveillance and AI-Based Forecasting of Antimicrobial Resistance in Pediatric &lt;i&gt;Escherichia coli&lt;/i&gt; Infections in Northern China (2018-2024).,"Chen Y, Song Z, Di R, Zhao Q, Liu J, Song H, Wang J, Chen Y.",,2026,2026-01-09,Y,MED
Q1_protocol_broad,2026-09-05,39611092,PMC11602282,10.3389/fmicb.2024.1393824,Comparison of three source attribution methods applied to whole genome sequencing data of monophasic and biphasic <i>Salmonella</i> Typhimurium isolates from the British Isles and Denmark.,"Guzinski J, Arnold M, Whiteley T, Tang Y, Patel V, Trew J, Litrup E, Hald T, Smith RP, Petrovska L.",,2024,2024-11-14,Y,MED
Q1_protocol_broad,2026-09-05,41806067,,10.1007/s00438-026-02384-5,Staphylococcus aureus resistance to non-β-lactam antibiotics: global genomic epidemiology and machine learning feasibility assessment.,"Chaki SSG, Najim MA, Hassan LA, AlAbdulhadi SAS, Al-Khafaji ZA, Sharma MK, Ahmed AS, Ahmed AB, Alazzam MB, Sholeh M.",,2026,2026-03-10,N,MED
Q1_protocol_broad,2026-09-05,41787488,PMC13072651,10.1186/s12931-026-03609-2,A lung microbial signature for postoperative recurrence in stage I-II non-small cell lung cancer.,"Gu C, Qi Y, Xie Y, Yang L, Wang G, Zhou J, Ren J, Liu S, Zhu G, Li W, Hu W, Chen Y, Liu D.",,2026,2026-03-05,Y,MED
Q1_protocol_broad,2026-09-05,41330943,PMC12672568,10.1038/s41467-025-66564-4,Large-scale characterisation of the nasal microbiome redefines Staphylococcus aureus colonisation status.,"Aggarwal D, Bellis KL, Blane B, de Goffau MC, Wagner J, Ng DYK, Raven KE, Naydenova P, Kaptoge S, Burton S, Henry R, Perry C, Walker MR, Moore C, Churcher C, Girgis ST, de Sousa CR, Sarkane L, Brennan J, Akram A, Duthie S, Johnson E, Juhasz M, Anderson D, Irvine S, McMahon A, Lay L, Salter SJ, Raise",,2025,2025-12-02,Y,MED
Q1_protocol_broad,2026-09-05,39174307,PMC11874365,10.1136/gutjnl-2023-331740,"Artificial intelligence applied to 'omics data in liver disease: towards a personalised approach for diagnosis, prognosis and treatment.","Ghosh S, Zhao X, Alim M, Brudno M, Bhat M.",,2025,2025-01-17,Y,MED
Q1_protocol_broad,2026-09-05,39594202,PMC11592508,10.3390/diagnostics14222536,Utilizing Artificial Intelligence for Microbiome Decision-Making: Autism Spectrum Disorder in Children from Bosnia and Herzegovina.,"Bašić-Čičak D, Hasić Telalović J, Pašić L.",,2024,2024-11-13,Y,MED
Q1_protocol_broad,2026-09-05,41647536,PMC12869780,10.1016/j.fmre.2025.08.009,"Harnessing multi-omics and machine learning for predicting immune checkpoint blockade responses: Advances, challenges, and future directions.","Cao S, Liu J, Li Y.",,2026,2025-08-31,Y,MED
Q1_protocol_broad,2026-09-05,39386249,PMC11462629,10.3389/fvets.2024.1358028,Predicting host species susceptibility to influenza viruses and coronaviruses using genome data and machine learning: a scoping review.,"Alberts F, Berke O, Rocha L, Keay S, Maboni G, Poljak Z.",,2024,2024-09-25,Y,MED
Q1_protocol_broad,2026-09-05,41425941,PMC12714630,10.3389/fmicb.2025.1705320,"Generative AI in microbial evolution and resistance: toward robust, explainable, and equitable predictions.",Sufi F.,,2025,2025-12-05,Y,MED
Q1_protocol_broad,2026-09-05,42337128,PMC13290818,10.1007/s00122-026-05293-8,Harnessing artificial intelligence in plant breeding: innovations in digital phenotyping and breeding methodologies.,"Aggarwal N, Rathore M, Jan F, Sharma D, Kumar S, Thudi M, Jighly A, Varshney RK, Mir RR.",,2026,2026-06-23,Y,MED
Q1_protocol_broad,2026-09-05,40001378,PMC11851606,10.3390/antibiotics14020134,The Role of Artificial Intelligence and Machine Learning Models in Antimicrobial Stewardship in Public Health: A Narrative Review.,"Pennisi F, Pinto A, Ricciardi GE, Signorelli C, Gianfredi V.",,2025,2025-01-30,Y,MED
Q1_protocol_broad,2026-09-05,42354799,PMC13304314,10.3390/microorganisms14061174,Engineering the Gut Microbiome: Emerging Genome-Editing Strategies and Therapeutic Applications.,"Wu L, Li Z, Zhu J, Sun Z, Yan L, Luo M, Chen H, Yin Y.",,2026,2026-05-22,Y,MED
Q1_protocol_broad,2026-09-05,41901708,PMC13029436,10.3390/pathogens15030255,Genotypic and Phenotypic Characterisation of &lt;i&gt;Staphylococcus aureus&lt;/i&gt; Enterotoxins Using Single-Cell Raman Spectroscopy and Metabolomics.,"Song X, Zhang Z, Zhan T, Liu L, Wei X, Liu Y, Tao J, Xie M, Liu G, Wang D, Fu YV, Yan X, Wei Q.",,2026,2026-02-27,Y,MED
Q1_protocol_broad,2026-09-05,41301664,PMC12649458,10.3390/antibiotics14111167,"Mechanisms and Evolution of Antimicrobial Resistance in Ophthalmology: Surveillance, Clinical Implications, and Future Therapies.","Osei Duah Junior I, Ampong J, Danquah CA.",,2025,2025-11-20,Y,MED
Q1_protocol_broad,2026-09-05,42132223,PMC13334190,10.1093/g3journal/jkag114,On the use of generative models for demographic inference in malaria vectors from genomic data.,"Eneli AA, Siu PC, Perez MF, Burt A, Fumagalli M, Mathieson S.",,2026,2026-07-01,Y,MED
Q1_protocol_broad,2026-09-05,40895284,PMC12398925,10.1016/j.csbj.2025.08.015,A quartet-based approach for inferring phylogenetically informative features from genomic and phenomic data.,"Brandenburg VB, Hack BL, Mosig A.",,2025,2025-08-22,Y,MED
Q1_protocol_broad,2026-09-05,42483062,PMC13385632,10.3389/fpubh.2026.1834330,Feasibility of AI-driven disease surveillance systems at international airports in sub-Saharan Africa: a narrative review.,"Malingumu EE, Kisendi DD, Kabore RWP, Guerde OY, Mugerwa M, He Q.",,2026,2026-07-07,Y,MED
Q1_protocol_broad,2026-09-05,42307052,PMC13383619,10.1002/biot.70266,"Base Editors for Engineering Industrial Microorganisms: Types, Applications, and Future Perspectives.","Li X, Wu S, Tian P.",,2026,2026-06-01,N,MED
Q1_protocol_broad,2026-09-05,42232900,PMC13224943,10.3389/fmicb.2026.1793198,"&lt;i&gt;Stenotrophomonas oleivorans&lt;/i&gt; sp. nov., a polycyclic aromatic hydrocarbon-degrading bacterium isolated from crude oil-contaminated soil in Tabasco, Mexico.","Elufisan TO, Rodriguez-Luna IC, Sanchez-Varela A, Bustos VP, Lozano L, Dantan-Gonzalez E, Oyedara OO, Correa-Basurto J, Estrada-Perez AR, Cortes-Espinosa DV, Villalobos-Lopez MA, Guo X.",,2026,2026-05-14,Y,MED
Q1_protocol_broad,2026-09-05,41669854,PMC13042989,10.1002/advs.202521111,Advancing Precision Nutrition Through Multimodal Data and Artificial Intelligence.,"Fu Y, Zhang K, Miao Z, Yang G, Huang Y, Zheng JS.",,2026,2026-02-11,Y,MED
Q1_protocol_broad,2026-09-05,41828632,PMC12985685,10.3390/ijms27052415,Systematic Review: Long-Read Sequencing in Algal Studies.,"Kastuganova K, Askerov A, Szabó A, Barteneva NS.",,2026,2026-03-05,Y,MED
Q1_protocol_broad,2026-09-05,41013029,PMC12473228,10.3390/s25185791,AI-Enabled Microfluidics for Respiratory Pathogen Detection.,"Zhang D, Lv X, Jiang H, Fan Y, Liu K, Wang H, Deng Y.",,2025,2025-09-17,Y,MED
Q1_protocol_broad,2026-09-05,41940696,PMC13188911,10.1128/aem.01903-25,Enhanced microbiota-derived mucinases in colorectal cancer patients revealed by gut metagenome probing coupled with functional validation.,"Li Y, Zhang H, Xiang B, Zhang Y, Zhang M.",,2026,2026-04-06,Y,MED
Q1_protocol_broad,2026-09-05,38903781,PMC11187003,10.3389/fmicb.2024.1413434,Direct prediction of antimicrobial resistance in <i>Pseudomonas aeruginosa</i> by metagenomic next-generation sequencing.,"Cao L, Yang H, Huang Z, Lu C, Chen F, Zhang J, Ye P, Yan J, Zhang H.",,2024,2024-06-06,Y,MED
Q1_protocol_broad,2026-09-05,38274740,PMC10808480,10.3389/fmicb.2023.1320312,Machine learning and feature extraction for rapid antimicrobial resistance prediction of <i>Acinetobacter baumannii</i> from whole-genome sequencing data.,"Gao Y, Li H, Zhao C, Li S, Yin G, Wang H.",,2023,2024-01-11,Y,MED
Q1_protocol_broad,2026-09-05,41811851,PMC12998954,10.1371/journal.pcbi.1013397,MoCETSE: A mixture-of-convolutional experts and transformer-based model for predicting Gram-negative bacterial secreted effectors.,"Shi H, Lin Y, Liu D, Zou Q.",,2026,2026-03-11,Y,MED
Q1_protocol_broad,2026-09-05,41094150,PMC13368603,10.1038/s41587-025-02813-7,Predicting functions of uncharacterized gene products from microbial communities.,"Zhang Y, Bhosle A, Bae S, Eckenrode K, Huang X, Tang J, Lavrentovich D, Awad L, Hua J, Wang Y, Morgan XC, Li B, Krueger A, Garrett WS, Franzosa EA, Huttenhower C.",,2026,2025-10-15,Y,MED
Q1_protocol_broad,2026-09-05,41524388,PMC12889109,10.1128/spectrum.02452-25,Regression-based modeling of pairwise genomic linkage data identifies risk factors for healthcare-associated pathogen transmission: application to carbapenem-resistant &lt;i&gt;Klebsiella pneumoniae&lt;/i&gt; transmission in a long-term care facility.,"Steinberg H, Adediran T, Hayden MK, Snitkin E, Zelner J.",,2026,2026-01-12,Y,MED
Q1_protocol_broad,2026-09-05,41928457,PMC13089544,10.1093/gbe/evag085,Detecting Positive Selection by Modeling Structure Within Images of Genetic Variation.,"Amin MR, Arnab SP, Khan M, DeGiorgio M.",,2026,2026-04-01,Y,MED
Q1_protocol_broad,2026-09-05,41652975,PMC12915776,10.1080/14622416.2026.2620360,Importance of genetic ancestry in pharmacogenomics for precision medicine.,"Venkatesh R, Keat K, Salvatore M, Cindi Z, Hall MA, Ritchie MD.",,2025,2025-12-01,Y,MED
Q1_protocol_broad,2026-09-05,42394824,PMC13323464,10.3389/fcimb.2026.1873187,"The CRISPR-Cas toolkit for mosquito-borne virus surveillance: detection, tracing, and discovery.","Wu Y, Cai H, Wu Q, Wu J, Hu J, Huang E, Li Z, Liang S, Hu X, Dai J, Liao R.",,2026,2026-06-18,Y,MED
Q1_protocol_broad,2026-09-05,41703455,PMC13014782,10.1186/s12859-025-06221-1,Transfer learning models for bacterial strain dissemination biomarkers using weighted non-parallel proximal support vector machines.,"Ugwu UO, Slayden RA, Kirby M.",,2026,2026-02-17,Y,MED
Q1_protocol_broad,2026-09-05,41510023,PMC12776345,10.1093/bioadv/vbaf303,AI-powered rapid detection of multidrug-resistant &lt;i&gt;Klebsiella pneumoniae&lt;/i&gt; with informative peaks of MALDI-TOF MS.,"Lu JJ, Chung CR, Wang HY, Tang Y, Chiang MC, Wu LC, Hsu JB, Lee TY, Horng JT.",,2026,2025-11-24,Y,MED
Q1_protocol_broad,2026-09-05,40452928,PMC12126089,10.7717/peerj.19296,A machine-learning approach for predicting butyrate production by microbial consortia using metabolic network information.,"Silva-Andrade C, Hernández S, Saa P, Perez-Rueda E, Garrido D, Martin AJ.",,2025,2025-05-28,Y,MED
Q1_protocol_broad,2026-09-05,41217268,PMC12671055,10.1093/femsre/fuaf058,Global spread of Streptococcus pyogenes A genomics-supported narrative review.,"Arcari G, Colombini L, Castelli M, Novazzi F, Clementi N, Santoro F, Mancini N.",,2025,2025-01-01,Y,MED
Q1_protocol_broad,2026-09-05,42353793,PMC13299199,10.3390/genes17060634,From Genome to Pharmacome: Current Status and Future Perspectives of Multi-Omics Integration in Traditional Chinese Medicine Research.,"Yu T, Chen C, Hu P, Zou Y, Zhang J, Zhu Q, Yang T.",,2026,2026-05-30,Y,MED
Q1_protocol_broad,2026-09-05,41272024,PMC12695954,10.1038/s41598-025-27591-9,Knowledge graph embedding for predicting and analyzing microbial interactions.,"Khatbane M, Mangavel C, Borges F, Aridhi S, Toussaint Y.",,2025,2025-11-21,Y,MED
Q1_protocol_broad,2026-09-05,41514900,PMC12785036,10.3390/biology15010059,Transformer-Based Classification of Transposable Element Consensus Sequences with TEclass2.,"Bickmann L, Rodriguez M, Jiang X, Makałowski W.",,2025,2025-12-29,Y,MED
Q1_protocol_broad,2026-09-05,40458637,PMC12127599,10.1016/j.csbj.2025.04.042,Anti-EBV: Artificial intelligence driven predictive modeling for repurposing drugs as potential antivirals against Epstein-Barr virus.,"Vaidya H, Gautam S, Kumar M.",,2025,2025-05-01,Y,MED
Q1_protocol_broad,2026-09-05,40923121,PMC12417957,10.1002/brb3.70843,Construction of Predictive Machine Learning Model of Glioma-Associated Gut Microbiota.,"Li Z, Zhao K, Liu H, Liu J, Chen X, Hu W, Wen E, Zhang K, Chen L.",,2025,2025-09-01,Y,MED
Q1_protocol_broad,2026-09-05,42163722,PMC13355083,10.1093/nar/gkag515,Microbe Decoder uncovers functional traits of microbes in microbiome datasets.,"Hackmann TJ, Parris JP, Seshadri R, Lingga C.",,2026,2026-07-01,Y,MED
Q1_protocol_broad,2026-09-05,41965787,PMC13214254,10.1186/s13148-026-02126-9,Lung microbiome predictors of epigenetic aging and potential associations with smoking and electronic cigarette use.,"Khan A, Choi B, Kang S, Weng DY, Ying K, McElroy JP, Kamel S, Reisinger SA, Wewers MD, Shields PG, Song MA.",,2026,2026-04-11,Y,MED
Q1_protocol_broad,2026-09-05,40375898,PMC12078339,10.3389/fcimb.2025.1545646,The application of machine learning in clinical microbiology and infectious diseases.,"Xu C, Zhao LY, Ye CS, Xu KC, Xu KY.",,2025,2025-05-01,Y,MED
Q1_protocol_broad,2026-09-05,42059663,PMC13130203,10.1093/bib/bbag173,Integrative multi-omics analysis reveals microbiota alterations and clinical indicators predictive of pulmonary fibrosis progression following SARS-CoV-2 infection.,"Liu C, Mao Z, Yu F, Ni J, Bao J, Qu W, Huang M, Shen Y, Zheng S, Chen Y.",,2026,2026-03-01,Y,MED
Q1_protocol_broad,2026-09-05,41685122,PMC12891156,10.3389/fpls.2025.1734247,Applying traditional and machine learning-based GWAS approaches for marker-trait identification in wheat.,"Milek JJ, Michel S, Buchelt A, Holzinger A, Molin EM.",,2025,2026-01-28,Y,MED
Q1_protocol_broad,2026-09-05,41595447,PMC12841110,10.3390/genes17010027,DNABERT2-CAMP: A Hybrid Transformer-CNN Model for &lt;i&gt;E. coli&lt;/i&gt; Promoter Recognition.,"Xu HL, Gong XJ, Yu H, Wang YK.",,2025,2025-12-28,Y,MED
Q1_protocol_broad,2026-09-05,42020421,PMC13287686,10.1038/s41467-026-72303-0,Integrating theory and machine learning to reveal determinants of plasmid copy number.,"Shahzadi I, Xue W, Ubaid Ullah H, Maddamsetti R, You L, Wang T.",,2026,2026-04-22,Y,MED
Q1_protocol_broad,2026-09-05,,,10.1101/2025.08.06.668922,A novel approach to  <i>Caudoviricetes</i>  taxonomy utilising whole proteome structure-structure comparison,"Smith L, Schmidt TS, Tolstoy I, Skvortsov T, Hill C, Shkoporov AN.",,2025,2025-08-06,Y,PPR
Q1_protocol_broad,2026-09-05,42271540,PMC13255390,10.1186/s43897-026-00236-9,From signals to solutions: stress-induced leaf senescence and synthetic biology and AI approaches for crop resilience.,"Ren SN, Zhu CY, Wang YQ, Bu T, Li Z, Yin W, Xia X, Wang HL.",,2026,2026-06-11,Y,MED
Q1_protocol_broad,2026-09-05,40533801,PMC12175428,10.1186/s13059-025-03585-8,KPop: accurate and scalable comparative analysis of microbial genomes by sequence embeddings.,"Didelot X, Ribeca P.",,2025,2025-06-18,Y,MED
Q1_protocol_broad,2026-09-05,41657997,PMC12876177,10.3389/fmicb.2025.1676706,Genotypes and associated traits in &lt;i&gt;Salmonella enterica&lt;/i&gt; Newport strains linked to fresh produce-associated outbreaks in the United States.,"Carter MQ, Carychao D, Gorski L, Lindsey RL, Bono JL.",,2025,2026-01-23,Y,MED
Q1_protocol_broad,2026-09-05,41859445,PMC12997419,10.3389/fmicb.2026.1783810,Oral microbiome dysbiosis in autism spectrum disorder: the oral-gut-brain axis and future perspectives: a narrative review.,"Huang Y, Liang Q, Shen Y, Chen J, Xu W.",,2026,2026-03-04,Y,MED
Q1_protocol_broad,2026-09-05,36296187,PMC9607465,10.3390/microorganisms10101911,Artificial Intelligence Models for Zoonotic Pathogens: A Survey.,"Pillai N, Ramkumar M, Nanduri B.",,2022,2022-09-27,Y,MED
Q1_protocol_broad,2026-09-05,,PMC13295470,,Role of Mobilome in Carbapenem Resistance,"Hassan L, Syed M, Lu B, Zhao J, Cao B.",,2026,2026-05-28,Y,PMC
Q1_protocol_broad,2026-09-05,41524417,PMC12915355,10.1128/aem.01824-25,Mining a vibriophage depolymerase for enhanced pathogen control in aquaculture.,"Yue Y, Zhao J, Wang Z, Yin R, He Y, Li C, Zhang Y.",,2026,2026-01-12,Y,MED
Q1_protocol_broad,2026-09-05,41595535,PMC12840750,10.3390/genes17010116,Composition and Function of Gut Microbiome: From Basic Omics to Precision Medicine.,"Ma Y, Wang L, Hu H, Shieh AR, Li E, He D, He L, Liu Z, Paing TM, Chen X, Cao Y.",,2026,2026-01-22,Y,MED
Q1_protocol_broad,2026-09-05,41833938,PMC13136403,10.1038/s41522-026-00964-2,The Anna Karenina principle in the assembly of plant microbiome under pathogen stress.,"Li D, Qu ZS, Wang C, Peng ZH, Zhou X, Cai L.",,2026,2026-03-15,Y,MED
Q1_protocol_broad,2026-09-05,40749792,PMC13131403,10.1016/j.jare.2025.07.053,Global genomics of Lactococcus lactis: horizontal gene transfer and intergenic variation drive multiple domestication and dairy adaptation.,"Li W, Sun J, Wu Q, Kwok LY, Dong G, Sun Z.",,2026,2025-07-30,Y,MED
Q1_protocol_broad,2026-09-05,39406803,PMC11480480,10.1038/s41598-024-75044-6,Repurposing MALDI-TOF MS for effective antibiotic resistance screening in Staphylococcus epidermidis using machine learning.,"Ren M, Chen Q, Zhang J.",,2024,2024-10-15,Y,MED
Q1_protocol_broad,2026-09-05,42345823,PMC13296987,10.3390/biology15120967,Global Research Landscape and Thematic Evolution of Fungi-Derived Antimicrobials Against Methicillin-Resistant &lt;i&gt;Staphylococcus aureus&lt;/i&gt; (MRSA): A Scientometric Analysis.,"Ong CJN, Fortaleza JAG, Ramos ED, Cabuhat KSP, Cruz JTP, Libres AC, Matamis JG, Mamaat JE, de Leon CS, Nuevo JJM.",,2026,2026-06-19,Y,MED
Q1_protocol_broad,2026-09-05,41383331,PMC12689540,10.3389/fpubh.2025.1711344,"From pandemics to preparedness: harnessing AI, CRISPR, and synthetic biology to counter biosecurity threats.","Okon MB, Ugwu OP, Ugwu CN, Ogenyi FC, Swase DT, Anyanwu CN, Eze VHU, Ugwu JN, Akinola SA, Mujinya R, Anyanwu EG.",,2025,2025-11-26,Y,MED
Q1_protocol_broad,2026-09-05,41930321,PMC13042694,10.1002/mco2.70644,Multiomics Research Strategies in Cancer: A Growing and Innovative Field.,"Du Z, Liu X, Lv Z, Wang B, Xia Y, Al-Duais WAM, Yan L, Zhang F, Li Y.",,2026,2026-03-24,Y,MED
Q1_protocol_broad,2026-09-05,42186437,PMC13215320,10.1080/21505594.2026.2673632,"The ""oral-gut axis"" transmission of microorganisms in colorectal cancer: Insights from &lt;i&gt;Peptostreptococcus'&lt;/i&gt; perspective.","Zhu Y, Luo S, Luo Y, Guo Z, Jiang Y, Ma Q, Fu X, Zheng C, You F, Kuang Q, Li X.",,2026,2026-05-26,Y,MED
Q1_protocol_broad,2026-09-05,40213269,PMC11984569,10.1016/j.csbj.2025.03.024,A review on the applications of Transformer-based language models for nucleotide sequence analysis.,"Ghosh N, Santoni D, Saha I, Felici G.",,2025,2025-03-18,Y,MED
Q1_protocol_broad,2026-09-05,41938783,PMC13047323,10.3934/microbiol.2026002,Engineering &lt;i&gt;Trichoderma&lt;/i&gt;-mediated plant defense against bacterial phytopathogens: Micro-and nanobiotechnological strategies.,"Shafi Z, Shahid M, Singh A, Raj GB, Rasool A.",,2026,2026-02-11,Y,MED
Q1_protocol_broad,2026-09-05,42474134,PMC13386587,10.1080/14756366.2026.2660982,Pharmacological advances in &lt;i&gt;Candida auris&lt;/i&gt;: emerging antifungal mechanisms and next-generation therapeutic strategies.,"Hudu SA, Saadi N, Morad EA, Tahir A, Jimoh AO.",,2026,2026-07-20,Y,MED
Q1_protocol_broad,2026-09-05,42438712,PMC13356826,10.7717/peerj.20964,Application of machine learning algorithms in building health diagnostics: predictive analytics evaluating indoor air quality and sick building syndrome in educational settings.,"Ismail SA, Kamar HM, Kamsah N, Lim KH, Kamaruzaman NA, Ramdan MI, Crüts B, Zaini Makhtar MM, Rafatullah M, Vashisht A.",,2026,2026-07-09,Y,MED
Q1_protocol_broad,2026-09-05,42069693,PMC13289558,10.1186/s40168-026-02418-5,Precisely designed keystone metabolites boost shrimp disease resistance by recruiting symbionts via the lipoxin A4-AP-1 pathway.,"Sha H, Chen J, He J, He B, Huang J, Zhou J, Dong X, Xiong J.",,2026,2026-05-02,Y,MED
Q1_protocol_broad,2026-09-05,41913107,PMC13154438,10.1186/s12866-026-04953-5,Damage and recovery of artificial diet rearing silkworms (Bombyx mori L.) exposed to high-concentration florfenicol as well as the dynamic changes of midgut ‌flora after functional bacterium supplementation.,"Liu Y, Liu Z, Ren C, Gao H, Wu S, Zhang H, Zhang S, Wang B.",,2026,2026-03-30,Y,MED
Q1_protocol_broad,2026-09-05,38860784,PMC11218531,10.1128/spectrum.00143-24,Variation in the response to antibiotics and life-history across the major &lt;i&gt;Pseudomonas aeruginosa&lt;/i&gt; clone type (mPact) panel.,"Tueffers L, Batra A, Zimmermann J, Botelho J, Buchholz F, Liao J, Mendoza Mejía N, Munder A, Klockgether J, Tüemmler B, Rupp J, Schulenburg H.",,2024,2024-06-11,Y,MED
Q1_protocol_broad,2026-09-05,41471222,PMC12735946,10.3390/pathogens14121267,From Methylomes to CRISPR Epigenetic Editing: New Paths in Antibiotic Resistance.,"Nass NM, Zaher KA.",,2025,2025-12-10,Y,MED
Q1_protocol_broad,2026-09-05,41472882,PMC12746109,10.1093/nargab/lqaf174,Integrating natural language processing and genome analysis enables accurate bacterial phenotype prediction.,"Gómez-Pérez D, Keller A.",,2025,2025-12-29,Y,MED
Q1_protocol_broad,2026-09-05,41794853,PMC13096496,10.1038/s41522-026-00951-7,"Soil acidification dismantles a citrulline-mediated microbe-metabolite-host defense axis in watermelon, exacerbating Fusarium wilt.","Zhang Z, Yu L, Wu C, Guo J, Zhu L, Wang J, Zhou C.",,2026,2026-03-07,Y,MED
Q1_protocol_broad,2026-09-05,42515058,PMC13415419,10.3390/pathogens15070731,Research Progress on the Quorum Sensing System of &lt;i&gt;Acinetobacter baumannii&lt;/i&gt; and Its Inhibitors.,"Liao J, Liu X, Luo J, Ling J, Liang L, Yan Z, Wu W, Zhou W, Jiang Y.",,2026,2026-07-13,Y,MED
Q1_protocol_broad,2026-09-05,41844600,PMC13149866,10.1038/s41467-026-70721-8,Large-scale multi-omics profiling reveals environmental and evolutionary drivers of fungal phylogeographic and metabolic diversity.,"Xie H, Hu J, Zhao X, Chen J, Yue X, Zhou C, Navarro-Muñoz JC, Jiang J, Tang X, Zhao F, Hatmaker EA, Rokas A, Barber AE, Drott MT, Keller NP, Zhang Q, van der Hooft JJJ, Medema MH, Li P.",,2026,2026-03-18,Y,MED
Q1_protocol_broad,2026-09-05,42131447,PMC13161719,10.1017/gmb.2026.10020,Machine learning identifies differences between breast milk and formula in the gut microbiome.,"Chia Liu T, Rojas-Velazquez D, Kidwai S, Hogenkamp A, Garssen J, Kraneveld AD, Lopez-Rincon A.",,2026,2026-05-08,Y,MED
Q1_protocol_broad,2026-09-05,40872272,PMC12389138,10.3390/pathogens14080762,From Morphology to Multi-Omics: A New Age of Fusarium Research.,"Bugingo C, Infantino A, Okello P, Perez-Hernandez O, Petrović K, Turatsinze AN, Moparthi S.",,2025,2025-08-01,Y,MED
Q1_protocol_broad,2026-09-05,40585302,PMC12204397,10.1093/nargab/lqaf090,Machine learning models for delineating marine microbial taxa.,Louca S.,,2025,2025-06-19,Y,MED
Q1_protocol_broad,2026-09-05,41775812,PMC13065741,10.1038/s41598-026-43008-7,Antimicrobial use and Escherichia coli resistance patterns in Hungarian pig farms: a data-driven farm-level analysis.,"Vribék K, Farkas M, Csorba S, Süth M, Gombos L, Kerek Á, Somogyi Z, Jerzsele Á, Farkas Z.",,2026,2026-03-03,Y,MED
Q1_protocol_broad,2026-09-05,41340088,PMC12781490,10.1186/s12866-025-04561-9,Oral and fecal microbiota in Chinese adults with obesity reveal potential niche-specific microbiota associated with obesity.,"Hu J, Guo P, Yu J, Zhang T, Yang X.",,2025,2025-12-03,Y,MED
Q1_protocol_broad,2026-09-05,42098608,PMC13321588,10.1186/s12866-026-05118-0,"Phenotypic and genotypic characterization of clinical plasmid-mediated quinolone resistance (PMQR) and extended-spectrum beta-lactamase (ESBL)-producing Enterobacterales in two healthcare facilities in Douala, Cameroon.","Guemkam GW, Founou LL, Koudoum PL, Foueyem MD, Dimani BD, Christiane MS, Noubom M, Founou RC.",,2026,2026-05-08,Y,MED
Q1_protocol_broad,2026-09-05,39935800,PMC11810743,10.3389/fmed.2025.1492709,Mapping knowledge landscapes and emerging trends in artificial intelligence for antimicrobial resistance: bibliometric and visualization analysis.,"Wang Z, Zhu G, Li S.",,2025,2025-01-28,Y,MED
Q1_protocol_broad,2026-09-05,42485280,PMC13390849,10.1371/journal.pone.0353985,In silico identification and biophysical characterization of candidate antimicrobial peptides from the Indian marine microbiome targeting multidrug-resistant ESKAPE pathogens.,"K V S, Thaha N, Dehury B.",,2026,2026-07-22,Y,MED
Q1_protocol_broad,2026-09-05,42325564,PMC13276349,10.1016/j.isci.2026.116350,Geographic transplantation promotes the growth of &lt;i&gt;Atractylodes macrocephala&lt;/i&gt; by restructuring the rhizosphere microbial community.,"Ping Y, Peng Y, Sun J, Xiang J, Wang P, Shen Y, Xia J, Dang C, Lu J, Xue D.",,2026,2026-06-11,Y,MED
Q1_protocol_broad,2026-09-05,40589903,PMC12208608,10.1183/23120541.00952-2024,Predicting rifampicin resistance in &lt;i&gt;Mycobacterium tuberculosis&lt;/i&gt; using machine learning informed by protein structural and chemical features.,"Lynch CI, Adlard D, Fowler PW.",,2025,2025-05-01,Y,MED
Q1_protocol_broad,2026-09-05,42202005,PMC13215174,10.1126/sciadv.aee6916,PlasmidGPT: A generative framework for plasmid analysis and generation.,"Shao B, Han Z, Liang Z, Huo YX.",,2026,2026-05-27,Y,MED
Q1_protocol_broad,2026-09-05,42536752,PMC13426420,10.1126/sciadv.aed2571,A &lt;i&gt;NHEJ1&lt;/i&gt; mutator allele influencing germline mutation rates sex-specifically in humans.,"Wu K, Nan J, Liu H.",,2026,2026-07-31,Y,MED
Q1_protocol_broad,2026-09-05,42166181,PMC13285994,10.1093/ismejo/wrag132,"Advancing microbial ecology, microbiomes, and One Health in Africa: from regional initiatives to pan-African flagship programs.","Hijri M, Aliyat FZ, Legeay J, Lee SJ, Idbella M, Anwar AF, Errafii K, Marasco R, Biswas MK, Venturi V, Zézé A, Gemeda M, Eziuzor SC, Makhalanyane T, Ahmed B.",,2026,2026-01-01,Y,MED
Q1_protocol_broad,2026-09-05,,,10.1101/2025.10.10.25337750,Benchmarking non-additive genetic effects on polygenic prediction and machine learning-based approaches,"Bell NY, Wightman DP, de Leeuw C, Posthuma D.",,2025,2025-10-13,Y,PPR
Q1_protocol_broad,2026-09-05,40830794,PMC12366088,10.1186/s12967-025-06838-z,Construction of a feature gene and machine prediction model for inflammatory bowel disease based on multichip joint analysis.,"Chaosheng Y, Haowen S, Jingjing R, Yuanyuan D, Wenhui D, Yingyue S, Yuzheng X.",,2025,2025-08-19,Y,MED
Q1_protocol_broad,2026-09-05,41367092,PMC12983266,10.1016/j.xplc.2025.101665,An ecology-driven microbial consortium enhances plant growth and immunity while sustaining rhizospheric microbial balance.,"Mazumder M, Tikariha H, Mayalagu S, Majedi SM, Binti Abdul Hamid NA, Mukhopadhyay S, Pavagadhi S, Selvaraj P, Naqvi NI, Swarup S.",,2026,2025-12-09,Y,MED
Q1_protocol_broad,2026-09-05,41552720,PMC12808383,10.3389/fcimb.2025.1685862,Emerging technologies and current challenges in intratumoral microbiota research.,"Wang Z, Zhang T, Liu Y.",,2025,2026-01-02,Y,MED
Q1_protocol_broad,2026-09-05,42172047,PMC13224393,10.1093/gigascience/giag062,"PathoFact 2.0: an integrative pipeline for the prediction of antimicrobial resistance genes, virulence factors, toxins and toxin-associated proteins, and biosynthetic gene clusters in metagenomes.","Delgado LF, Ortís Sunyer J, Laczny CC, Hickl O, May P, Wilmes P.",,2026,2026-01-01,Y,MED
Q1_protocol_broad,2026-09-05,41821041,PMC13097947,10.1186/s13040-026-00537-1,BPX-Net: biomarker-preserved explainable networks for disease diagnosis and prognosis.,"Wang J, Chen S, Wen R, Ying H, Xu W, Yin L, Deng X, Han C, Zhu Q, Zhang B, Tong H, Liu C, Chen W, Jin J, Jin K, Xu C, Huang H, Wang H, Qian D.",,2026,2026-03-12,Y,MED
Q1_protocol_broad,2026-09-05,41114016,PMC12528209,10.3389/fmed.2025.1563891,AI-driven strategies for advancing corneal cell therapy: a promising frontier.,"Tafti MF, Khorrami-Nejad M, Arabfard M, Ghiasi M, Afkhamizadeh F, Jadidi K, Aghamollaei H.",,2025,2025-10-02,Y,MED
Q1_protocol_broad,2026-09-05,42524094,PMC13409371,10.5114/bta/220617,Understanding the biology of mucormycosis using contemporary omics tools: a review.,"Mishra D, Pattnaik S.",,2026,2026-06-12,Y,MED
Q1_protocol_broad,2026-09-05,40096210,PMC11902325,10.3390/s25051396,Non-Invasive Biomarkers in the Era of Big Data and Machine Learning.,"Lazaros K, Adam S, Krokidis MG, Exarchos T, Vlamos P, Vrahatis AG.",,2025,2025-02-25,Y,MED
Q1_protocol_broad,2026-09-05,42293535,PMC13260186,10.3389/fmicb.2026.1754063,"Recovery of organic waste from a wastewater treatment plant, improved with plant growth promoting bacteria: model of &lt;i&gt;Quercus suber&lt;/i&gt; L.","González-Reguero D, Robas-Mora M, García Ordiales E, Fernández-Pastrana VM, Penalba-Iglesias D, Probanza Lobo A, Jiménez Gómez PA.",,2026,2026-05-29,Y,MED
Q1_protocol_broad,2026-09-05,42196214,PMC13206771,10.3390/ijms27104232,Mapping of Phenotype Specific Host-Microbiome Protein-Protein Interaction Networks in Colorectal Cancer Using Deep Learning.,"Kiouri DP, Batsis GC, Messaritakis I, Souglakos J, Chasapis CT.",,2026,2026-05-09,Y,MED
Q1_protocol_broad,2026-09-05,41009744,PMC12470747,10.3390/ijms26189178,Nanomedicine-Driven Modulation of the Gut-Brain Axis: Innovative Approaches to Managing Chronic Inflammation in Alzheimer's and Parkinson's Disease.,"Krsek A, Schleicher LMS, Jagodic A, Baticic L.",,2025,2025-09-19,Y,MED
Q1_protocol_broad,2026-09-05,42505640,PMC13404950,10.3390/antibiotics15070677,Beyond Antibiotics: One Health Education for Tackling Antimicrobial Resistance.,Robredo B.,,2026,2026-07-10,Y,MED
Q1_protocol_broad,2026-09-05,40059755,PMC11980498,10.1080/17460913.2025.2476880,Resistance genes are not like chemical pollutants and surveillance of them should reflect that.,"Munk P, Brinch C, Aarestrup FM.",,2025,2025-03-10,N,MED
Q1_protocol_broad,2026-09-05,40615468,PMC12227649,10.1038/s41538-025-00496-7,Applying machine learning to classify table olives using bacterial metataxonomic data.,"López-García E, Benítez-Cabello A, Arroyo-López FN.",,2025,2025-07-04,Y,MED
Q1_protocol_broad,2026-09-05,41761093,PMC13023179,10.1186/s12859-026-06400-8,DynaBiome: interpretable unsupervised learning of gut microbiome dysbiosis via temporal deep models.,"Qureshi A, Wahid A, Qazi S, Shahzad MK, Kiani HM, Asif MDA.",,2026,2026-02-27,Y,MED
Q1_protocol_broad,2026-09-05,40302920,PMC12037494,10.3389/fcimb.2025.1550933,Enhancing fever of unknown origin diagnosis: machine learning approaches to predict metagenomic next-generation sequencing positivity.,"Gao Z, Jiang Y, Chen M, Wang W, Liu Q, Ma J.",,2025,2025-04-15,Y,MED
Q1_protocol_broad,2026-09-05,41283812,PMC12641615,10.1093/bib/bbaf626,From genomic signals to prediction tools: a critical feature analysis and rigorous benchmark for phage-host prediction.,"Shang J, Peng C, Guan J, Cai D, Wang D, Sun Y.",,2025,2025-11-01,Y,MED
Q1_protocol_broad,2026-09-05,38940175,PMC11211809,10.1093/bioinformatics/btae243,Scalable de novo classification of antibiotic resistance of Mycobacterium tuberculosis.,"Serajian M, Marini S, Alanko JN, Noyes NR, Prosperi M, Boucher C.",,2024,2024-06-01,Y,MED
Q1_protocol_broad,2026-09-05,40987851,PMC12488481,10.1038/s41564-025-02119-z,Genome-resolved metagenomics reveals microbiome diversity across 48 tick species.,"Du LF, Shi W, Cui XM, Fan H, Jiang JF, Bian C, Ye RZ, Wang Q, Zhang MZ, Yuan TT, Xia LY, Ruan XD, Chang QC, Du CH, Que TC, Wang X, Han XH, Yang TC, Jiang BG, Chen JY, Wang XR, Tan LF, Liu YW, Deng LL, Liu Y, Zhu Y, Pan YS, Wang N, Lin ZT, Li LF, Li C, Shen SJ, Liu YT, Tian D, Han XY, Wang J, Wang YF",,2025,2025-09-23,Y,MED
Q1_protocol_broad,2026-09-05,42514486,PMC13416029,10.3390/plants15142118,"From Traditional to Omics-Driven: Emerging Strategies for Isolation, Cultivation, and Identification of Plant Endophytes.","Chen X, Wang J, Tang L, Zeng Z, Gao D, Yi Y, Qin L, Xiao Y, Yang H, Yang B.",,2026,2026-07-09,Y,MED
Q1_protocol_broad,2026-09-05,42491328,PMC13377168,10.1016/j.engmic.2026.100279,Exploring the emerging role of CRISPR-Cas systems in probiotic development.,"Hussain A, Mojgani N, Siddiqui MF, Khan MI, Ali SA.",,2026,2026-06-05,Y,MED
Q1_protocol_broad,2026-09-05,37998806,PMC10669088,10.3390/antibiotics12111604,Silicon versus Superbug: Assessing Machine Learning's Role in the Fight against Antimicrobial Resistance.,"Coxe T, Azad RK.",,2023,2023-11-08,Y,MED
Q1_protocol_broad,2026-09-05,42148581,PMC13340048,10.1128/spectrum.03775-25,Multi-omics characterization of new and aged Daqu reveals region-specific microbial succession and metabolic signatures in Maotai-flavor liquor fermentation.,"Wang K, Zhang D, Shen K, Qiu Y, Deng B, Zhou J, Qiu S.",,2026,2026-05-18,Y,MED
Q1_protocol_broad,2026-09-05,40268958,PMC12018928,10.1038/s41522-025-00703-z,The dynamics of microbiome and virome in migratory birds of southwest China.,"Luo Q, Gao H, Xiang Y, Li J, Dong L, Wang X, Liu F, Guo Y, Shen C, Ding Q, Qin C, Liang G, Wen L.",,2025,2025-04-23,Y,MED
Q1_protocol_broad,2026-09-05,41586308,PMC12824008,10.3389/fcimb.2025.1695928,Metagenomic analysis reveals severity-dependent microbial succession and correlation with host inflammatory response in oral and maxillofacial space infections.,"Wang X, Ye L, Liu Y, Li H, Shi H, Zheng L.",,2025,2026-01-08,Y,MED
Q1_protocol_broad,2026-09-05,41736799,PMC12926485,10.3389/fcimb.2026.1764958,Unraveling the activity of phage-carrying antibiotic resistance genes in constructed wetlands.,"Zhao Q, Wang D, Lin H, Zhou T, Zhang J, Shang J, Cai D, Sun Y, Hu Z, Zhang J.",,2026,2026-02-09,Y,MED
Q1_protocol_broad,2026-09-05,40835707,PMC12368003,10.1038/s41598-025-16150-x,Accurate modeling and simulation of the effect of bacterial growth on the pH of culture media using artificial intelligence approaches.,"Mohammad SI, Owida HA, Vasudevan A, Ballal S, Al-Hasnaawei S, Ray S, Talniya NC, Sinha A, Jain V, Abumalek A.",,2025,2025-08-20,Y,MED
Q1_protocol_broad,2026-09-05,41566412,PMC12911140,10.1186/s12864-025-12509-6,The reduced genome of Candidatus Portiera sp. in Bemisia afer: evolutionary trajectories and functional implications.,"Wang YY, Chen YJ, Wang HL, Zhu CC, Lei T, Liu YQ.",,2026,2026-01-22,Y,MED
Q1_protocol_broad,2026-09-05,41590442,PMC12842992,10.3390/jof12010030,Identification and Classification of Fungal GPCR Gene Families.,"Liu Z, Salamov A, Grigoriev IV.",,2025,2025-12-30,Y,MED
Q1_protocol_broad,2026-09-05,41924126,PMC13037479,10.1093/ismeco/ycag048,Illuminating the newly produced viruses within the virosphere with bioorthogonal noncanonical amino acid tagging and single-virus genomic sequencing technologies.,"Alvarez-Sanchez M, Martinez-Hernandez F, Vicedo AL, Vila-Nistal M, Philosof A, Narayanan AK, Tijerina JC, Fornas O, Martinez-Garcia M, Orphan VJ.",,2026,2026-01-01,Y,MED
Q1_protocol_broad,2026-09-05,40731982,PMC12299549,10.3390/microorganisms13071473,Spectral Precision: Recent Advances in Matrix-Assisted Laser Desorption/Ionization Time-of-Flight Mass Spectrometry for Pathogen Detection and Resistance Profiling.,"Elbehiry A, Abalkhail A.",,2025,2025-06-25,Y,MED
Q1_protocol_broad,2026-09-05,40802283,PMC12369335,10.1128/jb.00159-25,Sequence variability of BamA and FadL candidate vaccinogens suggests divergent evolutionary paths of &lt;i&gt;Treponema pallidum&lt;/i&gt; outer membrane proteins.,"Bettin EB, Aghakhanian F, Hennelly CM, Chen W, Davenport TC, Hackl ST, Grassmann AA, Vargas-Cely F, Silva S, García-Luna JA, Ramirez LG, Jiang Y, Yang L, Zheng H, Yang B, Pospíšilová P, Šmajs D, Matoga MM, Hoffman IF, López-Medina E, Nieselt K, Moody MA, Seña AC, Salazar JC, Parr JB, Caimano MJ, Haw",,2025,2025-07-14,Y,MED
Q1_protocol_broad,2026-09-05,42015254,PMC13235161,10.1186/s12934-026-03008-8,Modular biosynthesis of microbiome-derived polyketides and nonribosomal peptides: insights and opportunities for Lactobacillaceae.,"Dillen J, Eilers T, Dricot CEMK, Van Hee M, Vandenheuvel D, Masschelein J, Lebeer S.",,2026,2026-04-21,Y,MED
Q1_protocol_broad,2026-09-05,,,10.21203/rs.3.rs-7621453/v1,Expanding Tuberculosis Drug Resistance Prediction beyond binary: Deep Learning for Minimum Inhibitory Concentration prediction,"Wang L, Campino S, Clark TG, Phelan JE.",,2025,2025-11-10,Y,PPR
Q1_protocol_broad,2026-09-05,40396716,PMC12153324,10.1128/mbio.00488-25,Evolutionary accumulation modeling in AMR: machine learning to infer and predict evolutionary dynamics of multi-drug resistance.,"Renz J, Dauda KA, Aga ONL, Diaz-Uriarte R, Löhr IH, Blomberg B, Johnston IG.",,2025,2025-05-21,Y,MED
Q1_protocol_broad,2026-09-05,40575335,PMC12188759,10.3748/wjg.v31.i23.105076,Recent advances in machine learning for precision diagnosis and treatment of esophageal disorders.,"Liu SW, Li P, Li XQ, Wang Q, Duan JY, Chen J, Li RH, Guo YF.",,2025,2025-06-01,Y,MED
Q1_protocol_broad,2026-09-05,42440756,PMC13333637,10.3389/fpubh.2026.1828355,Wastewater-based epidemiology for public health - benefits and trade-offs of different molecular methods for the generation of actionable data in a small-town context.,"Kraiselburd I, Susenburger-Lange R, Balzer M, Magin S, Block K, Consten L, Dörr A, Dörr AK, Gosch J, Nishad S, Sachse S, Thomas A, Triebs A, Welling J, Wilhelm A, Widera M, Schmithausen R, Meyer F.",,2026,2026-06-22,Y,MED
Q1_protocol_broad,2026-09-05,42099457,PMC13147943,10.1002/imt2.70123,Two stable gut microbiome guilds predict liver tumor class and treatment responses.,"Liu Y, Zhang Z, Wu G, Li B, Wang L, Wang J, Wei Z, Wang Z, Yang J, Zhang K, Zhang T, Tao X, Chen T, Fan J, Zhou J, Yang X, Zhao L, Wei Y.",,2026,2026-04-02,Y,MED
Q1_protocol_broad,2026-09-05,41403833,PMC12704319,10.1016/j.isci.2025.114044,Artificial intelligence empowers gut microbiota research in neurodegenerative diseases molecular mechanisms and precision therapy.,"Zhu H, He H, Yang M, Zhu H, Hagiwara A, Shu L, Xu J, Miao Y, Han X, Wang C.",,2025,2025-11-17,Y,MED
Q1_protocol_broad,2026-09-05,39344712,PMC11440089,10.1093/bib/bbae484,DeepPBI-KG: a deep learning method for the prediction of phage-bacteria interactions based on key genes.,"Wei T, Lu C, Du H, Yang Q, Qi X, Liu Y, Zhang Y, Chen C, Li Y, Tang Y, Zhang WH, Tao X, Jiang N.",,2024,2024-09-01,Y,MED
Q1_protocol_broad,2026-09-05,40380167,PMC12085054,10.1186/s12967-025-06552-w,"Deciphering microbial and metabolic influences in gastrointestinal diseases-unveiling their roles in gastric cancer, colorectal cancer, and inflammatory bowel disease.","Philip D, Hodgkiss R, Radhakrishnan SK, Sinha A, Acharjee A.",,2025,2025-05-16,Y,MED
Q1_protocol_broad,2026-09-05,,,10.1101/2025.02.28.640835,"BaGPipe: an automated, reproducible, and flexible pipeline for bacterial genome-wide association studies","Wei KC, Blane B, Toussaint J, Reuter S, Toleman MS, Torok E, Peacock SJ, Harrison EM, Aggarwal D, Roberts-Sengier W.",,2025,2025-03-02,Y,PPR
Q1_protocol_broad,2026-09-05,38927169,PMC11200959,10.3390/antibiotics13060502,"Implications of Artificial Intelligence in Addressing Antimicrobial Resistance: Innovations, Global Challenges, and Healthcare's Future.","Branda F, Scarpa F.",,2024,2024-05-29,Y,MED
Q1_protocol_broad,2026-09-05,41851716,PMC13001211,10.1186/s12919-026-00363-7,Academic Symposium: Empowering the Next Generation to Drive Global Impact in Biomedical Innovation.,,,2026,2026-03-19,Y,MED
Q1_protocol_broad,2026-09-05,41222234,PMC12724264,10.1128/jvi.01554-25,Charting the virosphere: computational synergies of AI and bioinformatics in viral discovery and evolution.,"Sinno A, Baghdadi R, Narch R, El Rayes S, Tokajian S, Al Khoury C.",,2025,2025-11-12,Y,MED
Q1_protocol_broad,2026-09-05,40303014,PMC12017464,10.1155/2024/7679727,Analytic Approaches in Genomic Epidemiological Studies of Parasitic Protozoa.,"Wang T, Zhang Z, Feng Y, Xiao L.",,2024,2024-06-08,Y,MED
Q1_protocol_broad,2026-09-05,42312183,PMC13271413,10.1093/ismeco/ycag133,Unveiling the role of soil microorganisms in indicating paddy soil health via metagenomics combined with machine learning.,"Zheng YL, Guo YS, Ren XY, Wang YF, Cui HL, Zhang LM, Ding LJ, Zhu YG.",,2026,2026-01-01,Y,MED
Q1_protocol_broad,2026-09-05,42013844,PMC13198307,10.1016/j.xcrm.2026.102752,Metabolic reprogramming of the infant gut by bifidobacteria-based probiotics drives exclusion of antibiotic-resistant pathobionts.,"Bargheet A, Bø GH, Hetland MAK, Justine M, Moyo SJ, Löhr IH, Blomberg B, Langeland N, Klingenberg C, Pettersen VK.",,2026,2026-04-20,Y,MED
Q1_protocol_broad,2026-09-05,,,10.64898/2026.05.28.26354339,High-dimensional Characterization of Genome–Environment Fitness Landscapes in  <i>Klebsiella pneumoniae</i>,"Zhou G, Williams G, Millner MT, AlHirayban R, Alosaimi W, Fallatah O, Hart AJ, Malaikah M, Iftikhar S, Ahmad H, Roghanian M, Mustonen V, AlYami R, Banzhaf M, Moradigaravand D.",,2026,2026-05-30,N,PPR
Q1_protocol_broad,2026-09-05,42540459,PMC13426051,10.3389/fmicb.2026.1874628,Rhizosphere microecological characteristics associated with tobacco root-knot nematode disease.,"Lu T, Zhu X, Jia M, Li E, Li J, Liu Z, Wang D, Chen Q, Wang R, Zhou P, Du Y, Li Q, Wang N, Wang G, Bai Y.",,2026,2026-07-16,Y,MED
Q1_protocol_broad,2026-09-05,39943164,PMC11815768,10.3390/ani15030394,A Global Comparative Genomic Analysis of Major Bacterial Pathogens in Bovine Mastitis and Lameness.,"Kusza S, Bagi Z.",,2025,2025-01-30,Y,MED
Q1_protocol_broad,2026-09-05,42168245,PMC13396408,10.1038/s41598-026-45630-x,Optimizing hepatitis C diagnosis through reinforcement learning feature selection and multi-model machine learning evaluation.,"Arora KA, Sharma A, Prashar D, Yousef A, Khan AA, Shaikh ZA.",,2026,2026-05-21,Y,MED
Q1_protocol_broad,2026-09-05,42493737,PMC13396242,10.1111/cbdd.70365,"Advancing Antiviral Design: Integrating Natural Products, Computation and Targeted Delivery.","Lanrewaju AA, Folami AM, Sabiu S, Swalaha FM.",,2026,2026-07-01,Y,MED
Q1_protocol_broad,2026-09-05,41148687,PMC12561093,10.3390/antibiotics14100995,"Beyond the Resistome: Molecular Insights, Emerging Therapies, and Environmental Drivers of Antibiotic Resistance.","Nass NM, Zaher KA.",,2025,2025-10-04,Y,MED
Q1_protocol_broad,2026-09-05,39095599,PMC11840754,10.1038/s41591-024-03183-4,Antifungal heteroresistance causes prophylaxis failure and facilitates breakthrough Candida parapsilosis infections.,"Zhai B, Liao C, Jaggavarapu S, Tang Y, Rolling T, Ning Y, Sun T, Bergin SA, Gjonbalaj M, Miranda E, Babady NE, Bader O, Taur Y, Butler G, Zhang L, Xavier JB, Weiss DS, Hohl TM.",,2024,2024-08-02,N,MED
Q1_protocol_broad,2026-09-05,42075297,PMC13119153,10.3390/microorganisms14040901,Seasonal Dynamics of Skin Microbiota and Metabolites in Transhumant-Grazed Altay Sheep.,"Li X, Qin Z, Wang H, Tao X, Xia J, Zhao Y, Yi P, Ma Y, Wang X, Ma X, Li N, Zhong Q, Yao G.",,2026,2026-04-16,Y,MED
Q1_protocol_broad,2026-09-05,40822883,PMC12357048,10.1016/j.crfs.2025.101161,Combining rapid evaporative ionization mass spectrometry and chemometrics for the differentiation of cocoa bean quality.,"Lestang J, Miescher Schwenninger S, Nyström L.",,2025,2025-08-06,Y,MED
Q1_protocol_broad,2026-09-05,42317266,PMC13272044,10.3389/fcell.2026.1846929,Defining neurovascular ecosystem states with single-cell multi-omics and machine learning: insights into cerebrovascular remodeling in the tumor context.,"Kong D, Chen Y, Wang W, Qin Z, Yang C, Gao Z, Guo S, Xue Z.",,2026,2026-06-03,Y,MED
Q1_protocol_broad,2026-09-05,42429456,PMC13410755,10.1128/msphere.00587-25,Exploring life's hidden majority: microbial dark matter symposium highlights.,"Flamholz ZN, Mulay SA, Leshyk V, Caporaso JG, Eisen JA, Kelly L, Lloyd KG, Osburn MR, Podar M, Roux S, Regberg SAB, Ruff SE, Tierney B, Tighe S, Trembath-Reichert E, Venkateswaran K, Woyke T, Locken KM, Sapers HM, Whiteson K.",,2026,2026-07-10,Y,MED
Q1_protocol_broad,2026-09-05,40862995,PMC12384171,10.3390/bios15080535,"Droplet-Based Microfluidics in Single-Bacterium Analysis: Advancements in Cultivation, Detection, and Application.","Ma H, Zhang Y, Shen R, Jia Y.",,2025,2025-08-15,Y,MED
Q1_protocol_broad,2026-09-05,41972755,PMC13203971,10.1128/msphere.00113-26,Novel machine learning-based approach to identify viral biomarkers of human respiratory emissions from oral and nasal metagenomes.,"Langenfeld K, Arts P, Monahan A, Criswell A, Wigginton KR, Duhaime MB.",,2026,2026-04-13,Y,MED
Q1_protocol_broad,2026-09-05,41991527,PMC13272788,10.1038/s41467-026-72169-2,Conserved and divergent gene regulatory networks for crop drought resistance.,"Deng X, Shi L, Wang Y, Qiao H, Wang X, Ma J, Zhang Y, Zha Y, Hu X.",,2026,2026-04-17,Y,MED
Q1_protocol_broad,2026-09-05,42293542,PMC13262065,10.3389/fmicb.2026.1798330,Multi-kingdom gut microbiota analysis identifies bacterial-viral association in multiple myeloma.,"Liu L, Liu J, He J, Xing Y, Zhang D, Zhang X, Ma C, Xu M, Li R, Peng M, Mei S.",,2026,2026-05-29,Y,MED
Q1_protocol_broad,2026-09-05,42461048,,10.1128/jvi.01687-25,From sites to structure to serology: a roadmap for structure-aware molecular evolution of antigenically evolving viruses.,"Översti S, Lytras S, Kawakubo S, Ito J, Ghafari M.",,2026,2026-07-16,N,MED
Q1_protocol_broad,2026-09-05,41953447,PMC13055552,10.3389/fmicb.2026.1739103,Gi-MAPS: a quantitative engineering framework for AI-guided pediatric gut microbiome ecological interpretation and digital-twin simulation.,"Wang X, Hu W, Li R, Sun R, Liong MT, Yu Q, Chen D.",,2026,2026-03-24,Y,MED
Q1_protocol_broad,2026-09-05,41526674,PMC12895010,10.1038/s43856-025-01364-x,A matched case-control study on Escherichia coli factors contributing to sepsis and septic shock in bacteraemic patients.,"Maldonado N, López-Hernández I, Valik JK, López-Cortes LE, Martínez Pérez-Crespo PM, García-Montaner A, Alcalde-Rico M, Sousa-Domínguez A, Jover Sáenz A, Goikoetxea J, Pulido-Navazo Á, Buzón-Martín L, Aller AI, Boix-Palop L, Del Arco-Jiménez A, Smithson-Amat A, Sánchez Calvo JM, Natera-Kindelán C, R",,2026,2026-01-12,Y,MED
Q1_protocol_broad,2026-09-05,41019376,PMC12466286,10.1016/j.isci.2025.113473,"&lt;i&gt;Lactobacillus&lt;/i&gt;-rich cervicovaginal microbiome associated with lower BV, HPV, and cytology outcomes in women.","Osei Sekyere J, Trama J, Adelson M, Trikannad C, DiBlasi D, Schuster R, Yang JJ, Mordechai E.",,2025,2025-09-02,Y,MED
Q1_protocol_broad,2026-09-05,42290085,PMC13366581,10.1021/acsinfecdis.6c00086,Biochemical and Structural Characterization of Two-domain Glycoside Hydrolase PgaB from &lt;i&gt;Serratia marcescens&lt;/i&gt; and Its Application for &lt;i&gt;S. aureus&lt;/i&gt; Biofilm Degradation.,"Cruz AF, Hamann PRV, Guimaraes FEG, Dabul ANG, Mamani RCC, Pileggi M, Neto MO, Sauda MR, Valente GT, Matsui T, Weiss TM, Araújo EA, Polikarpov I.",,2026,2026-06-14,Y,MED
Q1_protocol_broad,2026-09-05,42519311,PMC13381253,10.3389/fimmu.2026.1842398,"A multi-omics framework integrating gut microbiota, blood metabolites, and immune cells to elucidate the pathogenesis of Alzheimer's disease.","Wang B, Yan W, Zhang Y.",,2026,2026-07-06,Y,MED
Q1_protocol_broad,2026-09-05,42433082,PMC13360637,10.1080/21505594.2026.2696642,"Colorectal cancer landscape from gut microbiota: Insights into mutations, epigenetic dysregulation, and immune microenvironment alterations.","Li Y, Yang Y, Zhang X, Huang Z, Zhang X, Wen J.",,2026,2026-07-10,Y,MED
Q1_protocol_broad,2026-09-05,40761563,PMC12319022,10.3389/fpls.2025.1563711,Unlocking the potential of CRISPR tools and databases for precision genome editing.,"Saraswat P, Ranjan R.",,2025,2025-07-21,Y,MED
Q1_protocol_broad,2026-09-05,42524080,PMC13409260,10.1039/d6na00443a,Defect and interface engineering of visible-light-active semiconductor nanomaterials for sustainable photocatalytic pathogen inactivation.,"Pasindu V, Munaweera I.",,2026,2026-07-28,Y,MED
Q1_protocol_broad,2026-09-05,40941948,PMC12430715,10.3390/plants14172784,Integrating Artificial Intelligence and Biotechnology to Enhance Cold Stress Resilience in Legumes.,"Wang K, Xia L, Yang X, Du C, Tang T, Yang Z, Ma S, Wan X, Guan F, Shi B, Xie Y, Zhang J.",,2025,2025-09-05,Y,MED
Q1_protocol_broad,2026-09-05,42232535,PMC13223125,10.3389/fonc.2026.1759001,A novel explainable AI for revealing determinants of cancer drug response through integrative multi-omics analysis.,"Gopalan SP, Sundararajan V.",,2026,2026-05-18,Y,MED
Q1_protocol_broad,2026-09-05,42027391,PMC13101143,10.3389/fbioe.2026.1675503,Shotgun proteomics for biomarker discovery in microbial pathogens and allergens in food: a review.,"Amado MG, Borrajo P, Pazos M, Barros-Velázquez J, Calo-Mata P, Abril AG, Carrera M.",,2026,2026-04-08,Y,MED
Q1_protocol_broad,2026-09-05,39732799,PMC11682278,10.1038/s41598-024-82697-w,Multi-label classification to predict antibiotic resistance from raw clinical MALDI-TOF mass spectrometry data.,"Astudillo CA, López-Cortés XA, Ocque E, Manríquez-Troncoso JM.",,2024,2024-12-28,Y,MED
Q1_protocol_broad,2026-09-05,,,10.21203/rs.3.rs-9610537/v1,CMDTarget: sRNA Target Prediction with Comparative Denoising,"Jin Y, Li Y, Lu ZJ.",,2026,2026-05-12,N,PPR
Q1_protocol_broad,2026-09-05,42327708,PMC13278905,10.3389/fnetp.2026.1799486,Predictive modeling for cervical cancer: existing AI approaches and the emerging role of vaginal microbiome.,"Gomes M, Li Z, Olaitan A, Gentry-Maharaj A.",,2026,2026-06-05,Y,MED
Q1_protocol_broad,2026-09-05,42192833,PMC13204277,10.3390/brainsci16050521,Genomic Profiling of Adults with Pharmacoresistant Genetic Generalized Epilepsy.,"Kidder BL, Xu J, Geng R, Dlugas H, Vavilikolanu A, Chen W, Wasade VS.",,2026,2026-05-14,Y,MED
Q1_protocol_broad,2026-09-05,41595459,PMC12841270,10.3390/genes17010039,Construction of Phylogenetic Relationships Based on 8-mer Spectra Distribution Characteristics of Vertebrate Whole Genome Sequences.,"Yang Z, Wang L, Liu G, Yu D, Cui X.",,2025,2025-12-31,Y,MED
Q1_protocol_broad,2026-09-05,41410083,PMC12888761,10.1002/jcla.70150,Modeling Factors Associated With Diarrhea Caused by Cryptosporidium Species Using Machine Learning Methods.,"Yar TM, Küçükakçali Z, Karaman Ü.",,2026,2025-12-17,Y,MED
Q1_protocol_broad,2026-09-05,,,10.1101/2025.09.24.678344,BIOTIA-DX RESISTANCE Achieved the Best Antimicrobial Resistance Phenotype Prediction Accuracy at CAMDA 2025,"Fidler G, Wells H, Combs F, Papciak J, Couto-Rodriguez M, Rey S, Rivera T, Uccellini L, Mason CE, O’Hara NB, Nagy-Szakal D, Danko DC.",,2025,2025-09-24,N,PPR
Q1_protocol_broad,2026-09-05,41009471,PMC12469698,10.3390/ijms26188899,The Gut Microbiome and Colistin Resistance: A Hidden Driver of Antimicrobial Failure.,"Miftode IL, Vâţă A, Miftode RŞ, Oancea AF, Pasăre MA, Parângă TG, Miftode EG, Mititiuc IL, Radu VD.",,2025,2025-09-12,Y,MED
Q1_protocol_broad,2026-09-05,39748016,PMC11696929,10.1038/s41598-024-84023-w,The development of an efficient artificial intelligence-based classification approach for colorectal cancer response to radiochemotherapy: deep learning vs. machine learning.,"Bahrambanan F, Alizamir M, Moradveisi K, Heddam S, Kim S, Kim S, Soleimani M, Afshar S, Taherkhani A.",,2025,2025-01-02,Y,MED
Q1_protocol_broad,2026-09-05,39650228,PMC11624680,10.2147/aabc.s484321,Recent Applications of Artificial Intelligence in Discovery of New Antibacterial Agents.,"Bagdad Y, Miteva MA.",,2024,2024-12-03,Y,MED
Q1_protocol_broad,2026-09-05,41798747,PMC12963330,10.3389/fcimb.2026.1775191,Predicting inter-microbial host specificity in oral biofilms using a lightweight relation-aware knowledge graph model.,"Natarajan PM, Varma SR, Kodangattil Narayanan J, Odeh R.",,2026,2026-02-20,Y,MED
Q1_protocol_broad,2026-09-05,42412789,PMC13341119,10.1093/bioinformatics/btag291,A novel transformer model of protein domains for viral taxonomy classification.,"Shin J, Xiao Q, Ye Y.",,2026,2026-07-01,Y,MED
Q1_protocol_broad,2026-09-05,42112809,PMC13288990,10.1128/msystems.00134-26,Stool microbial composition is associated with recent and future diarrhea and fever events in breastfed Danish infants.,"Coates LC, Storms DH, Spearman SS, Shahab-Ferdows S, Christensen SH, Lewis JI, Mølgaard C, Michaelsen KF, Allen LH, Lemay DG, Kable ME.",,2026,2026-05-11,Y,MED
Q1_protocol_broad,2026-09-05,42404174,PMC13327915,10.3389/fvets.2026.1823640,From genomes to interventions: computational strategies transforming parasitology.,"Mohammed K, El-Kady A, Elshabrawy H, Khodary M.",,2026,2026-06-19,Y,MED
Q1_protocol_broad,2026-09-05,42459877,PMC13368921,10.3389/fmicb.2026.1861333,"Next-generation soil monitoring: linking metagenomics, biosensors, and ecological modeling for sustainable agriculture.","Romero-Arguelles R, Ruiz-Ayma G, Rodriguez-Castro VA, Gonzalez-Rojas JI, Gomez-Govea MA.",,2026,2026-07-01,Y,MED
Q1_protocol_broad,2026-09-05,41299243,PMC12751694,10.1186/s12859-025-06294-y,GrafGen: distance-based inference of population ancestry for Helicobacter pylori genomes.,"Wheeler W, Wang D, Zhao I, Vale FF, Jin Y, Rabkin CS.",,2025,2025-11-26,Y,MED
Q1_protocol_broad,2026-09-05,41810197,PMC12969193,10.21037/tp-2025-aw-800,Comprehensive machine learning for identifying platelet-associated diagnostic biomarkers and immune landscape in Kawasaki disease.,"Ruan F, Gu J.",,2026,2026-02-04,Y,MED
Q1_protocol_broad,2026-09-05,42357153,PMC13306798,10.3390/plants15121834,"Decoding &lt;i&gt;Bacillus&lt;/i&gt; spp.: Antimicrobial Diversity, Biocontrol Mechanisms, and Safe Deployment in Plant Disease Management.",Ali S.,,2026,2026-06-13,Y,MED
Q1_protocol_broad,2026-09-05,40964454,PMC12440251,10.20935/acadmolbiogen7776,Rapid assessment of clinical severity for salmonellosis cases via protein family domain analysis and machine learning.,"Bhattacharyya A, Panday S, Ussery D.",,2025,2025-06-30,Y,MED
Q1_protocol_broad,2026-09-05,41896353,PMC13083252,10.1038/s41588-026-02567-1,"Genomic, phenomic and geographic associations of leukocyte telomere length in the United States.","Nakao T, Koyama S, Truong B, Uddin MM, Misra A, Patel AP, Bhatnagar A, Viscosi V, Vlasschaert C, Bick AG, Nelson CP, Codd V, Samani NJ, Hornsby W, Ellinor PT, Natarajan P.",,2026,2026-03-27,Y,MED
Q1_protocol_broad,2026-09-05,39597638,PMC11596670,10.3390/microorganisms12112249,Bridging Classical Methodologies in <i>Salmonella</i> Investigation with Modern Technologies: A Comprehensive Review.,"Kitchens SR, Wang C, Price SB.",,2024,2024-11-07,Y,MED
Q1_protocol_broad,2026-09-05,37672526,PMC10506723,10.1371/journal.pcbi.1011424,Predictive modeling of antibiotic eradication therapy success for new-onset Pseudomonas aeruginosa pulmonary infections in children with cystic fibrosis.,"Graña-Miraglia L, Morales-Lizcano N, Wang PW, Hwang DM, Yau YCW, Waters VJ, Guttman DS.",,2023,2023-09-06,Y,MED
Q1_protocol_broad,2026-09-05,41068935,PMC12512389,10.1186/s13059-025-03822-0,GIMIC: smoothed graph-image representation of microbiome samples induce an optimal distance.,"Shtossel O, Louzoun Y.",,2025,2025-10-09,Y,MED
Q1_protocol_broad,2026-09-05,41788331,PMC12957183,10.3389/fmicb.2026.1743670,Fungi between threat and promise: global perspectives on health and innovation.,"Li H, Yang YY, Chokkakula S, Sathishkumar K, Alam MM, Al-Sehemi AG, Zhang X, Chong S, Jeyaraj G.",,2026,2026-02-18,Y,MED
Q1_protocol_broad,2026-09-05,40715125,PMC12297358,10.1038/s41522-025-00773-z,Integrating metagenomics and cultivation unveils oral phage diversity and potential impact on hosts.,"Jie Z, Liang H, Meng Y, Zhang J, Zhang T, Li W, Lin X, Hu T, Han M, Liang W, Ju Y, Tong X, Jin X, Xu X, Zhang W, Wang J, Yang H, Kristiansen K, Xiao L, Zou Y.",,2025,2025-07-26,Y,MED
Q1_protocol_broad,2026-09-05,42244906,PMC13231010,10.1016/j.synbio.2026.04.026,"Transposon-based genome editing of industrial microorganisms: advances, challenges, and prospects.","Zhang Z, Huang Z, Wang Y, Li Z, Wen Z, Gu Y.",,2026,2026-05-29,Y,MED
Q1_protocol_broad,2026-09-05,39868045,PMC11761876,10.1016/j.isci.2024.111647,Predicting phage-host interaction via hyperbolic Poincaré graph embedding and large-scale protein language technique.,"Pan J, Wang R, Liu W, Wang L, You Z, Li Y, Duan Z, Huang Q, Feng J, Sun Y, Wang S.",,2025,2024-12-19,Y,MED
Q1_protocol_broad,2026-09-05,42517159,PMC13402723,10.34133/research.1380,Cigarette Butts as an Emerging Urban Habitat Driving Microbial Niche Differentiation.,"Xie T, Xu JY, Lin D, Liu Y, Wang YF, Yang ZG, Lee PKH, Zhu D.",,2026,2026-07-27,Y,MED
Q1_protocol_broad,2026-09-05,39150244,PMC11406958,10.1128/msystems.00789-24,Predicting &lt;i&gt;Pseudomonas aeruginosa&lt;/i&gt; drug resistance using artificial intelligence and clinical MALDI-TOF mass spectra.,"Nguyen H-A, Peleg AY, Song J, Antony B, Webb GI, Wisniewski JA, Blakeway LV, Badoordeen GZ, Theegala R, Zisis H, Dowe DL, Macesic N.",,2024,2024-08-16,Y,MED
Q1_protocol_broad,2026-09-05,42256221,PMC13236684,10.3389/fcimb.2026.1826972,From dysbiosis to precision medicine: targeting the microbial-metabolic axis in IBD management.,"Giju JK, John S, Sivadas A, Prabhakar M, K K, Sunilkumar D, Nair BG, Pal S, Prakash V.",,2026,2026-05-22,Y,MED
Q1_protocol_broad,2026-09-05,41876560,PMC13186961,10.1038/s41540-026-00690-7,Multi-omics integration reveals ANXA6-high γδ T cell-endothelial communication as a potential link between periodontitis and MASLD.,"Zhang Z, Ma Z, Zhang R, Ye M, Shi Z, Yu M, Ou L.",,2026,2026-03-25,Y,MED
Q1_protocol_broad,2026-09-05,41787562,PMC13077947,10.1186/s13073-026-01621-1,Identifying intra-hospital Norovirus GII transmission using whole-genome sequencing.,"Grimes L, Fink J, Elkan M, Llewellyn J, Patrick RC, Jernigan ALA, Liu BM, Smith KP, Harris RM, Hayes E, Potter RF.",,2026,2026-03-06,Y,MED
Q1_protocol_broad,2026-09-05,40853111,PMC12509796,10.1128/mbio.01309-25,"Investigating genetic, antigenic, and structural diversity in the &lt;i&gt;Neisseria gonorrhoeae&lt;/i&gt; outer membrane protein, PorB: implications for vaccine design.","Harrison OB, Bash M, Ramirez-Bencomo F, Thistlethwaite A, Jones R, Stejskal L, Sanders E, Feavers IM, Jerse A, Derrick JP, Tang CM, Maiden MCJ.",,2025,2025-08-25,Y,MED
Q1_protocol_broad,2026-09-05,40235844,PMC11996750,10.1007/s13205-025-04282-w,Artificial intelligence in drug resistance management.,"Elalouf A, Elalouf H, Rosenfeld A, Maoz H.",,2025,2025-04-14,Y,MED
Q1_protocol_broad,2026-09-05,40464559,PMC12239554,10.1128/mbio.03896-24,Multi-omics profiling of cross-resistance between ceftazidime-avibactam and meropenem identifies common and strain-specific mechanisms in &lt;i&gt;Pseudomonas aeruginosa&lt;/i&gt; clinical isolates.,"Bartmanski BJ, Bösch A, Schmitt S, Ireddy NR, Ren Q, Findlay J, Egli A, Zimmermann-Kogadeeva M, Babouee Flury B.",,2025,2025-06-04,Y,MED
Q1_protocol_broad,2026-09-05,42481155,PMC13410915,10.1136/jitc-2026-015159,Intratumoral &lt;i&gt;Capnocytophaga leadbetteri&lt;/i&gt; promotes cancer cells proliferation and recruits neutrophils by activating TLR4/MyD88/NF-κB axis in oral squamous cell carcinoma.,"Dong Y, Chen K, Zheng H, Liu W, Yan L, Luo Z, Qin Y, Lv S, Yang B, Chen F, Liu Y, Pu J, Xie P, Ji P, Jin X.",,2026,2026-07-21,Y,MED
Q1_protocol_broad,2026-09-05,41211880,PMC12624452,10.1093/bib/bbaf592,FGeneBERT: function-driven pre-trained gene language model for metagenomics.,"Duan C, Zang Z, Xu Y, He H, Li S, Liu Z, Lei Z, Zheng JS, Li SZ.",,2025,2025-11-01,Y,MED
Q1_protocol_broad,2026-09-05,42305150,PMC13267028,10.1080/21501203.2025.2569931,"The molecular revolution in fungal diagnostics: bridging gaps across clinical, agricultural, and environmental mycology.","Gherbawy YA, Al-Harthi H, El-Dawy E, Gaber M, Pet I, Wang L, Hu P, Hussein M.",,2026,2025-12-03,Y,MED
Q1_protocol_broad,2026-09-05,42188826,PMC13211608,10.3390/vaccines14050456,Vaccines as Global Health Security Infrastructure: Insights from a Descriptive Analysis of Vaccines Europe Members' Clinical Pipelines.,"Vernhes C, Khmilevska K, Caron A, Ciglia E, Drury R, Perez-Gomez J, Vetter V.",,2026,2026-05-19,Y,MED
Q1_protocol_broad,2026-09-05,41433308,PMC12725755,10.1371/journal.pone.0329425,Centriflaken: An automated data analysis pipeline for assembly and in silico analyses of foodborne pathogens from metagenomic samples.,"Konganti K, Kase JA, Gonzalez-Escalona N.",,2025,2025-12-23,Y,MED
Q1_protocol_broad,2026-09-05,41803086,PMC12972064,10.1038/s41467-026-69584-w,Water mass specific genes dominate the Southern Ocean microbiome.,"Faure E, Pommellec J, Noel C, Cormier A, Delpech LM, Eren AM, Fernandez-Guerra A, Vanni C, Fourquez M, Houssais MN, Guyet U, Da Silva C, Gavory F, Perdereau A, Labadie K, Wincker P, Poulain J, Hassler C, Lin Y, Cassar N, Maignien L.",,2026,2026-03-09,Y,MED
Q1_protocol_broad,2026-09-05,41556498,PMC12817144,10.1093/database/baaf089,A comprehensive database for biological data derived from sewage in five European cities.,"Becsei Á, Munk P, Fuschi A, Otani S, Stéger J, Visontai D, Papp K, Brinch C, Kant R, Weinstein I, Vapalahti O, de Graaf M, Schapendonk CME, Roelfsema J, van den Beld M, Pijnacker R, Franz E, Alba P, Battisti A, De Cesare A, Indio V, Troja F, Sironen T, Oliveri C, Pasquali F, Liachko I, Auch B, O'Cat",,2026,2026-01-01,Y,MED
Q1_protocol_broad,2026-09-05,42557545,PMC13445660,10.1186/s12864-026-13092-0,Genomic characteristics and geographical distribution of uncultivated soil prokaryotes.,"Rodríguez Del Río Á, Cui Y, Mansour I, Rillig MC.",,2026,2026-08-04,Y,MED
Q1_protocol_broad,2026-09-05,41859075,PMC12995801,10.3389/fimmu.2026.1764491,JK5G postbiotics modulate gut microbiota and metabolome to alleviate cancer-related pain: a randomized controlled trial with multi-omics integration.,"Chen M, Zhang J, Yang H, Lei L, Yang L, Wang S, Yu H.",,2026,2026-03-04,Y,MED
Q1_protocol_broad,2026-09-05,40794770,PMC12419811,10.1158/0008-5472.can-24-3629,Challenges and Opportunities in Analyzing Cancer-Associated Microbiomes.,"Chia M, Pop M, Salzberg SL, Nagarajan N.",,2025,2025-10-01,N,MED
Q1_protocol_broad,2026-09-05,41630194,PMC12864543,10.1002/mbo3.70224,Harnessing the Gut Microbes of Low Abundance With a Bent-Capillary-Centrifugal-Driven (BCCD) Microdroplet Method.,"Jiang MZ, Zhang ZW, Wang Z, Zhu XY, Abdugheni R, Jiang H, Wang Y, Wang ZJ, Zhang L, Cheng YQ, Liu SJ.",,2026,2026-02-01,Y,MED
Q1_protocol_broad,2026-09-05,42483498,PMC13384934,10.3389/fpls.2026.1880044,Post-transcriptional regulation of light-stress responses and predictive modeling in vegetable &lt;i&gt;Solanaceae&lt;/i&gt; Crops.,"Samarina L, Kozhakhmetova F, Turbekova A, Jantassov S, Syrgaliyev Y, Taukenov A, Stolyarov V, Demir H.",,2026,2026-07-07,Y,MED
Q1_protocol_broad,2026-09-05,41764274,PMC13066412,10.1038/s43856-026-01468-y,A generalizable cross-continent prediction of esophageal squamous cell carcinoma using the oral microbiome.,"ElNaggar S, Chen WC, Prodehl LM, Marumo TK, Khan MU, Mathew CG, Ruff P, Jin Z, Neugut AI, Rustgi AK, Uhlemann AC, Korem T, Abrams JA.",,2026,2026-02-28,Y,MED
Q1_protocol_broad,2026-09-05,41731616,PMC13036921,10.1186/s40168-025-02326-0,Unlocking the unexplored AMPSphere in marine rare species.,"Fan S, Lu J, Cui H, Ding W, Li S, Sun J, Li YX, Zhang W.",,2026,2026-02-23,Y,MED
Q1_protocol_broad,2026-09-05,41650975,PMC12985370,10.1016/j.xgen.2026.101140,Universal paralogs provide a window into evolution before the last universal common ancestor.,"Goldman AD, Fournier GP, Kaçar B.",,2026,2026-02-05,Y,MED
Q1_protocol_broad,2026-09-05,42171730,PMC13391677,10.1007/s00253-026-13833-x,Secretion systems shaping host-pathogen interactions in Burkholderia species.,"Pallen S, Madhavan A, Subhashree S, M R V, Lal PB, Mukhopadhyay C, Herai R, Ghosh Dastidar S, Ghosh Dastidar R.",,2026,2026-05-22,Y,MED
Q1_protocol_broad,2026-09-05,41031816,PMC12584701,10.1128/spectrum.02702-25,"Novel, rapid, and reliable typing of vancomycin-resistant &lt;i&gt;Enterococcus faecium&lt;/i&gt; CC17/ST80 strains using MALDI-TOF MS.","Huber S, Brühwasser C, Eisele D, Lass-Flörl C, Fuchs S, Govrins M.",,2025,2025-10-01,Y,MED
Q1_protocol_broad,2026-09-05,41419730,PMC12796348,10.1038/s41467-025-67391-3,"MIDAS: rapid, multiplexed molecular profiling for integrated host-pathogen analysis.","Lim YJ, Asadi Tokmedash M, Allen M, Gruich C, Choi JH, Kim C, Falkowski N, Goldsmith B, Stringer KA, Dickson RP, Bong KW, Min J.",,2025,2025-12-19,Y,MED
Q1_protocol_broad,2026-09-05,40273431,PMC12021265,10.1093/bib/bbaf197,Carmna: classification and regression models for nitrogenase activity based on a pretrained large protein language model.,"Ye A, Zhang JY, Xu Q, Guo HX, Liao Z, Cui H, Zhang D, Guo FB.",,2025,2025-03-01,Y,MED
Q1_protocol_broad,2026-09-05,41153865,PMC12560936,10.3390/ani15202938,Metagenomic Applications to Herbivore Gut Microbiomes: A Comprehensive Review of Microbial Diversity and Host Interactions.,"Wei J, Wei L, Ullah A, Geng M, Zhang X, Wang C, Khan MZ, Wang C, Zhang Z.",,2025,2025-10-10,Y,MED
Q1_protocol_broad,2026-09-05,41882212,PMC13031898,10.1038/s41598-026-44287-w,"Multi-omics analysis of associations between host demographics and saliva metabolome, sugar profiles, and microbiome profiles.","Noerman S, Esberg A, Mack CI, Ahmed H, Egert B, Nordin E, Brunius C, Hanhineva K, Johansson I, Landberg R.",,2026,2026-03-25,Y,MED
Q1_protocol_broad,2026-09-05,41735307,PMC13043660,10.1038/s41540-026-00671-w,A machine learning framework reveals key drivers of cytokine responses in a healthy human cohort.,"Liefferinckx C, Bottieau J, Quertinmont E, Tafciu V, Minsart C, Franchimont D.",,2026,2026-02-24,Y,MED
Q1_protocol_broad,2026-09-05,40960301,PMC12542734,10.1128/msystems.01428-24,Global wastewater microbiome reveals core bacterial community and viral diversity with regional antibiotic resistance patterns.,"Yan Y, Zhao X, Liang X, Xue Y, Niu Q, Li D, Zhou X, Li Y, Dong S, Gai Y, Gai Y.",,2025,2025-09-17,Y,MED
Q1_protocol_broad,2026-09-05,41625754,PMC12852446,10.3389/fmed.2025.1731854,BOBM: an adaptive deep learning framework for extended-window sepsis prediction with cross-institutional generalizability.,"Li W, Xiao K, Gu B, Zheng H, Shao D, Mo R, Wu Q, Yang Q.",,2025,2026-01-15,Y,MED
Q1_protocol_broad,2026-09-05,42285989,PMC13389391,10.1038/s41522-026-01050-3,"Decoding phage communication: molecular networks, evolutionary dynamics, and therapeutic applications.","Abed S, Sholeh M, Sadeghi S, Khatami A, Speck P, Shafiei M.",,2026,2026-06-12,Y,MED
Q1_protocol_broad,2026-09-05,41049004,PMC12491167,10.7150/jca.114687,Inflammatory Bowel Disease Mediates the Causal Relationship Between Gut Microbiota and Colorectal Cancer: Identification of Therapeutic Targets and Predictive Modeling.,"Wang JB, Wu ZG, Bi GW, Li Y, Yao ZW, Yu YB.",,2025,2025-09-22,Y,MED
Q1_protocol_broad,2026-09-05,41753728,PMC12943478,10.3390/microorganisms14020443,Characterization of an Atypical GH19 Family Chitinase from &lt;i&gt;Vibrio jasicida&lt;/i&gt; KMM 6832.,"Noskova Y, Pentekhina I, Seitkalieva A, Nedashkovskaya O, Goroshkova Y, Balabanova L.",,2026,2026-02-12,Y,MED
Q1_protocol_broad,2026-09-05,41461920,PMC12768965,10.1038/s41564-025-02203-4,Large-scale analysis of bacterial genomes reveals thousands of lytic phages.,"Perfilyev A, Gæde A, Hooton S, Zahran SA, Kalatzis PG, Winther-Have CS, Ibarra Chavez R, Wilkinson RC, Thanki AM, Liu Z, Zhang Q, Lv Q, Liu Y, Gigante AM, Atterbury RJ, Petersen B, Millard AD, Clokie MRJ, Sicheritz-Pontén T.",,2026,2025-12-29,Y,MED
Q1_protocol_broad,2026-09-05,42404879,PMC13328029,10.3389/fimmu.2026.1828633,Integrative multi-omics profiling reveals coordinated immunometabolic reprogramming and host-microbiome interactions in acute pancreatitis.,"Dai P, Feng J, Cao J, Fan D.",,2026,2026-06-19,Y,MED
Q1_protocol_broad,2026-09-05,42334709,PMC13319654,10.1007/s12672-026-05477-0,Machine learning applications in the detection and treatment of esophageal cancer.,"Long F, Zhang H, Zhang S, Dong Z, Huang X, Hu R.",,2026,2026-06-23,Y,MED
Q1_protocol_broad,2026-09-05,42491628,PMC13377406,10.1002/imt2.70137,Early gut microbial and metabolic dysregulation with subclinical cardiac alterations in a nonhuman primate model of Rett syndrome.,"Zhang T, Wang X, Li P, Zhang J, Sun W, Zhang Z, Zhuo Y, Guo W, Chen Y.",,2026,2026-06-09,Y,MED
Q1_protocol_broad,2026-09-05,41321831,PMC12660103,10.3389/fmicb.2025.1704146,Differences in abundance and functional intensity of characteristic microorganisms of tea plant rhizosphere soils contribute to the differentiation of tea quality in different rocky zones.,"Jia X, Chen Y, Wang Y, Lin S, Li M, Wang T, Cheng P, Zhu B, Zhang Q, Ye J, Wang H.",,2025,2025-11-14,Y,MED
Q1_protocol_broad,2026-09-05,42535053,PMC13422558,10.3389/fphar.2026.1837576,A comprehensive review on bacterial endophytic secondary metabolites: a road map from crude extract to lead molecule production.,"Biju R, Osborne WJ.",,2026,2026-07-16,Y,MED
Q1_protocol_broad,2026-09-05,42509593,PMC13408194,10.1111/jnc.70530,Effect of Prenatal and Postnatal Stress in Rats on the Gut Microbiome in Adolescence.,"Woods R, Jennings EF, Smith L, Almushri K, Hanson L, Gamrot O, Adetunji A, Oguanya CV, Imongan H, John K, Omuluche E, Harte M, Murgatroyd C.",,2026,2026-07-01,Y,MED
Q1_protocol_broad,2026-09-05,41350579,PMC12769767,10.1038/s41522-025-00868-7,Compiling an early life human gut microbiome atlas and identification of key microbial drivers.,"Tarracchini C, Longhi G, Gennaioli E, Muscò A, Rizzo SM, Viappiani A, Vitale SG, Mancabelli L, Lugli GA, Angioni S, Turroni F, van Sinderen D, Milani C, Ventura M.",,2025,2025-12-05,Y,MED
Q1_protocol_broad,2026-09-05,42194968,PMC13205932,10.3390/genes17050511,Machine Learning-Based Classification of Gliomas and Tumor Grades with SHAP-Guided Feature Interpretation.,"Al-Rumaihi G, Sumon MSI, Hassanein A, Malluhi M, Hossain SA, Raad TZ, Chowdhury MEH, Razali R, Pedersen S.",,2026,2026-04-25,Y,MED
Q1_protocol_broad,2026-09-05,42041910,PMC13113288,10.3390/biology15080632,The Computational Revolution in Natural Product Research: A Data-Driven Roadmap for Next-Generation Drug Development.,"Ang MY, Choo SW.",,2026,2026-04-17,Y,MED
Q1_protocol_broad,2026-09-05,41334807,PMC12715865,10.1093/femsyr/foaf072,Integrating yeast biodiversity and machine learning for predictive metabolic engineering.,"Watcharawipas A, Runguphan W, Khamwachirapithak P, Laothanachareon T.",,2025,2025-01-01,Y,MED
Q1_protocol_broad,2026-09-05,41348595,PMC13223576,10.1093/bib/bbaf619,In silico approaches for discovering microbial antiviral defense systems.,"Jiang L, Li Y, Xie B, Wang L, Chen S.",,2025,2025-11-01,Y,MED
Q1_protocol_broad,2026-09-05,42198807,PMC13373824,10.1111/nph.71297,"Investigating GERMs: how genotype, environment, and rhizosphere microbiome interactions underlie heat response in maize and sorghum.","Korth N, Borrero I, Rumley K, Woodley AL, Choudoir MJ, Gage JL.",,2026,2026-05-26,Y,MED
Q1_protocol_broad,2026-09-05,42157858,PMC13180909,10.3389/fnagi.2026.1791352,Integrative bibliometric and transcriptomic analyses identify selenium-associated molecular signatures in the aging brain.,"Liu S, Yan B, Gao H, Zhang L, Zhang Z, Liu Y, Chen F, Lei P.",,2026,2026-05-04,Y,MED
Q1_protocol_broad,2026-09-05,41715092,PMC12922336,10.1186/s12967-025-07417-y,SCMO: a deep learning model integrating the single-cell resolution TME ecosystem and multi-omics for survival prediction in CRC patients.,"He Z, Fan X, Li Y, Li Q, Bu D, Han A, Guo JC, Liu J, Mao H, Dai X, Zhao Y.",,2026,2026-02-19,Y,MED
Q1_protocol_broad,2026-09-05,40508136,PMC12154274,10.3390/ijms26115324,Artificial Intelligence-Assisted Breeding for Plant Disease Resistance.,"Ma J, Cheng Z, Cao Y.",,2025,2025-06-01,Y,MED
Q1_protocol_broad,2026-09-05,42256778,PMC13233765,10.1016/j.crmicr.2026.100613,Integrated omics reveal a unique antibacterial mechanism of action for the small molecule HSI#6.,"Sedky H, Hamed MB, Vermeire K, Schymkowitz J, Karamanou S, Economou A.",,2026,2026-05-23,Y,MED
Q1_protocol_broad,2026-09-05,42112448,PMC13149256,10.3389/fmicb.2026.1755917,Comparative genomics of an Antarctic sea-ice diatom (&lt;i&gt;Nitzschia&lt;/i&gt; sp.) provides insights into potential polar adaptation.,"Zhai C, Kennedy F, Han M, Yu H, Sun J, Liang Y, Wang M, McMinn A.",,2026,2026-04-23,Y,MED
Q1_protocol_broad,2026-09-05,41657981,PMC12876002,10.3389/fmicb.2025.1691658,Machine learning reveals microbial interactions driving plastic degradation across plastisphere environments.,"Mahir AA, Kulathuvayal AS, Lei Y, Zhang Q, Wang L, Su Y, Hou L.",,2025,2026-01-23,Y,MED
Q1_protocol_broad,2026-09-05,38379956,PMC10878306,10.3389/fcimb.2023.1306368,Deciphering complex antibiotic resistance patterns in <i>Helicobacter pylori</i> through whole genome sequencing and machine learning.,"Yu J, Jia Y, Yu Q, Lin L, Li C, Chen B, Zhong P, Lin X, Li H, Sun Y, Zhong X, He Y, Huang X, Lin S, Pan Y.",,2023,2024-01-04,Y,MED
Q1_protocol_broad,2026-09-05,41102805,PMC12529840,10.1186/s13020-025-01208-9,Omics-based profiling and therapeutic potential of natural components in pan-Shennongjia medicinal herbs.,"Song J, Yuan C, Wang F, Lei D, Tian X, Yang L, Li Z, Yi X, Chen S, Zeng Y, Li W, Deng R, Tao Q, Zhang L, Wang Y, He Y, Reng Q, Wen X, Tan Y, Song C, Chen W, Xiao W, Leng L, Zhang S, Gou J, Zhang L, Yu K, Liu Z, Zou D, Shi Z, Pei L, Hu Z, Liu Y.",,2025,2025-10-16,Y,MED
Q1_protocol_broad,2026-09-05,41982885,PMC13071004,10.3389/fmicb.2026.1822387,Editorial: Advances in phage applications: deciphering phage biological and ecological mechanisms through metagenomics.,"Santiago-Rodriguez TM, Toranzos GA.",,2026,2026-03-30,Y,MED
Q1_protocol_broad,2026-09-05,38357923,PMC10866643,10.1172/jci178003,Status check: next-generation sequencing for infectious-disease diagnostics.,"Rodino KG, Simner PJ.",,2024,2024-02-15,Y,MED
Q1_protocol_broad,2026-09-05,41829717,PMC12986626,10.3390/plants15050685,Accelerating Resistance Breeding: Emerging Methods to Identify and Validate Plant Immunity Genes.,"Liu Z, Cloots K, Geuten K.",,2026,2026-02-25,Y,MED
Q1_protocol_broad,2026-09-05,41602532,PMC12833213,10.3389/fpls.2025.1725617,The digital orchard: advanced data-driven technologies in apple breeding and genetic modification.,"Abid F, Zhang Z, Farooque G, Zulqarnain RM, Rasheed J, Osman O, Alsubai S, Jamel L.",,2025,2026-01-12,Y,MED
Q1_protocol_broad,2026-09-05,42318873,PMC13280970,10.1002/ddr.70335,Bacterial mRNA Vaccines: Programming Immunity Against Antimicrobial Resistance.,"Liao R, Luo M, Yang F, Xu L, Zhang J, Zhang W, Guan S, Zhang Y, Luo P, Cheng P, Yang J, Li Y, Wang Q.",,2026,2026-08-01,N,MED
Q1_protocol_broad,2026-09-05,40558133,PMC12189934,10.3390/antibiotics14060543,What Are the Drivers Triggering Antimicrobial Resistance Emergence and Spread? Outlook from a One Health Perspective.,"Ye Z, Li M, Jing Y, Liu K, Wu Y, Peng Z.",,2025,2025-05-26,Y,MED
Q1_protocol_broad,2026-09-05,42227762,PMC13288984,10.1128/msystems.00232-26,Multi-cohort comparative analysis of salivary microbiotas reveals rural Ethiopians harbor a distinct composition correlated with lower esophageal cancer prevalence.,"Mulisa G, Zhao J, Lelissa G, Ademola-Popoola IJ, Diaz Huemme AM, Weyrich LS, Mihret A, Gemechu T, Bane A, Pero-Gascon R, De Boevre M, De Saeger S, Abebe T, Bisanz JE.",,2026,2026-06-02,Y,MED
Q1_protocol_broad,2026-09-05,41440361,PMC12731730,10.3390/dj13120603,A Crosstalk Between Periodontal Disease and Human Immunodeficiency Virus: Application of Artificial Intelligence and Machine Learning in Risk Assessment and Diagnosis-A Narrative Review.,"Gaddam B, Alluri LSC, Amugo I, Berta L, Butler M, Ferguson S, Ferguson A, Harris E, Berthaud V, Pratap S, Wang Q, Sampath C, Khoury ZH, Gangula PR.",,2025,2025-12-16,Y,MED
Q1_protocol_broad,2026-09-05,41994280,PMC13081778,10.3389/fmicb.2026.1807076,Development and validation of a machine learning-based early warning model for carbapenem-resistant &lt;i&gt;Klebsiella pneumoniae&lt;/i&gt; bloodstream infections using non-carbapenem susceptibility profiles.,"Song J, Bai Y, He S, Ji J, Chen Y, Xiao Y.",,2026,2026-04-01,Y,MED
Q1_protocol_broad,2026-09-05,,,10.1101/2024.05.15.24307162,Estimating the effect of antimicrobial resistance genes on minimum inhibitory concentration in<i>Escherichia coli</i>,"Lipworth S, Chau K, Oakley S, Barrett L, Crook D, Peto T, Walker AS, Stoesser N.",,2024,2024-05-17,Y,PPR
Q1_protocol_broad,2026-09-05,,,10.64898/2026.06.16.732181,Beyond phylogeny: Genome-wide DNA sequence patterns suggest DNA physical properties associated with thermal adaptation in extremophile microbes,"Safari M, Kari L.",,2026,2026-06-17,N,PPR
Q1_protocol_broad,2026-09-05,41989089,PMC13318844,10.1093/jtm/taag028,"Rapid whole-genome sequencing of Plasmodium DNA from cryptic malaria cases in UK travellers provides insights into infection origins, transmission and antimalarial resistance.","Tan MKI, Billows N, Nolder D, Moss S, Phelan JE, Thorpe J, Edgeworth JL, Sutherland CJ, Chiodini PL, Campino S, Clark TG.",,2026,2026-06-01,Y,MED
Q1_protocol_broad,2026-09-05,40785047,PMC12341049,10.1080/19490976.2025.2542384,Multi-omics integration reveals functional signatures of gut microbiome in atherosclerosis.,"Shi H, Wu M, Wu X, Liu Z, Jiang S, Li G, Yang Y, Fu Y, Wang Q, Zhang G, Cheng L.",,2025,2025-08-10,Y,MED
Q1_protocol_broad,2026-09-05,39986174,PMC11893328,10.1016/j.ebiom.2025.105618,Machine learning detection of heteroresistance in Escherichia coli.,"Guliaev A, Hjort K, Rossi M, Jonsson S, Nicoloff H, Guy L, Andersson DI.",,2025,2025-02-21,Y,MED
Q1_protocol_broad,2026-09-05,41878990,PMC13252600,10.1002/advs.202517444,Diversity Patterns of Domestic Herbivore Viruses in China Reveal Transmission Dynamics with Disease Management Implications.,"Sun Y, Li Y, Temur B, Lin Y, Liu Y, Yi L, Sun Z, Zhang G, Li J, Guo Y, Li L, Cai J, Tian W, Meng G, Jiang L, Fang M, Ding F, Zhou X, Tu C, He B.",,2026,2026-03-25,Y,MED
Q1_protocol_broad,2026-09-05,40576568,PMC12272661,10.1080/22221751.2025.2525264,Development and validation of a hierarchical machine learning method using MALDI-TOF mass spectrometry for rapid SCCmec typing and PVL detection in MRSA: a multi-centre study.,"Lin TH, Jian MJ, Mitsumoto-Kaseida F, Kaku N, Chung HY, Chang CK, Perng CL, Wang YC, Wang CC, Chen YH, Yanagihara K, Shang HS.",,2025,2025-07-17,Y,MED
Q1_protocol_broad,2026-09-05,42231444,PMC13445865,10.1186/s12967-026-08288-7,Immunological differences in atopic dermatitis across age groups: insights from single-cell multi-omics.,"Baldonado GCL, Kumar S, Jin J, Fang X, Ildardashty A, Braun M, Neuhaus IM, Mathes E, Bhutani T, Liao W.",,2026,2026-06-01,Y,MED
Q1_protocol_broad,2026-09-05,41409037,PMC12712779,10.1002/tpg2.70172,Integrated chloroplast genomics and whole-genome resequencing reveals demographic history and selection signatures of black walnuts.,"Ye H, Liu H, Zhou H, Ma J, Woeste K, Zhao P.",,2025,2025-12-01,Y,MED
Q1_protocol_broad,2026-09-05,40284607,PMC12029370,10.3390/microorganisms13040770,Biocontrol Effect of &lt;i&gt;Bacillus velezensis&lt;/i&gt; D7-8 on Potato Common Scab and Its Complete Genome Sequence Analysis.,"Jiang Y, He P, Kong H, He P, Wu Y, Tang G, Tang P, Di Y, Li X, Liu L, Munir S, He Y.",,2025,2025-03-28,Y,MED
Q1_protocol_broad,2026-09-05,42187710,PMC13203232,10.3390/biology15100748,Expanding the Microbial Genomic Landscape and Biotechnological Applications of CRISPR-Cas Systems.,"Singh S, Tiwari H, Singh M, Gautam V, Gautam A, Gautam HK.",,2026,2026-05-08,Y,MED
Q1_protocol_broad,2026-09-05,42004975,PMC13083136,10.3389/fimmu.2026.1742502,Integrated multi-omics and machine learning identify EFNA3 as a key biomarker of tumor invasion.,"Li G, Shi S, Wu Q, Chen Z, Zhang Z.",,2026,2026-04-02,Y,MED
Q1_protocol_broad,2026-09-05,42289048,PMC13264839,10.1093/bib/bbag311,Decoding disease and therapy through multiomics integration and systems analysis.,"Mathew MJ, Mathew J, Chacko RM, Bayry J, Zagury JF.",,2026,2026-05-01,Y,MED
Q1_protocol_broad,2026-09-05,40811498,PMC12352784,10.1371/journal.pone.0329366,Seed quality drives grain yield in Ethiopian and Senegalese sorghum: Insights from machine learning.,"Ahn E, Prom LK, Jang JH, Baek I, Tukuli AR, Lim S, Hong SM, Kim MS, Meinhardt LW, Park S, Magill C.",,2025,2025-08-14,Y,MED
Q1_protocol_broad,2026-09-05,41171933,PMC12577706,10.1126/sciadv.ady9875,The editable landscape of the yeast genome reveals hotspots of structural variant formation.,"Li S, Vonesch SC, Roy KR, Tu CS, Steudle F, Nguyen M, Jann C, Steinmetz LM.",,2025,2025-10-31,Y,MED
Q1_protocol_broad,2026-09-05,41208101,PMC12597775,10.1002/mbo3.70115,Exploration of Human Skin Phageome to Reveal Endolysins and Novel Antimicrobial Peptides for Therapeutic Applications.,"Paul JK, Akter A, Jewel NA, Rolin MH, Karim D, Niloy RK, Mondal SI.",,2025,2025-12-01,Y,MED
Q1_protocol_broad,2026-09-05,41900368,PMC13029158,10.3390/microorganisms14030609,Reclaiming the Microbial Battlefield: Adjuvant Strategies to Overcome Antibiotic Resistance.,"Sun J, Li D, Wu T, Yang Z, Ye D, Guo K.",,2026,2026-03-09,Y,MED
Q1_protocol_broad,2026-09-05,41051219,PMC12584611,10.1128/spectrum.01146-25,Use of IR Biotyper as a feasible methodology to type &lt;i&gt;Klebsiella pneumoniae&lt;/i&gt;.,"Orlandi Barth P, Mörschbächer Wilhelm C, Castro Pereira D, Czekster Antochevis L, Francisco Martins A, Barth AL.",,2025,2025-10-06,Y,MED
Q1_protocol_broad,2026-09-05,41561627,PMC12813142,10.3389/fcell.2025.1755565,AI-driven biomaterial design: an intelligent closed loop from reverse design to biological response.,"Liu M, Zhou Y, Mei X, Yu Z, Guan B, Xiao Y, Liu S, Wang H, Qin Y.",,2025,2026-01-05,Y,MED
Q1_protocol_broad,2026-09-05,41239519,PMC12619330,10.1186/s13073-025-01555-0,Clinical and bacterial determinants of unfavorable tuberculosis treatment outcomes: an observational study in Georgia.,"Goig GA, Loiseau C, Maghradze N, Mchedlishvili K, Avaliani T, Tsutsunava A, Brites D, Kalkan S, Borrell S, Aspindzelashvili R, Avaliani Z, Kipiani M, Tukvadze N, Jugheli L, Gagneux S.",,2025,2025-11-14,Y,MED
Q1_protocol_broad,2026-09-05,39816648,PMC11731958,10.3389/frabi.2023.1126468,A comparison of various feature extraction and machine learning methods for antimicrobial resistance prediction in <i>streptococcus pneumoniae</i>.,"Kaya DE, Ülgen E, Kocagöz AS, Sezerman OU.",,2023,2023-03-24,Y,MED
Q1_protocol_broad,2026-09-05,41768702,PMC12947018,10.1021/acsomega.5c09392,Research Progress in Artificial Intelligence-Assisted Preparation of High-Quality Biomaterials.,"Wei, Wang Z, Lin H, Yin XP, Wang Y.",,2026,2026-02-13,Y,MED
Q1_protocol_broad,2026-09-05,40113053,,10.1016/j.meegid.2025.105739,ListPred: A predictive ML tool for virulence potential and disinfectant tolerance in Listeria monocytogenes.,"Gmeiner A, Ivanova M, Kaas RS, Xiao Y, Otani S, Leekitcharoenphon P.",,2025,2025-03-18,N,MED
Q1_protocol_broad,2026-09-05,42024670,PMC13105346,10.1371/journal.pone.0347845,Biomarkers of mitochondrial dynamics in idiopathic pulmonary fibrosis: Identification and validation through transcriptomic and single-cell analyses.,"Wang Y, Cheng P, Meng Z, Zhang Y, Li Y, Feng F.",,2026,2026-04-23,Y,MED
Q1_protocol_broad,2026-09-05,40859410,PMC12379366,10.1186/s13099-025-00746-9,Tracing the evolutionary dynamics of carbapenem-resistant Escherichia coli in recurrent and multi-site infections.,"Cheng YY, Tsai YM, Chuang YC, Fan YH, Wang MC, Chen YC, Teng CH, Kuo PY, Thuy TTD, Bregente CJB, Zhang YZ, Lee YH, Ho DZ, Kao CY.",,2025,2025-08-26,Y,MED
Q1_protocol_broad,2026-09-05,40629022,PMC12238472,10.1038/s44259-025-00132-0,Citywide metagenomic surveillance of food centres reveals local microbial signatures and antibiotic resistance gene enrichment.,"Teo JJY, Ho EXP, Ng AHQ, How SHC, Chng KR, Ateş YC, Fau'di MT, Aung KT, Nagarajan N.",,2025,2025-07-08,Y,MED
Q1_protocol_broad,2026-09-05,42011244,PMC13092200,10.1016/j.pscia.2026.100119,Artificial intelligence-driven discovery of coumarin-based therapeutics: Revolutionizing target identification and validation.,Mustafa YF.,,2026,2026-04-09,Y,MED
Q1_protocol_broad,2026-09-05,41305364,PMC12655617,10.3390/pathogens14111127,Bacterial Proteomics and Antibiotic Resistance Identification: Is Single-Cell Analysis a Worthwhile Pursuit?,Ayon NJ.,,2025,2025-11-05,Y,MED
Q1_protocol_broad,2026-09-05,42274506,PMC13255632,10.3390/biology15110855,Integrated 16S rRNA Sequencing and Metabolomic Analyses Reveal Gut Microbiota Dysbiosis and Metabolic Perturbations in Neonatal Dairy Calves with Bovine Rotavirus-Induced Diarrhea.,"Yu Y, Zhao Y, He W, Yu Z, Yang Y, Wang J.",,2026,2026-05-29,Y,MED
Q1_protocol_broad,2026-09-05,41609375,PMC12915991,10.1128/msystems.00844-25,2Pipe starts with a question: matching you with the correct pipeline for MAG reconstruction.,"Yepes-García J, Falquet L.",,2026,2026-01-29,Y,MED
Q1_protocol_broad,2026-09-05,40147921,PMC11994263,10.4014/jmb.2411.11010,Integrating Deep Learning Models with Genome-Wide Association Study-Based Identification Enhanced Phenotype Predictions in Group A &lt;i&gt;Streptococcus&lt;/i&gt;.,"Wang PY, Chen ZS, Jiao X, Bao YJ.",,2025,2025-03-26,Y,MED
Q1_protocol_broad,2026-09-05,41531453,PMC12794691,10.1080/20002297.2026.2613531,Diagnostic oral microbiota signatures for gastric cancer and associations with carcinogenic signaling pathways.,"Kim YH, Choi IJ, Ryu KW, Kim YI, Praveen Z, Kim MK.",,2026,2026-01-11,Y,MED
Q1_protocol_broad,2026-09-05,41852497,PMC12993280,10.3389/fbinf.2026.1787360,From clinical phenotypes to genomic signatures: machine learning integration for precision tuberculosis treatment prediction.,"Li L, Liu H, Lei Q, Li T.",,2026,2026-03-03,Y,MED
Q1_protocol_broad,2026-09-05,41035886,PMC12479497,10.3389/fmicb.2025.1625265,Microbiome engineering to enhance disease resistance in aquaculture: current strategies and future directions.,"Tayyab M, Zhao Y, Zhang Y.",,2025,2025-09-16,Y,MED
Q1_protocol_broad,2026-09-05,40931708,PMC12842876,10.1111/prd.70000,Recent advancements in artificial intelligence-powered cancer prediction from oral microbiome.,"Soghli N, Khormali A, Mahboubi D, Peng A, Miguez PA.",,2025,2025-06-01,Y,MED
Q1_protocol_broad,2026-09-05,40619370,PMC12232857,10.1186/s12915-025-02319-3,Genome-wide identification of the interferon complex establishes IFNf in Cypriniformes.,"Huang Y, Zhang L, Yang X, Li Y, Li Z, Zhang Q, Xu Z.",,2025,2025-07-07,Y,MED
Q1_protocol_broad,2026-09-05,41812042,PMC13020248,10.1093/bioinformatics/btag116,TerminatorNet: comprehensive identification of intrinsic transcription terminators in bacteria.,Tjaden B.,,2026,2026-02-01,Y,MED
Q1_protocol_broad,2026-09-05,42245112,PMC13230146,10.3389/fpls.2026.1782766,Modern genomic and omics-based technologies for millet breeding and genetic improvement.,"Kumar A, Muthuramalingam P, Verma L, Kumar R, Kumar N, Misra J, Ravi K, Shin H, Ramesh M.",,2026,2026-05-20,Y,MED
Q1_protocol_broad,2026-09-05,40227157,PMC12153390,10.1080/17460913.2025.2492472,Deciphering probiotic potential: a comprehensive guide to probiogenomic analyses.,"Sabino YNV, Paiva AD, Fonseca BR, Medeiros JD, Machado ABF.",,2025,2025-04-14,N,MED
Q1_protocol_broad,2026-09-05,41522446,PMC12782948,10.3934/microbiol.2025046,"Understanding plant-microorganism interactions: The key roles of soil, rhizosphere, and direct and indirect mechanisms.","Hnini M, Rabeh K, Oubohssaine M.",,2025,2025-12-19,Y,MED
Q1_protocol_broad,2026-09-05,41551930,PMC12805895,10.1093/nargab/lqaf216,FLYNC: a machine-learning-driven framework for discovering long noncoding RNAs in &lt;i&gt;Drosophila melanogaster&lt;/i&gt;.,"Dos Santos RF, Baptista T, Marques GS, Homem CCF.",,2026,2026-01-15,Y,MED
Q1_protocol_broad,2026-09-05,,,10.21203/rs.3.rs-6757228/v1,Mitigating Antimicrobial Resistance by Innovative Solutions in AI (MARISA): a modified James Lind Alliance Analysis,"Waldock WJ, Thould H, Chindelevitch L, Croucher NJ, Fuente Cdl, Collins JJ, Ashrafian H, Darzi A.",,2025,2025-06-06,Y,PPR
Q1_protocol_broad,2026-09-05,39710721,PMC11663309,10.1186/s42523-024-00364-x,"Metagenomic insights into the resistome, mobilome, and virulome of dogs with diverse lifestyles.","Zhou N, Chen W, Xia L, Li M, Ye H, Lv C, Chen Y, Cheng Z, Park TJ, Ho PL, Gao X, Guo X, Zhao H, Cao H, Zhu Y.",,2024,2024-12-22,Y,MED
Q1_protocol_broad,2026-09-05,40416619,PMC12101438,10.7717/peerj.19411,Interpretable noninvasive diagnosis of tuberculous pleural effusion using LGBM and SHAP: development and clinical application of a machine learning model.,"Yao B, Yu X, Qiu L, Gu EM, Mao S, Jiang L, Tong J, Wu J.",,2025,2025-05-20,Y,MED
Q1_protocol_broad,2026-09-05,40739242,PMC12308983,10.1186/s12985-025-02885-6,"Isolation and characterization of phages ΦZC2 and ΦZC3 against carbapenem-resistant Acinetobacter baumannii, and efficacy of ΦZC3 on A549 cells.","Essam K, Kamel AG, Zaki BM, Elhadidy M, Aziz AAA, Fayed A, Roshdy T, El-Shibiny A.",,2025,2025-07-30,Y,MED
Q1_protocol_broad,2026-09-05,42511244,PMC13409573,10.3390/foods15142498,&lt;sup&gt;1&lt;/sup&gt;H NMR-Based Metabolomics and Machine Learning Reveal Candidate Metabolic Markers Associated with &lt;i&gt;Coffea arabica&lt;/i&gt; Genealogical Groups.,"Malta MR, Carvalho GR, Nadaleti DHS.",,2026,2026-07-15,Y,MED
Q1_protocol_broad,2026-09-05,41826985,PMC13101189,10.1186/s13054-026-05928-8,Machine learning in ARDS: an intensivist's guide to artificial intelligence applications.,"Lombardi R, Chaturvedi M, Jozwiak M, Garg M.",,2026,2026-03-13,Y,MED
Q1_protocol_broad,2026-09-05,42182032,PMC13194499,10.3389/fmicb.2026.1817344,Geochemical factors associated with seasonal shifts in the abalone gut microbiota across urchin-barren habitats.,"Jo JW, Park JY, Lee JJ, Lee MJ, Kim BS.",,2026,2026-05-08,Y,MED
Q1_protocol_broad,2026-09-05,42190155,PMC13266967,10.1021/acs.jafc.5c16967,From Genome Inspection to Precision Agrochemicals: A Structure-Based Antivirulence Roadmap for Sustainable Crop Protection against &lt;i&gt;Xylella fastidiosa&lt;/i&gt;.,"Caliandro R, Astolfi A, Amoia SS, Belviso BD, Mangini V, Rodrigues De Souza Neto R, Sciancalepore AG, Sabatini S, Giampetruzzi A, Barreca ML, Caliandro R.",,2026,2026-05-26,Y,MED
Q1_protocol_broad,2026-09-05,41471072,PMC12736787,10.3390/pharmaceutics17121557,"Probiotic Potential and Genome-Based Characterization of &lt;i&gt;Lactiplantibacillus plantarum&lt;/i&gt; M2, a Promising Isolate Obtained from Spontaneous Fermentation of &lt;i&gt;Humiria balsamifera&lt;/i&gt; Pulp.","Pereira CDDS, Neto RNM, Sousa CEM, Rocha ECDF, Bastos DZ, Mota SMB, Ferreira RM, Zagminan A, Silva LCND.",,2025,2025-12-03,Y,MED
Q1_protocol_broad,2026-09-05,41365303,PMC12853188,10.1016/j.crmeth.2025.101250,A signature-protein-based approach for accurate and efficient profiling of the human gut virome.,"Yang F, Xiong L, Li M, Feng X, Ren H, Shi Z, Zhong H, Li J.",,2026,2025-12-08,Y,MED
Q1_protocol_broad,2026-09-05,40574309,PMC12483962,10.1111/pbi.70208,Understanding plant phenotypes in crop breeding through explainable AI.,"Danilevicz MF, Upadhyaya SR, Batley J, Bennamoun M, Bayer PE, Edwards D.",,2025,2025-06-26,Y,MED
Q1_protocol_broad,2026-09-05,41327449,PMC12777113,10.1186/s40793-025-00824-0,Temperature seasonality constrains soil T4-like bacteriophage abundance at large spatial scale.,"Zhao Y, Duanmu X, Hu Z, Fan Y, Mao R, Zhang Y, Zhang X.",,2025,2025-12-01,Y,MED
Q1_protocol_broad,2026-09-05,42515036,PMC13414845,10.3390/pathogens15070710,"Geographic Distribution and ORF5 Diversity of PRRSV-2 Variants in Midwestern U.S. Diagnostic Submissions, 2023-2025.","Nadipelly R, Selim M, Radhakrishnan J, Temeeyasen G, Nelson E, Clement TJ, Duhan N, Mor SK.",,2026,2026-07-07,Y,MED
Q1_protocol_broad,2026-09-05,41816689,PMC12971721,10.3389/fmicb.2026.1768747,"The gut resistome in poultry production: microbial ecology, antibiotic use, and sustainable control approaches.","Jian Z, Qian Y, He S, Zhao R, Li K, Cha J, Ning Z, Ye Y, Bao Z, Wang K, Ge C, Jia J, Dou T, Hu Y, He X, Zi X.",,2026,2026-02-24,Y,MED
Q1_protocol_broad,2026-09-05,40389439,PMC12089494,10.1038/s41467-025-59916-7,Intestinal permeability of N-acetylcysteine is driven by gut microbiota-dependent cysteine palmitoylation.,"Zhang YH, Dai CS, Wang YJ, Wang WY, Qi TT, Xia MC, Zhou G, Cui YM.",,2025,2025-05-19,Y,MED
Q1_protocol_broad,2026-09-05,42204538,PMC13411983,10.1186/s12943-026-02698-3,"The mycobiome, virome and archaeome in gastrointestinal cancers: molecular pathogenesis and therapeutic intervention.","Cheng CH, Wong CC.",,2026,2026-05-28,Y,MED
Q1_protocol_broad,2026-09-05,41002675,PMC12468722,10.3390/dj13090402,Modular Deep-Learning Pipelines for Dental Caries Data Streams: A Twin-Cohort Proof-of-Concept.,"Burlea ȘL, Buzea CG, Nedeff F, Mirilă D, Nedeff V, Agop M, Rusu DI, Checheriță LE.",,2025,2025-09-02,Y,MED
Q1_protocol_broad,2026-09-05,41793537,PMC12967654,10.1007/s10532-026-10258-1,Harnessing bacterial power and omics technologies for sustainable plastic waste biodegradation.,"Henawy AR, Ismail SM, Gharib S, Elarabi NI, Abdelhadi AA, Halema AA.",,2026,2026-03-07,Y,MED
Q1_protocol_broad,2026-09-05,40732101,PMC12299635,10.3390/microorganisms13071592,Microbial Food Safety and Antimicrobial Resistance in Foods: A Dual Threat to Public Health.,"Elbehiry A, Marzouk E, Abalkhail A, Edrees HM, Ellethy AT, Almuzaini AM, Ibrahem M, Almujaidel A, Alzaben F, Alqrni A, Abu-Okail A.",,2025,2025-07-06,Y,MED
Q1_protocol_broad,2026-09-05,41597548,PMC12844032,10.3390/microorganisms14010028,Tracking Global Transmission Dynamics of the Plasmid-Mediated <i>mcr</i> Gene: A Genomic Epidemiological Analysis.,"Long J, Wang X, Liu M, Wu J, Yang H, Chen S, Duan G.",,2025,2025-12-22,Y,MED
Q1_protocol_broad,2026-09-05,40848067,PMC12374937,10.1186/s12284-025-00839-8,"Identification of Leaf Rust-Related Gene Signature in Wheat (Triticum Aestivum L.) Using High-Throughput Sequencing, Network Analysis, and Machine Learning Algorithms.","Farhan M, Ikram M, Ikram M, Sun JE, Yang SW, Wang Y.",,2025,2025-08-23,Y,MED
Q1_protocol_broad,2026-09-05,42100420,PMC13143588,10.3389/fonc.2026.1788705,Gut microbiome restructuring in laryngeal squamous cell carcinoma identifies stable microbial biomarkers with diagnostic potential.,"Zhang J, Zhi J, Li J, Li L, Zhang S, Niu J, Wang W.",,2026,2026-04-22,Y,MED
Q1_protocol_broad,2026-09-05,41648021,PMC12868221,10.3389/fmicb.2025.1728860,Genetic identification of mutations and MLST types associated with decreased susceptibility to ceftriaxone in &lt;i&gt;Neisseria gonorrhoeae&lt;/i&gt;.,"Zhang X, Wang H, Gu Y, Chen X, Zhou G, Liu C, Ji L, Xie R, Zhang J, Shao Z, Zhang M.",,2025,2026-01-21,Y,MED
Q1_protocol_broad,2026-09-05,42375459,PMC13314030,10.5455/ovj.2026.v16.i5.10,"Molecular identification of &lt;i&gt;Escherichia coli&lt;/i&gt; in poultry wet markets in Sulaymaniyah Province, Iraq.","Rashid AM, Khidhir ZK, Arif ED.",,2026,2026-05-31,Y,MED
Q1_protocol_broad,2026-09-05,40360746,PMC12075810,10.1038/s44259-025-00108-0,Reviewing the complexities of bacterial biocide susceptibility and in vitro biocide adaptation methodologies.,"O'Reilly P, Loiselle G, Darragh R, Slipski C, Bay DC.",,2025,2025-05-13,Y,MED
Q1_protocol_broad,2026-09-05,42493805,PMC13397958,10.1186/s13059-026-04207-7,Comparative assessment of large language models for microbial phenotype assignment.,"Münch PC, Safaei N, Mreches R, Binder M, Han Y, Robertson G, Franzosa EA, Huttenhower C, McHardy AC.",,2026,2026-07-23,Y,MED
Q1_protocol_broad,2026-09-05,42425595,PMC13353343,10.1080/0886022x.2026.2667649,Gut microbiota biomarkers of chronic kidney disease progression identified by 16S rDNA sequencing and machine learning.,"Zhang Y, Zhang M, Liu S, Li X.",,2026,2026-07-09,Y,MED
Q1_protocol_broad,2026-09-05,36978319,PMC10044642,10.3390/antibiotics12030452,Using Machine Learning to Predict Antimicrobial Resistance-A Literature Review.,"Sakagianni A, Koufopoulou C, Feretzakis G, Kalles D, Verykios VS, Myrianthefs P, Fildisis G.",,2023,2023-02-24,Y,MED
Q1_protocol_broad,2026-09-05,40742145,PMC12424406,10.1128/cmr.00082-25,"&lt;i&gt;Streptococcus pneumoniae&lt;/i&gt; β-lactam resistance: epidemiological trends, molecular drivers, and innovative control strategies in the post-pandemic era.","Li J, Cheng G, Qin X, Liu J.",,2025,2025-07-31,N,MED
Q1_protocol_broad,2026-09-05,42058725,PMC13121239,10.3389/fdgth.2026.1769337,Artificial intelligence approaches to predicting treatment non-adherence in chronic diseases: a narrative review.,"Bashir SG, Salad HA, Abdullahi YB, Abdi YH, Abdi MS, Ahmed NI, Saidu Musa S.",,2026,2026-04-14,Y,MED
Q1_protocol_broad,2026-09-05,41280417,PMC12634376,10.3389/fvets.2025.1691572,Unlocking farm-level antimicrobial resistance: a qualitative study of researchers' experiences and challenges.,"Adegbole C, Seilkhanova T, Bajwa MR, Smith RL.",,2025,2025-11-07,Y,MED
Q1_protocol_broad,2026-09-05,41969565,PMC13064858,10.1093/pnasnexus/pgag073,"Defensomes, counter-defensomes, and the remodeling of microbial communities.","Kavagutti VS, Beavogui A, Wiart N, Wincker P, Oliveira PH.",,2026,2026-03-17,Y,MED
Q1_protocol_broad,2026-09-05,42489317,PMC13394992,10.1111/jdi.70386,The mediating role of genes in the influence of intestinal flora on type 2 diabetes and the screening of diagnostic markers.,"Chen YY, Shi YF, Zhang XY, Zhang JY, Zhang SM, Zhao HX, Liu DL.",,2026,2026-07-23,Y,MED
Q1_protocol_broad,2026-09-05,42532990,PMC13424325,10.1038/s41467-026-75746-7,Rapid and quantitative measurement of bacteriophage infectivity via fully automated droplet digital PCR.,"Liu Y, Zhao H, Cao X, Jiang S, Fu J, Xue J, Li C, Xu Z, Li M, Du W.",,2026,2026-07-30,Y,MED
Q1_protocol_broad,2026-09-05,41320670,PMC12665479,10.1002/mbo3.70186,"Multi-Omics Analysis Reveals OBSCN as a Key Modulator of Tumor Microenvironment, Microbial Signatures and Clinical Outcomes in Gastric Cancer.","Chen H, Zhang X, Li S, Fang Y, Han Y, Jing X.",,2025,2025-12-01,N,MED
Q1_protocol_broad,2026-09-05,40807674,PMC12346574,10.3390/foods14152737,Rapid &lt;i&gt;Salmonella&lt;/i&gt; Serovar Classification Using AI-Enabled Hyperspectral Microscopy with Enhanced Data Preprocessing and Multimodal Fusion.,"Papa M, Bhattacharya S, Park B, Yi J.",,2025,2025-08-05,Y,MED
Q1_protocol_broad,2026-09-05,42034617,PMC13319441,10.1038/s41597-026-07294-0,"The near telomere-to-telomere genome assembly and annotation of the Asian house shrew (Suncus murinus, Soricidae, Eulipotyphla).","Zhang X, Wang Y, Zhao J, Zhang G, Mai L, Li G, Ren Y, He K.",,2026,2026-04-25,Y,MED
Q1_protocol_broad,2026-09-05,39651889,PMC11705966,10.1128/spectrum.01712-24,Whole-genome sequencing and metagenomics reveal diversity and prevalence of <i>Listeria</i> spp. from soil in the Nantahala National Forest.,"Wang J, Schamp CN, Hudson LK, Chaggar HK, Bryan DW, Garman KN, Radosevich M, Denes TG.",,2025,2024-12-09,Y,MED
Q1_protocol_broad,2026-09-05,42286580,PMC13263931,10.1186/s12967-025-06989-z,"The oral microbiome is associated with the diagnosis, prognosis and radiotherapy sensitivity of esophageal cancer.","Li L, Li L, Yang Y, Wang C, Lan Z, Liu J, Zhu X, Zhao C, Yang M, Ma Y, Liu Y, Ren Z.",,2026,2026-06-12,Y,MED
Q1_protocol_broad,2026-09-05,40096063,PMC11957392,10.1371/journal.ppat.1012992,A genomic and phenotypic investigation of pigeon-adaptive Salmonella.,"Wang Z, Jiang Z, Cao Q, Jia C, Zhou H, Huang C, Huang L, Huang Y, Li Y, Yue M.",,2025,2025-03-17,Y,MED
Q1_protocol_broad,2026-09-05,40898274,PMC12406457,10.1186/s40794-025-00267-y,GenoDense-Net: unraveling the genomic puzzle of the global pathogen.,"Dubey S, Dubey S, Raghuwanshi K, Pranjal P, Kumar S.",,2025,2025-09-02,Y,MED
Q1_protocol_broad,2026-09-05,41298615,PMC12657858,10.1038/s41598-025-26244-1,"The global epidemiology, risk factors, and mortality prediction of nocardiosis: an easily missed opportunistic infection.","Du B, Song Z, Ren Z, Tang D, Shen J, Yao J, Qiu X, Xu S, Yuan M, Liu Z, Li Z.",,2025,2025-11-26,Y,MED
Q1_protocol_broad,2026-09-05,42335783,PMC13315435,10.1016/j.psj.2026.107270,Establishing food-safe cell lines and banks for cultivated meat: current status and future directions.,"Mia N, Hashem MA, Rahman MM, Ahamed Z.",,2026,2026-06-10,Y,MED
Q1_protocol_broad,2026-09-05,39810106,PMC11731565,10.1186/s12866-024-03710-w,"Pseudocitrobacter cyperus, a novel bacterial species recovered from Cyperus alternifolius in Egypt.","Hamed SM, Amer MA.",,2025,2025-01-14,Y,MED
Q1_protocol_broad,2026-09-05,42255843,PMC13242275,10.7759/cureus.108403,Bacterial Spectrum and Antibiotic Susceptibility Infection Patterns in the Lower Respiratory Tract: Insights From a Tertiary Care Hospital.,"Shaik FB, Shinde RV, Patil SR.",,2026,2026-05-06,Y,MED
Q1_protocol_broad,2026-09-05,41586727,PMC12895534,10.1021/acsnano.5c18348,Spectral Fingerprinting of Engineered Nanomaterials for Precision Biosensing.,"Nadeem A, Rahmani M, Wang Y, Yari S, Lopez RM, Kim M, Roxbury D.",,2026,2026-01-26,Y,MED
Q1_protocol_broad,2026-09-05,41732697,PMC12925581,10.1016/j.crmicr.2026.100563,Tn&lt;i&gt;4401&lt;/i&gt;/Tn&lt;i&gt;7247&lt;/i&gt; transposon-derived structures driving the cross-transmission of &lt;i&gt;bla&lt;/i&gt; &lt;sub&gt;KPC&lt;/sub&gt; among plasmids and chromosomes in clinical carbapenem-resistant &lt;i&gt;Pseudomonas aeruginosa&lt;/i&gt;.,"Chen S, Jia X, Gao H, Zhu Y, Li Z, Jia P, Liu X, Yu W, Chu X, Zhang Q, Yang Q.",,2026,2026-01-29,Y,MED
Q1_protocol_broad,2026-09-05,42031785,PMC13323733,10.1038/s41467-026-72185-2,Integrating common and rare variants improves polygenic risk prediction across diverse populations.,"Williams J, Chen T, Hua X, Wong W, Yu K, Kraft P, Li X, Zhang H.",,2026,2026-04-24,Y,MED
Q1_protocol_broad,2026-09-05,40079597,PMC12016502,10.1128/aem.01388-24,Broiler litter moisture and trace metals contribute to the persistence of &lt;i&gt;Salmonella&lt;/i&gt; strains that harbor large plasmids carrying siderophores.,"Oladeinde A, Chung T, Mou C, Rothrock MJ, Li G, Adeli A, Looft T, Woyda R, Abdo Z, Lawrence JP, Cudnik D, Zock G, Teran J, Li X.",,2025,2025-03-13,Y,MED
Q1_protocol_broad,2026-09-05,42491451,PMC13376978,10.1016/j.onehlt.2026.101509,"Global status, bias risks, and ecological integration of wild bat and rodent virome research.","Zhou-Fu X, Xin W, Wan-Hua W, Han W, Ting-Sheng H, Si-Jun C, Shu-Liang C, Liang-Jun C, Wei H.",,2026,2026-07-08,Y,MED
Q1_protocol_broad,2026-09-05,39873499,PMC11898705,10.1128/mbio.02650-24,Machine learning reveals the dynamic importance of accessory sequences for &lt;i&gt;Salmonella&lt;/i&gt; outbreak clustering.,"Liu CC, Hsiao WWL.",,2025,2025-01-28,Y,MED
Q1_protocol_broad,2026-09-05,41755064,PMC12944259,10.3390/s26041122,Artificial Intelligence (AI) in Detection of Abiotic Stress in Plants: A Review.,"Matabber A, Rhuhanga LL, Agehara S, Mozafarian M.",,2026,2026-02-09,Y,MED
Q1_protocol_broad,2026-09-05,42513915,PMC13414185,10.3390/microorganisms14071409,"Cross-Species Dissemination of Pandrug-Resistant &lt;i&gt;Acinetobacter baumannii&lt;/i&gt; in Humans and Poultry in Egypt: Unveiling Shared Clones, Resistance Mechanisms, and Severe Clinical Outcomes.","El-Demerdash AS, Eid S, Alfaraj R, Al Atfeehy NM, ElBadawy NE, Saleh GK, Bakry NR, Farouk H, Sakr E, El-Malt RMS.",,2026,2026-06-26,Y,MED
Q1_protocol_broad,2026-09-05,42026803,PMC13114121,10.1080/19490976.2026.2662690,Gene-level gut microbiome signatures as predictive biomarkers for response to immune checkpoint inhibitors across multiple cancer types.,"Zhang F, Hu K, Sun C, Chen R, Ni G, Liu X, Wei L, Su R.",,2026,2026-04-23,Y,MED
Q1_protocol_broad,2026-09-05,39953591,PMC11829562,10.1186/s12967-025-06209-8,Distinctive circulating microbial metagenomic signatures in the plasma of patients with lung cancer and their potential value as molecular biomarkers.,"Chen H, Yao X, Yang C, Zhang Y, Dong H, Zhai J, Fan D, Zhou Q.",,2025,2025-02-14,Y,MED
Q1_protocol_broad,2026-09-05,41356466,PMC12679941,10.3389/fmicb.2025.1673983,Comprehensive fecal metagenomic and metabolomic analysis reveals the role of gut microbiota and metabolites in detecting brain metastasis of small cell lung cancer.,"Han X, Sun QG, Zang D, Chen J.",,2025,2025-11-21,Y,MED
Q1_protocol_broad,2026-09-05,40687812,PMC12272945,10.1016/j.isci.2025.112980,Comprehensive application of artificial intelligence in colorectal cancer: A review.,"Sun K, Wang Y, Qu R, Yang Q, Luo R, Jiang Z, Wang H, Fu W.",,2025,2025-06-23,Y,MED
Q1_protocol_broad,2026-09-05,42106412,PMC13346979,10.1038/s41598-026-49532-w,Insights from healthy mares reveal that mammalian uteri harbor a diverse virome.,"Guo L, Holyoak GR, DeSilva U.",,2026,2026-05-09,Y,MED
Q1_protocol_broad,2026-09-05,40732008,PMC12299412,10.3390/microorganisms13071501,"Carbapenem Resistance in &lt;i&gt;Acinetobacter baumannii&lt;/i&gt;: Mechanisms, Therapeutics, and Innovations.","de Souza J, D'Espindula HRS, Ribeiro IF, Gonçalves GA, Pillonetto M, Faoro H.",,2025,2025-06-27,Y,MED
Q1_protocol_broad,2026-09-05,41789898,PMC13037399,10.1128/msphere.00878-25,"Insights into bacterial stress adaptation, host interactions, and drug resistance: key findings from the fall 2025 ASM Theobald Smith Society meeting.","Sharma N, Singh M, Radeny J, Mukherjee A, Sullivan RF, Boyd JM, Carabetta VJ, Yang JH, Yadavalli SS.",,2026,2026-03-06,Y,MED
Q1_protocol_broad,2026-09-05,41334164,PMC12667250,10.3389/fmicb.2025.1693785,"The global prevalence, formation, and evolutionary inference of bacteria co-carrying the &lt;i&gt;bla&lt;/i&gt; &lt;sub&gt;NDM&lt;/sub&gt; and &lt;i&gt;mcr&lt;/i&gt; resistance genes.","Wang B, Li K, Chen M, Fu J, Zhang R, Liu W, Wang Y, Peng Z, Buaijier A, Zhao X, Song H, Ren H, Hu X.",,2025,2025-11-17,Y,MED
Q1_protocol_broad,2026-09-05,41093134,,10.1016/j.jinf.2025.106632,Attributable sources of the five most prevalent non-typhoidal Salmonella serovars across ten European countries.,"Teunis G, Dallman TJ, Zając M, Skarżyńska M, Petrovska L, Pista A, Silveira L, Clemente L, Thépault A, Bonifait L, Kerouanton A, Chemaly M, Alvarez J, Söderlund R, Nielsen EM, Chattaway M, Burgess K, Byrne W, Zomer AL, van den Beld M, Hendrickx APA, Franz E, Pires S, Hald T, Mughini-Gras L.",,2025,2025-10-13,N,MED
Q1_protocol_broad,2026-09-05,41974851,PMC13254256,10.1038/s42003-026-10018-0,Virulence gains in the Puccinia striiformis f. sp. tritici PstS10 lineage correlate with expression polymorphism in a candidate Avr effector.,"Domingues Carvalho R, Savva L, Rodriguez-Algaba J, Korolev A, Stephens C, Bryan A, Justesen AF, Hovmøller MS, Saunders DGO.",,2026,2026-04-13,Y,MED
Q1_protocol_broad,2026-09-05,40941733,PMC12428289,10.3390/diagnostics15172244,Diagnostic Innovations to Combat Antibiotic Resistance in Critical Care: Tools for Targeted Therapy and Stewardship.,"Alatawi AD, Hetta HF, Ali MAS, Ramadan YN, Alaqyli AB, Alansari WK, Aldhaheri NH, Bin Selim TA, Merdad SA, Alharbi MO, Alatawi WAH, Algammal AM.",,2025,2025-09-05,Y,MED
Q1_protocol_broad,2026-09-05,42513245,PMC13409873,10.3390/jcm15145331,"Gut Microbiota in Colorectal Cancer: Mechanisms of Carcinogenesis, Biomarkers, and Therapeutic Perspectives.","Cristinescu BA, Dura H, Fleaca SR, Onisor DM, Brusnic O, Porr C, Birsan S, Boicean A.",,2026,2026-07-08,Y,MED
Q1_protocol_broad,2026-09-05,42203233,PMC13213459,10.1183/16000617.0040-2025,Current understanding and future directions in severe asthma through artificial intelligence-integrated multi-omic approaches.,"Valappil SR, Uddin M, Al Heialy S.",,2026,2026-04-01,Y,MED
Q1_protocol_broad,2026-09-05,41410107,PMC12758564,10.1093/gbe/evaf244,Origin and Evolution of Key Enzymes in the Anammox Pathway Revisited.,"Hägglund E, Jiménez-González A, Hagström E, Björkholm P, Guy L, Andersson SGE.",,2026,2026-01-01,Y,MED
Q1_protocol_broad,2026-09-05,40438348,PMC12118455,10.1093/nsr/nwaf120,Deep-learning of Nanopore sequences reveals the 6mA distribution and dynamics in human gut microbiome.,"Cao J, Zhang Y, Zhang W, Zhang F, Wang J.",,2025,2025-03-29,Y,MED
Q1_protocol_broad,2026-09-05,40617850,PMC12228763,10.1038/s41522-025-00760-4,Multi-kingdom microbiota analysis reveals bacteria-viral interplay in IBS with depression and anxiety.,"Liu Q, Fang W, Zheng P, Xie S, Jiang X, Luo W, Han L, Zhao L, Lu L, Zhai L, Yu DJ, Yang W, Lin C, Fang X, Bian Z.",,2025,2025-07-05,Y,MED
Q1_protocol_broad,2026-09-05,39262770,PMC11388163,10.1016/j.isci.2024.110718,An ensemble deep learning model for predicting minimum inhibitory concentrations of antimicrobial peptides against pathogenic bacteria.,"Chung CR, Chien CY, Tang Y, Wu LC, Hsu JB, Lu JJ, Lee TY, Bai C, Horng JT.",,2024,2024-08-13,Y,MED
Q1_protocol_broad,2026-09-05,40923041,PMC12414468,10.2147/ijwh.s534065,Investigation of the Endometrial Microbiome in Recurrent Pregnancy Loss Individuals: Microbial Imbalance and Network Fragility.,"Zhang B, Lin S, Wang S, Chen W, Chen Y, Cao D, Liu Q, Yao Y.",,2025,2025-09-03,Y,MED
Q1_protocol_broad,2026-09-05,41078519,PMC12507882,10.3389/fmicb.2025.1660775,Gut microbiota analysis reveals microbial signature for multi-autoimmune diseases based on machine learning model.,"An T, Zhang S, Li J, Wang H, Chen L, Shi Y, Wang J, Han S, Wang R, Wang L, Huan Z, Yang R, Hao D, Liu Y, Liu X, Yuan C.",,2025,2025-09-25,Y,MED
Q1_protocol_broad,2026-09-05,42367763,PMC13294064,10.3389/fimmu.2026.1871446,Gut dysbiosis and systemic inflammation in elderly hypertensive patients with amnestic mild cognitive impairment.,"Ling Z, Cheng Y, Xu X, Huang S, Liu X, Chen Y, Hu P, Wu L, Zhao L, Huang Y.",,2026,2026-06-11,Y,MED
Q1_protocol_broad,2026-09-05,42187848,PMC13209131,10.3390/jof12050366,Mycogenic Nanomaterials: What Fungal Nanoparticles Promise and What Still Holds Them Back.,"Thambugala KM, Dabare S, Dhanusha A, Munaweera I, Daranagama DA, Haituk S, Cheewangkoon R.",,2026,2026-05-16,Y,MED
Q1_protocol_broad,2026-09-05,42514135,PMC13413018,10.3390/life16071065,"Maternal Microbiome in Gestational Diabetes Mellitus: Mechanisms, Biomarkers, and Therapeutic Perspectives.","Deaconu DM, Gradisteanu Pircalabioru G, Savu O.",,2026,2026-06-26,Y,MED
Q1_protocol_broad,2026-09-05,41300794,PMC12652888,10.3390/genes16111342,Integrating Transcriptomics and Machine Learning to Uncover the FLI1-PARP14-Immune Axis in Ulcerative Colitis Activity and Pathogenesis.,"Zheng Z, Zhang Y, Gao Z, Chen H, Song G.",,2025,2025-11-07,Y,MED
Q1_protocol_broad,2026-09-05,42280469,PMC13258636,10.3390/nu18111826,"The Nutri-Exposome Intelligence Framework: Integrating Multi-Omics, Machine Learning, and Digital Nutrition for Precision Chronic Disease Prevention.","Ang MY, Choo SW.",,2026,2026-06-05,Y,MED
Q1_protocol_broad,2026-09-05,41212923,PMC12633873,10.1371/journal.pgen.1011945,Genomic and phenotypic insights into the expanding phylogenetic landscape of the Cryptococcus genus.,"Coelho MA, David-Palma M, Kachalkin AV, Kolařík M, Turchetti B, Sampaio JP, Wingfield MJ, Fisher MC, Yurkov AM, Heitman J.",,2025,2025-11-10,Y,MED
Q1_protocol_broad,2026-09-05,42151636,PMC13354734,10.1007/s44197-026-00583-2,Review of the Microbial Spectrum of Mixed Respiratory Fungal Infections.,Khateb AM.,,2026,2026-05-19,Y,MED
Q1_protocol_broad,2026-09-05,40795041,PMC12506668,10.1093/g3journal/jkaf176,Genomic and hyperspectral imaging-based prediction blending enables selection for reduced deoxynivalenol content in wheat grains.,"Concepcion JS, Noble AD, Thompson AM, Dong Y, Olson EL.",,2025,2025-10-01,Y,MED
Q1_protocol_broad,2026-09-05,42005646,PMC13087623,10.1002/hsr2.71912,The Potential of Bioinformatics in Revolutionizing Disease Diagnosis in Sub-Saharan Africa: A Narrative Review.,"Ofosu W, Kotey FCN, Odoom A, Ntim OK, Donkor ES.",,2026,2026-03-29,Y,MED
Q1_protocol_broad,2026-09-05,39228791,PMC11369404,10.1016/j.isci.2024.110623,PanKA: Leveraging population pangenome to predict antibiotic resistance.,"Do VH, Nguyen VS, Nguyen SH, Le DQ, Nguyen TT, Nguyen CH, Ho TH, Vo NS, Nguyen T, Nguyen HA, Cao MD.",,2024,2024-08-02,Y,MED
Q1_protocol_broad,2026-09-05,42037726,PMC13103545,10.1002/aps3.70047,An artificial neural network-based deep learning model to predict combined stress impact and interaction in plants.,"Priya P, Pandey P, Jain R, Kandpal M, Jain S, Chaudhury R, Ramegowda V, Senthil-Kumar M.",,2026,2026-03-24,Y,MED
Q1_protocol_broad,2026-09-05,41758173,PMC12952676,10.1142/9789819824755_0045,Integrating Imaging-Derived Clinical Endotypes with Plasma Proteomics and External Polygenic Risk Scores Enhances Coronary Microvascular Disease Risk Prediction.,"Venkatesh R, Cherlin T, BioBank PM, Ritchie MD, Guerraty MA, Verma SS.",,2026,2026-01-01,Y,MED
Q1_protocol_broad,2026-09-05,41857679,PMC13097337,10.1111/mpp.70250,Protein Language Model-Driven Optimisation of Antimicrobial Peptide Pth-Ca1 Against Pectobacterium brasiliense Using ESMFold-Predicted Structures and the ESM-3 Model.,"Song L, Zhang G, Hua M, Yuan J, Wu J, Wang H, Yan F, Peng J.",,2026,2026-03-01,Y,MED
Q1_protocol_broad,2026-09-05,42256259,PMC13234623,10.3389/frmbi.2026.1842701,Computational and multi-omics systems biology for precision microbiome therapeutics.,"Dewan A, Mascellino MT.",,2026,2026-05-15,Y,MED
Q1_protocol_broad,2026-09-05,39690739,PMC11956090,10.1016/j.xplc.2024.101223,Cropformer: An interpretable deep learning framework for crop genomic prediction.,"Wang H, Yan S, Wang W, Chen Y, Hong J, He Q, Diao X, Lin Y, Chen Y, Cao Y, Guo W, Fang W.",,2025,2024-12-16,Y,MED
Q1_protocol_broad,2026-09-05,42378238,PMC13318009,10.1371/journal.ppat.1014383,Balancing under constraint: Structural insights into norovirus evolution and antigenic innovation.,"Chen Y, Wang XZ, Tan YY, Yu JM.",,2026,2026-06-30,Y,MED
Q1_protocol_broad,2026-09-05,40475064,PMC12139001,10.1093/nsr/nwaf148,Deep learning for microbiome-informed precision nutrition.,Liu YY.,,2025,2025-04-16,Y,MED
Q1_protocol_broad,2026-09-05,41917102,PMC13106741,10.1038/s41598-026-45642-7,Cultivation system and plant health influence root-associated bacterial community structure and interaction networks in strawberry.,"Roy M, Han D, Lee D, Kang B, Choi K.",,2026,2026-03-31,Y,MED
Q1_protocol_broad,2026-09-05,40558800,PMC12194502,10.3390/jimaging11060201,Automation of Multi-Class Microscopy Image Classification Based on the Microorganisms Taxonomic Features Extraction.,"Samarin A, Savelev A, Toropov A, Dozortseva A, Kotenko E, Nazarenko A, Motyko A, Narova G, Mikhailova E, Malykh V.",,2025,2025-06-18,Y,MED
Q1_protocol_broad,2026-09-05,40914969,PMC12414480,10.1093/bib/bbaf459,Energy entropy vector: a novel approach for efficient microbial genomic sequence analysis and classification.,"Wang H, Hu G, Yau SS.",,2025,2025-09-01,Y,MED
Q1_protocol_broad,2026-09-05,41488762,PMC12764218,10.2147/ijwh.s561386,Comprehensive Analysis of Vaginal and Gut Microbiome Alterations in Endometriosis Patients.,"Zhao Y, Hu X, Li C, Huang J, Guo K, Pan Q, Yu Z.",,2025,2025-12-30,Y,MED
Q1_protocol_broad,2026-09-05,42197523,PMC13209399,10.3390/microorganisms14051138,Rhizosphere Microbiome Engineering for Climate-Smart Agriculture: From Synthetic Consortia to Precision Decision Support.,"Fouad N, Elzayat EM, Amr D, El-Khishin DA, Radwan KH, Youssef A, Khalaf AA, Ahmed HA, Radwan EH, Tawkaz S, Baum M.",,2026,2026-05-17,Y,MED
Q1_protocol_broad,2026-09-05,41898831,PMC13025463,10.3390/genes17030298,From High-Density Genomic Mapping to Precision Molecular Breeding: A Comprehensive Review of &lt;i&gt;Capsicum&lt;/i&gt; Genomic Resources.,"Wang L, Kan J, Zhong W, Zhang S, Zhao Y, Hou Y, Tembrock LR, Gu X, Cheng Y.",,2026,2026-02-28,Y,MED
Q1_protocol_broad,2026-09-05,41406463,PMC12801326,10.1021/acs.jcim.5c02428,Advances in Machine Learning Models for Predicting Enzyme Kinetic Parameters.,"Malli A, Vasyutyn D, Kim JR.",,2026,2025-12-17,Y,MED
Q1_protocol_broad,2026-09-05,41686340,PMC13004766,10.1007/s12672-026-04641-w,Microbiota dynamics in HPV-Infected individuals: implications for cervical neoplasia development.,"Meng L, Xu Y, Lin Z, Shen Y, Zhang Y, Liu S.",,2026,2026-02-13,Y,MED
Q1_protocol_broad,2026-09-05,42073604,PMC13114656,10.3390/cancers18081281,"Advances in Multi-Modal Biomarkers for Immunotherapy Response in Non-Small Cell Lung Cancer: ctDNA, Microbiome, and Radiomics.","Chakrabarti T, Lee M.",,2026,2026-04-17,Y,MED
Q1_protocol_broad,2026-09-05,40686844,PMC12274303,10.1016/j.crmicr.2025.100436,Global genomic epidemiology and plasmid-mediated dissemination of &lt;i&gt;bla&lt;/i&gt; &lt;sub&gt;KPC&lt;/sub&gt; and &lt;i&gt;bla&lt;/i&gt; &lt;sub&gt;NDM&lt;/sub&gt; in the &lt;i&gt;Serratia marcescens&lt;/i&gt; complex.,"Liu X, Liu Z, Yu K, Huang Z, Gao H, Bai X, Sun Z, Wei Q, Wang D.",,2025,2025-07-04,Y,MED
Q1_protocol_broad,2026-09-05,41801219,PMC13185819,10.1002/advs.202515835,De Novo Multi-Mechanism Antimicrobial Peptide Design via Multimodal Deep Learning.,"Li X, Gong H, Wang Y, Zhao Y, Li L, Bao P, Kong Q, Fu J, Wan B, Zhang Y, Zhang J, Ni J, Han Z, Nan X, Ju K, Sun L, Ma Y, Chang H, Zheng M, Yu Y, Yang X, Zuo X, Wang H, Li Y.",,2026,2026-03-09,Y,MED
Q1_protocol_broad,2026-09-05,41159729,PMC12570017,10.1093/bib/bbaf567,Prediction of soil probiotics based on foundation model representation enhancement and stacked aggregation classifier.,"Kang Q, Sun H, Wang Y, Fang X, Li Y, Zhang Y, Wei T, Yin P.",,2025,2025-08-01,Y,MED
Q1_protocol_broad,2026-09-05,37968359,PMC11980903,10.1038/s41579-023-00984-1,Machine learning for microbiologists.,"Asnicar F, Thomas AM, Passerini A, Waldron L, Segata N.",,2024,2023-11-15,N,MED
Q1_protocol_broad,2026-09-05,39298254,PMC11571079,10.1099/mgen.0.001295,Evaluation of &lt;i&gt;Klebsiella pneumoniae&lt;/i&gt; pathogenicity through holistic gene content analysis.,"Isogai M, Kawamura K, Yagi T, Kayama S, Sugai M, Doi Y, Suzuki M.",,2024,2024-09-01,Y,MED
Q1_protocol_broad,2026-09-05,42328174,PMC13279606,10.3389/fcimb.2026.1814020,In silico design of a multiantigenic and multiepitope chimeric protein as a vaccine candidate against &lt;i&gt;Renibacterium salmoninarum&lt;/i&gt;.,"Araneda J, Flores-Herrera PA, Acevedo W, Marshall SH, Gómez FA.",,2026,2026-06-05,Y,MED
Q1_protocol_broad,2026-09-05,42450420,PMC13362071,10.3390/foods15132301,"Research Progress on Intelligent Prediction, Debittering Technologies, and Multi-Dimensional Evaluation for Bitter Peptides.","Wang JT, Luo C, Jiang CX, Zheng XQ.",,2026,2026-06-27,Y,MED
Q1_protocol_broad,2026-09-05,42388616,PMC13318649,10.3389/fonc.2026.1869712,Multi-omics and spatial transcriptomics decode the ZDHHC9-driven hypoxia-immunosuppressive axis in hepatocellular carcinoma.,"Lu H, Kong L, Hu S, Xie W, Wang Y, Wang J, Dai F.",,2026,2026-06-17,Y,MED
Q1_protocol_broad,2026-09-05,40711131,PMC12298662,10.3390/toxins17070319,A Comprehensive Review of Detection Methods for &lt;i&gt;Staphylococcus aureus&lt;/i&gt; and Its Enterotoxins in Food: From Traditional to Emerging Technologies.,"Mairi A, Ibrahim NA, Idres T, Touati A.",,2025,2025-06-23,Y,MED
Q1_protocol_broad,2026-09-05,42455253,PMC13373111,10.1186/s43046-026-00385-4,Immune organoids for Africa: a roadmap for bridging the innovation gap in infectious diseases and cancer research.,"Abdulgafar AO, Febilola AS, Rono C, Ugo CH, Markus SN, Adeoba MI, Tolu DE.",,2026,2026-07-15,Y,MED
Q1_protocol_broad,2026-09-05,42422732,PMC13341666,10.3389/fmicb.2026.1879424,"Laminitis in Holstein dairy cows is associated with intestinal and mammary dysfunction, systemic inflammation, and microbiota dysregulation.","Peng W, Chen J, Gao X, Guo X, Liu P, Cai G, Zheng Z, Wan G, Liu P.",,2026,2026-06-24,Y,MED
Q1_protocol_broad,2026-09-05,40901923,PMC12821378,10.1126/scitranslmed.ads6335,Comprehensive analysis of microbial content in whole-genome sequencing samples from The Cancer Genome Atlas project.,"Ge Y, Lu J, Puiu D, Revsine M, Salzberg SL.",,2025,2025-09-03,N,MED
Q1_protocol_broad,2026-09-05,41827905,PMC12984513,10.3390/cells15050472,Profiling Osteoporosis via Integrated Multi-Omics Technologies.,"Braile A, Bani A, Hosseininasab SF, Regno ND, Orabona N, Bove A, Braile M.",,2026,2026-03-05,Y,MED
Q1_protocol_broad,2026-09-05,42088851,PMC13136614,10.34133/csbj.0078,A Hybrid Modeling Framework for Predictive Digital Twins of CHO Cell Culture.,"Richelle A, Andersson D, Antonakoudis A, Jakobsson J, Pijeaud S, Vernersson A, Trygg J.",,2026,2026-05-04,Y,MED
Q1_protocol_broad,2026-09-05,,,10.64898/2026.08.17.745186,Microbial bioprospecting for benzoxazolinate-like molecules: unleashing the potential of genome mining,"Paliyal S, Kaur B, Rao L, Chakrabortty A, Singh L, Sehgal I, Sharma M, Singh D, Chaudhry V, Mantri SS.",,2026,2026-08-20,N,PPR
Q1_protocol_broad,2026-09-05,41572428,PMC12827876,10.1002/wnan.70050,Advances in Microbial Diagnostics: Machine Learning and Nanotechnology for Zoonotic Disease Control.,"Lotfalizadeh N, Santucciu C, Chisu V, Sepahvand H, Rahdar A, Behzadmehr R, Franco OL, Moez G, Ferreira LFR.",,2026,2026-01-01,Y,MED
Q1_protocol_broad,2026-09-05,41007733,PMC12467689,10.3390/biomedicines13092171,Integrating Machine Learning and Multi-Omics to Explore Neutrophil Heterogeneity.,"Lin Z, Yang T, Chen D, Zhang P, Luo J, Chen S, Gu S, Shen Y, Tang T, Chang T, Dong L, Zhang C, Tang Z.",,2025,2025-09-05,Y,MED
Q1_protocol_broad,2026-09-05,,,10.64898/2026.07.20.739605,Diversity and evolution of the transcriptional regulatory networks of  <i>Pseudomonas</i>  strains revealed using machine learning,"Bajpe H, Hefner Y, Szubin R, Sung J, Palsson BO.",,2026,2026-07-20,N,PPR
Q1_protocol_broad,2026-09-05,42454186,PMC13367158,10.20517/evcna.2025.103,Advances in microbial extracellular vesicles: synthetic biology platforms and medical applications.,"Tang ZY, Yang XL, Zhou YW, Zou H, Li Y, Wu H, Wei DX.",,2026,2026-06-22,Y,MED
Q1_protocol_broad,2026-09-05,41872229,PMC13172472,10.1038/s41467-026-71095-7,Unveiling the biodiversity of large DNA viruses in intertidal mudflats via metagenomics.,"Ji M, Li Y, Wang M, Liu X, Gong X, Tu Q.",,2026,2026-03-24,Y,MED
Q1_protocol_broad,2026-09-05,41704769,PMC12907713,10.1016/j.isci.2026.114664,Gut fungal landscape in colorectal cancer and its cross-kingdom interplay with gut microbial ecology.,"Yinhang W, Xueli J, Zheng W, Xiaojian Y, Shu X, Qingjie Z, Ying L, Shuwen H.",,2026,2026-01-14,Y,MED
Q1_protocol_broad,2026-09-05,41318750,PMC12712290,10.1186/s13568-025-01981-8,Genomic prediction of phytase potential and stress tolerance in maize-associated plant growth-promoting rhizobacterium Enterobacter cloacae Mz49.,"Amer MA, Hamed SM.",,2025,2025-11-29,Y,MED
Q1_protocol_broad,2026-09-05,41068180,PMC12511378,10.1038/s41522-025-00825-4,Optimizing breast cancer chemotherapy by harnessing gut microbiota with insights from artificial intelligence.,"Zhou Y, Jiang M, Shen K, He T, Zhou S, Shao A, Li X, Wang J, Wu R, Singla RK, Jacobs JP, Shen B.",,2025,2025-10-09,Y,MED
Q1_protocol_broad,2026-09-05,41920894,PMC13052891,10.1371/journal.pcbi.1014092,Predictive modeling of gene expression and localization of DNA binding site using deep convolutional neural networks.,"Karshenas A, Röschinger T, Garcia HG.",,2026,2026-04-01,Y,MED
Q1_protocol_broad,2026-09-05,41901195,PMC13029696,10.3390/ph19030347,The Impact of Seasonal and Meteorological Factors on Microorganisms Present in Knee Joint Effusions Among Patients with Rheumatoid Arthritis.,"Xiong H, Ji S, Ding Q, Zhou Y, Yao X, Zhu Y.",,2026,2026-02-24,Y,MED
Q1_protocol_broad,2026-09-05,41140395,PMC12546095,10.3389/fmicb.2025.1669208,Exploring drug resistance genes in &lt;i&gt;Acinetobacter baumannii&lt;/i&gt; using metagenomic next-generation sequencing.,"Li G, Lao J, Jiang Y, Tang P, Huang H, He L, Yuan K, Lai X.",,2025,2025-10-09,Y,MED
Q1_protocol_broad,2026-09-05,41745767,PMC12944703,10.3390/toxins18020101,Genome-Guided Identification of an OTA-Degrading Amidohydrolase AMH2102 from &lt;i&gt;Acinetobacter kookii&lt;/i&gt; AK4 with Enhanced Soluble Expression in &lt;i&gt;Escherichia coli&lt;/i&gt;.,"Niu Z, Bai S, Xiao Y, Lai J, Jin Y, Zhao Z, Yang Y, Cun S, Liang Z.",,2026,2026-02-16,Y,MED
Q1_protocol_broad,2026-09-05,41225601,PMC12613443,10.1186/s12967-025-07153-3,Deciphering context-specific Axitinib escape pathways via multi-omics and explainable machine learning.,"Gupta S, Patni K, Kaur S, Dhanjal JK.",,2025,2025-11-12,Y,MED
Q1_protocol_broad,2026-09-05,40568486,PMC12189210,10.1093/nsr/nwaf225,AIM: AI for microbiology.,"Wang J, Gao GF.",,2025,2025-06-25,Y,MED
Q1_protocol_broad,2026-09-05,41250990,PMC12806298,10.1002/advs.202514464,Integrative Omics Defines Metabolic Biomarkers and Genetic Regulatory Mechanisms of Mortality Risk.,"Liu P, An B, Zheng J, Wang Q, Yang Z, Li Z, Liu D, Ying F, Wen J, Fang L, Zhao G.",,2026,2025-11-18,Y,MED
Q1_protocol_broad,2026-09-05,41857729,PMC13003659,10.1186/s13036-026-00637-w,Multimodal deep learning for inflammatory bowel disease: a new frontier in cellular and molecular biomarker discovery to clinical translation.,"Li P, Guo S, Zhang Y, Hu H, Cheng T, Xu B, Zeng K, Huang T, Dong Z, BenHuo, Lin J, Wen H, Sun B.",,2026,2026-03-19,Y,MED
Q1_protocol_broad,2026-09-05,41315227,PMC12663572,10.1038/s41467-025-65779-9,Genome graphs reveal the importance of structural variation in Mycobacterium tuberculosis evolution and drug resistance.,"Canalda-Baltrons A, Silcocks M, Hall MB, Theys D, Chang 常戌灵 X, Viberg LT, Sherry NL, Coin L, Dunstan SJ.",,2025,2025-11-28,Y,MED
Q1_protocol_broad,2026-09-05,41798620,PMC12961584,10.3389/fcvm.2026.1616059,Precision medicine and personalized nursing in cardiovascular disease: clinical applications and frontier developments.,"He X, You G.",,2026,2026-02-19,Y,MED
Q1_protocol_broad,2026-09-05,41751014,PMC12937407,10.3390/ani16040553,Navigating the Complexity: Advancing Diagnostic Strategies for Avian Reovirus in Chinese Poultry.,"Wang Q, Zheng L, You G, Dong H, Chen S, Wang S, Chen S.",,2026,2026-02-11,Y,MED
Q1_protocol_broad,2026-09-05,,,10.21203/rs.3.rs-6130404/v1,Machine Learning Reveals Biocontrol Agents Shaping Disease Protection in Natural Arabidopsis Populations and Synthetic Communities,"Kemen E, Mahmoudi M, Hu Y, Almario J, Stincone P, Tenzer L, Chaudhry V, Nieselt K.",,2025,2025-03-14,Y,PPR
Q1_protocol_broad,2026-09-05,41952903,PMC13053243,10.3389/fmed.2026.1772478,Advancements in bone marrow biopsy: the role of omics and artificial intelligence in hematologic diagnostics.,"Alwahaibi M, Alwahaibi N.",,2026,2026-03-24,Y,MED
Q1_protocol_broad,2026-09-05,40152610,PMC12013270,10.1128/msystems.00201-25,Unveiling the role of phages in shaping the periodontal microbial ecosystem.,"Yao F, He J, Nyaruaba R, Wei H, Li Y.",,2025,2025-03-28,Y,MED
Q1_protocol_broad,2026-09-05,40453710,PMC12123207,10.3389/fcimb.2025.1526028,"Antibiotic resistance, virulence gene, phylogenetic group and genetic diversity of &lt;i&gt;Escherichia coli&lt;/i&gt; isolated from Tibetan pig farms in Garze Tibetan Autonomous Prefecture, Sichuan, China.","Zhao X, Liang J, Xia Z, Chen C.",,2025,2025-05-12,Y,MED
Q1_protocol_broad,2026-09-05,39198760,PMC11350932,10.1186/s12864-024-10726-z,Association of mutations in Mycobacterium tuberculosis complex (MTBC) respiration chain genes with hyper-transmission.,"Li Y, Li Y, Liu Y, Kong X, Tao N, Hou Y, Wang T, Han Q, Zhang Y, Long F, Li H.",,2024,2024-08-28,Y,MED
Q1_protocol_broad,2026-09-05,42420265,PMC13346421,10.1038/s41467-026-75176-5,Gut microbiota associates with frailty in older women.,"Vilar Geraldi M, Dwibedi C, Jaiswal R, Gregori G, Zhou X, Lv B, Zheng Y, Wang X, Wu H, Axelsson KF, Bäckhed F, Tremaroli V, Lorentzon M.",,2026,2026-07-08,Y,MED
Q1_protocol_broad,2026-09-05,41078745,PMC12508925,10.1021/acsomega.5c05538,Computational Methods in Immunoinformatics: Epitope Discovery and Diagnostic Applications.,"Bulla ACS, Sbano da Silva A, Prado Sereno B, Dias MFR, Leal da Silva M.",,2025,2025-09-25,Y,MED
Q1_protocol_broad,2026-09-05,40564766,PMC12191490,10.3390/diagnostics15121445,BioInnovate AI: A Machine Learning Platform for Rapid PCR Assay Design in Emerging Infectious Disease Diagnostics.,"Lin HH, Chung HY, Lin TH, Chang CK, Perng CL, Hung KS, Yanagihara K, Shang HS, Jian MJ.",,2025,2025-06-06,Y,MED
Q1_protocol_broad,2026-09-05,42490854,PMC13375493,10.3389/fphar.2026.1870527,Artificial intelligence in drug discovery: from algorithmic foundations to clinical translation.,"Mao Z, Yan L.",,2026,2026-07-03,Y,MED
Q1_protocol_broad,2026-09-05,41257730,PMC12628886,10.1186/s12864-025-12247-9,TOAST: a novel tool for designing targeted gene amplicons and an optimised set of primers for high-throughput sequencing in tuberculosis genomic studies.,"Wang L, Thawong N, Thorpe J, Higgins M, Ik MTK, Sawaengdee W, Mahasirimongkol S, Perdigão J, Campino S, Clark TG, Phelan JE.",,2025,2025-11-19,Y,MED
Q1_protocol_broad,2026-09-05,41055333,PMC12625703,10.1128/msystems.01642-24,Harnessing machine learning for metagenomic data analysis: trends and applications.,"Sharma S, Narahari HP, Raman K.",,2025,2025-10-07,Y,MED
Q1_protocol_broad,2026-09-05,37125187,PMC10130531,10.3389/fmicb.2023.1154620,Highly sensitive quantitative phase microscopy and deep learning aided with whole genome sequencing for rapid detection of infection and antimicrobial resistance.,"Ahmad A, Hettiarachchi R, Khezri A, Singh Ahluwalia B, Wadduwage DN, Ahmad R.",,2023,2023-04-12,Y,MED
Q1_protocol_broad,2026-09-05,39911715,PMC11794229,10.3389/fmicb.2024.1516667,Deep learning in microbiome analysis: a comprehensive review of neural network models.,"Przymus P, Rykaczewski K, Martín-Segura A, Truu J, Carrillo De Santa Pau E, Kolev M, Naskinova I, Gruca A, Sampri A, Frohme M, Nechyporenko A.",,2024,2025-01-22,Y,MED
Q1_protocol_broad,2026-09-05,,,10.64898/2025.12.04.691125,MetaPointFinder: Detection of Antimicrobial Resistance-Conferring Point Mutations (ARMs) from Metagenomic Reads,"Zomer AL, Nooij S, Carter C, Mather AE.",,2025,2025-12-05,Y,PPR
Q1_protocol_broad,2026-09-05,41268496,PMC12628177,10.1016/j.xinn.2025.100993,Multiscale metabolic engineering in biological lignin valorization.,"Liu RY, Li BZ, Yuan YJ, Liu ZH.",,2025,2025-06-13,Y,MED
Q1_protocol_broad,2026-09-05,42133137,PMC13176182,10.1007/s11259-026-11268-3,Integrating biomarkers and artificial intelligence for precision diagnostics in cattle health and herd management: a review.,"Aydın Ş, Özdemir S.",,2026,2026-05-14,Y,MED
Q1_protocol_broad,2026-09-05,42505275,PMC13409705,10.3390/gels12070590,Research Progress on Natural Polysaccharide Hydrogels in the Diagnosis and Treatment of Colorectal Cancer.,"Li H, Long J, Zha S, Zhuang S, Liu M, Liu Y, Li S, Guo Y, Wang G.",,2026,2026-07-02,Y,MED
Q1_protocol_broad,2026-09-05,41450935,PMC12728014,10.3389/fmicb.2025.1723084,Genomic and phenotypic characterization of two novel human-derived &lt;i&gt;Limosilactobacillus reuteri&lt;/i&gt; strains with unique probiotic traits.,"Yang L, Zhan H, Wu X, Wang A, Zou Y, Li J, Lu Y, Ge Z.",,2025,2025-12-10,Y,MED
Q1_protocol_broad,2026-09-05,42498700,PMC13400317,10.1111/1462-2920.70382,Seasonal Trade-Offs Between Sedimentary Bacterial Generalists and Specialists Sustain Community Stability in Rivers.,"Zhang S, Zhu Y, Zhang Y, Ni Y, Liu S, Mustafa MF, Xu S.",,2026,2026-07-01,N,MED
Q1_protocol_broad,2026-09-05,41716401,PMC12913491,10.3389/fimmu.2026.1761476,Integrated single-cell and transcriptomic profiling identifies machine-learning-based pyroptosis biomarkers in IBD.,"Lu Y, Lin Y, Li Y, Sai H, Chen C, Li J.",,2026,2026-02-04,Y,MED
Q1_protocol_broad,2026-09-05,42049031,PMC13198306,10.1016/j.xcrm.2026.102780,"Microbiome biomarkers in autism spectrum disorder: Toward prediction, diagnosis, and prognosis.","Wong O, Zheng Z, Wang M, Cao A, Chan FKL, Ng SC, Su Q.",,2026,2026-04-27,Y,MED
Q1_protocol_broad,2026-09-05,41933324,PMC13101188,10.1186/s12967-026-07693-2,Medical software for precision diagnostics of infection with immunoprofiling and artificial intelligence.,"Miho E, Marquez S, Stervbo U, Mertz KD, Kruta J, Schkommodau E, Pieter M.",,2026,2026-04-03,Y,MED
Q1_protocol_broad,2026-09-05,42298411,PMC13326480,10.1186/s12866-026-05267-2,Effects of copper and cadmium stress on resistance genes in farmland soil.,"He R, Liu K, Yang F, Feng SQ, Zhang L.",,2026,2026-06-15,Y,MED
Q1_protocol_broad,2026-09-05,40191453,PMC11965067,10.1007/s13205-025-04278-6,Analytical techniques and molecular platforms for detection and surveillance of antimicrobial resistance: advancements of the past decade.,"Patnaik A, Rai SK, Dhaked RK.",,2025,2025-04-02,N,MED
Q1_protocol_broad,2026-09-05,41954411,PMC13141975,10.1128/spectrum.02491-25,Identification and characterization of two novel &lt;i&gt;Acinetobacter&lt;/i&gt; species capable of degrading polyester.,"Xia M, Zhao Y, Ma Y, Wu B, Hu G, Wang Y, He M.",,2026,2026-04-09,Y,MED
Q1_protocol_broad,2026-09-05,41595692,PMC12839035,10.3390/biomedicines14010158,Liquid Biopsy in Early Screening of Cancers: Emerging Technologies and New Prospects.,"Zhu H, Li Z, Xie K, Kassim SH, Cao C, Huang K, Lu Z, Ma C, Li Y, Jiang K, Yin L.",,2026,2026-01-12,Y,MED
Q1_protocol_broad,2026-09-05,41315331,PMC12663593,10.1038/s41522-025-00851-2,High-resolution microbiome analysis of host-rich samples using 2bRAD-M without host depletion.,"Jiang Y, Liu J, Zhang Y, Zhou L, Kao E, Hou S, Niu Q, Liu Y, Xu ZZ, Ding T, Su YX, Liu Y, Zhang G, Wang X, Teng F, Huang S.",,2025,2025-11-28,Y,MED
Q1_protocol_broad,2026-09-05,40360786,PMC12075791,10.1038/s42003-025-08156-y,"Genetic landscape and evolution of Acinetobacter pittii, an underestimated emerging nosocomial pathogen.","Wang S, Zhou Y, Wang Y, Tang K, Wang D, Hong J, Wang P, Ye S, Yan J, Li S, Zhou Z, Du J.",,2025,2025-05-13,Y,MED
Q1_protocol_broad,2026-09-05,37823665,PMC10662344,10.1128/jcm.00617-23,Direct prediction of carbapenem resistance in <i>Pseudomonas aeruginosa</i> by whole genome sequencing and metagenomic sequencing.,"Liu B, Gao J, Liu XF, Rao G, Luo J, Han P, Hu W, Zhang Z, Zhao Q, Han L, Jiang Z, Zhou M.",,2023,2023-10-12,N,MED
Q1_protocol_broad,2026-09-05,41658853,PMC12874462,10.1016/j.bbrep.2026.102452,"In silico exploration of the genomic repertoire of Iranian aquatic bacteria: Prophage carriage, bioactive compound potential, CRISPR-Cas immunity, and integrated defensive-metabolic islands.","Rahimian M, Aghazadeh-Soltan-Ahmadi M, Panahi B.",,2026,2026-01-28,Y,MED
Q1_protocol_broad,2026-09-05,36978390,PMC10044311,10.3390/antibiotics12030523,Artificial Intelligence for Antimicrobial Resistance Prediction: Challenges and Opportunities towards Practical Implementation.,"Ali T, Ahmed S, Aslam M.",,2023,2023-03-06,Y,MED
Q1_protocol_broad,2026-09-05,41210522,PMC12590139,10.1016/j.jobcr.2025.10.014,AI-based prediction of drug-gene interactions modulating tight junction integrity: A deep learning framework highlighting multiple therapeutic targets.,"Keskar V, Shenoy A, Desai S.",,2025,2025-10-22,Y,MED
Q1_protocol_broad,2026-09-05,41298460,PMC12658003,10.1038/s41467-025-66020-3,Revitalizing orphan crops to combat food insecurity.,"Huang X, Su D, Xu C.",,2025,2025-11-26,Y,MED
Q1_protocol_broad,2026-09-05,42280704,PMC13259542,10.3390/plants15111667,Association-Based Analysis of Verticillium Wilt Resistance in a Bi-Parental Hop (&lt;i&gt;Humulus lupulus&lt;/i&gt; L.) Population for Marker Development in Breeding.,"Luskar L, Waldinger M, Pitra NJ, Feiner A, Radišek S, Jakše J, Čerenak A.",,2026,2026-05-29,Y,MED
Q1_protocol_broad,2026-09-05,39702929,PMC11659115,10.1002/cam4.70454,Gut Microbiota as Mediator and Moderator Between Hepatitis B Virus and Hepatocellular Carcinoma: A Prospective Study.,"Hu B, Yang Y, Yao J, Lin G, He Q, Bo Z, Zhang Z, Li A, Wang Y, Chen G, Shan Y.",,2024,2024-12-01,Y,MED
Q1_protocol_broad,2026-09-05,38974320,PMC11224154,10.3389/fmolb.2024.1395450,A pangenome analysis of ESKAPE bacteriophages: the underrepresentation may impact machine learning models.,"Lee J, Hunter B, Shim H.",,2024,2024-06-21,Y,MED
Q1_protocol_broad,2026-09-05,40019875,PMC11878895,10.1371/journal.pbio.3003058,New solutions for antibiotic discovery: Prioritizing microbial biosynthetic space using ecology and machine learning.,"Medema MH, van Wezel GP.",,2025,2025-02-28,Y,MED
Q1_protocol_broad,2026-09-05,41574271,PMC12823039,10.3389/fgene.2025.1740301,Omics in mini-livestock: a genomic perspective on the future of sustainable food systems.,"Sode A, Halder A, Metzger J.",,2025,2026-01-08,Y,MED
Q1_protocol_broad,2026-09-05,41034825,PMC12490100,10.1186/s12879-025-11576-0,Machine learning model for differentiating Pneumocystis jirovecii pneumonia from colonization and analyzing mortality risk in non-HIV patients using BALF metagenomic sequencing.,"Chen Y, Bai Y, Li M, Gan X, Wang Y, Zhou Y, Niu T.",,2025,2025-10-01,Y,MED
Q1_protocol_broad,2026-09-05,,,10.1101/2025.11.23.690048,A generalizable cross-continent prediction of esophageal squamous cell carcinoma using the oral microbiome,"ElNaggar S, Chen WC, Prodehl LM, Marumo TK, Khan MU, Mathew CG, Ruff P, Jin Z, Neugut AI, Rustgi AK, Uhlemann A, Korem T, Abrams JA.",,2025,2025-11-24,Y,PPR
Q1_protocol_broad,2026-09-05,41741523,PMC12936200,10.1038/s41598-026-38131-4,INHBA: a mitochondrial-related pan-cell death gene associated with the prognosis and immunity of OSCC.,"Zhang X, Sun M, Qiu T, He D, Zhang T, Li J.",,2026,2026-02-25,Y,MED
Q1_protocol_broad,2026-09-05,40898347,PMC12403638,10.1186/s12967-025-07049-2,Gut microbiota dysbiosis and systemic immune dysfunction in critical ill patients with multidrug-resistant bacterial colonization and infection.,"Ling Z, Ding W, Liu X, Zhang J, Cheng Y, Zhu Z, Wu L, Xu X, Gao Y, Jiang R.",,2025,2025-09-02,Y,MED
Q1_protocol_broad,2026-09-05,40649382,PMC12251386,10.3390/molecules30132868,Strategies Used for the Discovery of New Microbial Metabolites with Antibiotic Activity.,"Dasí-Delgado P, Andreu C, Del Olmo ML.",,2025,2025-07-06,Y,MED
Q1_protocol_broad,2026-09-05,41408155,PMC12709722,10.1186/s12866-025-04533-z,"Intestinal colonization of carbapenem-resistant gram-negative bacteria in pediatric hematology patients: risk factors and molecular characteristics, a multicenter case-control study.","Hu H, Huang W, Ruan S, Zhou J, Wang Y, Weng R, Shi Q, Jiang Y, Jin X, Yu Y.",,2025,2025-12-17,Y,MED
Q1_protocol_broad,2026-09-05,41805398,PMC13059738,10.1128/mbio.00025-26,"Parasitic connections: a patescibacterial epibiont, its methylotrophic gammaproteobacterial host, and their phages.","Bouderka F, López-García P, Deschamps P, Zhou Y, Krupovic M, Gutiérrez-Preciado A, Ciobanu M, Bertolino P, David G, Moreira D, Jardillier L.",,2026,2026-03-10,Y,MED
Q1_protocol_broad,2026-09-05,41291716,PMC12649041,10.1186/s12967-025-07355-9,Integrative pan-cancer analysis of intratumoral microbial communities for biomarker discovery and diagnostic modeling.,"Quan L, Rong H, Yue J, Xu J, Zheng Y, Yuan P.",,2025,2025-11-25,Y,MED
Q1_protocol_broad,2026-09-05,41865058,PMC13149963,10.1038/s41598-026-40140-2,Elucidation of vaginal microbiota of women associated with bacterial vaginosis from Northern region of India.,"Saini G, Yadav R, Bagga R, Arora A, Sethi S.",,2026,2026-03-21,Y,MED
Q1_protocol_broad,2026-09-05,41754427,PMC12942842,10.3390/pathogens15020175,&lt;i&gt;Xanthomonas&lt;/i&gt; spp.: Devastating Plant Pathogens and Sustainable Management Strategies.,"Shah K, Guo Y, Adnan M, Wu H.",,2026,2026-02-05,Y,MED
Q1_protocol_broad,2026-09-05,40071214,PMC11893576,10.3389/fmicb.2025.1549044,Detection of antimicrobial resistance via state-of-the-art technologies versus conventional methods.,"Elbehiry A, Marzouk E, Abalkhail A, Abdelsalam MH, Mostafa MEA, Alasiri M, Ibrahem M, Ellethy AT, Almuzaini A, Aljarallah SN, Abu-Okail A, Marzook N, Alhadyan S, Edrees HM.",,2025,2025-02-25,Y,MED
Q1_protocol_broad,2026-09-05,,,10.21203/rs.3.rs-3410109/v1,Combining machine learning with high-content imaging to infer ciprofloxacin susceptibility in clinical isolates of Salmonella Typhimurium,"Baker S, Tran T, Srid S, Reece S, Lunguya O, Jacobs J, Puyvelde SV, Marks F, Dougan G, Thomson N, Nguyen B, Bao PT.",,2023,2023-10-18,Y,PPR
Q1_protocol_broad,2026-09-05,42459691,PMC13368878,10.3389/fimmu.2026.1870538,Integrating multi-omics and machine learning to uncover CCL20 as a potential regulator of the immunosuppressive microenvironment in lung adenocarcinoma.,"Wang G, Wang G, Xu G, Wu Z, Wang G, Dong Y.",,2026,2026-07-01,Y,MED
Q1_protocol_broad,2026-09-05,42168603,PMC13373196,10.1038/s44318-026-00810-3,"Skin aging: mechanisms, evaluation, and rejuvenation.","Li R, Zhang J, Mao K, Meng D, Han JJ.",,2026,2026-05-21,Y,MED
Q1_protocol_broad,2026-09-05,40226917,PMC11995264,10.1093/nar/gkaf305,Deciphering the biosynthetic potential of microbial genomes using a BGC language processing neural network model.,"Lai Q, Yao S, Zha Y, Zhang H, Zhang H, Ye Y, Zhang Y, Bai H, Ning K.",,2025,2025-04-01,Y,MED
Q1_protocol_broad,2026-09-05,41989184,PMC13185608,10.1128/msystems.01781-25,Pan-genome insights into type VI secretion systems and their functional repertoires in &lt;i&gt;Enterobacter&lt;/i&gt;.,"Peng Z, Zhu N, Yi W, Jiang L, Dong T, Wu R, Jia S, Guo X, Luo Z, Guan Q.",,2026,2026-04-16,Y,MED
Q1_protocol_broad,2026-09-05,41787564,PMC12973805,10.1186/s40168-026-02359-z,Microbiome eco-evolution of cultivated and wild rice species across the genus Oryza and its importance in supporting rice growth.,"Luo F, Cai Y, Cui Y, He X, Xu J, Tang W, Wang X, Cai Y, Xie H, Chen W, Li W, Ding X.",,2026,2026-03-06,Y,MED
Q1_protocol_broad,2026-09-05,41852031,PMC13174239,10.1016/j.xplc.2026.101822,Leveraging AI and integrated genomic-enviromic prediction for intelligent sugarcane breeding.,"Wang D, Zheng J, Shang H, Liu JN, Gao LZ, Ye J, Sarsaiya S, Zhang J.",,2026,2026-03-17,Y,MED
Q1_protocol_broad,2026-09-05,39184338,PMC11341447,10.3389/fbinf.2024.1458237,Editorial: Machine learning approaches to antimicrobials: discovery and resistance.,"Broschat SL, Siu SWI, de la Fuente-Nunez C.",,2024,2024-08-09,Y,MED
Q1_protocol_broad,2026-09-05,42160338,PMC13213979,10.1073/pnas.2615114123,Molecular de-extinction looks to the past to find the molecules of the future.,Adam D.,,2026,2026-05-20,Y,MED
Q1_protocol_broad,2026-09-05,41394079,PMC12701808,10.1093/bioadv/vbaf222,"An overview of computational methods for gene prediction in eukaryotes: strengths, limitations, and future directions.","Djossou A, Ouedraogo WYDD, Ouangraoua A.",,2025,2025-10-01,Y,MED
Q1_protocol_broad,2026-09-05,39941209,PMC11817661,10.3390/diagnostics15030279,Predicting Drug Resistance in <i>Mycobacterium tuberculosis</i>: A Machine Learning Approach to Genomic Mutation Analysis.,"Paredes-Gutierrez G, Perea-Jacobo R, Acosta-Mesa HG, Mezura-Montes E, Morales Reyes JL, Zenteno-Cuevas R, Guerrero-Chevannier MÁ, Muñiz-Salazar R, Flores DL.",,2025,2025-01-24,Y,MED
Q1_protocol_broad,2026-09-05,41903026,PMC13032943,10.1007/s11306-026-02420-w,Univariate- and machine learning-based plasma metabolite signature differentiates PSC-IBD from IBD and is predicted to be driven by gut microbial changes.,"Wolthuis JC, Schultheiss JPD, Magnúsdóttir S, Stigter E, Tang YF, Jans J, Oldenburg B, de Ridder J, van Mil S.",,2026,2026-03-28,Y,MED
Q1_protocol_broad,2026-09-05,42366391,PMC13419014,10.1186/s40793-026-00919-2,Deep metagenomics uncovers functional adaptations and pathogenic risks in the gut microbiome of Antarctic fur seals (Arctocephalus gazella).,"Lai T, Liu Y, Duan Z, Su S, Ding H, Dai Y, Gao M, Ji M, Liao L.",,2026,2026-06-28,Y,MED
Q1_protocol_broad,2026-09-05,39381986,PMC11486299,10.1080/17460913.2024.2398340,Coordinated surveillance of foodborne pathogens and antimicrobial resistance: insights from the PATH-SAFE pilot.,"Haynes E, Baird R, Gent L, Kinsella E, O'Rourke S, May R, Mumford R.",,2024,2024-10-09,N,MED
Q1_protocol_broad,2026-09-05,40674393,PMC12270094,10.1371/journal.pone.0328194,Extensive novel diversity and phenotypic associations in the dromedary camel microbiome are revealed through deep metagenomics and machine learning.,Mubaraki FA.,,2025,2025-07-17,Y,MED
Q1_protocol_broad,2026-09-05,41564867,PMC12866080,10.1016/j.xcrm.2025.102574,Microbiota-metabolome interplay in depression: Metabolic insights and diagnostic potential.,"Zhao M, Liu P, Pan M, Guo Y, Sun T, Ren Z, Zheng X, Li M, Chao X, Wang J, Zeng J, Liu X, Yang Y, Luo P, Zheng D, Kuang J, Ding K, Zhao A, Ge K, Ouyang Y, Xie G, Liu P, Wang C, Chen T, Zhang T, Sun N, Jia W.",,2026,2026-01-01,Y,MED
Q1_protocol_broad,2026-09-05,42308045,PMC13291599,10.1073/pnas.2610619123,Linear-time prediction of proteome-scale microbial protein interactions.,"Cornman A, Tranzillo M, Zulaybar NG, Bouzit I, Hwang Y.",,2026,2026-06-17,Y,MED
Q1_protocol_broad,2026-09-05,41716220,PMC12916170,10.1093/bioadv/vbag003,Challenges and opportunities: computational biology and the future of agriculture.,"Gomes-Neto JC, Crook A, Hestrin R, Li G, Liew CS, Rosa G, Singh KD, Tuggle CK, Summers KL, Valdes C, Fahlgren N, Clarke J.",,2026,2026-02-03,Y,MED
Q1_protocol_broad,2026-09-05,41354993,PMC12689619,10.1038/s41598-025-25645-6,Dynamics of the gut microbiome and resistome in response to prophylactic antibiotic treatment in post-surgical giant pandas.,"Zhang W, Zhang M, Xie J, Huang H, Schmitz-Esser S, Li W, Liu H, Li D.",,2025,2025-12-07,Y,MED
Q1_protocol_broad,2026-09-05,42003340,PMC13093128,10.1111/1755-0998.70143,ChloroScan: Recovering Plastid Genome Bins From Metagenomic Data.,"Tong Y, Marcelino VR, Turnbull R, Verbruggen H.",,2026,2026-04-01,Y,MED
Q1_protocol_broad,2026-09-05,42491445,PMC13377444,10.1016/j.plaphe.2026.100259,Harnessing high-throughput phenotyping and artificial intelligence for soybean breeding: From trait assessment to data-driven decisions.,"Chagas JTB, Araújo MS, Pavan JPS, Françani AO, Ferreira GNC, Stella AA, Martinez M, Retore YI, Fregonezi BF, Martins GM, Zhao T, Zhou J, Sousa DR, Gao Y, Ji D, Gao K, Li B, Liu S, Zhao L, Pinheiro JB.",,2026,2026-07-08,Y,MED
Q1_protocol_broad,2026-09-05,40897708,PMC12405475,10.1038/s41467-025-62843-2,Anthropogenic climate change may reduce global diazotroph diversity.,"Li P, Pan Z, Sun J, Geng Y, Jiang Y, Li YZ, Zhang Z.",,2025,2025-09-02,Y,MED
Q1_protocol_broad,2026-09-05,42520179,PMC13412109,10.1002/jcla.70293,Revisiting Burn Wound Infections: A Comprehensive Review on the Dual Potential of Phages and Probiotics Against Acinetobacter baumannii.,"Aghmiyuni ZF, Sharafshadehi SA, Afifirad R, Bafandeh E, Mokhtaryan M, Ghanavati R, Darbandi A.",,2026,2026-07-28,Y,MED
Q1_protocol_broad,2026-09-05,,,10.1101/2025.08.28.672922,Generation of a global freshwater algal taxonomic database by application of PCR-free  <i>rbcL</i>  gene detection and machine-learning-based taxonomic classification to public metagenome datasets,Murdoch RW.,,2025,2025-09-03,N,PPR
Q1_protocol_broad,2026-09-05,41767561,PMC12946066,10.3389/fmicb.2026.1751343,The gp38 protein inhibits host adsorption of phage vB_EcoM_SD286.,"Lei X, Wang X, Shang H, Zhang T, Xu J, Zhang L, Chen D, Zhou G, Li Y, Si Z, Cao S.",,2026,2026-02-13,Y,MED
Q1_protocol_broad,2026-09-05,41735826,PMC13036895,10.1186/s12866-026-04827-w,Identification and functional characterization of Pseudomonas fluorescens as a novel intratumoral bacterium in colorectal cancer.,"Qian Q, Li N, Cha S, Zheng S, Li W, Yin G, Sun M, Ye P, Hu M, Shi R, Zhang Y, Shen W.",,2026,2026-02-24,Y,MED
Q1_protocol_broad,2026-09-05,42211656,PMC13212260,10.3389/fcimb.2026.1784529,CRISPR-driven strategies to disrupt methicillin-resistant &lt;i&gt;Staphylococcus aureus&lt;/i&gt; biofilms: a review.,"Nuevo JJM, Fortaleza JAG, Cabuhat KSP, Ong CJN, Jalova AC, Mortel FA, Bacalzo GD.",,2026,2026-05-13,Y,MED
Q1_protocol_broad,2026-09-05,41425965,PMC12711702,10.3389/fcimb.2025.1616189,Multi-omics approaches for image classification in disease diagnosis.,"Lin Y, Chen S, Che J, Sun M, Wang Y.",,2025,2025-12-04,Y,MED
Q1_protocol_broad,2026-09-05,40748965,PMC12316264,10.1371/journal.pone.0329355,OpDetect: A convolutional and recurrent neural network classifier for precise and sensitive operon detection from RNA-seq data.,"Karaji R, Peña-Castillo L.",,2025,2025-08-01,Y,MED
Q1_protocol_broad,2026-09-05,40235638,PMC11999076,10.1016/j.csbj.2025.03.043,iNClassSec-ESM: Discovering potential non-classical secreted proteins through a novel protein language model.,"Shao Y, Liu T.",,2025,2025-03-28,Y,MED
Q1_protocol_broad,2026-09-05,42168704,PMC13194946,10.1038/s43856-026-01612-8,Meta-analytic microbiome target discovery for immune checkpoint inhibitor response in advanced melanoma.,"Zhang X, Mallick H, Rahnavard A.",,2026,2026-05-21,Y,MED
Q1_protocol_broad,2026-09-05,40138273,PMC11940421,10.1371/journal.pone.0319809,MALDI-TOF mass spectrometry discriminates drug-susceptible and -resistant strains in Mycobacterium abscessus.,"Thai TD, Nithimongkolchai N, Kaewseekhao B, Samarnjit J, Sukkasem C, Wonglakorn L, Sirichoat A, Nithichanon A, Faksri K.",,2025,2025-03-26,Y,MED
Q1_protocol_broad,2026-09-05,41574740,PMC12892324,10.1021/acs.jcim.5c02855,Combined Modeling Approaches for Assessing Sodium-Iodide Symporter Inhibition.,"Kandler J, Kantarçeken AS, Smajić A, Ecker GF.",,2026,2026-01-23,Y,MED
Q1_protocol_broad,2026-09-05,38555471,PMC10981677,10.1093/bib/bbae117,Advances in phage-host interaction prediction: in silico method enhances the development of phage therapies.,"Nie W, Qiu T, Wei Y, Ding H, Guo Z, Qiu J.",,2024,2024-03-01,Y,MED
Q1_protocol_broad,2026-09-05,42121260,PMC13173809,10.1186/s40168-026-02369-x,"Integrative analysis of the mouse cecal microbiome across diet, age, and weight in the diverse BXD population.","Zhou Z, Lamanna A, Halder R, Pansart E, Narayanasamy S, Boussoufa B, Kerkour T, Wilmes P, Williams E.",,2026,2026-05-12,Y,MED
Q1_protocol_broad,2026-09-05,42170028,PMC13189712,10.1093/bioadv/vbag069,"The pangenome: a statistical model, not a fixed biological property.",Guerra A.,,2026,2026-04-01,Y,MED
Q1_protocol_broad,2026-09-05,42329956,PMC13286145,10.1371/journal.pone.0351726,Bone marrow CCR3 dictates eosinophil lineage commitment of CD34⁺ progenitors to orchestrate allergic rhinitis: A composite study.,"Zhang ZQ, Wei MY, Bei JL, Li JY, Dai MN, Jiang YL, Xiao YT, Zhang Y, Zhu X.",,2026,2026-06-22,Y,MED
Q1_protocol_broad,2026-09-05,41253804,PMC12627491,10.1038/s41467-025-65102-6,A global soil plasmidome resource unveils functional and ecological roles of plasmids in soil microbiomes.,"Fiamenghi MB, Camargo AP, Ivanova NN, Graham EB, Wu R, Hofmockel KS, Kyrpides NC.",,2025,2025-11-18,Y,MED
Q1_protocol_broad,2026-09-05,41681618,PMC12899447,10.3390/plants15030454,Identification and Development of Pathogen- and Pest-Specific Defense-Resistance-Associated SSR Marker Candidates Assisted by Machine Learning and Discovery of Putative QTL Hotspots in &lt;i&gt;Camellia sinensis&lt;/i&gt;.,Eminoğlu A.,,2026,2026-02-02,Y,MED
Q1_protocol_broad,2026-09-05,41910593,,10.1097/mpa.0000000000002618,Whole Metagenomic Profiling Identifies a Gut Microbial Signature for Chronic Pancreatitis via Machine Learning.,"Bartelli TF, Baydogan S, Sahin I, Hoffman KL, Petrosino J, Blackburn KW, Zhao J, Wood A, Ayvaz T, Surathu A, Cagigas MN, Barcenas EC, Mata T, Nguyen VK, Zulbaran-Rojas A, Li L, Faraoni EY, White JR, Ajami N, Li L, Yadav D, Conwell DL, Serrano J, Pandol SJ, Fogel EL, Van Den Eden SK, Vege SS, Topazia",,2026,2026-03-30,N,MED
Q1_protocol_broad,2026-09-05,40854916,PMC12379237,10.1038/s41598-025-13178-x,An efficient machine-learning framework for predicting protein post-translational modification sites.,"Elreify HM, El-Samie FEA, Dessouky MI, Torkey H, El-Khamy SE, Shalaby WA.",,2025,2025-08-25,Y,MED
Q1_protocol_broad,2026-09-05,41622828,PMC12917461,10.1111/nph.70951,Engineering next-generation crops through CRISPR-mediated horizontal gene transfer.,"Sen MK, Roy A, Varshney RK, Chakraborty A.",,2026,2026-02-01,Y,MED
Q1_protocol_broad,2026-09-05,41255589,PMC12621630,10.2147/jir.s548786,The Intestinal Immune Network for IgA Production is Involved in the Development and Progression of Sepsis: A Multi-Omics Study.,"Wang YF, Gao S, Gao F, Wu ML, Yang L, Zhang JY, Wang YN, Xu HY.",,2025,2025-11-13,Y,MED
Q1_protocol_broad,2026-09-05,40708937,PMC12286997,10.3389/fonc.2025.1576461,Machine learning approaches for EGFR mutation status prediction in NSCLC: an updated systematic review.,"Haixian L, Shu P, Zhao L, Chunfeng L, Lun L.",,2025,2025-07-10,Y,MED
Q1_protocol_broad,2026-09-05,37843883,PMC10634445,10.1099/mgen.0.001116,The advantage of intergenic regions as genomic features for machine-learning-based host attribution of &lt;i&gt;Salmonella&lt;/i&gt; Typhimurium from the USA.,"Chalka A, Dallman TJ, Vohra P, Stevens MP, Gally DL.",,2023,2023-10-01,Y,MED
Q1_protocol_broad,2026-09-05,40902606,PMC12648112,10.1016/j.xgen.2025.100983,Systematically investigating and identifying bacteriocins in the human gut microbiome.,"Zhang D, Zou Y, Shi Y, Zhang J, Liu J, Wu G, Zhang J, Gao Y, Chen M, Li YX.",,2025,2025-09-02,Y,MED
Q1_protocol_broad,2026-09-05,42506464,PMC13413759,10.3390/metabo16070513,Untargeted Metabolomics Reveals Distinct Metabolic Signatures of Lactic Acid Bacteria in Food Fermentation and the Same Pipeline Applied to Foodborne Pathogen Detection.,"Li H, Tao Y.",,2026,2026-07-22,Y,MED
Q1_protocol_broad,2026-09-05,39875869,PMC11773898,10.1186/s12879-025-10450-3,"Identification of patient demographic, clinical, and SARS-CoV-2 genomic factors associated with severe COVID-19 using supervised machine learning: a retrospective multicenter study.","Nirmalarajah K, Aftanas P, Barati S, Chien E, Crowl G, Faheem A, Farooqi L, Jamal AJ, Khan S, Kotwa JD, Li AX, Mozafarihashjin M, Nasir JA, Shigayeva A, Yim W, Yip L, Zhong XZ, Katz K, Kozak R, McArthur AG, Daneman N, Maguire F, McGeer AJ, Duvvuri VR, Mubareka S.",,2025,2025-01-28,Y,MED
Q1_protocol_broad,2026-09-05,37998782,PMC10668849,10.3390/antibiotics12111580,Current Uses and Future Perspectives of Genomic Technologies in Clinical Microbiology.,"Bianconi I, Aschbacher R, Pagani E.",,2023,2023-10-30,Y,MED
Q1_protocol_broad,2026-09-05,42327744,PMC13278992,10.3389/fimmu.2026.1845134,RNA modifications shape innate immunity and cellular adaptation during bacterial respiratory infection.,"Ivanova MM, Dimitrova PA, Leseva MN.",,2026,2026-06-05,Y,MED
Q1_protocol_broad,2026-09-05,38448842,PMC10916221,10.1186/s12864-024-10152-1,Iron-related gene mutations driving global Mycobacterium tuberculosis transmission revealed by whole-genome sequencing.,"Li Y, Li Y, Liu Y, Kong X, Tao N, Hou Y, Wang T, Han Q, Zhang Y, Long F, Li H.",,2024,2024-03-06,Y,MED
Q1_protocol_broad,2026-09-05,40377870,PMC12405046,10.1007/s12602-025-10573-8,Harnessing the Microbiome: CRISPR-Based Gene Editing and Antimicrobial Peptides in Combating Antibiotic Resistance and Cancer.,"Amen RA, Hassan YM, Essmat RA, Ahmed RH, Azab MM, Shehata NR, Elgazzar MM, El-Sayed WM.",,2025,2025-05-16,Y,MED
Q1_protocol_broad,2026-09-05,41143420,PMC12671120,10.1128/spectrum.03215-24,Analysis of gut microbiota in patients with AVS and identification of potential biomarkers: a cross-sectional study.,"Jiang F, Cai M, Peng Y, Li S, Xie Y, Pan Q, Lin J, Liang B, Chen L, Lin Y.",,2025,2025-10-27,Y,MED
Q1_protocol_broad,2026-09-05,42258707,PMC13291679,10.1073/pnas.2604454123,Host genetic regulation of rumen 6-hydroxymelatonin reduces methane emissions in dairy cattle.,"Zhang C, Liu Y, Wang G, Huang M, Zhang J, Li Z, Zhou L, Tang G, Wu S, Deng L, Yao J.",,2026,2026-06-08,Y,MED
Q1_protocol_broad,2026-09-05,41733245,PMC12981335,10.1093/femsre/fuag007,Exploring cooperation among social pathogens: a computational perspective.,"Ramirez-Mata AS, Browne C, Doster RS, Salemi M, Magalis BR.",,2026,2026-01-01,Y,MED
Q1_protocol_broad,2026-09-05,41459217,PMC12742467,10.3389/fmicb.2025.1706084,Integrative metagenomic and metabolomic profiling identifies gut microbial and metabolite signatures associated with lymph node metastasis in pancreatic cancer.,"Li P, Wang M, Zhang H, Gao X, Chen L, Chen H, Xu Q, Chen W, Liu W, Dai M.",,2025,2025-12-12,Y,MED
Q1_protocol_broad,2026-09-05,41301601,PMC12649708,10.3390/antibiotics14111106,"Enrichment of Antibiotic Resistance Genes on Plastic Waste in Aquatic Ecosystems, Aquatic Animals, and Fishery Products.","Rossi F, Santonicola S, Colavita G.",,2025,2025-11-02,Y,MED
Q1_protocol_broad,2026-09-05,42342250,PMC13323796,10.1093/molbev/msag139,seqLens: Optimizing Language Models for Genomic Predictions.,"Baghbanzadeh M, Mann BT, Crandall KA, Rahnavard A.",,2026,2026-07-01,Y,MED
Q1_protocol_broad,2026-09-05,39200087,PMC11351874,10.3390/antibiotics13080788,Artificial Intelligence-Driven Analysis of Antimicrobial-Resistant and Biofilm-Forming Pathogens on Biotic and Abiotic Surfaces.,"Mishra A, Tabassum N, Aggarwal A, Kim YM, Khan F.",,2024,2024-08-22,Y,MED
Q1_protocol_broad,2026-09-05,41932098,PMC13085069,10.1016/j.identj.2026.109546,Disrupted Salivary Fungal Community in Patients With Oral Lichen Planus.,"Zhang M, Xiong W, Shao R, Wang Z, Shen Z, Zhou Q, Du G.",,2026,2026-04-02,Y,MED
Q1_protocol_broad,2026-09-05,40927186,PMC12415020,10.3389/fmed.2025.1596579,"Advancing the fight against tuberculosis: integrating innovation and public health in diagnosis, treatment, vaccine development, and implementation science.","Elbehiry A, Marzouk E, Edrees HM, AlShaqi R, Ellethy AT, Alzaben F, Anagreyyah S, Algarni A, Almuhaydili K, Alotaibi I, Albaqami A, Alamri K, Ibrahem M, Almuzaini AM, Dhahri F, Abu-Okail A.",,2025,2025-08-25,Y,MED
Q1_protocol_broad,2026-09-05,39796227,PMC11719799,10.3390/ijms26010372,"Advances in Whole Genome Sequencing: Methods, Tools, and Applications in Population Genomics.","Lu Y, Li M, Gao Z, Ma H, Chong Y, Hong J, Wu J, Wu D, Xi D, Deng W.",,2025,2025-01-04,Y,MED
Q1_protocol_broad,2026-09-05,42050730,PMC13270737,10.1186/s13059-026-04089-9,LEMMIv2: benchmarking framework for metagenomic and 16S amplicon profilers with a catalogue of evaluated tools.,"Seppey M, Benavides A, Berkeley MR, Manni M, Zdobnov EM.",,2026,2026-04-28,Y,MED
Q1_protocol_broad,2026-09-05,42506235,PMC13412362,10.3390/jof12070473,Soil to Cytoplasm: The Mycorrhizal Phosphorus Express and Its Regulatory Steps.,"Ansari RA, Egamberdievich KE, Fayziyevich BX, Kurbonovich TM, Enverovna BL, Raximovna MT, Babakulovna RR.",,2026,2026-06-26,Y,MED
Q1_protocol_broad,2026-09-05,41018632,PMC12461407,10.1021/acsomega.5c05530,Molecular Paleontology Meets Drug Discovery: The Case for De-extinct Antimicrobials.,"Tenchov R, Zhou QA.",,2025,2025-09-10,Y,MED
Q1_protocol_broad,2026-09-05,37905924,PMC10714741,10.1128/spectrum.01703-23,Machine learning to predict ceftriaxone resistance using single nucleotide polymorphisms within a global database of &lt;i&gt;Neisseria gonorrhoeae&lt;/i&gt; genomes.,"Ha SM, Lin EY, Klausner JD, Adamson PC.",,2023,2023-10-31,Y,MED
Q1_protocol_broad,2026-09-05,39607996,PMC11638695,10.2196/62747,Eco-Evolutionary Drivers of Vibrio parahaemolyticus Sequence Type 3 Expansion: Retrospective Machine Learning Approach.,"Campbell AM, Hauton C, van Aerle R, Martinez-Urtaza J.",,2024,2024-11-28,Y,MED
Q1_protocol_broad,2026-09-05,42000760,PMC13249850,10.1038/s41598-026-46062-3,Harnessing Bacillus inaquosorum AGSP2 for enhancing ω-transaminase production through classical and AI-supported statistical design.,"Pandya S, Chhaya U, Gupte A.",,2026,2026-04-18,Y,MED
Q1_protocol_broad,2026-09-05,41331261,PMC12675498,10.1038/s41597-025-06319-4,A whole-genome sequencing dataset of nanopore raw signals for bacterial genotyping and methylation analysis.,"Dabernig-Heinz J, Galeone V, Sedaghatjoo S, Steinmetz I, Kohler C, Hölzer M, Wagner GE.",,2025,2025-12-02,Y,MED
Q1_protocol_broad,2026-09-05,41455696,PMC12847888,10.1038/s41467-025-67760-y,General variation in the Fusarium wilt rhizosphere microbiome.,"Su L, Feng H, Li H, Yang F, Yan X, Wang X, Li P, Wang K, Shu X, Liu Y, Shen Q, Yan Y, Zhang R.",,2025,2025-12-27,Y,MED
Q1_protocol_broad,2026-09-05,41940150,PMC12973409,10.1016/j.abiote.2025.100004,Advances and applications in sequencing-based pathogen surveillance.,"Luo H, Wang Y, Hou H, Yang J, Liu YX.",,2026,2025-10-21,Y,MED
Q1_protocol_broad,2026-09-05,40177478,PMC11961994,10.3389/fmicb.2025.1549260,"Bioinformatics combined with machine learning unravels differences among environmental, seafood, and clinical isolates of &lt;i&gt;Vibrio parahaemolyticus&lt;/i&gt;.","Feng S, Ramachandran P, Blaustein RA, Pradhan AK.",,2025,2025-03-19,Y,MED
Q1_protocol_broad,2026-09-05,42082522,PMC13346908,10.1038/s41522-026-00983-z,Sex-specific microbial and tryptophan signatures of depression implicate archaeal methanogens and indole-3-acetic acid only in women.,"Motger-Albertí A, Gallardo-Nuell L, Rosell-Díaz M, Stefoglo M, Pons J, Garre-Olmo J, Pérez-Brocal V, Moya A, Puig J, Ramos R, Mayneris-Perxachs J, Fernández-Real JM.",,2026,2026-05-04,Y,MED
Q1_protocol_broad,2026-09-05,39502415,PMC11534733,10.3389/fmicb.2024.1509192,Editorial: Conference Research Topic: 9th symposium on Antimicrobial Resistance in Animals and the Environment (ARAE 2023).,"Doublet B, Leclercq SO, Zygmunt MS, Cloeckaert A.",,2024,2024-10-22,Y,MED
Q1_protocol_broad,2026-09-05,41127841,PMC12538332,10.1021/envhealth.5c00040,Opportunities and Challenges of Multiomics for Discovery and Monitoring of Human Pathogens.,"Turner Z, Drabovich AP.",,2025,2025-07-09,Y,MED
Q1_protocol_broad,2026-09-05,41518477,PMC12790547,10.1007/s13659-025-00567-y,The role of bacteriophages and CRISPR-Cas in combating multidrug-resistant bacteria.,Ghazaei C.,,2026,2026-01-10,Y,MED
Q1_protocol_broad,2026-09-05,40522100,PMC12168492,10.1111/1751-7915.70184,Rapid Identification and Typing of Carbapenem-Resistant Klebsiella pneumoniae Using MALDI-TOF MS and Machine Learning.,"Ye Z, Zhu J, Liu Y, Lu J.",,2025,2025-06-01,Y,MED
Q1_protocol_broad,2026-09-05,,,10.1101/2025.10.02.679941,Rapidly and reproducibly building a comprehensive catalogue of resistance-associated variants for  <i>M. tuberculosis</i>,"Adlard D, Malone KM, Westhead J, Hunt M, Thai H, Colpus M, Turner RD, Omar SV, Eyre DW, Ismail N, Walker TM, Peto TE, Crook DW, Iqbal Z, Fowler PW.",,2025,2025-10-02,Y,PPR
Q1_protocol_broad,2026-09-05,40742319,PMC12344812,10.1080/17460913.2025.2536375,Resistance in gram-negative bacilli: the emergence of RND efflux pumps.,"Agreles MAA, de Moura ALP, Lima KFA, Aires CAM, de Almeida Campos LA, Cavalcanti IMF.",,2025,2025-07-31,N,MED
Q1_protocol_broad,2026-09-05,40831634,PMC12358432,10.3389/fmicb.2025.1653368,Lytic bacteriophage disrupts biofilm and inhibits growth of pan-drug-resistant &lt;i&gt;Listeria monocytogenes&lt;/i&gt; in dairy products.,"Abdullah EM, Elariny EYT, Abdelaziz R, Albalawi AS, Almutrafy AM, Zaki MSA, Abdel-Karim SA, Tartor YH.",,2025,2025-08-04,Y,MED
Q1_protocol_broad,2026-09-05,42453397,PMC13366306,10.1016/j.apsb.2026.01.039,Artificial intelligence in biologic drug discovery: A review of methodological evolution and therapeutic applications.,"Tang J, Gong D, Li H, Li S.",,2026,2026-02-12,Y,MED
Q1_protocol_broad,2026-09-05,42039802,PMC13102576,10.3389/fmicb.2026.1780132,Synthetic microbiomes in bioengineered rhizospheres: new frontiers for climate-resilient agriculture.,"Adhikary K, Selim S, Sarkar R, Ganguly K, Das J, Almuhayawi MS, Alruhaili MH, Gattan HS, Karak P.",,2026,2026-04-09,Y,MED
Q1_protocol_broad,2026-09-05,41917019,PMC13201604,10.1038/s41467-026-71195-4,Wastewater surveillance reveals patterns of antibiotic resistance across the United States.,"Kim S, Zulli A, Chan EMG, Duong D, Linfield RY, McCormack CEM, White BJ, Wolfe MK, Boehm AB, Pickering AJ.",,2026,2026-04-01,Y,MED
Q1_protocol_broad,2026-09-05,38694798,PMC11062410,10.3389/fmicb.2024.1361795,MSDeepAMR: antimicrobial resistance prediction based on deep neural networks and transfer learning.,"López-Cortés XA, Manríquez-Troncoso JM, Hernández-García R, Peralta D.",,2024,2024-04-17,Y,MED
Q1_protocol_broad,2026-09-05,42499654,PMC13395863,10.3389/fmicb.2026.1845498,Micro-food web complexity and stability drive differences in soil multifunctionality of subtropical karst plantations in southwest China.,"Kang Y, Li C, Shen L, Huang Y.",,2026,2026-07-10,Y,MED
Q1_protocol_broad,2026-09-05,41471909,PMC12735499,10.3390/microorganisms13122705,Shared Gut Microbial and Functional Signatures Linking Parkinson's Disease and Type 2 Diabetes Revealed by Function-Anchored Metagenomics.,"Cui Y, Wang S, Zhao W, Du Y, Wang L, Han B, Zhang M, Xu X, Wang S, Ma X, Xu X, Zhao Y, Liu S, Wang Y, Tuo H.",,2025,2025-11-27,Y,MED
Q1_protocol_broad,2026-09-05,41588461,PMC12853721,10.1186/s40168-025-02297-2,Plasmids as persistent genetic reservoirs of bacterial defense systems in wastewater treatment.,"Zheng H, Payne L, He W, Mestre MR, Yang L, Dechesne A, Pinilla-Redondo R, Nesme J, Sørensen SJ.",,2026,2026-01-26,Y,MED
Q1_protocol_broad,2026-09-05,41162426,PMC12572146,10.1038/s41538-025-00575-9,Comprehensive multi omics explore the microbial function in metabolic pathway flow during altered diet.,"Zhao Y, Yao S, Umar A, Huang J, Chen S, Yu Z.",,2025,2025-10-29,Y,MED
Q1_protocol_broad,2026-09-05,41727639,PMC12920244,10.3389/fonc.2026.1748954,Multi-omics comprehensive analysis identified KIF22 and KRAS as highly synthetic lethal pairs for triple-negative breast cancer.,"Miao S, Wang X, Gu Q, Bian C, Fan R, Ni Q, Wang Y, Zhuang Z.",,2026,2026-02-06,Y,MED
Q1_protocol_broad,2026-09-05,42513974,PMC13414172,10.3390/microorganisms14071468,Elevational Variation in Rhizosphere Bacterial Assembly and Fine-Scale Taxon Differentiation of &lt;i&gt;Carex enervis&lt;/i&gt; in Arid and Semi-Arid Alpine Meadows.,"Yang B, Zhou J, He X.",,2026,2026-07-03,Y,MED
Q1_protocol_broad,2026-09-05,41693862,PMC12894345,10.3389/fcimb.2025.1726935,Metagenomic and metatranscriptomic profiling of bronchoalveolar lavage fluid identifies microbial and host biomarkers of drug-resistant tuberculosis.,"Zhang H, Zhang L, Yang B, Gao C, Liu H, Zhang Y, Chen X.",,2025,2026-01-29,Y,MED
Q1_protocol_broad,2026-09-05,38962772,PMC11220129,10.3389/fpubh.2024.1410672,Applications and advances in molecular diagnostics: revolutionizing non-tuberculous mycobacteria species and subspecies identification.,"Zhang H, Tang M, Li D, Xu M, Ao Y, Lin L.",,2024,2024-06-19,Y,MED
Q1_protocol_broad,2026-09-05,42292668,PMC13261020,10.3389/fbinf.2026.1729982,Systematic analysis of bacterial lipopolysaccharide-related genes and immune cell infiltration characteristics in pediatric septic shock using integrated bioinformatics and machine learning approaches.,"Qiao J, Zou L, Zhao J, Cui C, Huang X, Fan Y.",,2026,2026-05-29,Y,MED
Q1_protocol_broad,2026-09-05,41440897,PMC12734493,10.3390/md23120463,"Marine Antimicrobial Peptides: Advances in Discovery, Multifunctional Mechanisms, and Therapeutic Translation Challenges.","Gao B, Yang N, Teng D, Hao Y, Wang J, Mao R.",,2025,2025-12-01,Y,MED
Q1_protocol_broad,2026-09-05,40099182,PMC11911478,10.3389/fmicb.2025.1515576,"Comparative genomic and antimicrobial resistance profiles of &lt;i&gt;Salmonella&lt;/i&gt; strains isolated from pork and human sources in Sichuan, China.","Zuo H, Yang Y, Su M, Huang W, Wang J, Lei G, Kong X, Chen P, Leng Y, Yuan Q, Zhao Y, Miao Y, Li M, Xu X, Lu S, Yang H, Tian L.",,2025,2025-03-03,Y,MED
Q1_protocol_broad,2026-09-05,42110882,PMC13155101,10.1093/ve/veag023,"Comprehensive hallmark gene sequence, genomic and structural analysis clarifies new and established taxa within the &lt;i&gt;Picornavirales&lt;/i&gt;.","Mayne R, Smith DB, Brown K, Chen YP, Firth AE, Katayama K, Knowles NJ, Simmonds P.",,2026,2026-04-20,Y,MED
Q1_protocol_broad,2026-09-05,41882811,PMC13137495,10.1186/s40168-026-02381-1,Phosphorus availability drives rhizosphere metabolite-microbial community interactions to modulate cucumber susceptibility to Fusarium wilt.,"Liu X, Yang S, Xie P, Niu G, Shen Q, Yuan J.",,2026,2026-03-25,Y,MED
Q1_protocol_broad,2026-09-05,42424228,PMC13353774,10.1080/19490976.2026.2698917,Human gut flagellome profiling using FlaPro reveals TLR5-related phenotype-specific alterations in IBD.,"Bogdanova AA, Borbón-García A, Ley RE, Tyakht AV.",,2026,2026-07-09,Y,MED
Q1_protocol_broad,2026-09-05,40186338,PMC11980492,10.1080/19490976.2025.2489074,Best practices for developing microbiome-based disease diagnostic classifiers through machine learning.,"Li P, Li M, Chen WH.",,2025,2025-04-04,Y,MED
Q1_protocol_broad,2026-09-05,41850069,PMC13010961,10.1016/j.psj.2026.106714,Multi-omics analysis identifies key microbial taxa and host genes controlling abdominal fat deposition in chickens.,"Wang Z, Yang X, Yang Y, Long X, Li S, Wang L.",,2026,2026-02-26,Y,MED
Q1_protocol_broad,2026-09-05,40521991,PMC12169106,10.1039/d5np00021a,Mass spectrometry-based metabolomics approaches to interrogate host-microbiome interactions in mammalian systems.,"Kulkarni AS, Carrara GMP, Jin J, Laro J, Peramuna T, McCall LI, Garg N.",,2026,2026-06-26,Y,MED
Q1_protocol_broad,2026-09-05,41872112,PMC13008826,10.1111/tpj.70820,Open data phylometabolomics reveals turnover-dominated chemical divergence and clade-specific physicochemical regimes across angiosperms.,"Carollo CA, Boaretto AG, Nocetti MC, Carollo ARH, Alves FM.",,2026,2026-03-01,Y,MED
Q1_protocol_broad,2026-09-05,41962865,PMC13185932,10.1016/j.jbc.2026.111435,An artificial intelligence optimized hepatic differentiation unveils NR5A2 and AP-1 transcriptional regulation in hepatic maturation.,"Huo Z, Tu J, Yang WL, Huang MF, Wang R, Chu CW, Xu A, Yu Y, Tavakol TN, Kizilbash M, Fisher ME, Huang YW, Zhu D, Phan TTT, Shoemaker R, Chen YW, Zhang Y, Huff CD, Chen SY, Liu TJ, Xiao H, Lee DF, Zhao R.",,2026,2026-04-08,Y,MED
Q1_protocol_broad,2026-09-05,42075741,PMC13118364,10.3390/pathogens15040414,Antimicrobial Consumption and Resistance Dynamics Across Healthcare Level: Global Evidence and Stewardship Implications.,"Raut N, Chaudhary AA, Patil H, Shidhaye S, Khobragade R, Umekar M, Ali MAM, Trivedi R.",,2026,2026-04-10,Y,MED
Q1_protocol_broad,2026-09-05,42418827,PMC13345371,10.1093/bib/bbag353,Investigating the anticancer activity of eravacycline in pancreatic cancer via target-based deep learning and experimental validation.,"Jabarin A, Shtar G, Feinshtein V, Mazuz E, Shapira B, Rokach L, Ben-Shabat S.",,2026,2026-07-01,Y,MED
Q1_protocol_broad,2026-09-05,41603677,PMC13170609,10.17305/bb.2026.13199,Advanced immunotherapy across diseases and the role of artificial intelligence: A review.,Sharma R.,,2026,2026-01-28,Y,MED
Q1_protocol_broad,2026-09-05,40872922,PMC12390179,10.3390/vaccines13080837,Microbiome-Immune Interaction and Harnessing for Next-Generation Vaccines Against Highly Pathogenic Avian Influenza in Poultry.,"Sang Y, Nahashon SN, Webby RJ.",,2025,2025-08-06,Y,MED
Q1_protocol_broad,2026-09-05,42278525,PMC13257336,10.3390/ijms27114999,Mechanisms Linking Recurrent Bacterial Urinary Tract Infections to Chronic Kidney Disease Progression.,"Caragea ME, Caragea DC, Assani MZ, Siloși I, Boldeanu MV, Radu L, Boldeanu L, Vere CC.",,2026,2026-05-31,Y,MED
Q1_protocol_broad,2026-09-05,41660616,PMC12876214,10.3389/fimmu.2025.1745580,"Gut mycobiota dysbiosis and an emergent state of ""co-dysbiosis"" are associated with IgE sensitization in children with comorbid allergic rhinitis and constipation.","Liu H, Liang L, Wang C, Luo R, Luo Q, Huang C.",,2025,2026-01-23,Y,MED
Q1_protocol_broad,2026-09-05,42232914,PMC13224340,10.3389/fmicb.2026.1786397,From microbial diversity to functional potential using dimensionality reduction.,"Chamberlain EJ, Boulton W, Connors E, Calianos T, Bowman JS, Creamean JM, Mock T, Kim HH.",,2026,2026-05-18,Y,MED
Q1_protocol_broad,2026-09-05,39165576,PMC11334354,10.3389/fmicb.2024.1449844,Artificial intelligence applications in the diagnosis and treatment of bacterial infections.,"Zhang X, Zhang D, Zhang X, Zhang X.",,2024,2024-08-06,Y,MED
Q1_protocol_broad,2026-09-05,39824879,PMC11742043,10.1038/s41540-025-00491-4,Classification of NSCLC subtypes using lung microbiome from resected tissue based on machine learning methods.,"Kashyap P, Raj KV, Sharma J, Dutt N, Yadav P.",,2025,2025-01-17,Y,MED
Q1_protocol_broad,2026-09-05,42115170,PMC13376358,10.1038/s41467-026-72514-5,Ecological factors and genetic features are associated with ecological generalism in pathogenic tick-borne viruses.,"Ni XB, Ye YT, Wang GP, Cheng YX, Wu YQ, Song Y, Zhang JJ, Zhao NQ, Li X, Chen DS, Xiong T, An TF, Chen ZY, Fang ZZ, Holmes EC, Cao WC, Jia N, Lam TT.",,2026,2026-05-11,Y,MED
Q1_protocol_broad,2026-09-05,41776219,PMC13066078,10.1038/s41598-026-41481-8,Genome-wide identification and functional characterisation of the EDS1 gene family reveals evolutionary conservation and stress-responsive regulatory roles in barley.,"Panahi B, Hamid R, Ghorbanzadeh Z, Jacob F.",,2026,2026-03-03,Y,MED
Q1_protocol_broad,2026-09-05,40762488,PMC12421976,10.1128/mbio.00564-25,Genomic epidemiology of &lt;i&gt;Histoplasma&lt;/i&gt; in Africa.,"Mapengo RE, Maphanga TG, Jofre GI, Rader JA, Turissini DA, Birkhead M, Kwabia SA, Sepúlveda VE, Buitrago MJ, Teixeira MdM, Barker BM, Alanio A, Sturny-Leclère A, Garcia-Hermoso D, Govender NP, Matute DR.",,2025,2025-08-05,Y,MED
Q1_protocol_broad,2026-09-05,40371349,PMC12075946,10.3389/fphar.2025.1591696,Advancing precision oncology with AI-powered genomic analysis.,Srivastava R.,,2025,2025-04-30,Y,MED
Q1_protocol_broad,2026-09-05,42434259,PMC13350358,10.21037/jgo-2025-1-1085,Mining and experimental validation of machine learning-based immune-related diagnostic biomarkers for hepatocellular carcinoma.,"Li W, Jiang H, Duan J, He J, Zhao L, Zhong G, Fan C.",,2026,2026-04-30,Y,MED
Q1_protocol_broad,2026-09-05,42207134,PMC13227325,10.1590/1678-4685-gmb-2025-0241,The hologenome concept and its implications for animal breeding in the multi-omics Era.,"Cardoso TF, Regitano LCA.",,2026,2026-05-25,Y,MED
Q1_protocol_broad,2026-09-05,,,10.21203/rs.3.rs-9398278/v1,Why Standard LP-Based Flux Balance Analysis Cannot Detect Synergy for Essential Gene Pairs in ESKAPE Pathogens: A Systematic Evaluation and Proof-of-Concept Feature-Based ML Alternative,Byeongsoo.,,2026,2026-04-20,N,PPR
Q1_protocol_broad,2026-09-05,42252802,PMC13243887,10.1002/jcsm.70324,Lowered Abundance of Gut Bacteriophage Species Is Associated With Human Cancer Cachexia.,"Stang A, Illig T, Hiller K, Weilert H, Schmidt R, Gronauer R, Seifert M.",,2026,2026-01-01,Y,MED
Q1_protocol_broad,2026-09-05,42242226,PMC13366695,10.1016/j.cell.2026.05.014,Single-cell mapping of regulatory DNA-protein interactions.,"Chi WY, Yoon SH, Goksel E, Mekerishvili L, Pelt J, Lin Y, Prieto T, Zinno J, Ganesan S, Potenski C, Izzo F, Landau DA, Raimondi I.",,2026,2026-06-04,Y,MED
Q1_protocol_broad,2026-09-05,41877900,PMC13007702,10.2147/idr.s568121,"A Comprehensive Review of Genetic Mechanisms of &lt;i&gt;Mycobacterium tuberculosis&lt;/i&gt; Resistance to Injectable Agents, Second-Line Drugs, and Novel Therapeutics.",Roshdi Maleki M.,,2026,2026-01-30,Y,MED
Q1_protocol_broad,2026-09-05,40552708,PMC12402757,10.1111/jipb.13953,Gaining insights into epigenetic memories through artificial intelligence and omics science in plants.,"Dobránszki J, Vassileva V, Agius DR, Moschou PN, Gallusci P, Berger MMJ, Farkas D, Basso MF, Martinelli F.",,2025,2025-06-24,Y,MED
Q1_protocol_broad,2026-09-05,42440499,PMC13333465,10.3389/fimmu.2026.1817311,Distinct mucosa-associated microbiota signatures and dysbiosis in Peutz-Jeghers syndrome polyps versus paired normal mucosa.,"Tang S, Wang L, Fan CX, Han ZY, Zhang L, Li BR, Ning SB.",,2026,2026-06-22,Y,MED
Q1_protocol_broad,2026-09-05,41704570,PMC12908700,10.20411/pai.v11i1.942,"2025 Conference on Bacteriophages: Biology, Dynamics, and Therapeutics.","Elshazly A, Russell DA, Hatfull GF, Schooley RT, Bollyky PL, Pourtois JD, Freeman KG.",,2026,2026-02-09,Y,MED
Q1_protocol_broad,2026-09-05,42444572,PMC13366452,10.1111/wrr.70187,"Machine Learning for Wound Management: A Structured Narrative Review of Applications, Challenges, and Prospects.","Das IJ, Debata J, Bhatta K, Panda S, Samal HB.",,2026,2026-07-01,N,MED
Q1_protocol_broad,2026-09-05,42523840,PMC13408031,10.3389/fbinf.2026.1796770,"From diversity to function: microbiome-mediated plant growth promotion, secondary metabolism, and antimicrobial resistance in &lt;i&gt;Rauwolfia serpentina&lt;/i&gt;.","Bankar VR, Chapadgaonkar SS, Bhattacharyya K, K P.",,2026,2026-07-14,Y,MED
Q1_protocol_broad,2026-09-05,39562586,PMC11577001,10.1038/s41467-024-54459-9,Evidence of horizontal gene transfer and environmental selection impacting antibiotic resistance evolution in soil-dwelling Listeria.,"Goh YX, Anupoju SMB, Nguyen A, Zhang H, Ponder M, Krometis LA, Pruden A, Liao J.",,2024,2024-11-19,Y,MED
Q1_protocol_broad,2026-09-05,40647086,PMC12249262,10.3390/foods14132334,In Silico and In Vitro Characterization of &lt;i&gt;Bacillus velezensis&lt;/i&gt; P45: Screening for a Novel Probiotic Candidate.,"da Rosa CE, Pinilla CMB, Toss LD, Brandelli A.",,2025,2025-06-30,Y,MED
Q1_protocol_broad,2026-09-05,42497229,PMC13432152,10.1371/journal.ppat.1014457,Selection profiles in RNA viruses reflect the characteristics of viruses more than individual proteins.,"Muñoz-Baena L, Castelán-Sánchez HG, Bagherichimeh S, Magbor P, Rojas-Vargas J, Khan A, Olabode AS, Poon AFY.",,2026,2026-07-24,Y,MED
Q1_protocol_broad,2026-09-05,41372281,PMC12780053,10.1038/s41598-025-30284-y,Fast graph convolutional models incorporating matrix factorization for predicting microbe-disease associations.,"Wu Q, Tang S.",,2025,2025-12-10,Y,MED
Q1_protocol_broad,2026-09-05,41785052,PMC12962063,10.1093/bib/bbag017,MDPD reveals specific microbial signatures in human pulmonary diseases.,"Roy P, Roy D, Bhattacharjee S, Ghosh A, Saha S.",,2026,2026-03-01,Y,MED
Q1_protocol_broad,2026-09-05,39596878,PMC11592186,10.3390/biology13110923,"Advancements in Multiple Myeloma Research: High-Throughput Sequencing Technologies, Omics, and the Role of Artificial Intelligence.","Gutiérrez-González A, Del Hierro I, Cariaga-Martínez AE.",,2024,2024-11-13,Y,MED
Q1_protocol_broad,2026-09-05,41914742,PMC13141963,10.1128/spectrum.03230-25,"ΔCt-informed, calibrated logistic regression accurately attributes &lt;i&gt;mecA&lt;/i&gt; in &lt;i&gt;Staphylococcus aureus&lt;/i&gt;-positive wound specimens.","Dehghani M, Norouzi H, Dehghan S, Lee KH, Martin HL.",,2026,2026-03-31,Y,MED
Q1_protocol_broad,2026-09-05,42074938,PMC13117179,10.3390/jcm15083138,Early Sepsis Diagnosis as a Global Imperative: The Role of Raman Spectroscopy.,"Piccioni A, Spagnuolo F, Sebastiani M, Valentini A, Pezzotti G, Candelli M, Covino M, De Spirito M, Gasbarrini A, Franceschi F.",,2026,2026-04-20,Y,MED
Q1_protocol_broad,2026-09-05,39245152,PMC7617841,10.1016/j.jinf.2024.106265,Machine learning to attribute the source of Campylobacter infections in the United States: A retrospective analysis of national surveillance data.,"Pascoe B, Futcher G, Pensar J, Bayliss SC, Mourkas E, Calland JK, Hitchings MD, Joseph LA, Lane CG, Greenlee T, Arning N, Wilson DJ, Jolley KA, Corander J, Maiden MCJ, Parker CT, Cooper KK, Rose EB, Hiett K, Bruce BB, Sheppard SK.",,2024,2024-09-07,Y,MED
Q1_protocol_broad,2026-09-05,41501121,PMC12873434,10.1038/s41598-025-34769-8,Machine learning guided Box-Behnken design optimized green synthesis of carbon nitride nanoparticles with antioxidant activity and low SH-SY5Y cytotoxicity.,"Dutta S, Prabha M, Kiran RRS, Ashoka H.",,2026,2026-01-07,Y,MED
Q1_protocol_broad,2026-09-05,40864787,PMC12384234,10.3390/cimb47080633,Genome-Wide Identification and Expression Analysis of the GH19 Chitinase Gene Family in Sea Island Cotton.,"Ma J, Long Y, Fu J, Shen N, Wang L, Wu S, Li J, Chen Q, Zu Q, Deng X.",,2025,2025-08-07,Y,MED
Q1_protocol_broad,2026-09-05,42123672,PMC13164085,10.3390/ijms27094094,A Review and Experimental Analysis of Supervised Learning Systems and Methods for Protein-Protein Interaction Detection.,Taha K.,,2026,2026-05-02,Y,MED
Q1_protocol_broad,2026-09-05,40142492,PMC11944651,10.3390/microorganisms13030599,Engineering Useful Microbial Species for Pharmaceutical Applications.,"Sadanov AK, Baimakhanova BB, Orasymbet SE, Ratnikova IA, Turlybaeva ZZ, Baimakhanova GB, Amitova AA, Omirbekova AA, Aitkaliyeva GS, Kossalbayev BD, Belkozhayev AM.",,2025,2025-03-05,Y,MED
Q1_protocol_broad,2026-09-05,42417728,PMC13377647,10.1093/femsec/fiag072,Environmental variation structures northern peatland soil microbiome composition and function in a reindeer herding area exclosure experiment.,"Välikangas T, Fritze H, Pitkänen JM, Peltoniemi K, Järvi-Laturi E, Christensen TR, Väisänen M, Lämsä J, Paavola R, Hultman J.",,2026,2026-07-01,Y,MED
Q1_protocol_broad,2026-09-05,41977127,PMC13073710,10.3390/ijms27072938,Beyond Resistance Genes: Silencing Susceptibility.,"Silva A, Fernando WGD.",,2026,2026-03-24,Y,MED
Q1_protocol_broad,2026-09-05,42220710,PMC13217519,10.7759/cureus.107864,Biochemical and Biotechnological Approaches to Disease Diagnosis and Therapeutics: A Comprehensive Review.,"Kadwe P, Jena L, Jena D, Wakde Y, Pawar SK, Biswas D.",,2026,2026-04-28,Y,MED
Q1_protocol_broad,2026-09-05,40783766,PMC12335041,10.1186/s13195-025-01820-9,"Distinct gut microbiota profiles and network properties in older Korean individuals with subjective cognitive decline, mild cognitive impairment, and Alzheimer's disease.","Son SJ, Wu X, Roh HW, Cho YH, Hong S, Nam YJ, Hong CH, Park S.",,2025,2025-08-09,Y,MED
Q1_protocol_broad,2026-09-05,41745104,PMC12939407,10.3390/diseases14020066,Detection for New Biomarkers of Tuberculosis Infection Activity Using Machine Learning Methods.,"Starshinova AA, Sabirova A, Koroteeva O, Kudryavtsev I, Rubinstein A, Aquino A, Trulioff AS, Belyaeva E, Kulpina A, Sharipov RA, Tukfatullin RK, Nikolenko NY, Mikhalev A, Savchenko AA, Borisov A, Kudlay D.",,2026,2026-02-11,Y,MED
Q1_protocol_broad,2026-09-05,39461939,PMC11513995,10.1038/s41522-024-00583-9,DGCNN approach links metagenome-derived taxon and functional information providing insight into global soil organic carbon.,"Gardiner LJ, Marshall M, Reusch K, Dearden C, Birmingham M, Carrieri AP, Pyzer-Knapp EO, Krishna R, Neal AL.",,2024,2024-10-26,Y,MED
Q1_protocol_broad,2026-09-05,42447171,PMC13387615,10.1371/journal.pgen.1012237,High-resolution global recombination mapping in C. elegans reveals sexual dimorphisms shaped by meiotic chromosomal features and structures.,"Bush ZD, Conery JS, Wilson HR, Naftaly AFS, Dinwiddie D, Hillers KJ, Libuda DE.",,2026,2026-07-14,Y,MED
Q1_protocol_broad,2026-09-05,40246993,PMC12006392,10.1038/s42003-025-07678-9,De novo virulence feature discovery and risk assessment in Klebsiella pneumoniae based on microbial genome vectorization.,"Beck KL, Agarwal A, Laufer Halpin A, McDonald LC, McKay SL, Kent AG, Kaufman JH, Mukherjee V, Elkins CA, Seabolt E.",,2025,2025-04-17,Y,MED
Q1_protocol_broad,2026-09-05,39440949,PMC11577768,10.1128/aem.01257-24,Convergent reductive evolution in bee-associated lactic acid bacteria.,"Pontes A, Harrison M-C, Rokas A, Gonçalves C.",,2024,2024-10-23,Y,MED
Q1_protocol_broad,2026-09-05,42461752,PMC13375240,10.1099/mgen.0.001766,Analysis of the genomes of a male-killing &lt;i&gt;Spiroplasma&lt;/i&gt; and its co-infecting &lt;i&gt;Rickettsia&lt;/i&gt; reveals a case of concerted genome expansion.,"Hornett EA, Hayashi M, Nagamine K, Paterson S, Kageyama D, Hurst GDD.",,2026,2026-07-01,Y,MED
Q1_protocol_broad,2026-09-05,41310662,PMC13088588,10.1186/s12967-025-07483-2,Association of multi-site microbial features with malignancy risk in pulmonary ground-glass nodules and identification of predictive biomarkers: a prospective multicenter cohort study.,"Huang C, He J, Fu X, Zhong Y, Jiang Y, Yang A, Lai H, Wang Q, Tan S, Li X, Jiang Y, Qu Y, Zhuang X, Xiao P, Ren Y, Zheng C, You F, Ma Q.",,2025,2025-11-28,Y,MED
Q1_protocol_broad,2026-09-05,41976544,PMC13072714,10.3390/foods15071250,Advances of Digital Detection for Foodborne Pathogens.,"He R, Hua D, Wu W, Shi M, Huang X, Xia X, Deng R.",,2026,2026-04-06,Y,MED
Q1_protocol_broad,2026-09-05,41295139,PMC12653317,10.3390/jof11110758,"Artificial Intelligence in Edible Mushroom Cultivation, Breeding, and Classification: A Comprehensive Review.","Jacob MS, Xu A, Qian K, Qi Z, Li X, Zhang B.",,2025,2025-10-22,Y,MED
Q1_protocol_broad,2026-09-05,40063348,PMC11892104,10.1093/bib/bbaf084,VITALdb: to select the best viroinformatics tools for a desired virus or application.,"Koul M, Kaushik S, Singh K, Sharma D.",,2025,2025-03-01,Y,MED
Q1_protocol_broad,2026-09-05,41716396,PMC12913383,10.3389/fimmu.2026.1614025,Comprehensive analysis of molecular immunological characteristics and potential biomarkers in brucellosis.,"Wang R, He J, Li X, Shi Y, Duan H, Ding H.",,2026,2026-02-04,Y,MED
Q1_protocol_broad,2026-09-05,42415599,PMC13353453,10.1080/07853890.2026.2698284,Integrative profiling of oral fungal communities across &lt;i&gt;Mycobacterium Tuberculosis&lt;/i&gt; burden groups in Xpert-positive patients.,"Wang Y, Li R, Tang Z, Ma Z, Dong X, Shu W, Cui J, Wei M, Liu Z, Shen D, Li L, Pang Y.",,2026,2026-07-08,Y,MED
Q1_protocol_broad,2026-09-05,42015270,PMC13137655,10.1186/s12967-026-08136-8,"Early prediction of gestational diabetes mellitus with clinical characteristics, cell-free DNA and genetic variants.","Chen S, Wang L, Zhu Q, Wang F, Tang C, Zhang B, Shi Y, Liu M, Liu C, Wang Y, Cao X, Cheng M, Peng M, Yuan Y, Kong L, Liang B, Shi Z, Huang H, Xu C, Wu Y.",,2026,2026-04-21,Y,MED
Q1_protocol_broad,2026-09-05,39120145,PMC11389379,10.1128/mbio.01360-24,"Holistic understanding of trimethoprim resistance in &lt;i&gt;Streptococcus pneumoniae&lt;/i&gt; using an integrative approach of genome-wide association study, resistance reconstruction, and machine learning.","Pham N-P, Gingras H, Godin C, Feng J, Groppi A, Nikolski M, Leprohon P, Ouellette M.",,2024,2024-08-09,Y,MED
Q1_protocol_broad,2026-09-05,40067818,PMC11957397,10.1371/journal.pcbi.1012858,TphPMF: A microbiome data imputation method using hierarchical Bayesian Probabilistic Matrix Factorization.,"Han X, Song K.",,2025,2025-03-11,Y,MED
Q1_protocol_broad,2026-09-05,38730317,PMC11088152,10.1186/s12859-024-05747-0,Machine learning based DNA melt curve profiling enables automated novel genotype detection.,"Boussina A, Langouche L, Obirieze AC, Sinha M, Mack H, Leineweber W, Aralar A, Pride DT, Coleman TP, Fraley SI.",,2024,2024-05-10,Y,MED
Q1_protocol_broad,2026-09-05,41770426,PMC12953908,10.1007/s13659-025-00589-6,Nature meets machine: the AI renaissance in natural product drug discovery.,"Muthuraj R, Chandrasekaran J.",,2026,2026-03-02,Y,MED
Q1_protocol_broad,2026-09-05,41883350,PMC13009746,10.1177/11769343261433786,Evolutionary Bioinformatics Expands its Breadth.,Caetano-Anollés G.,,2026,2026-03-23,N,MED
Q1_protocol_broad,2026-09-05,41065399,PMC12625746,10.1128/msystems.00972-25,High-throughput cytological profiling uncovers genotype-phenotype associations in &lt;i&gt;Mycobacterium tuberculosis&lt;/i&gt; clinical isolates.,"Liu Q, Liu YJ, Liu R, Culviner PH, Wang X, Wolf ID, Chen K, Chen Y, Xiao Y, Zhang G, Sun R, Wakabayashi S, Howard NC, Gan M, Rubin EJ, Fortune SM, Zhu J.",,2025,2025-10-09,Y,MED
Q1_protocol_broad,2026-09-05,42472093,PMC13380437,10.1016/j.isci.2026.116667,Cross-site oral and esophageal microbiome signatures define diagnostic patterns and reveal mechanistic drivers of ESCC.,"Kong JY, Qi YJ, Liu QW, Xu HJ, Wu DR, Jiao YL, Chen P, Gu BL, Liu YW, Wu H, Lamont RJ, Wang H, Gao SG.",,2026,2026-07-10,Y,MED
Q1_protocol_broad,2026-09-05,42082772,PMC13139594,10.1038/s44276-026-00229-7,Significance and challenges in dissecting cancer-bacteriome interactions.,"Alshareedah I, Brunner JD, Chain PSG, Kumar A.",,2026,2026-05-04,Y,MED
Q1_protocol_broad,2026-09-05,41248278,PMC12663951,10.1073/pnas.2514534122,Organic geochemical evidence for life in Archean rocks identified by pyrolysis-GC-MS and supervised machine learning.,"Wong ML, Prabhu A, Alexander CO, Cleaves HJ, Cody GD, Hystad G, Bermanec M, Bleeker W, Boyce CK, Corpolongo A, Czaja AD, Das S, Gaines RR, Gregory DD, Jaszczak JA, Javaux EJ, Jodder J, Knoll AH, Van Kranendonk M, Maloney KM, Noffke N, Rainbird R, Slaughter E, Stüeken EE, Summons RE, Westall F, Wiema",,2025,2025-11-17,Y,MED
Q1_protocol_broad,2026-09-05,42218379,PMC13435508,10.1186/s12864-026-13003-3,DeepCas12a: a hybrid deep learning framework for accurate AsCas12a efficiency prediction from sequence and epigenetic information.,"Shi Y, Yin J, Ning S, Yuan J, Yang D, Chuai G.",,2026,2026-05-30,Y,MED
Q1_protocol_broad,2026-09-05,40775740,PMC12412482,10.1002/advs.202507764,Protein Spatial Structure Meets Artificial Intelligence: Revolutionizing Drug Synergy-Antagonism in Precision Medicine.,"Lin A, Che C, Jiang A, Qi C, Glaviano A, Zhao Z, Zhang Z, Liu Z, Zhou Z, Cheng Q, Yuan S, Luo P.",,2025,2025-08-07,Y,MED
Q1_protocol_broad,2026-09-05,40440642,PMC12140502,10.2196/67859,Machine Learning and Deep Learning Techniques for Prediction and Diagnosis of Leptospirosis: Systematic Literature Review.,"Sawesi S, Jadhav A, Rashrash B.",,2025,2025-05-29,Y,MED
Q1_protocol_broad,2026-09-05,41898404,PMC13026494,10.3390/ijms27062540,Design and Testing of Root-Specific Synthetic Promoters by Machine Learning.,"Lu C, Song Y, Zhang D.",,2026,2026-03-10,Y,MED
Q1_protocol_broad,2026-09-05,42352465,PMC13296784,10.3390/cancers18121931,Cervicovaginal Microbiota and Biogenic Amine Metabolic Shifts in HPV-Associated Cervical Disease.,"Meléndez-Vázquez NM, Chorna N, Noecker C, Cortes-Nazario AP, Romaguera J, Godoy-Vitorino F.",,2026,2026-06-13,Y,MED
Q1_protocol_broad,2026-09-05,41752610,PMC12940664,10.3390/insects17020207,Exploring the Structure-Activity Relationships and Molecular Mechanisms of Black Soldier Fly-Derived Antimicrobial Peptides with AI Insights.,"Tariq MR, Wang H, Liu S, Armenia I, Tettamanti G, Korai SK, Lin H, Zheng C, Liang Y, Qin J, Liu Y, Qasim M, Ismail MA, Wang F.",,2026,2026-02-15,Y,MED
Q1_protocol_broad,2026-09-05,41993738,PMC13079313,10.3389/fpls.2026.1802004,Complex interactions among soil physicochemical interactions and microbial community associations with potato common scab severity.,"Gyeryeong B, Jeom-Soon K, Jeong-Tae L, Yang-Min K.",,2026,2026-04-01,Y,MED
Q1_protocol_broad,2026-09-05,41390654,PMC12817542,10.1186/s12967-025-07513-z,Metagenomic analyses reveal E. coli-derived siderophores as potential signatures for breast cancer.,"Manzoor H, Jabeen I, Saeed MT, Kayani MUR, Huang L.",,2025,2025-12-13,Y,MED
Q1_protocol_broad,2026-09-05,40438350,PMC12118462,10.1093/nsr/nwaf128,Unveiling horizontal gene transfer in the gut microbiome: bioinformatic strategies and challenges in metagenomics analysis.,"Peng H, Fu J.",,2025,2025-04-01,Y,MED
Q1_protocol_broad,2026-09-05,42234710,PMC13232823,10.1371/journal.pone.0349393,ViralMultiNet: A structure-aware multimodal framework for viral protein function prediction in wastewater surveillance.,"Liu F, Lai T, Xu W, Li G.",,2026,2026-06-03,Y,MED
Q1_protocol_broad,2026-09-05,41508287,PMC13140063,10.1111/jipb.70111,Plastid and nuclear phylogenomics of Cyphostemma (Vitaceae) provide new insights into genome size evolution across sub-Saharan Africa.,"Ranaivoson RM, Rabarijaona RN, Yu JR, You YC, Barrett RL, Zhou J, Liu B, Omollo WO, Du CY, Zhang DM, Rakotoarinivo M, Cheng J, Li CB, Dong Y, Leitch IJ, Antonelli A, Wen J, Chen ZD, Lu LM.",,2026,2026-01-08,Y,MED
Q1_protocol_broad,2026-09-05,41702898,PMC13021938,10.1038/s41467-026-68872-9,Characterising processing conditions that artifactually bias human brain tissue transcriptomes.,"Yaqubi M, Thomas M, Talbot-Martin J, Mohammadnia A, Allot A, Groh AMR, Fancy N, Papageorgopoulou M, Zhang X, McGarry A, Matthews PM, Petrecca K, Jackson JS, Stratton JA.",,2026,2026-02-17,Y,MED
Q1_protocol_broad,2026-09-05,40683886,PMC12276246,10.1038/s41522-025-00777-9,The engineering of TBBPA-degrading synthetic microbiomes with integrated strategies.,"Wu T, Guo SZ, Zhang Y, Zhao XZ, Ran CG, Liu FL, Wang RH, Li DF, Zhu HZ, Jiang CY, Shen XH, Liu SJ.",,2025,2025-07-19,Y,MED
Q1_protocol_broad,2026-09-05,40442841,PMC12123773,10.1186/s42234-025-00173-w,Revolutionizing breast cancer immunotherapy by integrating AI and nanotechnology approaches: review of current applications and future directions.,"Bendani H, Boumajdi N, Belyamani L, Ibrahimi A.",,2025,2025-05-30,Y,MED
Q1_protocol_broad,2026-09-05,40251515,PMC12007369,10.1186/s12864-025-11554-5,Alignment-free viral sequence classification at scale.,"van Zyl DJ, Dunaiski M, Tegally H, Baxter C, de Oliveira T, Xavier JS, INFORM Africa research study group.",,2025,2025-04-18,Y,MED
Q1_protocol_broad,2026-09-05,41227503,PMC12607672,10.3390/ani15213173,Spatial Modularity of Innate Immune Networks Across Bactrian Camel Tissues.,"Guo L, Liu B, Chang C, Ma F, Zhou L, Zhang W.",,2025,2025-10-31,Y,MED
Q1_protocol_broad,2026-09-05,40592976,PMC12219074,10.1038/s41598-025-03275-2,Language models learn to represent antigenic properties of human influenza A(H3) virus.,"Durazzi F, Koopmans MPG, Fouchier RAM, Remondini D.",,2025,2025-07-01,Y,MED
Q1_protocol_broad,2026-09-05,38747369,PMC11094783,10.1002/pro.5015,ProkDBP: Toward more precise identification of prokaryotic DNA binding proteins.,"Pradhan UK, Meher PK, Naha S, Das R, Gupta A, Parsad R.",,2024,2024-06-01,N,MED
Q1_protocol_broad,2026-09-05,41715166,PMC13019907,10.1186/s40168-026-02347-3,Cross-kingdom genomic variation in chicken gut microbiomes: insights from China's diverse local breeds.,"Zhang J, Xu L, Ge X, Zi X, Chen S, Liu C, Wang K, Zhou J, Dou T, Wong JWC, Lin Q, Kang X, Cao Z.",,2026,2026-02-19,Y,MED
Q1_protocol_broad,2026-09-05,42534622,PMC13421420,10.3389/fphar.2026.1864683,Sepsis reporting signals associated with endothelin receptor antagonists and IFITM3-Centered interferon-responsive monocyte features: a pharmacovigilance and transcriptomic study.,"Cheng Z, Li J, Liu F.",,2026,2026-07-16,Y,MED
Q1_protocol_broad,2026-09-05,41902375,PMC13089410,10.1093/plcell/koag087,Functional insights into dispensable genes using genome-wide loss-of-function burden tests in Arabidopsis.,"Zhao K, Lensink M, Monroe JG.",,2026,2026-04-01,Y,MED
Q1_protocol_broad,2026-09-05,38182559,PMC10770378,10.1038/s41467-023-44272-1,Convergence of resistance and evolutionary responses in Escherichia coli and Salmonella enterica co-inhabiting chicken farms in China.,"Baker M, Zhang X, Maciel-Guerra A, Babaarslan K, Dong Y, Wang W, Hu Y, Renney D, Liu L, Li H, Hossain M, Heeb S, Tong Z, Pearcy N, Zhang M, Geng Y, Zhao L, Hao Z, Senin N, Chen J, Peng Z, Li F, Dottorini T.",,2024,2024-01-05,Y,MED
Q1_protocol_broad,2026-09-05,42059606,PMC13228000,10.1128/spectrum.02485-25,Gut microbiota composition and tumor immune features in meningioma patients.,"Yin K, Ma S, Yang J, Feng M, Zuo Y, Wang F.",,2026,2026-04-30,Y,MED
Q1_protocol_broad,2026-09-05,42474033,PMC13383158,10.1002/advs.76698,Reimagining Lignin Valorization: Synthetic Biology-Enabled Sustainable Aromatic Carbon Biomanufacturing.,"Li N, Zhangyang JJ, Li BZ, Liu ZH, Yuan YJ.",,2026,2026-07-20,Y,MED
Q1_protocol_broad,2026-09-05,40432231,PMC12222927,10.1111/nph.70211,PlantLncBoost: key features for plant lncRNA identification and significant improvement in accuracy and generalization.,"Tian XC, Nie S, Domingues D, Rossi Paschoal A, Jiang LB, Mao JF.",,2025,2025-05-27,Y,MED
Q1_protocol_broad,2026-09-05,41017815,PMC12476096,10.1016/j.omtn.2025.102691,Advancing CRISPR with deep learning: A comprehensive review of models and databases.,"Alipanahi R, Safari L, Khanteymoori A.",,2025,2025-08-20,Y,MED
Q1_protocol_broad,2026-09-05,42463282,PMC13384136,10.1136/jitc-2026-015822,Diverse origin and nature of tumor-infiltrating lymphocytes: the infection hypothesis.,"Gomez-Manzano C, Shin DH, Alvarez-Breckenridge C, Gillard AG, Morad G, Puduvalli VK, Alonso MM, Lang FF, Fueyo J.",,2026,2026-07-16,Y,MED
Q1_protocol_broad,2026-09-05,39794474,PMC11790488,10.1038/s41564-024-01912-6,Ecological dynamics of Enterobacteriaceae in the human gut microbiome across global populations.,"Yin Q, da Silva AC, Zorrilla F, Almeida AS, Patil KR, Almeida A.",,2025,2025-01-10,Y,MED
Q1_protocol_broad,2026-09-05,37736708,PMC10515079,10.1186/s12864-023-09667-w,Harmonization of supervised machine learning practices for efficient source attribution of Listeria monocytogenes based on genomic data.,"Castelli P, De Ruvo A, Bucciacchio A, D'Alterio N, Cammà C, Di Pasquale A, Radomski N.",,2023,2023-09-22,Y,MED
Q1_protocol_broad,2026-09-05,42079638,PMC13130655,10.3389/fimmu.2026.1731931,Dynamic changes in gut microbiota and metabolites in advanced lung cancer patients with immune-related adverse events.,"Han X, Zang D, Lin M, Yin Y, Liu D, Sun Q, Chen J.",,2026,2026-04-16,Y,MED
Q1_protocol_broad,2026-09-05,41994290,PMC13079670,10.3389/fmicb.2026.1758111,Gut and skin microbial dysbiosis correlate with systemic inflammation and pruritus in immunological non-responders.,"Li J, Xu L, Ding X, Qiu N, Yue J.",,2026,2026-04-01,Y,MED
Q1_protocol_broad,2026-09-05,41654842,PMC12977624,10.1186/s13059-026-03966-7,PlasRAG: comprehensive plasmid characterization and retrieval through sequence-text alignment.,"Ji Y, Guan J, Liao H, Shang J, Sun Y.",,2026,2026-02-07,Y,MED
Q1_protocol_broad,2026-09-05,42466130,PMC13374637,10.3389/fmicb.2026.1876810,Multi-omics and synthetic microbial ecology for engineering climate-resilient phytobiomes in cold-arid agroecosystems: current advances and future perspectives.,"Kumar V, Ahmad F, Rai A, Kushwaha A, Parmar K, Singh R, Tomar A, Kumar C.",,2026,2026-07-02,Y,MED
Q1_protocol_broad,2026-09-05,42193766,PMC13203340,10.3390/ani16101472,Metagenomic and Metabolomic Analysis of Intestinal Excrement Differences Between Natural Hatching and Artificial Peeling out of the Shell in &lt;i&gt;Nipponia nippon&lt;/i&gt;.,"Qiu G, Bai H, Shi J, Xue Y, Wang T, Qin S, Zhou X, He K.",,2026,2026-05-11,Y,MED
Q1_protocol_broad,2026-09-05,39873269,PMC11773361,10.1093/nar/gkaf020,Improving the generalization of protein expression models with mechanistic sequence information.,"Shen Y, Kudla G, Oyarzún DA.",,2025,2025-01-01,Y,MED
Q1_protocol_broad,2026-09-05,40290576,PMC12032627,10.1093/femsmc/xtaf004,Psychrotrophic Antarctic marine bacteria as potential reservoirs for novel antimicrobial genes.,"Hwengwere K, January GG, Howell KL, Peck LS, Upton M, Clark MS.",,2025,2025-04-15,Y,MED
Q1_protocol_broad,2026-09-05,41148539,PMC12569278,10.1007/s44154-025-00260-7,Plant-pathogen interactions: making the case for multi-omics analysis of complex pathosystems.,"Balotf S, Wilson R, Hemmati R, Eshaghi M, Wilson C, Mur LAJ.",,2025,2025-10-28,Y,MED
Q1_protocol_broad,2026-09-05,39475240,PMC11633189,10.1128/mbio.03059-24,High-throughput phenotype-to-genotype testing of meningococcal carriage and disease isolates detects genetic determinants of disease-relevant phenotypic traits.,"Farzand R, Kimani MW, Mourkas E, Jama A, Clark JL, De Ste Croix M, Monteith WM, Lucidarme J, Oldfield NJ, Turner DPJ, Borrow R, Martinez-Pomares L, Sheppard SK, Bayliss CD.",,2024,2024-10-30,Y,MED
Q1_protocol_broad,2026-09-05,42213652,PMC13221024,10.1371/journal.pone.0350014,What did the dove sing to Pope Gregory? Ancestral melody reconstruction in Gregorian chant using Bayesian phylogenetics.,"Ballen GA, Mühlová KH, Hajič J.",,2026,2026-05-29,Y,MED
Q1_protocol_broad,2026-09-05,42013851,PMC13198309,10.1016/j.xcrm.2026.102756,A 15-layer multi-omics analysis of gastric cancer ecotypes provides therapeutic insights.,"Wang Y, Olsen LK, Jiao F, Wang C, Jiang KX, Dou Y, Hu Y, Jiao L, Chen W, Elizarraras JM, Khare P, Yu N, Zhu H, Chen L, Lih TM, Eser PÖ, Martins Rodrigues F, Shi Z, Zhang C, Yu C, Heiman DI, Liao Y, Shafer PW, Choi S, Choi JM, Savage SR, Jaehnig EJ, Lei JT, Sun Y, Peng CW, Sun Z, Morenkov P, Zhang K,",,2026,2026-04-20,Y,MED
Q1_protocol_broad,2026-09-05,41356485,PMC12675188,10.3389/fmicb.2025.1699893,"Gut microbiota and colorectal cancer: mechanistic insights, diagnostic advances, and microbiome-based therapeutic strategies.","Bai B, Ma J, Xu W, Chen X, Chen X, Lv C, Su W, Li Y, Sun H, Zhang B, Xiang D, Li Z, Wu Y, Sun J, Yin M.",,2025,2025-11-20,Y,MED
Q1_protocol_broad,2026-09-05,38539119,PMC10976773,10.1186/s12866-024-03243-2,"Promiscuous, persistent and problematic: insights into current enterococcal genomics to guide therapeutic strategy.","Hourigan D, Stefanovic E, Hill C, Ross RP.",,2024,2024-03-28,Y,MED
Q1_protocol_broad,2026-09-05,42192664,PMC13203488,10.3390/antibiotics15050443,Monitoring the Burden of &lt;i&gt;Staphylococcus aureus&lt;/i&gt;: A Multi-Year Retrospective Study Using Routine Laboratory Data from a Slovak Hospital.,"Minich A, Sabaka P, Heger V, Kubička R, Mihalov P, Jurenka J, Soják Ľ, Pašková J, Slimáková Ľ, Chovanová RK, Kajsik M.",,2026,2026-04-29,Y,MED
Q1_protocol_broad,2026-09-05,42516269,PMC13402278,10.3389/fbinf.2026.1831383,&lt;i&gt;rbims&lt;/i&gt;: an R package for integrative functional profiling and pathway-level discrimination in metagenome-assembled genomes.,"López-Martínez KP, Hereira-Pacheco S, Hernández-Oaxaca D, López-Ruiz F, Vázquez-Rosas-Landa M.",,2026,2026-07-13,Y,MED
Q1_protocol_broad,2026-09-05,,,10.64898/2026.05.26.728020,Pangenomic decomposition reveals lineage-specific immune-evasion and virulence architectures in group A  <i>Streptococcus</i>,"Chauhan SM, Monk JM, Palsson BO, Nizet V.",,2026,2026-05-27,N,PPR
Q1_protocol_broad,2026-09-05,41356699,PMC12679845,10.1080/20002297.2025.2594842,Functional profiling of the oral microbiome reveals microbial and oncogenic signatures in never-smoking female patients with oral squamous cell carcinoma.,"Kim SM, Praveen Z, Kim YH, Ko JH, Choi YS, Park JY, Lee JH, Choi SW, Kim MK.",,2025,2025-12-04,Y,MED
Q1_protocol_broad,2026-09-05,42242207,PMC13426287,10.1016/j.chom.2026.05.008,Intracellular acidification by microbiota-derived valeric acid facilitates trans-kingdom ecology limiting Candida parapsilosis colonization.,"Yasuma-Mitobe K, Liao C, Németh T, Byrne K, Billips A, Faustino Ramos RJJ, Salinas CN, Chan E, Perissinoto M, Adami-Sampson S, Salman A, Sidebottom AM, Plitas G, Butler G, Cross JR, Pamer EG, Gácser A, Xavier JB, Hohl TM.",,2026,2026-06-04,N,MED
Q1_protocol_broad,2026-09-05,41986657,PMC13083862,10.1038/s44259-026-00194-8,Distinct infant resistome trajectories shaped by country income and geography revealed through global metagenomics reanalysis.,"Luchen CC, Piedade GJ, Chibuye M, Simuyandi M, Chisenga CC, Chilengi R, Bosomprah S, Schultsz C, Mende DR, Harris VC.",,2026,2026-04-15,Y,MED
Q1_protocol_broad,2026-09-05,40797356,PMC12341356,10.1186/s40246-025-00795-w,"Insights into the tripartite relationship between cervical cancer, human papillomavirus, and the vaginal microbiome: a mega-analysis.","Rashwan HH, Ali MH, Mostafa MM, Ramadan R, Mysara M.",,2025,2025-08-12,Y,MED
Q1_protocol_broad,2026-09-05,41196050,PMC12710354,10.1128/msystems.00954-25,Metagenome-assembled genomes reveal microbial signatures and metabolic pathways linked to coronary artery disease.,"Lee S, Raza S, Lee E-J, Chang Y, Ryu S, Kim H-L, Kang S-H, Kim H-N.",,2025,2025-11-06,Y,MED
Q1_protocol_broad,2026-09-05,42371949,PMC13340800,10.1371/journal.pntd.0014472,Spatiotemporal differentiation of Plasmodium vivax populations in the western Greater Mekong Subregion using a 22-SNP barcode.,"Wu Z, Zeng W, Brashear AM, Wu Y, Wang L, Soe MT, Aung PL, Sattabongkot J, Kyaw MP, Yang Z, Cao Y, Zheng L, Cui L, Zhao Y.",,2026,2026-06-29,Y,MED
Q1_protocol_broad,2026-09-05,40319305,PMC12049777,10.1186/s13099-025-00691-7,Transmission pathways of Campylobacter jejuni between humans and livestock in rural Ethiopia are highly complex and interdependent.,"Singh N, Thystrup CAN, Hassen BM, Bhandari M, Rajashekara G, Hald TM, Manary MJ, McKune SL, Hassen JY, Smith HL, Marshall JC, French NP, Havelaar AH, CAGED Research Team Members consisted of .",,2025,2025-05-03,Y,MED
Q1_protocol_broad,2026-09-05,,,10.1101/2025.10.12.681873,Inferring antibiotic resistance selection in the environment can be confounded by correlations between resistance genes and unrelated functional traits,"Uluseker C, Raguideau S, Quince C, Kreft J.",,2025,2025-10-12,Y,PPR
Q1_protocol_broad,2026-09-05,42010947,PMC13244313,10.20892/j.issn.2095-3941.2025.0686,Tumor-resident bacteria in gastrointestinal cancers: from regulatory mechanisms to clinical implications.,"Zhang Y, Tan B, Zhou Q, Xu L, Zhou L.",,2026,2026-04-01,Y,MED
Q1_protocol_broad,2026-09-05,41531344,PMC12978716,10.1097/mop.0000000000001545,Artificial intelligence in the diagnosis and prognosis of pediatric bacterial pneumonia: current advances and challenges.,"Ye Y, Zhou W.",,2026,2026-01-13,Y,MED
Q1_protocol_broad,2026-09-05,41373776,PMC12692444,10.3390/ijms262311623,Engineering of Synthetic Microbial Consortia for Sustainable Management of Wastewater and Polyethylene Terephthalate: A Comprehensive Review.,"Zhou Y, Zeeshan Ul Haq M.",,2025,2025-11-30,Y,MED
Q1_protocol_broad,2026-09-05,40125545,PMC11930343,10.1093/bioadv/vbaf050,Machine learning-based approach for identification of new resistance associated mutations from whole genome sequences of &lt;i&gt;Mycobacterium tuberculosis&lt;/i&gt;.,"Pal A, Mohanty D.",,2025,2025-03-11,Y,MED
Q1_protocol_broad,2026-09-05,39963498,PMC11830818,10.3389/fmicb.2025.1528865,New bitongling regulates gut microbiota to predict angiogenesis in rheumatoid arthritis via the gut-joint axis: a deep neural network approach.,"Guan Y, Zhao X, Lu Y, Zhang Y, Lu Y, Wang Y.",,2025,2025-02-03,Y,MED
Q1_protocol_broad,2026-09-05,41952983,PMC13053700,10.1016/j.isci.2026.115287,The oral cavity of chronically homeless adults is home for unusual extremophile environmental bacteria.,"Ruiz-Coronel A, Sandoval-Motta S, Meléndez-Sánchez D, Larios-Serrato V, Torres RC, Torres J.",,2026,2026-03-07,Y,MED
Q1_protocol_broad,2026-09-05,39920259,PMC11805985,10.1038/s41598-025-86638-z,Prediction of inhibitory peptides against E.coli with desired MIC value.,"Bajiya N, Kumar N, Raghava GPS.",,2025,2025-02-08,Y,MED
Q1_protocol_broad,2026-09-05,41882673,PMC13154500,10.1186/s12967-026-08013-4,Disentangling environmental and disease-specific signatures in the gut microbiome of psoriasis: discovery of Fimenecus sp. as a novel biomarker and characterization of the gut virome.,"Deng J, Qiu Q, Ye S, Yu J, Yao D, Deng H, Wang C, Han L, Deng Y, Chen Y, Liu Y, Liu C, Shang X, Fang X, Lu C.",,2026,2026-03-25,Y,MED
Q1_protocol_broad,2026-09-05,38189540,PMC10772945,10.1093/bib/bbad499,NanoDeep: a deep learning framework for nanopore adaptive sampling on microbial sequencing.,"Lin Y, Zhang Y, Sun H, Jiang H, Zhao X, Teng X, Lin J, Shu B, Sun H, Liao Y, Zhou J.",,2023,2023-11-01,Y,MED
Q1_protocol_broad,2026-09-05,41293713,PMC12641017,10.3389/fmed.2025.1715420,Advancing precision medicine in axial spondyloarthritis: insights from multi-omics approaches.,"Ni Y, Zhang Q, Wu X, Xu H, Qing Y.",,2025,2025-11-10,Y,MED
Q1_protocol_broad,2026-09-05,41310117,PMC12748881,10.1038/s41598-025-30213-z,Lactylation-related gene signatures define immune heterogeneity and provide diagnostic biomarkers for periodontitis.,"Zhu Y, Zhang X, Wei L, Bai Y, Wang T, Guo Y, Chen M, Jia S, Zhang X.",,2025,2025-11-27,Y,MED
Q1_protocol_broad,2026-09-05,41287621,PMC12640579,10.2147/ijwh.s556544,Extracellular Trap-Related Genes as Potential Diagnostic Biomarkers for Endometriosis.,"Fang YX, He YF, Wang BB, He J, Dong Y, Chen G, Zhou SG.",,2025,2025-11-19,Y,MED
Q1_protocol_broad,2026-09-05,40488087,PMC12138651,10.1021/acsomega.5c01011,Challenges and Opportunities: Interplay between Infectious Disease and Antimicrobial Resistance in Medical Device Surface Applications.,"Ortiz-Gómez V, Maldonado-Hernández R.",,2025,2025-05-20,Y,MED
Q1_protocol_broad,2026-09-05,42198518,PMC13210944,10.3390/toxics14050392,Dynamics of Attached Bacteria and Potentially Pathogenic Bacteria to Expanded Polystyrene Plastic Litter in Marine Field Experiments.,"Kim HJ, Jeong G, Kim KE, Kang JH, Yu OH, Shim WJ, Lee SH, Jang MC, Lee JH, Jung SW.",,2026,2026-05-02,Y,MED
Q1_protocol_broad,2026-09-05,42171373,PMC13288982,10.1128/msystems.00305-26,Metagenomic polymorphic toxin effector and immunity profiling predicts microbiome development and disease-related dysbiosis.,"Schroer HW, Beghini F, Raygoza Garay JA, Christakis NA, Bosch DE.",,2026,2026-05-22,Y,MED
Q1_protocol_broad,2026-09-05,41232506,PMC12648078,10.1016/j.xgen.2025.101064,The gut's hidden arsenal: A genomics-guided atlas of class II bacteriocins.,"Leng T, de la Fuente-Nunez C.",,2025,2025-11-01,Y,MED
Q1_protocol_broad,2026-09-05,42398069,PMC13331355,10.1093/bib/bbag349,EssTFNet: integration of adaptive time-frequency and DNA language models for interpretable human essential gene prediction.,"Ye DX, Yuan SS, Su W, Zhang HQ, Li R, Qi YC, Lin H, Dong N, Jin YT.",,2026,2026-07-01,Y,MED
Q1_protocol_broad,2026-09-05,42473046,PMC13381816,10.1111/imr.70143,Machine Learning for TCR Repertoire Epitope Annotation and Pattern Discovery.,"Vandoren R, Van Deuren V, Affaticati F, Gielis S, Laukens K, Meysman P.",,2026,2026-07-01,Y,MED
Q1_protocol_broad,2026-09-05,39364168,PMC11446778,10.3389/fmicb.2024.1443195,Insights on mining the pangenome of <i>Sphingobacterium thalpophilum</i> NMS02 S296 from the resistant banana cultivar <i>Pisang lilin</i> confirms the antifungal action against <i>Fusarium oxysporum</i> f. sp. <i>cubense</i>.,"Ajesh BR, Sariga R, Nakkeeran S, Renukadevi P, Saranya N, Alkahtani S.",,2024,2024-09-19,Y,MED
Q1_protocol_broad,2026-09-05,40868061,PMC12383397,10.3390/biomedicines13081806,Gut Microbiome Signatures in Multiple Sclerosis: A Case-Control Study with Machine Learning and Global Data Integration.,"Neklesova MV, Sogomonyan KS, Golovkin IA, Shirokiy NI, Vershinina SO, Tsvetikova SA, Korzhova JE, Zakharova MN, Gnedovskaya EV.",,2025,2025-07-23,Y,MED
Q1_protocol_broad,2026-09-05,41132496,PMC12540270,10.20517/evcna.2025.35,Harnessing artificial intelligence for engineering extracellular vesicles.,"Lu H, Zhang J, Shen T, Jiang W, Liu H, Su J.",,2025,2025-09-02,Y,MED
Q1_protocol_broad,2026-09-05,39420174,PMC11487050,10.1038/s41598-024-73999-0,Supervised machine learning of outbred mouse genotypes to predict hepatic immunological tolerance of individuals.,"Morita-Nakagawa M, Okamura K, Nakabayashi K, Inanaga Y, Shimizu S, Guo WZ, Fujino M, Li XK.",,2024,2024-10-17,Y,MED
Q1_protocol_broad,2026-09-05,42220506,PMC13216175,10.3389/fimmu.2026.1817391,Immunometabolic reprogramming and glycolysis-associated signatures in sepsis: insights from single-cell RNA sequencing and machine learning.,"Li T, Liu Y, Wang W, Li Q, Chen B.",,2026,2026-05-14,Y,MED
