query_id,search_date,pmid,pmcid,doi,title,authorString,journalTitle,pubYear,firstPublicationDate,isOpenAccess,source
Q3_amr_core,2026-09-05,42108632,PMC13158128,10.1093/bib/bbag219,"Computational paradigms for antimicrobial resistance prediction: integrating multi-omics, structural modeling, and foundation artificial intelligence systems.","Hossain E, Yousefi N.",,2026,2026-05-01,Y,MED
Q3_amr_core,2026-09-05,42485224,PMC13437014,10.1093/bioinformatics/btag545,ALPAR: automated learning pipeline for antimicrobial resistance.,"Yurtseven A, Joeres R, Kalinina OV.",,2026,2026-08-01,Y,MED
Q3_amr_core,2026-09-05,42196654,PMC13207280,10.3390/ijerph23050561,Integrating Phenotypic and Genomic Data with Machine Learning to Predict Antimicrobial Resistance and Identify Genetic Biomarkers in &lt;i&gt;E. coli&lt;/i&gt;.,"Adeyemi SH, Paudel R.",,2026,2026-04-27,Y,MED
Q3_amr_core,2026-09-05,42353723,PMC13295586,10.3390/antibiotics15060599,"Can Artificial Intelligence Transform Early Warning for Antimicrobial-Resistant Outbreak Clones? Approaches, Gaps, and Opportunities: A Scoping Review.","Tempesta AA, Chines E, Boscarelli L, Parisi MF, Marcoccia L, Capillo A, Mezzatesta ML, Ledda C, Chessari M, Cafiso V.",,2026,2026-06-12,Y,MED
Q3_amr_core,2026-09-05,,,10.21203/rs.3.rs-10478855/v2,Artificial Intelligence and Machine Learning Applications in Antimicrobial Resistance Research: A Systematic Review,Roy D.,,2026,2026-08-28,N,PPR
Q3_amr_core,2026-09-05,42487707,PMC13388253,10.3389/fmicb.2026.1882753,Genomic-island cassette architecture provides interpretable signal for exploratory classification of poultry-associated &lt;i&gt;Enterococcus cecorum&lt;/i&gt; lineages.,"Lagad RR, Rafi S, Goswami A.",,2026,2026-07-08,Y,MED
Q3_amr_core,2026-09-05,42558575,PMC13437962,10.3389/fmicb.2026.1828991,Whole-genome sequencing reveals lineage-associated drug resistance and enables machine learning-based prediction in &lt;i&gt;Mycobacterium tuberculosis&lt;/i&gt; clinical isolates.,"Hao Z, Wu C, Peng Y, Zhou L, Li J, Zou X.",,2026,2026-07-22,Y,MED
Q3_amr_core,2026-09-05,42192691,PMC13203839,10.3390/antibiotics15050469,Next-Generation Target Discovery in ESKAPE Pathogens: An AI-Driven Framework from Omics-Based to Systems-Level Modeling and Clinical Translation.,"Chines E, Tempesta AA, Boscarelli L, Parisi MF, Marcoccia L, Capillo A, Mezzatesta ML, Ledda C, Chessari M, Cafiso V.",,2026,2026-05-06,Y,MED
Q3_amr_core,2026-09-05,42095666,PMC13228011,10.1128/spectrum.02592-25,KEGG orthology-based machine learning reveals functional determinants of antimicrobial resistance in &lt;i&gt;Acinetobacter baumannii&lt;/i&gt;.,"Zheng Z, Jiang B, Shenkutie AM, Bian J, Yan Y, Pi R, Xiong Q, Leung PH-M.",,2026,2026-05-07,Y,MED
Q3_amr_core,2026-09-05,,,10.21203/rs.3.rs-10478855/v1,Artificial Intelligence and Machine Learning Applications in Antimicrobial Resistance Research: A Systematic Review,Roy D.,,2026,2026-07-28,N,PPR
Q3_amr_core,2026-09-05,42149609,PMC13274384,10.1128/aem.02525-25,"Global whole-genome, phylodynamic, and machine-learning analysis of &lt;i&gt;Glaesserella parasuis&lt;/i&gt; serovars 2, 5, and 12.","Xu Z, Peng J, Wu Y, Du H, Chen J, Hong Q, Wu P, Xu C, Peng Z, Zhang J.",,2026,2026-05-18,Y,MED
Q3_amr_core,2026-09-05,42218717,PMC13222522,10.1093/bib/bbag269,"Artificial intelligence for antimicrobial resistance: advancing reproducibility, interpretability, and clinical deployment.","Sardar S, Dash S, Roychowdhury P, Solanki J, Sikdar P, Thangappan J, Dutta S.",,2026,2026-05-01,Y,MED
Q3_amr_core,2026-09-05,42123724,PMC13164103,10.3390/ijms27094148,"Improving the Precision of Etiological Diagnosis in Bacterial Infections Using Molecular Technologies: A Comparative Analysis of Platforms, AI Integration, and Point-of-Care Deployment.","Cotelici AM, Bălășoiu AT, Boldeanu MV, Assani MZ, Novac MB, Boldeanu L, Ghenea AE.",,2026,2026-05-06,Y,MED
Q3_amr_core,2026-09-05,42261281,PMC13242821,10.2147/idr.s614240,Artificial Intelligence for Antimicrobial Resistance Detection and Prediction in &lt;i&gt;Klebsiella pneumoniae&lt;/i&gt;: A Systematic Review of Clinical Microbiology Applications.,"Aggarwal RV, Shah N, Wong JJE, Dajani Z.",,2026,2026-06-03,Y,MED
Q3_amr_core,2026-09-05,41694508,PMC12894283,10.3389/fpubh.2026.1757161,Integrating artificial intelligence with genome sequencing against antimicrobial resistance: a narrative review.,"Scaglione G, Mastroianni N, Rizzo A, Palomba E, Carcione D, Brigante G, Principe L, Colaneri M, Gori A, Borgonovo F.",,2026,2026-01-29,Y,MED
Q3_amr_core,2026-09-05,41231537,PMC12614359,10.1099/mic.0.001629,Microbial Primer: Artificial intelligence for microbiologists.,"Cao H, de la Fuente-Nunez C.",,2025,2025-11-01,Y,MED
Q3_amr_core,2026-09-05,42131209,PMC13160890,10.3389/fmicb.2026.1842717,Utilizing whole genome sequencing data for machine learning driven prediction of antibiotic resistance in &lt;i&gt;Escherichia coli&lt;/i&gt;.,"Wan F, Tong W, Wu W, Liu J, Huang H, Zhang P, Jiang W.",,2026,2026-04-28,Y,MED
Q3_amr_core,2026-09-05,42558410,PMC13437487,10.3389/fcimb.2026.1901030,A mini review of genome-predicted β-lactam susceptibility in &lt;i&gt;Streptococcus pneumoniae&lt;/i&gt;: from PBP profiles to potential clinical interpretation.,"Yan Z, Liu L, Ren Y, Ling J, Liao J, Liu X, Li Y, Wang X, Kuang L, Zhou W, Jiang Y, Cui Y.",,2026,2026-07-22,Y,MED
Q3_amr_core,2026-09-05,42683100,,10.1093/bioadv/vbag193,A leakage-aware genomic prediction pipeline for meropenem resistance in &lt;i&gt;Klebsiella pneumoniae&lt;/i&gt; using transformer-based resistome representation learning.,Kervancı İS.,,2026,2026-07-29,N,MED
Q3_amr_core,2026-09-05,42122064,PMC13164157,10.3390/diagnostics16091360,"Meat-Borne Bacterial Pathogen Detection: Conventional, Molecular and Emerging AI-Based Strategies.","Hussain A, Abbas Q, Nadeem M, Nazar A, Athar A, Rahman HUU.",,2026,2026-04-30,Y,MED
Q3_amr_core,2026-09-05,41792137,PMC13087051,10.1038/s41467-026-69934-8,AMR-GNN: a multi-representation graph neural network framework to enable genomic antimicrobial resistance prediction.,"Nguyen HA, Peleg AY, Wisniewski JA, Wang X, Wang Z, Blakeway LV, Badoordeen GZ, Theegala R, Doan NQ, Parker MH, Green AG, Song J, Dowe DL, Macesic N.",,2026,2026-03-06,Y,MED
Q3_amr_core,2026-09-05,41401143,PMC12707637,10.1371/journal.pbio.3003539,Biased sampling driven by bacterial population structure confounds machine learning prediction of antimicrobial resistance.,"Yu Y, Wheeler NE, Barquist L.",,2025,2025-12-16,Y,MED
Q3_amr_core,2026-09-05,42272257,PMC13254488,10.1002/mbo3.70323,"Integrative Modular, Network-Based, and Machine Learning Framework for Predicting Accessory Genome Functions and Virulence in Escherichia coli O157:H7.","Gambushe SM, Zishiri OT.",,2026,2026-06-01,Y,MED
Q3_amr_core,2026-09-05,42553092,PMC13433224,10.3389/fcimb.2026.1824160,Metagenomic next-generation sequencing: new horizons in microbiology.,"Guo N, Chen S, Guo L, Qiu X, Li Z.",,2026,2026-07-21,Y,MED
Q3_amr_core,2026-09-05,,,10.21203/rs.3.rs-9148578/v1,Genomic and Machine Learning Approaches for Predicting Antimicrobial Resistance: A One Health Scoping Review in Low- and Middle-Income Countries,"Kimera Z, Mtebe M, kibwana u, masoud s, Kamori D, mbugi e, Matee MI.",,2026,2026-03-18,N,PPR
Q3_amr_core,2026-09-05,42287752,,10.1093/lambio/ovag054,Genomic insights into antimicrobial resistance and isolation source classification of Cronobacter sakazakii from infant and toddler food in the United States.,"Chen Z, Cui M.",,2026,2026-07-01,N,MED
Q3_amr_core,2026-09-05,41553751,PMC12816985,10.1099/mgen.0.001608,Machine learning-based lineage prediction from antimicrobial susceptibility testing phenotypes for &lt;i&gt;Escherichia coli&lt;/i&gt; sequence type 131 clade C surveillance across infection types.,"Ross TA, Pöntinen AK, Holsbø E, Samuelsen Ø, Hegstad K, Kampffmeyer M, Corander J, Gladstone RA.",,2026,2026-01-01,Y,MED
Q3_amr_core,2026-09-05,42434557,PMC13350054,10.3389/fmicb.2026.1842688,"Molecular insights into antimicrobial resistance in human bacterial pathogens: mechanisms, resistance genes, and translational diagnostic applications.","Hossen N, Mascellino MT.",,2026,2026-06-26,Y,MED
Q3_amr_core,2026-09-05,42345817,PMC13297112,10.3390/biology15120961,Horizontal Gene Transfer in &lt;i&gt;Listeria monocytogenes&lt;/i&gt;: Evolution of Antimicrobial Resistance and Virulence in a One Health Context.,"Stefan G, Gurau MR, Ciocîrlie N, Tudor L, Bărăităreanu S, Tache-Codreanu DL, Sporea C, Gligor A, Iancu I, Herman V.",,2026,2026-06-19,Y,MED
Q3_amr_core,2026-09-05,42221978,PMC13219803,10.1177/11779322261453756,A Novel Bioinformatics Pipeline and a Machine-Learning Approach for Antimicrobial Resistance Phenotypic Prediction.,"Visser O, Agboli V, Datta S.",,2026,2026-05-26,Y,MED
Q3_amr_core,2026-09-05,41965741,PMC13214064,10.1186/s12938-026-01568-9,"Artificial intelligence in microbiology: implications for metagenomics, diagnostics, and AMR surveillance.","Khangarot R, Kumari V, Mishra R, Singh A.",,2026,2026-04-11,Y,MED
Q3_amr_core,2026-09-05,41402414,PMC12708672,10.1038/s44259-025-00172-6,Gene copy-number features generalize better than SNPs for antimicrobial resistance prediction in Staphylococcus aureus.,"Fistarol BF, Gervasio JD, Szöllősi GJ.",,2025,2025-12-16,Y,MED
Q3_amr_core,2026-09-05,42437039,PMC13355612,10.7717/peerj.21411,The evolution of diagnostic microbiology: integrating culture-based methods and genomic advances.,"Goraya MU, Fatima G, Hayat K, Raza A, Yong D.",,2026,2026-07-08,Y,MED
Q3_amr_core,2026-09-05,42222669,PMC13221980,10.1093/bioadv/vbag140,Transformer-based operon prediction using textual representations of gene pairs.,"Assaf R, Fakhri B.",,2026,2026-05-21,Y,MED
Q3_amr_core,2026-09-05,41902188,PMC13030380,10.3390/v18030280,Alignment-Free Machine Learning Serotype Classification of the Dengue Virus.,"Gajdov V, Prosic I, Kavran M, Bosilkov F, Petrovic T, Petrovic T, Konstantinov J, Lazic G.",,2026,2026-02-25,Y,MED
Q3_amr_core,2026-09-05,42422472,PMC13342711,10.1093/bioadv/vbag153,stackPredAMR-a stacked random forest approach improves AMR phenotype prediction for multiple species and antimicrobial agents.,"Welling J, Balzer M, Consten L, Bletz S, Buer J, Chapot V, Harmsen D, Heintschel von Heinegg E, Mellmann A, Pölking W, Salhöfer F, Schaumburg F, Scherff N, Wiesmann N, Meyer F.",,2026,2026-06-02,Y,MED
Q3_amr_core,2026-09-05,42270823,PMC13415840,10.1038/s41598-026-56520-7,"In silico genomic analysis of resistome, virulome, and mobilome of β-lactamase-producing Klebsiella pneumoniae.","Biswas R, Anbarasu A.",,2026,2026-06-10,Y,MED
Q3_amr_core,2026-09-05,,,10.64898/2026.07.03.736369,Benchmarking the translational potential of AI-based drug-resistance prediction from  <i>Mycobacterium tuberculosis</i>  whole-genome sequencing data,"Liu C, Zhu H, Zhou P, Thanh NT, Dat NQ, Atmosukarto I, Cheong IH, Kozlakidis Z, Adisasmito W, Zheng X, Wang H, Yang Y.",,2026,2026-07-03,N,PPR
Q3_amr_core,2026-09-05,42143256,PMC13348184,10.1186/s12866-026-05127-z,Draft genome sequencing of Proteus mirabilis strain Indica (ST286) reveals antimicrobial resistance and virulence determinants.,"Acharya S, Kushwaha P, Desai S, Biswas S, Longjam LA, Chatterjee B, Ruwali M, De S, Krishnaswamy L, Suravajhala P, Chaubey G.",,2026,2026-05-16,Y,MED
Q3_amr_core,2026-09-05,41875094,PMC13012507,10.1371/journal.pdig.0001310,Performance of predictive AI-based clinical decision support systems across clinical domains: A systematic review and meta-analysis.,"Waldock WJ, Guni A, Darzi A, Ashrafian H.",,2026,2026-03-24,Y,MED
Q3_amr_core,2026-09-05,42210697,PMC13321803,10.1128/aac.01768-25,Pangenome analysis of &lt;i&gt;Proteus mirabilis&lt;/i&gt; reveals lineage-specific antimicrobial resistance profiles and discordant genotype-phenotype correlations.,"Deka N, Brauer AL, Connerton K, Hanson BM, Walker JN, Armbruster CE.",,2026,2026-05-29,Y,MED
Q3_amr_core,2026-09-05,42430436,PMC13354099,10.1371/journal.pone.0352863,Machine learning-based analysis of drug resistance mutations in Mycobacterium tuberculosis.,"Thankamani A, C L B, Doss C GP.",,2026,2026-07-10,Y,MED
Q3_amr_core,2026-09-05,41465787,PMC12733776,10.3390/life15121848,Genomics in Epidemiology and Disease Surveillance: An Exploratory Analysis.,"Tiwari S, Dhakal T, Kim BJ, Jang GS, Oh Y.",,2025,2025-12-01,Y,MED
Q3_amr_core,2026-09-05,42326372,PMC13276223,10.1177/11779322261461933,Hidden in the Pangenome? Machine Learning-Driven Discovery of Antimicrobial Potential in &lt;i&gt;Corynebacterium glutamicum&lt;/i&gt;.,"Islam SI, Shahed K, Parvin MM, Sanjida S.",,2026,2026-06-17,Y,MED
Q3_amr_core,2026-09-05,41150077,PMC12567682,10.3390/vetsci12100937,Machine Learning Prediction of Multidrug Resistance in Swine-Derived &lt;i&gt;Campylobacter&lt;/i&gt; spp. Using United States Antimicrobial Resistance Surveillance Data (2013-2023).,"Sodagari HR, Ghasemi M, Varga C, Habib I.",,2025,2025-09-26,Y,MED
Q3_amr_core,2026-09-05,42487709,PMC13389983,10.3389/fmicb.2026.1891518,Genomic variant-driven prediction of azole resistance in &lt;i&gt;Aspergillus fumigatus&lt;/i&gt; using GWAS and machine learning.,"Li D, Yue X, Hu W, Zhong H, Chen F, Zhao J, Cao L, Chen X, Han L.",,2026,2026-07-07,Y,MED
Q3_amr_core,2026-09-05,42344774,PMC13289652,10.2147/dddt.s607228,Artificial Intelligence in Selected Domains of Drug Discovery: A Critical Narrative Review.,"Bin Abdulqader MI, Alsaqabi AA, Mohammed AE, Alghamdi SS.",,2026,2026-06-19,Y,MED
Q3_amr_core,2026-09-05,41845205,PMC13112838,10.1186/s12866-026-04947-3,Respiratory microbiota maturation enables machine learning based age prediction in chickens.,"Moreno-León A, López-Morales A, Höfle U, Barral M, Majó N, Lavín JL.",,2026,2026-03-18,Y,MED
Q3_amr_core,2026-09-05,,,10.64898/2026.08.08.26359928,MALDI-ST: A deep learning-based framework for rapid bacterial strain typing using MALDI-TOF mass spectra,"Nguyen H, Peleg AY, Song J, Vezina B, Egli A, Guerrero-López A, Blakeway LV, Wisniewski JA, Badoordeen GZ, Theegala R, Doan NQ, Dowe DL, Macesic N.",,2026,2026-08-10,Y,PPR
Q3_amr_core,2026-09-05,41877797,PMC13007503,10.3389/fmed.2026.1764292,Biochip-simulated genotype signals enable accurate and interpretable AMR prediction via machine learning.,Fu Z.,,2026,2026-03-09,Y,MED
Q3_amr_core,2026-09-05,42449884,PMC13360082,10.3390/diagnostics16132103,Machine Learning-Based Prediction of Antimicrobial Resistance in &lt;i&gt;Escherichia coli&lt;/i&gt; from MALDI-TOF Mass Spectrometry Data.,"Versmessen N, Mispelaere M, Vanstokstraeten R, Teixeira M, Boelens J, Hermans C, Vandekerckhove M, Vranckx K, Hulpiau P, Demuyser T, Degroeve S, Cools P.",,2026,2026-07-04,Y,MED
Q3_amr_core,2026-09-05,41162893,PMC12574167,10.1186/s12866-025-04394-6,Unveiling meropenem resistance and co-resistance patterns in Klebsiella pneumoniae and Acinetobacter baumannii: a global genome analysis using ML/DL and association mining.,"Ramachandran S, K D, M S, R MR, S A, V A, P DD, B S, Mohan S S.",,2025,2025-10-29,Y,MED
Q3_amr_core,2026-09-05,42382340,PMC13314634,10.3389/fmicb.2026.1789841,Rapid prediction of vancomycin-resistant &lt;i&gt;Enterococcus faecium&lt;/i&gt; using MALDI-TOF mass spectrometry and machine learning.,"Sun Y, Chen X, Hu A, Li Y, Li G, Zhao L, Wang C.",,2026,2026-06-16,Y,MED
Q3_amr_core,2026-09-05,,,10.20944/preprints202603.1564.v1,Integrating Phenotypic and Genomic Data with Machine Learning to Predict Antimicrobial Resistance and Identify Genetic Biomarkers in<em> E. coli</em>,"Adeyemi SH, Paudel R.",,2026,2026-03-19,N,PPR
Q3_amr_core,2026-09-05,42007968,PMC13094829,10.1099/mgen.0.001693,Genome-based source attribution using a One Health &lt;i&gt;Escherichia coli&lt;/i&gt; isolate collection from 2013 to 2023 in Scotland.,"Chalka A, Crozier L, Vallejo-Trujillo A, Low A, McAteer S, Qarkaxhija V, Templeton K, Tongue SC, Evans J, Foster G, Webster C, Evans T, Marwick CA, Raza A, Parcell BJ, Holden MTG, McNeilly T, Fitzgerald S, Mitchell M, Silva N, Robertshaw-McFarlane E, Hamilton S, Wells B, Hamilton C, Watson E, Finlay",,2026,2026-04-01,Y,MED
Q3_amr_core,2026-09-05,40193250,PMC12001116,10.1016/j.xpro.2025.103733,AMRLearn: Protocol for a machine learning pipeline for characterization of antimicrobial resistance determinants in microbial genomic data.,"Zhang X, Hu Y, Cheng Z, Archibald JM.",,2025,2025-04-05,Y,MED
Q3_amr_core,2026-09-05,41606475,PMC12922380,10.1186/s12876-025-04595-3,Predicting clinical outcomes in Helicobacter pylori-positive patients using supervised learning through the integration of demographic and genomic features.,"Narasimhan V, Pulakkat Warrier S, John JJ, T MP, Varadaraj N, Thomas GG, Veeraraghavan B.",,2026,2026-01-29,Y,MED
Q3_amr_core,2026-09-05,40646483,PMC12255030,10.1186/s12863-025-01338-x,Machine learning-based prediction of antimicrobial resistance and identification of AMR-related SNPs in Mycobacterium tuberculosis.,"Xu Y, Mao Y, Hua X, Jiang Y, Zou Y, Wang Z, Liu Z, Zhang H, Lu L, Yu Y.",,2025,2025-07-12,Y,MED
Q3_amr_core,2026-09-05,41954597,PMC13293304,10.1099/mgen.0.001667,Genomic and statistical models to characterize &lt;i&gt;Streptococcus pneumoniae&lt;/i&gt; transmission patterns in Malawi.,"Cave R, Chirombo J, Obolski U, Belman S, Kalizang'oma A, Mwalukomo TS, Kamng'ona A, Brown C, Msefula J, Bonomali F, Nyirenda R, Swarthout TD, Kwambana-Adams B, French N, Heyderman RS.",,2026,2026-04-01,Y,MED
Q3_amr_core,2026-09-05,41148661,PMC12561689,10.3390/antibiotics14100969,Machine Learning Model for Predicting Multidrug Resistance in Clinical &lt;i&gt;Escherichia coli&lt;/i&gt; Isolates: A Retrospective General Surgery Study.,"Tolan HK, Aydın İ, Tanyildizi-Kokkulunk H, Karakuş M, Akkaya Y, Kaya O, İşman FK.",,2025,2025-09-26,Y,MED
Q3_amr_core,2026-09-05,41782801,PMC12953961,10.1177/11779322261427123,"Leveraging Artificial Intelligence to Advance Bioinformatics in Africa: Opportunities, Challenges, and Ethical Considerations in Combating Antimicrobial Resistance.",Lyimo B.,,2026,2026-02-28,Y,MED
Q3_amr_core,2026-09-05,41218129,PMC12691591,10.1128/aac.01097-25,Challenges and considerations for whole-genome-based antimicrobial resistance plasmid investigations.,"Beh JQ, Wick RR, Howden BP, Connor CH, Webb JR.",,2025,2025-11-11,Y,MED
Q3_amr_core,2026-09-05,41183222,PMC12584844,10.1080/22221751.2025.2576588,"Global genomic survey of &lt;i&gt;Salmonella&lt;/i&gt; Kentucky: discovery of a chromosomeborne &lt;i&gt;bla&lt;/i&gt;&lt;sub&gt;NDM-5&lt;/sub&gt; and the emergence of ST314, an MDR clone mediated by the IncR plasmid.","Chen K, Peng J, Peng Z, Xiao R, Wang N, Deng Y, Wu C, Zheng Z, Guan J, Tang Y, Lin Q, Xu C, Xu X, Liao M, Zhang J.",,2025,2025-11-03,Y,MED
Q3_amr_core,2026-09-05,42059888,PMC13293316,10.1099/mgen.0.001708,Phylogenomics and gene association analysis support probiotic potential in a subset of &lt;i&gt;Staphylococcus xylosus&lt;/i&gt; isolates.,"Rich KD, Cai Z, Nobrega DB, Ronholm J, De Buck J.",,2026,2026-04-01,Y,MED
Q3_amr_core,2026-09-05,42054945,,10.1016/j.ijfoodmicro.2026.111811,Whole-genome sequencing and machine learning reveal candidate genomic features associated with Listeria monocytogenes persistence in two ice cream facilities.,"Sun L, Zhou J, Shen Y, Du X, Liang J, Chen S, Jia H.",,2026,2026-04-23,N,MED
Q3_amr_core,2026-09-05,41626677,PMC12930093,10.1093/bfgp/elaf027,An integrated complete-genome sequencing and systems biology approach to predict antimicrobial resistance genes in the virulent bacterial strains of Moraxella catarrhalis.,"Bristy SA, Hossain MA, Hasan MI, Mahmud SMH, Moni MA, Rahman MH.",,2026,2026-01-01,Y,MED
Q3_amr_core,2026-09-05,42421846,PMC13341291,10.3389/fvets.2026.1829777,Artificial intelligence-driven phage therapy in veterinary medicine: an adaptive One Health strategy to mitigate antimicrobial resistance in livestock systems.,"Cuteri V, Storoni C, Cao S, Li Y.",,2026,2026-06-24,Y,MED
Q3_amr_core,2026-09-05,41896736,PMC13147680,10.1186/s12866-026-04909-9,"BaGPipe: an automated, reproducible, and flexible pipeline for bacterial genome-wide association studies.","Wei KC, Blane B, Toussaint J, Reuter S, Toleman MS, Torok ME, Peacock SJ, Harrison EM, Aggarwal D, Roberts-Sengier W.",,2026,2026-03-27,Y,MED
Q3_amr_core,2026-09-05,41753579,PMC12943566,10.3390/microorganisms14020293,GWAS and Machine Learning Screening of Genomic Determinants Underlying Host Adaptation in Swine and Chicken &lt;i&gt;Salmonella&lt;/i&gt; Typhimurium Isolates.,"Liu Y, Wang Y, Wang Y, Liu X, Wang S, Peng Y, Liu Z, Li Z, Lu X, Kan B.",,2026,2026-01-27,Y,MED
Q3_amr_core,2026-09-05,41386627,,10.1016/j.ijantimicag.2025.107690,Machine-learning and gene-synergy networks reveal interpretable drivers of antibiotic resistance in Staphylococcus aureus.,"Xu J, Li Y, Wang Y, Liu F, Long J, Zhu J, Jin Y, Chen S, Duan G, Yang H.",,2026,2025-12-10,N,MED
Q3_amr_core,2026-09-05,41971322,PMC13066273,10.3389/fmicb.2026.1809070,"Epidemiology, antimicrobial resistance transmission, and One Health-based prevention of non-typhoidal &lt;i&gt;Salmonella&lt;/i&gt; and &lt;i&gt;Campylobacter&lt;/i&gt; infections: an updated literature review.","Zheng G, Chen L, Dong G, Ye K, Liu Z, Wang L.",,2026,2026-03-27,Y,MED
Q3_amr_core,2026-09-05,41287252,PMC12644248,10.1002/mbo3.70160,The Role of Machine Learning in Addressing Antibiotic Resistance: A New Era in Infectious Disease Control.,"Zubair A, Fazil M, Jawad M, Wdidi S.",,2025,2025-12-01,Y,MED
Q3_amr_core,2026-09-05,42405344,PMC13332804,10.1093/jacamr/dlag130,"One Health transmission of plasmid-mediated antimicrobial resistance: genomic insights at the interface of food, animals, humans and the environment.","Monte DFM, Thakur S.",,2026,2026-07-04,Y,MED
Q3_amr_core,2026-09-05,41953073,PMC13053822,10.2147/idr.s589962,"Targeting Horizontal Gene Transfer to Combat Antimicrobial Resistance: A Review of Mechanisms, Drivers, and Multi-Omics Strategies.","Tang L, Yang W, Yang L, Lv Y, Zhang J.",,2026,2026-04-02,Y,MED
Q3_amr_core,2026-09-05,42235509,PMC13347946,10.1016/j.xgen.2026.101273,Genomic and socioeconomic drivers of antimicrobial resistance forecast to 2050.,"Baker M, Maciel-Guerra A, Wang R, Luo C, Xu Y, Guerrero-Araya E, Meng W, Wu G, Pinpimai K, Oyom PA, Senin N, Dottorini T.",,2026,2026-06-03,Y,MED
Q3_amr_core,2026-09-05,40978072,PMC12446375,10.46234/ccdcw2025.197,"Confronting the Antimicrobial Resistance Crisis in China: Emerging Superbugs, Genomic Surveillance, and Innovative Countermeasures.","Tong Q, Zeng L, Ge Y, Jia J.",,2025,2025-09-01,N,MED
Q3_amr_core,2026-09-05,42458242,PMC13374142,10.1186/s12864-026-13121-y,Genomic insights into specialized and primary metabolism gene clusters in methicillin-resistant Staphylococcus aureus from Egyptian community settings.,"Aboushanab AA, Saif NA, Salem S, Eltaher SS, Elghaish RA, Pascoe B, Sheppard SK, Elhadidy M, Ziko L.",,2026,2026-07-15,Y,MED
Q3_amr_core,2026-09-05,39554812,PMC11564165,10.3389/fcimb.2024.1482186,"Artificial intelligence in predicting pathogenic microorganisms' antimicrobial resistance: challenges, progress, and prospects.","Li Y, Cui X, Yang X, Liu G, Zhang J.",,2024,2024-11-01,Y,MED
Q3_amr_core,2026-09-05,41304932,PMC12655035,10.3390/ph18111687,Applications of Genome Sequencing in Infectious Diseases: From Pathogen Identification to Precision Medicine.,"Hasan GM, Mohammad T, Shamsi A, Sohal SS, Hassan MI.",,2025,2025-11-07,Y,MED
Q3_amr_core,2026-09-05,42505675,PMC13404703,10.3390/antibiotics15070712,Skin Infection Pathogenicity Associated with a Canine Microbiome Resident: Polygenic Architecture of Virulence Factors in &lt;i&gt;Staphylococcus pseudintermedius&lt;/i&gt;.,"Javaid A, Tabassum N, Karthikeyan A, Kim TH, Kim YM, Khan F.",,2026,2026-07-22,Y,MED
Q3_amr_core,2026-09-05,41594091,PMC12838229,10.3390/antibiotics15010055,The Role of Genomics in Advancing and Standardising Bacteriophage Therapy.,"Abdraimova N, Shitikov E, Kornienko M.",,2026,2026-01-04,Y,MED
Q3_amr_core,2026-09-05,42222122,PMC13216486,10.3389/fcvm.2026.1790244,Artificial intelligence optimizes immune rejection prediction and management in heart transplantation: a structured narrative review.,"Chen K, Lai J, Luo Y, Li C, Wang G.",,2026,2026-05-14,Y,MED
Q3_amr_core,2026-09-05,42305602,PMC13266145,10.1016/j.isci.2026.116189,"&lt;i&gt;StrainCascade&lt;/i&gt;: An automated, modular workflow for high-throughput long-read bacterial genome reconstruction and characterization.","Jordi SBU, Baertschi I, Li J, Fasel N, Misselwitz B, Yilmaz B.",,2026,2026-06-04,Y,MED
Q3_amr_core,2026-09-05,41989189,PMC13227986,10.1128/spectrum.02293-25,Emergence of a high-risk multidrug-resistant &lt;i&gt;Acinetobacter baumannii&lt;/i&gt; clone ST697 in nosocomial settings.,"Guan J, Qu H, Yu L, Li W, Eister G, Hakonarson H, Li S.",,2026,2026-04-16,Y,MED
Q3_amr_core,2026-09-05,41769123,PMC12945999,10.3389/fpubh.2026.1763512,Leveraging real-time genomic surveillance to combat infectious diseases and antimicrobial resistance in cancer patients.,"Hong Y, Kalfakakou D, Cheong IH, Kozlakidis Z.",,2026,2026-02-13,Y,MED
Q3_amr_core,2026-09-05,41749685,PMC12938703,10.3390/bioengineering13020144,"Transformer Models, Graph Networks, and Generative AI in Gut Microbiome Research: A Narrative Review.","Zhu Y, Tang Y, Qi X, Zhu X.",,2026,2026-01-27,Y,MED
Q3_amr_core,2026-09-05,41878745,PMC13006217,10.3389/fmicb.2026.1782552,Integrated analysis of MALDI-TOF MS and whole-genome sequencing for subtyping &lt;i&gt;Salmonella&lt;/i&gt;.,"Liu Y, Qiao J, Xiao Y, Zhang T, Wu Y.",,2026,2026-03-09,Y,MED
Q3_amr_core,2026-09-05,41316035,PMC12751255,10.1186/s12879-025-12180-y,"Antibiotic susceptibility patterns of clinical isolates of salmonella species producing extended spectrum beta lactamases as predictor of multidrug resistance in a tertiary hospital, Southeastern Nigeria.","Aniokete UC, Uzor S, Okoroiwu HU, Ibeneme SC, Iroha IR.",,2025,2025-11-28,Y,MED
Q3_amr_core,2026-09-05,42334937,PMC13330922,10.1093/bioinformatics/btag421,MetagenomicKG: a knowledge graph for metagenomic applications.,"Ma C, Liu S, Won S, Koslicki D.",,2026,2026-07-01,Y,MED
Q3_amr_core,2026-09-05,42470920,,10.1016/j.vetmic.2026.111136,Genotypic-phenotypic concordance of Pasteurella multocida isolated from bovine respiratory disease cases.,"Sheets TR, Ellis AC, Wickware CL, Gribskov M, Pillai DK, Verma MS, Johnson TA.",,2026,2026-07-11,N,MED
Q3_amr_core,2026-09-05,42174466,PMC13198060,10.1186/s12864-026-12884-8,"The interplay of specialized metabolites, antibiotic resistance, and virulence in Enterococcus faecium: in silico analysis of bacterial genomes.","Sonbol S, Samad LA, Al-Marzooq F, Ziko L.",,2026,2026-05-22,Y,MED
Q3_amr_core,2026-09-05,42117717,PMC13227991,10.1128/spectrum.02207-25,"Genomic profiling of &lt;i&gt;Morganella morganii&lt;/i&gt;: insights into antibiotic resistance genes, pathogenicity islands, and toxin-antitoxin systems.","Senbadejo TY, Bourne CR, Isawumi A.",,2026,2026-05-12,Y,MED
Q3_amr_core,2026-09-05,42043567,PMC13121240,10.1007/s00251-026-01397-z,The digital keystone: how artificial intelligence is reshaping HLA research and clinical practice.,"Sonmez G, Yazarkan Y, Cagdas D.",,2026,2026-04-27,Y,MED
Q3_amr_core,2026-09-05,41754214,PMC12942808,10.3390/nu18040696,Current Concepts in Probiotic Safety and Efficacy.,"Churin AA, Sokolyanskaya LO, Lukina AP, Karnachuk OV.",,2026,2026-02-21,Y,MED
Q3_amr_core,2026-09-05,41754442,PMC12942922,10.3390/pathogens15020189,Integrated FTIR and Whole-Genome Sequencing Reveal Scale-Dependent Genotype-Phenotype Relationships in Multidrug-Resistant &lt;i&gt;Pseudomonas aeruginosa&lt;/i&gt;.,"Lengyel G, Kaszab E, Fehér E, Marton S, Orosz L, Sarkadi-Nagy Á, Burián K, Bányai K.",,2026,2026-02-08,Y,MED
Q3_amr_core,2026-09-05,,,10.20944/preprints202609.0069.v1,"Artificial Intelligence in the Fight Against Antimicrobial Resistance: Applications in Diagnosis, Susceptibility Prediction, Precision Dosing, and Antibiotic Discovery","Esposito S, Fainardi V, Arnesano GG, Argentiero A, Principi N.",,2026,2026-09-01,N,PPR
Q3_amr_core,2026-09-05,42086219,PMC13143410,10.1111/1462-2920.70319,A 'Genome-First' Framework for Next-Generation Bioinputs: From Functional Mining to Rational Synthetic Microbial Communities.,Gonçalves OS.,,2026,2026-05-01,Y,MED
Q3_amr_core,2026-09-05,41463758,PMC12729976,10.3390/antibiotics14121257,Comparative Evaluation of Sequencing Technologies for Detecting Antimicrobial Resistance in Bloodstream Infections.,"Papamentzelopoulou M, Vrioni G, Pitiriga V.",,2025,2025-12-12,Y,MED
Q3_amr_core,2026-09-05,40673424,PMC12453412,10.1099/mgen.0.001448,Genomic surveillance of invasive &lt;i&gt;Streptococcus pneumoniae&lt;/i&gt; strains in south Tunisia during 2012-2022.,"Smaoui F, Ksibi B, Ben Ayed N, Ktari S, Gargouri O, Mezghani S, Mnif B, Mahjoubi F, Karray H, Hammami A.",,2025,2025-07-01,Y,MED
Q3_amr_core,2026-09-05,42505598,PMC13405602,10.3390/antibiotics15070635,"Artificial Intelligence in Bacteriophage Science: A Comprehensive Narrative Review of Applications, Challenges, and Translational Opportunities.","Fortaleza JAG, Cabuhat KSP, Lagunzad HC, Panizales WB, Cruz JTP, Matamis JG, Mamaat JER, Libres AC, Dulay RMR, Nuevo JJM.",,2026,2026-06-25,Y,MED
Q3_amr_core,2026-09-05,40530807,PMC12323353,10.1128/spectrum.02632-24,Genomic and machine learning approaches to predict antimicrobial resistance in &lt;i&gt;Stenotrophomonas maltophilia&lt;/i&gt;.,"Liu X, Long S, Chen F, Liu C, Han P, Yu H, Huang X, Pan C, Yue R, Feng W, Rao G, Shen H, Pan L.",,2025,2025-06-18,Y,MED
Q3_amr_core,2026-09-05,41859321,PMC12996772,10.1016/j.infpip.2026.100522,Artificial intelligence in combating challenges in antimicrobial resistance: a narrative review.,"Salama RA, Abdel Kader RG, Wadid NA.",,2026,2026-02-14,Y,MED
Q3_amr_core,2026-09-05,42153318,PMC13253578,10.1093/bib/bbag236,"Decoding extremophiles: insights from bioinformatics, machine learning, and data-driven approaches.","Chasapi MN, Kontis N, Lehmann R, Tasneem R, Patel NS, Khan SA, Martínez de Morentin X, Chasapi IN, Aplakidou E, Galaras A, Aldakheel L, Su M, Baltoumas FA, Venkateswaran K, Lagani V, Gómez-Cabrero D, Tegnér J, Pavlopoulos GA, Soares Rosado A.",,2026,2026-05-01,Y,MED
Q3_amr_core,2026-09-05,40788305,PMC12452195,10.1099/mgen.0.001465,Whole-genome sequencing and bioinformatic tools powered by machine learning to identify antibiotic-resistant genes and virulence factors in &lt;i&gt;Escherichia coli&lt;/i&gt; from sepsis.,"Kumar NR, Balraj TA, Cooper KK, Prashant A.",,2025,2025-08-01,Y,MED
Q3_amr_core,2026-09-05,42497796,PMC13427647,10.1016/j.psj.2026.107312,"Genomic signatures of host adaptation in Pasteurella multocida from poultry, cattle, swine, and cats: insights from interpretable machine learning.","Li Q, Fan Y, Wang M, Chen S, Liu M, Zhu D, Zhao X, Wu Y, Yang Q, Huang J, Ou X, Sun D, Tian B, He Y, Wu Z, Cheng A, Zhang S.",,2026,2026-06-17,Y,MED
Q3_amr_core,2026-09-05,42396084,PMC13325097,10.1021/acsomega.6c01504,Negative-Ion Mode MALDI-TOF MS Combined with Machine Learning for the Rapid Identification of Colistin-Resistant &lt;i&gt;E. cloacae&lt;/i&gt; Complex.,"Shi Y, Gou X, Li Q, Wu J, Zhao Q, Chen Y, Luo W, Yang Y, Liang X, Long W, Wang J, Zhang J, Zhang X.",,2026,2026-06-13,Y,MED
Q3_amr_core,2026-09-05,42513957,PMC13414315,10.3390/microorganisms14071451,The Convergence of Antimicrobial Resistance and Virulence in &lt;i&gt;Streptococcus pneumoniae&lt;/i&gt;: A Molecular and Clinical Perspective.,"Almeida J, Takeshita K, Ramirez-Villalva A, Vidal AGJ, Fong-Coronado PA, Ervin JE, Castañeda-Ruelas GM, Vidal JE.",,2026,2026-06-30,Y,MED
Q3_amr_core,2026-09-05,41424120,PMC12802947,10.1093/jac/dkaf470,Artificial intelligence for improving decision-making in bacterial infection management: a narrative review.,"Talianu A, Fraser-Krauss O, Bolton W, Ming D, Zhu N, Hernandez B, Gilchrist M, Holmes A, Georgiou P, Rawson TM.",,2026,2026-01-01,Y,MED
Q3_amr_core,2026-09-05,41645058,PMC12977718,10.1186/s12864-026-12609-x,StaphScope: a species-optimized computational pipeline for rapid and accessible Staphylococcus aureus genotyping and surveillance.,"Beckley B, Amarh V.",,2026,2026-02-06,Y,MED
Q3_amr_core,2026-09-05,42086791,PMC13333835,10.1038/s41598-026-50613-z,Multimodal computational discovery of MvfR inhibitors targeting quorum sensing in multi-drug-resistant Pseudomonas aeruginosa.,"Ibisanmi TA, Jiang X, Khan RA, Yu TT, Willcox M, Kumar N.",,2026,2026-05-05,Y,MED
Q3_amr_core,2026-09-05,40804855,PMC12345688,10.3390/diagnostics15151890,Bug Wars: Artificial Intelligence Strikes Back in Sepsis Management.,"Barkas GI, Dimeas IE, Kotsiou OS.",,2025,2025-07-28,Y,MED
Q3_amr_core,2026-09-05,39540735,PMC11619347,10.1128/aac.01446-24,Neural network-based predictions of antimicrobial resistance phenotypes in multidrug-resistant &lt;i&gt;Acinetobacter baumannii&lt;/i&gt; from whole genome sequencing and gene expression.,"Jia H, Li X, Zhuang Y, Wu Y, Shi S, Sun Q, He F, Liang S, Wang J, Draz MS, Xie X, Zhang J, Yang Q, Ruan Z.",,2024,2024-11-14,N,MED
Q3_amr_core,2026-09-05,42171620,PMC13196992,10.1099/mgen.0.001730,"Genomic characterization of invasive &lt;i&gt;Streptococcus pneumoniae&lt;/i&gt; isolates from a southern Taiwan medical centre, 2015-2023.","Liu P, Venero AK, Tran T, Metcalf BJ, Chochua S, Li Y, Huang YF, Lee MS.",,2026,2026-05-01,Y,MED
Q3_amr_core,2026-09-05,42453110,PMC13366462,10.3389/fmicb.2026.1872946,"The role of gut microbiome in antimicrobial resistance transmission between companion animals and livestock: mechanisms, drivers, and One Health implications.","Guo J, Song H, Xi Z, Geng W, Wang F.",,2026,2026-06-29,Y,MED
Q3_amr_core,2026-09-05,41423186,,10.1016/j.meegid.2025.105862,Comprehensive in silico genomic surveillance of β-lactam and methicillin resistance in Staphylococcus aureus: Machine learning-based analysis of lineage dynamics and global evolution.,"Chaki SSG, Midhin BK, Alshkarchy SS, Kalantar-Neyestanaki M, Albaz RY, Abosaoda MK, Kareem AK, Sharma R, Sholeh M, Beig M.",,2026,2025-12-19,N,MED
Q3_amr_core,2026-09-05,41170168,PMC12569537,10.46234/ccdcw2025.226,&lt;i&gt;Salmonella&lt;/i&gt; &lt;i&gt;enterica&lt;/i&gt; ST8333 Was Isolated as Early as July 2015.,"Wang Y, Liu Y, Zhu B, Gao GF, Xu X.",,2025,2025-10-01,N,MED
Q3_amr_core,2026-09-05,42354936,PMC13303631,10.3390/microorganisms14061311,Deep Learning-Enhanced Raman Microspectroscopy Enables Rapid Microbial Classification and Captures Phylogenetic Relationships.,"Liu B, Gu Z, Xu X, Lu W, Liu T, Gao X, Chen X, Fu YV.",,2026,2026-06-11,Y,MED
Q3_amr_core,2026-09-05,42075213,PMC13118294,10.3390/microorganisms14040816,&lt;i&gt;Salmonella&lt;/i&gt; Infections: Global Trends and Emerging Challenges.,"Ranjan A, Chandna M, Stevens NJ, Kandil J, Dinh B, Kuhn M, Mian N, Tran B, Hamid A, Kim P, Desin TS.",,2026,2026-04-02,Y,MED
Q3_amr_core,2026-09-05,40055840,PMC11887096,10.1186/s40168-025-02055-4,DRAMMA: a multifaceted machine learning approach for novel antimicrobial resistance gene detection in metagenomic data.,"Rannon E, Shaashua S, Burstein D.",,2025,2025-03-07,Y,MED
Q3_amr_core,2026-09-05,,,10.64898/2026.07.13.738241,Co-dissemination of anti-phage defence systems and multidrug resistance is associated with the seventh-pandemic  <i>Vibrio cholerae</i>  defensome,"Hoque MM, To J, Leo D, McDougald D, Matson JS, Espinoza-Vergara G.",,2026,2026-07-13,N,PPR
Q3_amr_core,2026-09-05,42079745,PMC13128656,10.3389/fcimb.2026.1795720,Early risk stratification for carbapenem resistance among &lt;i&gt;Pseudomonas aeruginosa&lt;/i&gt; infected patients using a clinico-laboratory machine-learning model based on routine complete blood count parameters.,"Yu J, Gao W, Chen Y.",,2026,2026-04-16,Y,MED
Q3_amr_core,2026-09-05,,,10.64898/2026.05.25.727578,Genomic Diagnostics for Drug-Resistant Mycobacterium tuberculosis: Computational Prediction of Antimicrobial Resistance,"Serajian M, Han Y, Boucher C.",,2026,2026-05-25,N,PPR
Q3_amr_core,2026-09-05,41153274,PMC12562594,10.3390/diagnostics15202602,Artificial Intelligence in Infectious Disease Diagnostic Technologies.,"Dong C, Liu Y, Nie J, Zhang X, Yu F, Zhou Y.",,2025,2025-10-15,Y,MED
Q3_amr_core,2026-09-05,40642980,PMC12323339,10.1128/spectrum.00556-25,Machine learning-selected minimal features drive high-accuracy rule-based antibiotic susceptibility predictions for &lt;i&gt;Staphylococcus aureus&lt;/i&gt; via metagenomic sequencing.,"Jia X, Xiong Y, Xu Y, Chen F, Han P, Qu J, He Q, Rao G.",,2025,2025-07-11,Y,MED
Q3_amr_core,2026-09-05,42206067,PMC13202549,10.1016/j.imj.2026.100254,Next-generation sequencing: Driving a paradigm shift from pathogen detection to systems-level analysis.,"Peng Y, Wang Y, Liu L, Liu Y, Yu Y, Sun R, Yu Z.",,2026,2026-04-23,Y,MED
Q3_amr_core,2026-09-05,41955186,PMC13065059,10.1371/journal.pone.0346962,Whole genome and phylogenomic insights into Vibrio parahaemolyticus from Pacific White Shrimp reveal resistance and virulence traits in Bangladeshi aquaculture.,"Masum MHU, Uddin MS, Chamonara K, Sultana S, Islam S, Siddiqua A.",,2026,2026-04-09,Y,MED
Q3_amr_core,2026-09-05,41845201,PMC13107774,10.1186/s12866-026-04873-4,Machine learning-based prediction of BV-relevant probiotic functional potential in vaginal-derived Lactobacillus crispatus strains.,"Quan K, Liu W, Jin H, Hu W, Borjihan Q, Bao Q, Chen Y.",,2026,2026-03-17,Y,MED
Q3_amr_core,2026-09-05,41805947,PMC12974878,10.1371/journal.pone.0344787,"Genomic and phylogenomic exploration of Vibrio cholerae strain SU129B isolated from Penaeus vannamei: Resistance, virulence, and evolutionary dynamics in bangladeshi aquaculture.","Uddin MS, Chamonara K, Masum MHU, Siddiqua A, Hossain I, Sultana S, Islam S.",,2026,2026-03-10,Y,MED
Q3_amr_core,2026-09-05,40503893,PMC12282082,10.1128/msystems.00584-25,Rapid prediction of antibiotic resistance in &lt;i&gt;Enterobacter cloacae&lt;/i&gt; complex using whole-genome and metagenomic sequencing.,"Pan F, Han P, Wu Q, Hou W, Rao G, Ma Z, Weng W, Zhang H.",,2025,2025-06-12,Y,MED
Q3_amr_core,2026-09-05,42350010,PMC13311725,10.1136/bmjopen-2025-109566,Protocols for genomic epidemiology and source attribution of enteric bacteria causing diarrhoeal disease across Africa.,"Badji H, Pascoe B, Goforth MP, Mourkas E, Bako E, Bonkoungou IJ, Gampene MT, Nikiema MEM, Zoma BS, Bah OE, Cassell EJ, Ceesay AK, Ceesay BE, Ceesay O, Conteh B, Drammeh L, Faye B, Jallow AF, Jallow F, Jallow O, Jallow SJ, Joof PM, Kandeh M, Karim M, Manneh J, Ceesay A, Fofana E, Jallow M, Jarju MB, ",,2026,2026-06-25,Y,MED
Q3_amr_core,2026-09-05,42424350,PMC13349159,10.1371/journal.pone.0350669,"In silico antimicrobial resistance profiling of 1,240 Stenotrophomonas maltophilia genomes: AMR gene prevalence, temporal evolution, and ST-specific associations.","B Alhusseini L, Nabeeh Jaafar F, R Alsharmani A, Kouhsari E, Sholeh M.",,2026,2026-07-09,Y,MED
Q3_amr_core,2026-09-05,42450613,PMC13360211,10.3390/biology15131066,"Gut Microbiomes of Rainbow Trout and Atlantic Salmon: Nutritional Modulation, Mucosal Immunity, and Resistome Risk.","Jiang Z, Chen J, Ren Y, Lin T, Li S, Shen F, Qin B, Li L, Li C, Ying N, Zheng H.",,2026,2026-07-03,Y,MED
Q3_amr_core,2026-09-05,41395970,PMC12889083,10.1128/spectrum.01922-25,Structure of the &lt;i&gt;Enterobacter&lt;/i&gt; pan-genome is revealed using machine learning.,"Burrows JT, Li G, Monk JM, Chauhan SM, Palsson BO.",,2026,2025-12-15,Y,MED
Q3_amr_core,2026-09-05,39906157,PMC11791014,10.1016/j.csbj.2025.01.006,The role of artificial intelligence and machine learning in predicting and combating antimicrobial resistance.,"Bilal H, Khan MN, Khan S, Shafiq M, Fang W, Khan RU, Rahman MU, Li X, Lv QL, Xu B.",,2025,2025-01-18,Y,MED
Q3_amr_core,2026-09-05,,,10.64898/2026.08.25.747089,Genomic Context as a Predictor of Multidrug Resistance in African Klebsiella pneumoniae: A Feasibility Study with Leave-One-Country-Out Validation,"Ahmad A, Busair E.",,2026,2026-08-26,N,PPR
Q3_amr_core,2026-09-05,42106812,PMC13285402,10.1186/s12917-026-05476-x,Breaking the culture habit: Complementing culture-based veterinary diagnostics with metagenomic data -A case study of feline and canine skin infections.,"Ottesen A, Kocurek B, Mammel MK, Charles SJ, Dietrich J, Pauley S, Cole SD, Rankin S, Ceric O.",,2026,2026-05-09,Y,MED
Q3_amr_core,2026-09-05,,,10.64898/2026.07.10.734579,amR: an R package suite to predict antimicrobial resistance in bacterial pathogens,"Ghosh A, Brenner EP, Boyer EA, McKim AP, Vang CK, Wolfe EP, Mayer DA, Lesiyon RL, Ravi J.",,2026,2026-07-13,N,PPR
Q3_amr_core,2026-09-05,,PMC13299584,,Machine Learning for CRISPR-Based Diagnostics,,,2026,2026-06-01,Y,PMC
Q3_amr_core,2026-09-05,,,10.21203/rs.3.rs-9230875/v1,"Beyond the Black Box: A Calibrated, Gene-Centric Pipeline for High-Precision Ciprofloxacin Resistance Prediction in Salmonella enterica",Barznji HN.,,2026,2026-03-27,N,PPR
Q3_amr_core,2026-09-05,41893632,PMC13030282,10.3390/vetsci13030216,Nanopore Sequencing in Veterinary Pathogen Detection: A Review of Technologies and Applications.,"Xu L, Zhao L, Tong Z, Peng K, Wang M, Li R, Wang Z, Li R.",,2026,2026-02-25,Y,MED
Q3_amr_core,2026-09-05,40924938,PMC12452192,10.1099/mgen.0.001498,Genomic analysis of the &lt;i&gt;Streptococcus pneumoniae&lt;/i&gt; in Taiwan: a nationwide study from 2006 to 2022.,"Cheng HR, Kuo SC, Lai JF, Wu HC, Chen FJ, Sytwu HK, Lo SW, Bentley SD, Huang YC.",,2025,2025-09-01,Y,MED
Q3_amr_core,2026-09-05,41724709,PMC12927950,10.1002/mbo3.70236,Genomic Epidemiology and Machine Learning-Based Drug Discovery for Antimicrobial Resistant Diarrheagenic Escherichia coli.,"Masood A, Noor F, Rehman A, Barq MG, Iqbal S, Ali MQ, Ahmad S, Naqvi SZH.",,2026,2026-02-01,Y,MED
Q3_amr_core,2026-09-05,41659813,PMC12876224,10.3389/fcimb.2025.1731083,MALDI-TOF MS in conjunction with machine learning: toward a new era for antimicrobial susceptibility testing.,"Wang M, Xia W, Du J, Ma H, Sun B, Jiang H, Xu J.",,2025,2026-01-23,Y,MED
Q3_amr_core,2026-09-05,42291306,PMC13253382,10.3389/fcimb.2026.1859508,Harnessing interpretable deep learning to predict resistance in &lt;i&gt;Klebsiella pneumoniae&lt;/i&gt;.,"Araujo NDMF, Chagas MDS, Santos MF, Pereira RFA, Brum RC, Pinheiro FR, Silveira MC, Duré FM, Müller BLA, de Souza AAA, Souza ABSR, de Souza ÁF, Carvalho-Assef APD, Moreira ADS, Dos Santos MT, Côrtes AMA, Penna BA, Chagas TPG, Aguiar-Alves F, da Silva FAB.",,2026,2026-05-28,Y,MED
Q3_amr_core,2026-09-05,42529233,PMC13416846,10.3389/fmicb.2026.1869585,"Identification, resistance mechanisms, and innovative therapeutic approaches against &lt;i&gt;Acinetobacter baumannii-calcoaceticus&lt;/i&gt; complex.","Daniyal D, Mao C, Shi H.",,2026,2026-07-08,Y,MED
Q3_amr_core,2026-09-05,42284356,PMC13278573,10.1371/journal.pbio.3003848,Evolutionary inference reveals global natural histories and predicted pathways of antimicrobial resistance in Klebsiella pneumoniae.,"Aga ONL, Moyo SJ, Manyahi J, Kibwana U, Löhr IH, Langeland N, Blomberg B, Johnston IG.",,2026,2026-06-12,Y,MED
Q3_amr_core,2026-09-05,41803129,PMC13100060,10.1038/s41467-026-70196-7,Distinct genomic trajectory among invasive Salmonella Typhimurium ST313 infections.,"Jia C, Zhou H, Cao Q, Huang C, An H, Li Y, Lan L, Yue M.",,2026,2026-03-09,Y,MED
Q3_amr_core,2026-09-05,42327525,PMC13277607,10.36519/idcm.2026.903,"Zoonotic Nontuberculous Mycobacteria: Transmission Pathways, Laboratory Diagnosis, Detection Methodologies, and One Health Priorities.","Maity H, Hiwale K, Meshram S, Shishodiya M, Pratyeke Maraskolhe D, Narang P.",,2026,2026-05-26,Y,MED
Q3_amr_core,2026-09-05,42209562,PMC13219461,10.1038/s41598-026-53037-x,Evaluating ensemble learning approaches for horizontal gene transfer detection.,"Wijaya AJ, Anžel A, Hattab G.",,2026,2026-05-28,Y,MED
Q3_amr_core,2026-09-05,40119500,PMC11934168,10.1080/21505594.2025.2481503,Assessment for antibiotic resistance in &lt;i&gt;Helicobacter pylori&lt;/i&gt;: A practical and interpretable machine learning model based on genome-wide genetic variation.,"Wang Y, Zheng S, Guo R, Li Y, Yin H, Qiu X, Chen J, Ni C, Yuan Y, Gong Y.",,2025,2025-03-21,Y,MED
Q3_amr_core,2026-09-05,41910330,PMC13170361,10.1128/jcm.01466-25,"Prediction of KPC-producing &lt;i&gt;Klebsiella pneumoniae&lt;/i&gt; by MALDI-TOF MS, ensemble learning, and spectral peak annotation.","Rodriguez-Temporal D, Gutiérrez-Pareja M, Gordy GG, Nahkala EM, Rodríguez-Sánchez B, Patel R.",,2026,2026-03-30,Y,MED
Q3_amr_core,2026-09-05,42201941,PMC13215497,10.1371/journal.pone.0349094,Advancing poultry health: A meta-analysis of epitope-based and peptide-based vaccines against Avian Pathogenic E. coli with machine learning insights.,"Waseem M, Kamran Z, Ali A.",,2026,2026-05-27,Y,MED
Q3_amr_core,2026-09-05,41224755,PMC12612154,10.1038/s41467-025-64950-6,Integration of metagenome-assembled genomes with clinical isolates expands the genomic landscape of gut-associated Klebsiella pneumoniae.,"Gupta S, Almeida A.",,2025,2025-11-12,Y,MED
Q3_amr_core,2026-09-05,42007334,PMC13082983,10.3389/fpubh.2026.1776922,Uncloaking the black-box: the need for explainable artificial intelligence in clinical microbiology and infectious diseases applications.,"Warrier SP, Narasimhan V, Meijer E, Gütlin Y, Nolte O, Veeraraghavan B, Egli A.",,2026,2026-04-02,Y,MED
Q3_amr_core,2026-09-05,42180248,PMC13194110,10.3389/fcimb.2026.1793808,Oxford Nanopore Sequencing in pediatric emergency infectious diseases: from rapid diagnosis to precision medicine.,"Guo Y, Cheng A, Huang Y.",,2026,2026-05-08,Y,MED
Q3_amr_core,2026-09-05,41541062,PMC12802363,10.1016/j.bsheal.2025.11.001,An explainable artificial intelligence framework reveals mutations associated with drug resistance in &lt;i&gt;Mycobacterium tuberculosis&lt;/i&gt;.,"Cen H, Zhang P, Ling Y, Zhao G, Zhang G.",,2025,2025-11-04,Y,MED
Q3_amr_core,2026-09-05,41199746,PMC12588577,10.3389/fgene.2025.1651917,aiGeneR 3.0: an enhanced deep network model for resistant strain identification and multi-drug resistance prediction in &lt;i&gt;Escherichia coli&lt;/i&gt; causing urinary tract infection using next-generation sequencing data.,"Nayak DSK, Pati A, Panigrahi A, Khan M, Alabdullah B, Sahoo SK, Sahu B, Almjally A, Mallik S, Swarnkar T.",,2025,2025-10-23,Y,MED
Q3_amr_core,2026-09-05,41753681,PMC12943268,10.3390/microorganisms14020394,Artificial Intelligence as a Catalyst for Antimicrobial Discovery: From Predictive Models to De Novo Design.,"Boudza R, Bounou S, Segura-Garcia J, Moukadiri I, Maicas S.",,2026,2026-02-06,Y,MED
Q3_amr_core,2026-09-05,41304116,PMC12654848,10.3390/microorganisms13112429,Genomic Surveillance and Resistance Profiling of Multidrug-Resistant &lt;i&gt;Acinetobacter baumannii&lt;/i&gt; Clinical Isolates: Clonal Diversity and Virulence Insights.,"Ristori MV, Pirona I, De Florio L, Aita SE, Macari G, Spoto S, Antonelli Incalzi R, Angeletti S.",,2025,2025-10-23,Y,MED
Q3_amr_core,2026-09-05,42370218,PMC13310060,10.2147/idr.s602699,Antimicrobial Peptides Against Antimicrobial-Resistant Bacteria: Focus on Machine Learning.,"Tahmasebi H, Arabestani MR.",,2026,2026-06-23,Y,MED
Q3_amr_core,2026-09-05,41244988,PMC12615354,10.1093/nargab/lqaf147,Network analysis of antimicrobial resistance in &lt;i&gt;Staphylococcus aureus&lt;/i&gt;: characterization of hub genes and their functional implications.,"Hasan MI, Smyth DS, Teufel AI.",,2025,2025-11-14,Y,MED
Q3_amr_core,2026-09-05,41156587,PMC12567046,10.3390/pathogens14100975,Reimagining Tuberculosis Control in the Era of Genomics: The Case for Global Investment in &lt;i&gt;Mycobacterium tuberculosis&lt;/i&gt; Genomic Surveillance.,Mboowa G.,,2025,2025-09-26,Y,MED
Q3_amr_core,2026-09-05,42455870,PMC13395434,10.1371/journal.pcbi.1014492,Popformer: Learning general signatures of positive selection with a self-supervised transformer.,"Zong L, Friedler SA, Mathieson S.",,2026,2026-07-15,Y,MED
Q3_amr_core,2026-09-05,42494527,PMC13391308,10.3389/fphar.2026.1761582,Next-generation hybrid bioanalytical platforms and clinical integration of TDM technologies for precision monitoring to optimize last-resort antibiotic therapy.,"Inamdar A, Beeraka NM, Hemanth Vikram PR, Gurupadayya B, Sanathan SR, Prashant A, Kumar TP, Nikolenko VN, Padmanabha Reddy Y, Kandula DR, Basappa B.",,2026,2026-07-09,Y,MED
Q3_amr_core,2026-09-05,41347242,PMC12672555,10.3389/fmicb.2025.1647437,Genomic evolution of enteric pathogens: mechanisms of pathogenicity and diagnostic innovations.,"Li T, Li J, Tang Z, Liu X, Yao S, Zhu J, Wang W, Huo L, Chen S, Zhang G, Liu Z.",,2025,2025-11-19,Y,MED
Q3_amr_core,2026-09-05,41828596,PMC12985205,10.3390/ijms27052378,"The &lt;i&gt;Citrobacter freundii&lt;/i&gt; Complex as an Emerging Pathogen: Genomic Plasticity, Virulence, and Antimicrobial Resistance.",Duduveche AE.,,2026,2026-03-04,Y,MED
Q3_amr_core,2026-09-05,41429182,PMC12721875,10.1111/1758-2229.70267,Antibiotic Resistance Crisis: From Bacterial Bioprospecting to Artificial Intelligence.,"Cunha-Ferreira IC, Vizzotto CS, Peixoto J, Krüger RH.",,2025,2025-12-01,Y,MED
Q3_amr_core,2026-09-05,41283681,PMC12710356,10.1128/msystems.00950-25,Unveiling the landscape of prokaryotic global regulators through deep protein language models.,"Geng J, Wu J, Luo S, Liu D, Nie J, Fan G, Sun Q, Hu S, Wu L.",,2025,2025-11-24,Y,MED
Q3_amr_core,2026-09-05,41971314,PMC13066166,10.3389/fmicb.2026.1770628,"Pathotype-specific antimicrobial resistance in diarrheagenic &lt;i&gt;Escherichia coli&lt;/i&gt;: gene variants, resistance mechanisms, and evolution of treatment strategies.","Kamal Raj D, Saravanan SK, Viswanathan A, Elavarasu SM, Nanda Kumar SK, Sridharan KS, Govindarajan A, Krishnan S, Ramasamy M.",,2026,2026-03-27,Y,MED
Q3_amr_core,2026-09-05,42332472,PMC13286454,10.1097/md.0000000000049373,Predictors of death in diabetes-associated Enterobacteriaceae sepsis: A Mendelian randomization and machine learning study.,"Lou H, Han K, Wang Y.",,2026,2026-06-01,Y,MED
Q3_amr_core,2026-09-05,42121722,PMC13163011,10.3390/ani16091302,Comparative Biofilmomics of Antimicrobial-Resistant &lt;i&gt;Salmonella&lt;/i&gt;: Serovar- and Host-Specific Signatures.,"Edison LK, Kariyawasam S.",,2026,2026-04-23,Y,MED
Q3_amr_core,2026-09-05,41751160,PMC12937605,10.3390/biomedicines14020261,Artificial Intelligence Drives Advances in Multi-Omics Analysis and Precision Medicine for Sepsis.,"Shen Y, Zhang P, Luo J, Chen S, Gu S, Lin Z, Tang Z.",,2026,2026-01-23,Y,MED
Q3_amr_core,2026-09-05,41749098,PMC13040912,10.1186/s12864-026-12635-9,Genomic and phenotypic characterization of Vibrio cholerae strain SU109: a genomic investigation of a shrimp-associated strain from Bangladesh.,"Chamonara K, Masum MHU, Uddin MS, Siddiqua A, Sultana S, Islam S.",,2026,2026-02-26,Y,MED
Q3_amr_core,2026-09-05,41148677,PMC12561749,10.3390/antibiotics14100985,"Phenotypic and Genotype Patterns of Antimicrobial Resistance in Non-Human Primates: An Overlooked ""One Health"" Concern.","Wen J, Okyere SK, Shi Y, Qu Y, Chen C.",,2025,2025-09-30,Y,MED
Q3_amr_core,2026-09-05,41594119,PMC12837372,10.3390/antibiotics15010082,Antimicrobial Resistance: How Can We Overcome the Problem?,"Sora VM, Wallet C, Meroni G, Loustau T, Rohr O, Zecconi A, Schwartz C.",,2026,2026-01-14,Y,MED
Q3_amr_core,2026-09-05,41113632,PMC12531165,10.3389/fmicb.2025.1673343,"Detecting antibiotic resistance: classical, molecular, advanced bioengineering, and AI-enhanced approaches.","Aldea AC, Diguṭă FC, Presacan O, Voaideṣ C, Toma RC, Matei F.",,2025,2025-10-03,Y,MED
Q3_amr_core,2026-09-05,41156630,PMC12567373,10.3390/pathogens14101019,Machine Learning-Based Characterization of &lt;i&gt;Bacillus anthracis&lt;/i&gt; Phenotypes from pXO1 Plasmid Proteins.,"Harrigan W, La THA, Dahal P, Belcaid M, Norris MH.",,2025,2025-10-08,Y,MED
Q3_amr_core,2026-09-05,40835633,PMC12368220,10.1038/s41598-025-14078-w,Prediction of antibiotic resistance from antibiotic susceptibility testing results from surveillance data using machine learning.,"Valavarasu S, Sangu Y, Mahapatra T.",,2025,2025-08-20,Y,MED
Q3_amr_core,2026-09-05,41843615,PMC13012505,10.1371/journal.pgen.1012091,Machine learning identifies novel signatures of antifungal drug resistance in Saccharomycotina yeasts.,"Harrison MC, Rinker DC, LaBella AL, Opulente DA, Wolters JF, Zhou X, Shen XX, Groenewald M, Hittinger CT, Rokas A.",,2026,2026-03-17,Y,MED
Q3_amr_core,2026-09-05,42450746,PMC13360156,10.3390/ani16132039,Genomic and Phenotypic Characterization of Avian-Derived &lt;i&gt;Limosilactobacillus reuteri&lt;/i&gt; Strains Showing Pathogen-Inhibiting Activity and Folate Production.,"Kuniyoshi TM, Blanco I, Almeida JVDA, Matajira CEC, Cucick ACC, Oliveira TF, Sabo SDS, Frota EG, Azevedo POS, Sanca FMM, Knirsch MC, Oliveira MM, Varani AM, Oliveira RPS.",,2026,2026-07-02,Y,MED
Q3_amr_core,2026-09-05,42510974,PMC13409061,10.3390/cimb48070734,Pipettes and Pipelines: The Weapons of Omics Sciences for a New Age of Clinical Studies.,"Lopes ÍS, Fukutani ER, Mota TF, Andrade BB, Araújo-Pereira M, Queiroz ATL.",,2026,2026-07-18,Y,MED
Q3_amr_core,2026-09-05,41824322,PMC12987596,10.1099/mgen.0.001535,Genetic traits of IncK2 plasmids and the &lt;i&gt;Escherichia coli&lt;/i&gt; host underlying the association to the chicken gut.,"Rozwandowicz M, AbuOun M, Alba P, Anjum MF, Zając M, Brouwer MSM, Börjesson S, Caniça M, Carfora V, Diaconu EL, Doublet B, Gates D, Hammerl JA, Hasman H, Haverkamp THA, Hendrickx APA, Lindsjö OK, Manageiro V, Mo SS, Myrenås M, Rizzardi K, Schau Slettemeås J, Sunde M, van Duijkeren E, van Hoek AHAM, ",,2026,2026-03-01,Y,MED
Q3_amr_core,2026-09-05,42484785,PMC13391680,10.1007/s11259-026-11411-0,Evolution of swine influenza surveillance and one health governance in Taiwan: from zoonotic risk management to integrated preparedness.,"Lin CH, Lin TM, Lin MW, Lin CS.",,2026,2026-07-22,Y,MED
Q3_amr_core,2026-09-05,39935761,PMC11811736,10.1093/nargab/lqaf005,Current state and future prospects of Horizontal Gene Transfer detection.,"Wijaya AJ, Anžel A, Richard H, Hattab G.",,2025,2025-02-11,Y,MED
Q3_amr_core,2026-09-05,41391586,,10.1016/j.jgar.2025.11.021,Integrative machine learning approaches with genomic data for predicting antitubercular drug resistance: A systematic review and meta-analysis.,"Shrivastava R, Sharma K, Mishra S, Parihar P, Das G, Pandey KM, Maurya AK, Sharma VK, Mishra A, Kushwaha S, Khandia R, Yadav KS, Malhotra AG, Agrawal A, Singh J, Pandey MK.",,2026,2025-12-12,N,MED
Q3_amr_core,2026-09-05,42448697,PMC13369868,10.1038/s41467-026-75659-5,Profiling the gut resistome to unlock antimicrobial resistance biology and inform clinical risk.,"Chaudhry Z, Cazares A, Thomson N, Heyderman RS.",,2026,2026-07-15,Y,MED
Q3_amr_core,2026-09-05,42494956,PMC13391275,10.3389/fvets.2026.1850860,Differentiating commensal and disease-associated &lt;i&gt;Enterococcus cecorum&lt;/i&gt; isolates in poultry using protein sequences.,"Ayoola MB, Krishnan BS, Nanduri B, Rhoads DD, Ramkumar M.",,2026,2026-07-09,Y,MED
Q3_amr_core,2026-09-05,39639222,PMC11622658,10.1186/s12879-024-10282-7,Machine learning-based prediction of antibiotic resistance in Mycobacterium tuberculosis clinical isolates from Uganda.,"Babirye SR, Nsubuga M, Mboowa G, Batte C, Galiwango R, Kateete DP.",,2024,2024-12-05,Y,MED
Q3_amr_core,2026-09-05,42181278,PMC13197638,10.1016/j.isci.2026.115892,Diversity of antibiotic resistance genes increases in urbanized lakes: A multi-tool screening.,"De Yebra P, Zoccarato L, Galindo JA, Numberger D, Abdulkadir N, Grossart HP, Greenwood AD.",,2026,2026-04-27,Y,MED
Q3_amr_core,2026-09-05,40851801,PMC12367658,10.3389/fcimb.2025.1641385,Whole-genome sequencing and machine learning reveal key drivers of delayed sputum conversion in rifampicin-resistant tuberculosis.,"Fang Q, Li X, Lu Y, Gao J, Wu Y, Chen Y, Che Y.",,2025,2025-08-07,Y,MED
Q3_amr_core,2026-09-05,40872707,PMC12390266,10.3390/vetsci12080757,"&lt;i&gt;Staphylococci&lt;/i&gt; in Livestock: Molecular Epidemiology, Antimicrobial Resistance, and Translational Strategies for One Health Protection.","Elbehiry A, Marzouk E.",,2025,2025-08-13,Y,MED
Q3_amr_core,2026-09-05,41213976,PMC12603021,10.1038/s41522-025-00833-4,Harnessing machine learning to predict antibiotic susceptibility in Pseudomonas aeruginosa biofilms.,"Vergauwe F, De Waele G, Sass A, Highmore C, Hanrahan N, Cook Y, Lichtenberg M, Cnockaert M, Vandamme P, Mahajan S, Webb JS, Van Nieuwerburgh F, Bjarnsholt T, Waegeman W, Coenye T.",,2025,2025-11-10,Y,MED
Q3_amr_core,2026-09-05,,,10.64898/2026.03.09.710302,Pairing Data Independent Acquisition and High-Resolution Full Scan for Fast Urinary Tract Infection Diagnosis,"Coyle E, Lacombe-Rastoll A, Roux-Dalvai F, Leclercq M, Bories P, Bérubé È, Gotti C, Bekker-Jensen D, Bache N, Isabel S, Droit A.",,2026,2026-03-11,N,PPR
Q3_amr_core,2026-09-05,40227048,PMC12057382,10.1128/aac.01082-24,Genomics for antimicrobial resistance-progress and future directions.,"Sherry NL, Lee JYH, Giulieri SG, Connor CH, Horan K, Lacey JA, Lane CR, Carter GP, Seemann T, Egli A, Stinear TP, Howden BP.",,2025,2025-04-14,Y,MED
Q3_amr_core,2026-09-05,42561151,PMC13446512,10.1093/bib/bbag420,Data-intensive immune network modelling for One Health.,"Hillis R, Johari NBA, Shirali M, Overton IM.",,2026,2026-07-01,Y,MED
Q3_amr_core,2026-09-05,41978380,PMC13076943,10.1093/bib/bbag107,Artificial intelligence drives the identification and screening of novel antibiotics and antimicrobial peptides.,"Zhou Q, Sun L, Ou Y, Liu H, Gao J, Dai R, Li Y, Cheng G, Tao Y, Pan Y, Huang L.",,2026,2026-03-01,Y,MED
Q3_amr_core,2026-09-05,41660431,PMC12876236,10.3389/fcimb.2026.1783280,Editorial: Perspectives in clinical microbiology for combating multi-drug resistant bacterial infections: 2024/2025.,"Rudrapal M, Estrada-Garcia T.",,2026,2026-01-23,Y,MED
Q3_amr_core,2026-09-05,41734190,PMC12931790,10.1371/journal.pone.0339042,You Only Look Once (YOLO) based machine learning algorithm for real-time detection of loop-mediated isothermal amplification (LAMP) diagnostics.,"Mezgebo B, Chaffee R, Castellanos LR, Ashraf S, Burke-Gaffney J, Pitout JDD, Iorga BI, MacDonald ME, Pillai DR.",,2026,2026-02-24,Y,MED
Q3_amr_core,2026-09-05,42340507,PMC13294327,10.1007/s00253-026-13906-x,Comparative genomic analysis of RNA-binding proteins across some drug resistant and sensitive Staphylococcus aureus.,"Awad MM, Osman YA, Abdelmoteleb M.",,2026,2026-06-24,Y,MED
Q3_amr_core,2026-09-05,41699469,PMC12983536,10.1186/s12864-026-12628-8,Genetic structure analysis of a Northwest Chinese population using a self-developed DIP system and machine learning for forensic ancestry inference.,"Cai M, Shen R, Shi X, Wu Y, Luo L, Liang Q, Zhu B.",,2026,2026-02-16,Y,MED
Q3_amr_core,2026-09-05,41988658,PMC13084545,10.1093/jac/dkag131,Genome-wide association studies builds a predictive model and reveals novel resistance features for macrolide-resistant Bordetella pertussis.,"Chen J, Liang G.",,2026,2026-04-01,Y,MED
Q3_amr_core,2026-09-05,40149106,PMC11939754,10.3390/antibiotics14030296,Metagenomics as a Transformative Tool for Antibiotic Resistance Surveillance: Highlighting the Impact of Mobile Genetic Elements with a Focus on the Complex Role of Phages.,"Olsen NS, Riber L.",,2025,2025-03-12,Y,MED
Q3_amr_core,2026-09-05,,,10.64898/2026.07.03.26357218,Genomic Epidemiology of Multi-Modal ESBL Gene Transmission among Enterobacterales in a Neonatal Unit,"Parker MJ, Hopkins K, Chau K, Cregan J, Oakley S, Barrett L, Jeffrey K, Butler L, Paulus S, Young B, Eyre DW, Fowler PW, Stoesser N, Sanderson N, Bejon P.",,2026,2026-07-06,Y,PPR
Q3_amr_core,2026-09-05,41361265,PMC12817740,10.1186/s12866-025-04586-0,Global landscape of antibiotic resistance genes in the human gut microbiome metagenome-assembled genomes.,"Wang C, Wang C, Chen S, Shi K, Yu J, Ding Y, Yue Y, Hua Y, Wang H, Chen J.",,2025,2025-12-09,Y,MED
Q3_amr_core,2026-09-05,42046161,PMC13126709,10.1186/s13756-026-01753-4,Prospective genomic and epidemiologic surveillance of Klebsiella pneumoniae in a tertiary NICU.,"Böhne C, Baier C, Erdmann J, Ebadi E, Zirkler C, Lindenberg M, Schlüter D, Pirr S, Peter C, Bohnhorst B, Knegendorf L.",,2026,2026-04-27,Y,MED
Q3_amr_core,2026-09-05,41753730,PMC12942976,10.3390/microorganisms14020444,A One Health Perspective on &lt;i&gt;Proteus mirabilis&lt;/i&gt;: The Interaction of Virulence and Antimicrobial Resistance Across Human and Animal Reservoirs.,"Hasona IF, Awad A, Younis G, Mohamed WF.",,2026,2026-02-12,Y,MED
Q3_amr_core,2026-09-05,41301619,PMC12649687,10.3390/antibiotics14111124,Molecular Epidemiological Surveillance of Carbapenem-Resistant Gram-Negative Bacteria in Southern Lebanon.,"Al Souheil A, Hussein H, Jabbour Z, Barada S, Gerges JR, Derbaj G, Kurdi A, Kazma HJ, Nahouli N, Najem AH, Medlej A, Zorkot W, Hajj RE, Khalil MI, Matar GM, Abou Fayad A.",,2025,2025-11-07,Y,MED
Q3_amr_core,2026-09-05,41473103,PMC12745486,10.3389/fvets.2025.1699077,Molecular detection of antimicrobial resistance in livestock mycoplasmas: current status and future prospects.,"Sulyok KM, Kreizinger Z, Földi D, Kovács ÁB, Grózner D, Manso-Silván L, Bokma J, Heuvelink AE, Klose SM, Feberwee A, Catania S, Ramirez Corbera AS, Vaz PK, Boland C, Ganapathy K, Gautier-Bouchardon AV, Becker CAM, Tardy F, Lysnyansky I, Gyuranecz M.",,2025,2025-12-15,Y,MED
Q3_amr_core,2026-09-05,42346858,PMC13304419,10.3390/medsci14020319,From Species Identification to Empirical Therapy: A Machine Learning and Rule-Based Decision Support Framework for Antifungal Resistance Prediction in ICU &lt;i&gt;Candida&lt;/i&gt; Infections.,"Solomon MP, Mahler B, Ditu LM, Popescu O, Zugravu CA, Manolescu LSC.",,2026,2026-06-15,Y,MED
Q3_amr_core,2026-09-05,41783494,PMC12953079,10.3389/fmicb.2026.1729846,Genomic diversity and host-specificity in &lt;i&gt;Corynebacterium pseudotuberculosis&lt;/i&gt; using comparative population genomics.,"Profeta R, Schlesener CL, Shaw CA, Busch RC, Heller MC, Spier S, Wu J, Welch S, Viana MVC, Barroso FAL, Brenig B, Azevedo V, Weimer BC.",,2026,2026-02-17,Y,MED
Q3_amr_core,2026-09-05,41366288,PMC12817779,10.1186/s12866-025-04570-8,"Integrative computational modeling framework linking mycotoxin contamination, microbial hazards, and antimicrobial resistance risk in dairy systems.","Khan R, Khan S, Pari B.",,2025,2025-12-09,Y,MED
Q3_amr_core,2026-09-05,42417745,PMC13340917,10.1590/s1984-29612026023,"Next-generation molecular tools in veterinary parasitology: advances, challenges, and perspectives in the diagnosis of emerging parasites.","Antunes TPB, Antunes E.",,2026,2026-07-06,Y,MED
Q3_amr_core,2026-09-05,41374325,PMC12691374,10.3390/diagnostics15232944,Next-Generation Sequencing for Bloodstream Infections: Shaping the Future of Rapid Diagnostics and Precision Medicine.,"Elbehiry A, Marzouk E, Edrees HM, Abdelsalam MH, Aljizani F, Alqarni S, Khateeb E, Alzaben F, Ibrahem M, Mousa AM, Huraysh N, Abu-Okail A.",,2025,2025-11-21,Y,MED
Q3_amr_core,2026-09-05,42165580,PMC13274421,10.1128/aem.00125-26,"Diversity and function of OXA-48-like β-lactamase variants in environmental &lt;i&gt;Shewanella&lt;/i&gt; isolates from Stockholm, Sweden.","Fernández-Juárez V, Petrovic M, Mihindukulasooriya I, Joffré E, Sjöling Å, Martín-Rodríguez AJ.",,2026,2026-05-21,Y,MED
Q3_amr_core,2026-09-05,41526362,PMC12894696,10.1038/s41522-025-00905-5,Cross-cohort resistome and virulome gradients structure the colorectal cancer microbiome.,"Ascandari A, Aminu S, Benhida R, Daoud R.",,2026,2026-01-12,Y,MED
Q3_amr_core,2026-09-05,41462140,PMC12859941,10.1186/s12879-025-12320-4,"The impact of artificial intelligence on the prescribing, selection, resistance, and stewardship of antimicrobials: a scoping review.","Al Mazrouei N, Ahmed Elnour A, Badi S, Alsulami FT, Awadallah Mohamed Saeed A, Awad Al-Kubaisi K, Menon V, Yousif Khidir I, Ismail M, Osman Mahagoub MM, Ramisetti AK, Elkarib R.",,2025,2025-12-30,Y,MED
Q3_amr_core,2026-09-05,41152776,PMC12570710,10.1186/s12879-025-11900-8,Evaluating antimicrobial resistance and clinical outcomes in surgical ICU using a machine learning perspective: a retrospective observational study.,"Ziaian B, Yousufzai S, Karami M, Ebrahimi A, Ghahramani S, Saadat A, Dehghaninazhvani S, Roghani-Shahraki H, Abdollahzade R, Moradi S, Rahmanian A, Zulfiqar B, Sharifi S, Yousefi A, Tadayon A, Hosseini H.",,2025,2025-10-28,Y,MED
Q3_amr_core,2026-09-05,40906401,PMC12383765,10.3390/biology14081075,From Panels to Pathogen Networks: The Expanding Role of Targeted Sequencing in Veterinary Medicine.,"Luo J, Lu W, Liu R, Zhang S, Cao J, Ma C.",,2025,2025-08-18,Y,MED
Q3_amr_core,2026-09-05,42403824,PMC13332742,10.7759/cureus.110241,"Artificial Intelligence for Neonatal Sepsis Prediction: A Review of Advances, Clinical Integration, and Future Prospects.","Ndubuisi JO, Chimaoge Henry I, Ibekie OG, Oniah W, Purity GT, Nnamani JC, Omofuma OM, Chimdike UD, Divine N, Obidiegwu IJ, Jessica Ifunanya U, Okonkwo P, Ibekie O, Chinenye Benita N, Ashinze P.",,2026,2026-06-04,Y,MED
Q3_amr_core,2026-09-05,,,10.64898/2026.08.12.744533,A comprehensive phage-bacteria interaction atlas links phage lineage and capsule serotype to genome-guided machine learning prediction in  <i>Klebsiella pneumoniae</i>,"Selvakumar H, Noonan AJC, Rotman E, Alayouni M, Piya D, Maucourt F, Koderi Valappil S, Svab M, Oriheula B, Cowser G, Murray I, Bousliman C, Kazakov A, Deutschbauer AM, Roux S, Mimee M, Arkin AP, Mutalik VK.",,2026,2026-08-13,N,PPR
Q3_amr_core,2026-09-05,41888601,PMC13022334,10.1038/s44259-026-00192-w,Artificial intelligence for early detection and risk prediction of antimicrobial resistance in aquatic ecosystems.,"Calero-Cáceres W, Tavella RA, Sellera FP, Balcazar JL, Rodriguez-Manzano J, Cayô R, Lincopan N, Gales AC, Schenkman S, Ruan Z, Stehling EG, Furlan JPR.",,2026,2026-03-26,Y,MED
Q3_amr_core,2026-09-05,41096595,PMC12524605,10.3390/ijms26199326,Bacterial Systematic Genetics and Integrated Multi-Omics: Beyond Static Genomics Toward Predictive Models.,"Sakaguchi T, Irifune Y, Kamada R, Sakaguchi K.",,2025,2025-09-24,Y,MED
Q3_amr_core,2026-09-05,41923798,PMC13036143,10.3389/fbinf.2026.1749404,"Recent advances in computational antimicrobial peptide discovery through big data, modeling, and artificial intelligence and their interplay in ushering the next golden era of drug development.","Ibisanmi TA, Jiang X, Willcox M, Kumar N.",,2026,2026-03-17,Y,MED
Q3_amr_core,2026-09-05,42475384,PMC13384285,10.1371/journal.pone.0354014,Exosomal gene-based predictive model and therapeutic target identification for Alzheimer's disease: A bioinformatics analysis.,"Ma L, Wang D, Li Z, Ye G, Chen M.",,2026,2026-07-20,Y,MED
Q3_amr_core,2026-09-05,40928958,PMC12452170,10.1099/mgen.0.001421,AmpliconTyper - a tool for analysing ONT multiplex PCR data from environmental and other complex samples.,"Spadar A, Mahindroo J, Troman C, Owusu M, Adu-Sarkodie Y, Owusu-Dabo E, Abraham D, Benny B, Govindan K, Mohan VR, Dyson ZA, Grassly N, Holt KE.",,2025,2025-09-01,Y,MED
Q3_amr_core,2026-09-05,41937887,PMC13050177,10.2147/tcrm.s596651,Artificial Intelligence in the Diagnosis and Management of Pulmonary Tuberculosis: A Review of Current Applications and Future Perspectives.,"Ou Y, Zhang Q, Meng C, Zhou X, Na M, Yu Z, Ma W, Huang C.",,2026,2026-03-31,Y,MED
Q3_amr_core,2026-09-05,42391309,PMC13339827,10.1099/mic.0.001720,Investigating the mobility and host range of mobile genetic elements harbouring antimicrobial resistance genes in enterococci.,"Kim JI, Zaheer R, Zovoilis A, Van Domselaar G, Zaidi SE, Haight T, Beiko RG, McAllister TA.",,2026,2026-07-01,Y,MED
Q3_amr_core,2026-09-05,41512899,PMC13108401,10.1016/j.lanmic.2025.101277,Implementation and outcomes of a rapid response genomic hospital epidemiology programme at an academic medical centre over 7 years.,"Chu VT, Spottiswoode N, Ward R, Yokoe DS, Ramirez-Avila L, Phelps MS, Glascock A, Crawford ED, Kamm J, Hao S, Li L, Dynerman D, Waltari E, Nafees S, Kalantar KL, Caldera S, Madera S, Guerrero ES, Ivashin D, Serpa PH, Love C, Mwakibete LL, Doernberg SB, Kistler A, Alvino R, Engel J, Chiu CY, Pak C, C",,2026,2026-01-06,Y,MED
Q3_amr_core,2026-09-05,,,10.64898/2026.06.03.26354630,Integrating patient movement and pathogen genomics to support hospital infection prevention with PathoPath: a method development study,"Sajib MS, Tanmoy AM, Kanon N, Jui AB, Islam MS, Dola NZ, Hossain MM, Mobarak R, Shahidullah M, Hoque M, Uddin Ahmed AN, Holmes AH, Saha SK, Saha S, Wan Y, Hooda Y.",,2026,2026-06-05,Y,PPR
Q3_amr_core,2026-09-05,41471968,PMC12736159,10.3390/microorganisms13122766,Cell-to-Cell and Patient-to-Patient Variability in Antimicrobial Resistance.,"Huang X, Huang J, Zhong CC, Wong MCS.",,2025,2025-12-04,Y,MED
Q3_amr_core,2026-09-05,42121141,PMC13335061,10.1186/s12911-026-03528-8,Machine learning-driven decision support for antibiotic optimization in typhoid fever based on patient profiles.,"Ssemuyiga C, Saru E, Aleshinloye YA.",,2026,2026-05-12,Y,MED
Q3_amr_core,2026-09-05,42513915,PMC13414185,10.3390/microorganisms14071409,"Cross-Species Dissemination of Pandrug-Resistant &lt;i&gt;Acinetobacter baumannii&lt;/i&gt; in Humans and Poultry in Egypt: Unveiling Shared Clones, Resistance Mechanisms, and Severe Clinical Outcomes.","El-Demerdash AS, Eid S, Alfaraj R, Al Atfeehy NM, ElBadawy NE, Saleh GK, Bakry NR, Farouk H, Sakr E, El-Malt RMS.",,2026,2026-06-26,Y,MED
Q3_amr_core,2026-09-05,,,10.1101/2025.09.22.677784,Machine learning based lineage prediction from AMR phenotypes for Escherichia coli ST131 clade C surveillance across infection types,"Ross TA, Pöntinen AK, Holsbø E, Samuelsen Ø, Hegstad K, Kampffmeyer M, Corander J, Gladstone RA.",,2025,2025-09-24,N,PPR
Q3_amr_core,2026-09-05,38500034,PMC10946178,10.1186/s12864-024-10214-4,Generalizability of machine learning in predicting antimicrobial resistance in E. coli: a multi-country case study in Africa.,"Nsubuga M, Galiwango R, Jjingo D, Mboowa G.",,2024,2024-03-18,Y,MED
Q3_amr_core,2026-09-05,42052092,PMC13111009,10.3389/fcimb.2026.1783836,Cross-species transmission of &lt;i&gt;bla&lt;/i&gt; &lt;sub&gt;NDM-5&lt;/sub&gt;-IncX3 plasmids: molecular mechanisms and One Health-based strategies for CREC control.,"Xu B, Liu L, Fu H, Liu M, Li X.",,2026,2026-04-13,Y,MED
Q3_amr_core,2026-09-05,42369007,PMC13303925,10.3389/frai.2026.1859410,"Artificial intelligence for infection surveillance, risk stratification, and antimicrobial decision support in acute-care hospitals: a scoping review.","Mustafa MH, Abu-Mahfouz MS, Saleh SA, Almagharbeh WT, Alturaiki SM, El Arab RA.",,2026,2026-06-12,Y,MED
Q3_amr_core,2026-09-05,40993121,PMC12460886,10.1038/s41467-025-64018-5,"GPS Pipeline: portable, scalable genomic pipeline for Streptococcus pneumoniae surveillance from Global Pneumococcal Sequencing Project.","Hung HCH, Kumar N, Dyster V, Yeats C, Metcalf B, Li Y, Hawkins PA, McGee L, Bentley SD, Lo SW.",,2025,2025-09-24,Y,MED
Q3_amr_core,2026-09-05,41748884,PMC12945930,10.1007/s10482-026-02265-2,Laboratory strategies for the identification of Burkholderia species: From classical phenotyping to advanced genomic and proteomic approaches.,"Silva-Santana G, de Sales FLS, Brandão MLL.",,2026,2026-02-27,Y,MED
Q3_amr_core,2026-09-05,41137523,PMC12562794,10.1080/19490976.2025.2569739,G&lt;b&gt;ut microbiome metagenomics in clinical practice: bridging the gap between research and precision medicine&lt;/b&gt;.,"Tegegne HA, Savidge TC.",,2025,2025-10-25,Y,MED
Q3_amr_core,2026-09-05,42058254,PMC13122421,10.32592/ari.2025.80.4.819,The Role of Artificial Intelligence and Machine Learning in Advancing Animal Biotechnology: A Review.,"Siva Kiran RR, Dhamodhar P.",,2025,2025-08-30,N,MED
Q3_amr_core,2026-09-05,41183489,,10.1093/lambio/ovaf127,Comparative genomics reveals antimicrobial resistance and population structure of chicken-associated Salmonella enterica serotype Typhimurium in the United States.,"Chen Z, Cui M.",,2025,2025-11-01,N,MED
Q3_amr_core,2026-09-05,39843763,PMC11721068,10.1038/s44259-024-00058-z,Conference report of the 2024 Antimicrobial Resistance Meeting.,"Chong CE, Pham TM, Carey ME, Wee BA, Taouk ML, Favieres JF, Moore CE, Dyson ZA, Lim C, Brown CL, Williamson D, Opatowski L, Outterson K, Mukiri KM, Sherry NL, Essack SY, Brisse S, Grad YH, Baker KS.",,2024,2024-11-29,Y,MED
Q3_amr_core,2026-09-05,41512299,PMC12857576,10.1093/bioinformatics/btag005,PanForest: predicting genes in genomes using random forests.,"Beavan AJS, Domingo-Sananes MR, McInerney JO.",,2026,2026-01-01,Y,MED
Q3_amr_core,2026-09-05,41742841,PMC13159146,10.1002/advs.74581,A Genomic Catalog of Migratory Microbiomes from Wild Birds across China's Habitats.,"Wang Y, Wu H, Qu M, Zhang C, Xu Z, Pei Y, Zhao C, Wang J, Ma S, Lyu N, Xu X, Bi Y, Zhu B, Gao GF.",,2026,2026-02-26,Y,MED
Q3_amr_core,2026-09-05,41594129,PMC12837905,10.3390/antibiotics15010092,"Burden of Bacterial Antimicrobial Resistance in Libya, 1970-2024: A Systematic Meta-Analysis with Projections to 2050.","Bleiblo FA, El-Awamie MW, Elsharif NA, Feetouri MM, Alogali IS, Mohamed AA, Aloriby MA, El Salabi AA, Bader TS, Moftah SA, Alqabbasi OS, Abdeldaim GM, Almajbry EM, Khamid MM, Hasen YM, Layas Y, Shamsi SS, Milad AM, Alamami AD, Elraid GH, Hamed AS, Altajouri AA.",,2026,2026-01-16,Y,MED
Q3_amr_core,2026-09-05,41561082,PMC12812873,10.3389/fcimb.2025.1726881,"Genomic insights into antibiotic resistance, virulence traits and phylogenetic lineages of 141 clinical &lt;i&gt;Helicobacter pylori&lt;/i&gt; isolates from Eastern China.","Wang P, Zhao J, Lv B, Zhang X, Li M, Chen S, Fan B, Wang W.",,2025,2026-01-05,Y,MED
Q3_amr_core,2026-09-05,41712449,PMC12919940,10.1099/jgv.0.002198,"Isolation, characterization and genomic analysis of a novel lytic bacteriophage EcoPhCCP1, capable of infecting multiple strains of multidrug-resistant &lt;i&gt;Escherichia coli&lt;/i&gt; recovered from urinary tract infections.","Parra B, Sandoval M, Matus-Köhler M, Rivera D, Hepp MI, Opazo-Capurro A, González-Rocha G.",,2026,2026-02-01,Y,MED
Q3_amr_core,2026-09-05,42379827,PMC13435937,10.1128/spectrum.03956-25,Comparative evaluation of EUCAST RAST and QuickMIC for rapid antimicrobial susceptibility testing of carbapenem-resistant organisms directly from positive blood cultures.,"Degel-Brossmann N, Kimkes T, Reibenspies L, Huang J, Seifert H, Higgins P, Christner M, Aepfelbacher M, Johansson C, Malmberg C, Rohde H, Berinson B.",,2026,2026-06-30,Y,MED
Q3_amr_core,2026-09-05,40082590,PMC11906734,10.1038/s44259-025-00085-4,How AI can help us beat AMR.,"Arnold A, McLellan S, Stokes JM.",,2025,2025-03-13,Y,MED
Q3_amr_core,2026-09-05,40871373,PMC12388624,10.3390/microorganisms13081869,Combating Antimicrobial Resistance: Innovations and Strategies.,Koumaki V.,,2025,2025-08-11,Y,MED
Q3_amr_core,2026-09-05,40969435,PMC12440979,10.3389/fmicb.2025.1665685,"Diagnosis of nontuberculous mycobacterial infections using genomics and artificial intelligence-machine learning approaches: scope, progress and challenges.","Murthy MK, Gupta VK, Maurya AP.",,2025,2025-09-03,Y,MED
Q3_amr_core,2026-09-05,42212790,PMC13289057,10.1128/msystems.00144-26,Moving from a taxonomic to a functional perspective in global microbiome analysis requires optimizing multiplexing ratios.,"Zielińska K, Pantiukh K, Org E, Łabaj PP, Kosciolek T.",,2026,2026-05-29,Y,MED
Q3_amr_core,2026-09-05,41459164,PMC12738355,10.3389/fcimb.2025.1658476,Epidemiological shifts and advances in research on early diagnosis of invasive fungal infection in critically ill patients.,"Cao Y, Li Y, Wang M, Wu Y, Shi S, Wang C, Gao Z, Yang W, Wang L, Kang H.",,2025,2025-12-11,Y,MED
Q3_amr_core,2026-09-05,40522106,PMC12323314,10.1128/spectrum.01200-25,Comparison of virulence and resistance genes in &lt;i&gt;Mannheimia haemolytica&lt;/i&gt; and &lt;i&gt;Pasteurella multocida&lt;/i&gt; from dairy cattle with and without bovine respiratory disease.,"Garzon A, Miramontes C, Weimer BC, Profeta R, Hoyos-Jaramillo A, Fritz HM, Pereira RV.",,2025,2025-06-16,Y,MED
Q3_amr_core,2026-09-05,39816336,PMC11734142,10.1016/j.heliyon.2024.e34719,Integrative genomics would strengthen AMR understanding through ONE health approach.,"Liu CSC, Pandey R.",,2024,2024-07-17,Y,MED
Q3_amr_core,2026-09-05,42115616,PMC13376353,10.1038/s41467-026-72713-0,Direct carbapenemase typing from disc diffusion antibiograms with MALCA (MAchine Learning CArbapenemase).,"Emeraud C, Benzerara Y, De Swardt H, Aubry A, Veziris N, Jousset AB, Rezzoug I, Latour L, Pages A, Ronsin S, Poignon C, Bonnin RA, Matondo M, Giai Gianetto Q, Dortet L, Godmer A.",,2026,2026-05-11,Y,MED
Q3_amr_core,2026-09-05,42278616,PMC13256776,10.3390/ijms27115092,Evolving Approaches to Bacterial Identification: A Review of Classical and Modern Techniques.,"Gajic I, Jovicevic M, Kekic D, Kabic J, Vicic I, Lukovic B, Tomic A, Sovljanski O, Skoric M, Sikanic I, Jankovic M, Smitran A, Bozic L, Golic B, Basic J, Karabasil N, Opavski N.",,2026,2026-06-04,Y,MED
Q3_amr_core,2026-09-05,42058049,PMC13123501,10.1016/j.dib.2026.112780,"Whole Genome sequencing data of &lt;i&gt;Pseudomonas aeruginosa&lt;/i&gt; strain PA-Mosul-25, harboring the &lt;i&gt;bla&lt;/i&gt; &lt;sub&gt;VEB-9&lt;/sub&gt; ESBL gene, isolated from a hospital environment in Nineveh, Iraq.","Saeed HK, Salih TS.",,2026,2026-04-16,Y,MED
Q3_amr_core,2026-09-05,42389321,PMC13320555,10.1016/j.soh.2026.100163,Surveillance and response to emerging and re-emerging zoonotic diseases: advancing One Health from evidence to action.,"Feng XY, Frutos R, Zhu XQ, Serra-Cobo J, Zhou XN.",,2026,2026-06-08,Y,MED
Q3_amr_core,2026-09-05,42513907,PMC13414098,10.3390/microorganisms14071401,"Dynamic Bacterial Communities, Resistome-Virulome Coupling, and Biomonitoring Paradigms at Direct Sea Discharge Outlets: An Integrated Microbiome Perspective for Coastal Pollution Control.","Wang B, Jia S, Chen L, Zhang M.",,2026,2026-06-25,Y,MED
Q3_amr_core,2026-09-05,41957589,PMC13191928,10.1186/s12866-026-05019-2,Machine learning prediction of antibiotic resistance in Gram-negative pneumonia: a clinical-genomic integrated model.,"Guan J, Chen Z, Wang H, Li W, Ye F, Li S.",,2026,2026-04-09,Y,MED
Q3_amr_core,2026-09-05,42559685,PMC13443453,10.1093/nar/gkag756,Functional analysis of natural variation in the RNA-binding protein CsrA across the bacterial domain predicts regulatory activity.,"Winkelman JT, Yarberry E, Fanouraki G, Winkelman JD, Mukherjee S.",,2026,2026-07-01,Y,MED
Q3_amr_core,2026-09-05,42422065,PMC13341293,10.3389/fphar.2026.1837055,Machine learning-driven discovery of antimicrobial peptides against &lt;i&gt;Pseudomonas aeruginosa&lt;/i&gt;.,"Zhang Y, Sun X, Li H, Li D, Yu C, Zhao B, Zhou Y, Zhu YZ, Zhao R.",,2026,2026-06-24,Y,MED
Q3_amr_core,2026-09-05,42031767,PMC13315309,10.1038/s41467-026-72225-x,Convolutional neural networks quantify antibiotic resistance in Mycobacterium tuberculosis with diagnostic grade accuracy and predict treatment response.,"Kulkarni SG, Green AG, Mann BC, Malatesta S, Kulkarni-Goodwin S, Cesare N, Mulaudzi S, Rawoot N, MIC-ML Consortium, Warren RM, Jacobson KR, Farhat MR.",,2026,2026-04-24,Y,MED
Q3_amr_core,2026-09-05,42387654,PMC13321647,10.1186/s40794-026-00309-z,Balancing innovation and risk: artificial intelligence in travel medicine.,van Genderen PJJ.,,2026,2026-07-01,Y,MED
Q3_amr_core,2026-09-05,42326740,PMC13275401,10.3389/fbinf.2026.1801685,Machine learning-based classification of COVID-19 severity using respiratory microbiome profiles from shotgun metagenomic sequencing.,"Avina-Bravo EG, García-Lorenzo I, Alfaro-Ponce M, Breton-Deval L.",,2026,2026-06-04,Y,MED
Q3_amr_core,2026-09-05,41010359,PMC12471524,10.3390/life15091417,Prophage Activation: An In Silico Platform for Identifying Prophage Regulatory Elements to Inform Phage Engineering Against Drug-Resistant Bacteria.,"Musrrat S, Han Z, Wang K, Huang Y, Xiang Y, Liu S, Yin W.",,2025,2025-09-09,Y,MED
Q3_amr_core,2026-09-05,42390095,PMC13436424,10.1128/spectrum.00114-26,Strain-level genomic analysis of &lt;i&gt;Staphylococcus epidermidis&lt;/i&gt; across multiple body sites in healthy females.,"Jablonska S, Shanbhag N, Kula A, Putonti C.",,2026,2026-06-22,Y,MED
Q3_amr_core,2026-09-05,41121674,PMC12540910,10.1002/mbo3.70093,Minimum Inhibitory Concentrations of Anidulafungin as a Potential Predictor of Biocide Susceptibility of Clade 1 Candidozyma (Candida) auris Isolates.,"Erganis S, Seyer A, Mustapha MT, Yuvali M, Martli F, Algin S, Turan Uzuntas S, Yavuz B, Dogan A, Kılıc E, Kirca F, Usman AG, Sahin EA, Ergin C, Dinc B, Uzun Ozsahin D, Kalkanci A.",,2025,2025-10-01,Y,MED
Q3_amr_core,2026-09-05,41012787,PMC12474250,10.3390/vetsci12090862,From Farm to Fork: Antimicrobial-Resistant Bacterial Pathogens in Livestock Production and the Food Chain.,"Elbehiry A, Marzouk E.",,2025,2025-09-04,Y,MED
Q3_amr_core,2026-09-05,39940908,PMC11817502,10.3390/ijms26031140,Integrating Machine Learning with MALDI-TOF Mass Spectrometry for Rapid and Accurate Antimicrobial Resistance Detection in Clinical Pathogens.,"López-Cortés XA, Manríquez-Troncoso JM, Sepúlveda AY, Soto PS.",,2025,2025-01-28,Y,MED
Q3_amr_core,2026-09-05,41389591,,10.1016/j.vetmic.2025.110828,Exploring the molecular basis of serotyping and antibiotic resistance differences in Riemerella anatipestifer based on pan-genomics and machine learning.,"Chen J, Liu Y, Fu L, Song X, Zhang D, Duan X, Li Y, Zhao Y, Guo L.",,2026,2025-12-08,N,MED
Q3_amr_core,2026-09-05,42198729,PMC13211684,10.3390/v18050526,Isolation of Bacteriophages with Lytic Activity from Biological Samples of Left Ventricular Assist Device Patients: An In Vitro Study.,"Sax B, Koppanyi A, Kristof K, Kiraly A, Prinz G, Hartyanszky I, Nagy GG, Nemet I, Temesvari-Kis F, Kiss B, Merkely B.",,2026,2026-04-30,Y,MED
Q3_amr_core,2026-09-05,42199442,PMC13199364,10.3389/fcimb.2026.1819856,Research advances in the application of microfluidic chip technology for rapid detection of antibiotic-resistant bacteria.,"Xia L, Tang C, Tong D, He Q.",,2026,2026-05-11,Y,MED
Q3_amr_core,2026-09-05,41245812,PMC12611639,10.1093/jacamr/dlaf210,"Circulation of polyclonal OXA-244-producing &lt;i&gt;Escherichia coli&lt;/i&gt; lineages in Jerusalem, Israel.","Sattler J, Oster Y, Seth Smith HMB, Gütlin Y, Michael-Gayego A, Reshef D, Temper V, Borgwardt K, Egli A, Strahilevitz J, Moran-Gilad J.",,2025,2025-11-13,Y,MED
Q3_amr_core,2026-09-05,40333137,PMC12030482,10.3390/pathogens14040371,Change of Heart: Can Artificial Intelligence Transform Infective Endocarditis Management?,"McHugh JW, Challener DW, Tabaja H.",,2025,2025-04-09,Y,MED
Q3_amr_core,2026-09-05,42514231,PMC13413203,10.3390/life16071163,"Beyond Resistance Genes: &lt;i&gt;Pseudomonas aeruginosa&lt;/i&gt; as a Complex Adaptive System Driving Persistence, Evolution, and Antimicrobial Resistance.","Elbehiry A, Marzouk E.",,2026,2026-07-14,Y,MED
Q3_amr_core,2026-09-05,42130491,PMC13162067,10.1017/ash.2026.10392,"Impact of stopping contact precautions on &lt;i&gt;vanA&lt;/i&gt; plasmid transmission, Northern California, 2021-2023.","Rodriguez-Nava G, Grieshop MP, Zulli A, Behr AA, Miranti E, Tariq W, Viana-Cardenas EP, Pincus N, Banaei N, Sampson M, Bhatt AS, Salinas JL.",,2026,2026-05-12,Y,MED
Q3_amr_core,2026-09-05,40870843,PMC12384723,10.3390/diagnostics15161991,"Metagenomic Next-Generation Sequencing in Infectious Diseases: Clinical Applications, Translational Challenges, and Future Directions.","Elbehiry A, Abalkhail A.",,2025,2025-08-08,Y,MED
Q3_amr_core,2026-09-05,41154808,PMC12561268,10.3390/biology14101405,Evaluation of Marker Gene-Based In Silico Antimicrobial Resistance Prediction Tools.,"Kim WJ, Hahm C, Kim D, Kim D, Seo JY, Ahn JY, Park PW, Seo YH, Lee J.",,2025,2025-10-13,Y,MED
Q3_amr_core,2026-09-05,41489361,PMC12838339,10.1128/aem.01983-25,The plasmid-host fitness landscape: a new paradigm for predicting the fate of mobile resistance.,Abdulqadir HN.,,2026,2026-01-05,Y,MED
Q3_amr_core,2026-09-05,41888223,PMC13172421,10.1038/s41598-026-44250-9,MiGPC: a comprehensive catalog of enzybiotics from environmental metagenomes.,"Afshar Jahanshahi D, Ariaeenejad A, Hasannejad A, Zabihi MR, Ghaffari MR, Ariaeenejad S, Kavousi K.",,2026,2026-03-26,Y,MED
Q3_amr_core,2026-09-05,41311462,PMC12648985,10.1016/j.jmsacl.2025.11.003,Interpretable machine learning of clinical MALDI-TOF spectra discriminates carbapenem-resistant &lt;i&gt;Klebsiella pneumoniae&lt;/i&gt; while revealing phylogenetic heterogeneity that limits model generalizability.,"Cai C, Zou M, Chen M, Yuan P, Fang Z, Zhong L, Chen D, Zhou H, Zeng N.",,2025,2025-11-09,Y,MED
Q3_amr_core,2026-09-05,41038842,PMC12491527,10.1038/s41540-025-00584-0,Minimal gene signatures enable high-accuracy prediction of antibiotic resistance in Pseudomonas aeruginosa.,"Shahreen N, Shahid SA, Subhani M, Al-Siyabi A, Saha R.",,2025,2025-10-02,Y,MED
Q3_amr_core,2026-09-05,41572308,PMC12911206,10.1186/s12985-026-03069-6,Bacteriophages in gut metagenomes: from analysis to application.,"Zakharevich N, Strokach A, Shitikov E, Klimina K.",,2026,2026-01-22,Y,MED
Q3_amr_core,2026-09-05,40014930,PMC12100464,10.2460/ajvr.24.10.0314,Antimicrobial minimum inhibitory concentrations can be imputed from phenotypic data using a random forest approach.,"Anil G, Glass J, Mosaddegh A, Cazer CL.",,2025,2025-02-27,Y,MED
Q3_amr_core,2026-09-05,41307179,PMC12704144,10.1080/22221751.2025.2595789,Genome analysis and machine learning-based feature selection strategy reveal potential drug-resistance determinants in &lt;i&gt;Nakaseomyces glabratus&lt;/i&gt;.,"Wang Q, Chen R, Cao X, Zhang H, Yang J, Wang X, Liu Y, Tan X, Liang T, Li R, Wan Z, Wang Y, Liu W.",,2025,2025-12-13,Y,MED
Q3_amr_core,2026-09-05,42149897,PMC13183242,10.1371/journal.pone.0348602,Large-scale cryptic proteome mining revealed potential phage-mediated host-pathogen genetic exchange in Mycobacterium tuberculosis.,"Bhalla N, Angrish N.",,2026,2026-05-18,Y,MED
Q3_amr_core,2026-09-05,41860897,PMC13029773,10.1371/journal.pntd.0014118,Shotgun metagenomic analysis of the oral microbiomes of children with noma.,"Olaleye M, O'Ferrall AM, Goodman RN, Kabila DW, Peters M, Falq G, Samuel J, Doyle D, Gomez D, Oloruntuyi G, Isah S, Adetunji AS, Farley E, Evans NJ, Sherlock M, Roberts AP, Amirtharajah M, Ainsworth S.",,2026,2026-03-20,Y,MED
Q3_amr_core,2026-09-05,41736799,PMC12926485,10.3389/fcimb.2026.1764958,Unraveling the activity of phage-carrying antibiotic resistance genes in constructed wetlands.,"Zhao Q, Wang D, Lin H, Zhou T, Zhang J, Shang J, Cai D, Sun Y, Hu Z, Zhang J.",,2026,2026-02-09,Y,MED
Q3_amr_core,2026-09-05,40266678,PMC12044193,10.1099/mgen.0.001394,"Genomic epidemiology of &lt;i&gt;Salmonella&lt;/i&gt; Enteritidis human infections in the Netherlands, 2019 to 2023.","Chanamé Pinedo LE, Franz E, Dallman TJ, Coipan CE, Wolthuis R, Veldman KT, Mughini-Gras L, Pijnacker R, van den Beld MJC.",,2025,2025-04-01,Y,MED
Q3_amr_core,2026-09-05,41725368,PMC12980480,10.1021/acs.analchem.5c03370,Label-Free Differentiation of Antimicrobial Resistance Groups Using Raman Spectroscopy.,"Pistiki A, Ryabchykov O, Wagenhaus A, Bocklitz TW, Deinhardt-Emmer S, Löffler B, Rösch P, Popp J.",,2026,2026-02-23,Y,MED
Q3_amr_core,2026-09-05,,,10.20944/preprints202609.0097.v1,"Validation, Calibration and Transparency, Not Accuracy: An Appraisal of Artificial Intelligence Against Antimicrobial Resistance and a Sustainable, Testable Diagnostic Architecture","Gulyás-Oldal V, Gálóczi I, Paschali E, Sallai D, Dézsi C, Mészáros P, Virok D, Várbíró S, Nagy S, Szili K.",,2026,2026-09-01,N,PPR
Q3_amr_core,2026-09-05,,,10.1101/2025.09.24.678318,Ciprofloxacin resistance in  <i>Klebsiella pneumoniae</i>  : phenotype prediction from genotype and global distribution of resistance determinants,"Tsang KK, Amke I, Aanensen DM, Abdulahi J, Aiken A, Bachman MA, Baker S, Barry K, Biffignandi GB, Belitardo EMMA, Bloise I, Boutiba I, Brand C, Brisse S, Campino S, Cantón R, Chiaverini A, Cirillo DM, Clark TG, Coque TM, Corander J, Corbella M, Cornacchia A, Cornick J, Correia A, Cuénod A, Trang Dai",,2025,2025-09-25,Y,PPR
Q3_amr_core,2026-09-05,38706320,PMC11070729,10.1093/bib/bbae206,Assessing computational predictions of antimicrobial resistance phenotypes from microbial genomes.,"Hu K, Meyer F, Deng ZL, Asgari E, Kuo TH, Münch PC, McHardy AC.",,2024,2024-03-01,Y,MED
Q3_amr_core,2026-09-05,40035424,PMC11879110,10.7554/elife.101241,Avian-specific &lt;i&gt;Salmonella&lt;/i&gt; transition to endemicity is accompanied by localized resistome and mobilome interaction.,"Jia C, Huang C, Zhou H, Zhou X, Wang Z, Siddique A, Kang X, Cao Q, Huang Y, He F, Li Y, Yue M.",,2025,2025-03-04,Y,MED
Q3_amr_core,2026-09-05,40084837,PMC11980375,10.1128/jcm.01484-24,Lipid fingerprinting by MALDI Biotyper Sirius instrument fails to differentiate the three subspecies of the &lt;i&gt;Mycobacterium abscessus&lt;/i&gt; complex.,"Yoshida M, Fukano H, Yahara K, Nakano S, Komine T, Suzuki M, Fujinaga A, Doke K, Hoshino Y.",,2025,2025-03-14,Y,MED
Q3_amr_core,2026-09-05,41070122,PMC12504239,10.3389/fmicb.2025.1669531,"Urban wastewater overflows as hotspots for dissemination of bacteria producing extended-spectrum β-lactamases and carbapenemases in the Suquía River, Argentina.","Ruiz SE, Morandini FN, Panzetta ME, Lipari FG, Irrazábal MG, Toselli R, Der Ohannesian M, Amieva C, Valdes ME, Giraudo FJ, Rollán MDR, Amé V, Sola C, Saka HA.",,2025,2025-09-24,Y,MED
Q3_amr_core,2026-09-05,42550335,PMC13437752,10.1007/s11033-026-12537-9,Phage as a prospective arsenal against superbugs.,"Zhao L, Wan Y, Leung SSY, Yang X, Zeng P.",,2026,2026-08-04,Y,MED
Q3_amr_core,2026-09-05,41408707,PMC12815263,10.1093/ismejo/wraf267,Everything is everywhere but Escherichia coli adapts to different niches.,"Monteith W, Krisna MA, Garcias B, Cummins EA, Kelly DJ, Taylor AJ, Sheppard SK.",,2026,2026-01-01,Y,MED
Q3_amr_core,2026-09-05,41496866,PMC12767845,10.1016/j.fochms.2025.100338,A WGS workflow for identifying genetically modified and foodborne-pathogenic &lt;i&gt;Bacillus&lt;/i&gt; isolates.,"Godfroid M, Van Uffelen A, Fraiture MA, De Keersmaecker SCJ, Vanneste K, Roosens NHC, Bogaerts B.",,2026,2025-12-08,Y,MED
Q3_amr_core,2026-09-05,40941626,PMC12428759,10.3390/diagnostics15172138,Episode- and Hospital-Level Modeling of Pan-Resistant Healthcare-Associated Infections (2020-2024) Using TabTransformer and Attention-Based LSTM Forecasting.,"Luchian N, Salim C, Condratovici AP, Marcu C, Buzea CG, Matei MN, Dinu CA, Duceac Covrig M, Elkan EM, Rusu DI, Ochiuz L, Duceac LD.",,2025,2025-08-25,Y,MED
Q3_amr_core,2026-09-05,42266447,PMC13243874,10.1155/ijm/7658756,"From Powder to Pathogen: A Systematic Review of Detection, Pathogenicity, and Mitigation of &lt;i&gt;Cronobacter sakazakii&lt;/i&gt; in Infant Formula.","Bhowmik S, Ahmed S, Kaifa FH, Safi MAA, Rivu S, Bari ML, Islam MA, Mohanto NC.",,2026,2026-06-07,Y,MED
Q3_amr_core,2026-09-05,41972581,PMC13072308,10.3390/biology15070578,Phage Frontiers: Genomic and Functional Profiling of Novel Virulent Agents Targeting Foodborne &lt;i&gt;Enterobacteriaceae&lt;/i&gt;.,"Qabel RA, Xu M, Li C, Zhang C, Zhang C, Huang Y, Xiong G, Maser E, Guo L.",,2026,2026-04-04,Y,MED
Q3_amr_core,2026-09-05,41330090,,10.1016/j.ijfoodmicro.2025.111551,"Characteristics and genomics study of Salmonella isolates in retail chicken in Shaanxi, China: Focus on comparative genomics analysis of S. Kentucky and S. enteritidis isolates from Shaanxi with those from elsewhere in China.","Ma J, Bai X, Wang S, Yang Y, Li M, Li M, Zhou W, Cui S, Yang B.",,2026,2025-11-27,N,MED
Q3_amr_core,2026-09-05,42059386,PMC13228018,10.1128/spectrum.03127-25,Genome-based insights into metal co-resistance in Amazonian mercury-resistant bacteria: ecological lifestyle and biosafety implications for bioremediation.,"Escobar MC, Niño-Garcia JP, Acosta-González A, Díaz-Cárdenas C, Vasquez Y, Marques S, Cardona GI.",,2026,2026-04-30,Y,MED
Q3_amr_core,2026-09-05,41196040,PMC12671149,10.1128/spectrum.00792-25,"Transmission dynamics and molecular characterization of methicillin-resistant &lt;i&gt;S. epidermidis&lt;/i&gt; among men who have sex with men in Guangzhou, China.","Chen S, Wu Y, Liu Y, Cheng Q, Yao Z, Ye X.",,2025,2025-11-06,Y,MED
Q3_amr_core,2026-09-05,41804797,,10.17219/dmp/189304,Prediction of non-coding RNAs in Fusobacterium nucleatum-infected mice using machine learning.,"Yadalam PK, Sivasankari T, Saravanan M, Srivastava KC, Shrivastava D, Marrapodi MM, Cicciù M, Minervini G.",,2026,2026-01-01,N,MED
Q3_amr_core,2026-09-05,41406010,PMC12711010,10.1099/mgen.0.001591,Predicting clinical outcome of &lt;i&gt;Escherichia coli&lt;/i&gt; O157:H7 infections using explainable machine learning.,"Paganini JA, Khatun S, McAteer S, Cowley L, Greig DR, Gally DL, Jenkins C, Dallman TJ.",,2025,2025-12-01,Y,MED
Q3_amr_core,2026-09-05,41171631,PMC12603118,10.1099/mgen.0.001553,Evidence of diversification and geographic separation in a lineage of &lt;i&gt;Campylobacter jejuni&lt;/i&gt; co-circulating in cattle and humans.,"Rodrigues JA, Vasco KA, Blankenship HM, Cha W, Mukherjee S, Sloup RE, Carbonell SL, Soehnlen MK, Manning SD.",,2025,2025-10-01,Y,MED
Q3_amr_core,2026-09-05,,,10.1101/2025.09.20.677523,"A natural history of AMR in  <i>Klebsiella pneumoniae</i>  : Global diversity, predictors, and predictions of evolutionary pathways","Aga ONL, Moyo SJ, Manyahi J, Kibwana U, Löhr IH, Langeland N, Blomberg B, Johnston IG.",,2025,2025-09-21,Y,PPR
Q3_amr_core,2026-09-05,40863133,PMC12388062,10.3390/metabo15080514,Machine Learning-Driven Insights in Cancer Metabolomics: From Subtyping to Biomarker Discovery and Prognostic Modeling.,"Elguoshy A, Zedan H, Saito S.",,2025,2025-08-01,Y,MED
Q3_amr_core,2026-09-05,41425941,PMC12714630,10.3389/fmicb.2025.1705320,"Generative AI in microbial evolution and resistance: toward robust, explainable, and equitable predictions.",Sufi F.,,2025,2025-12-05,Y,MED
Q3_amr_core,2026-09-05,41955205,PMC13065082,10.1371/journal.pcbi.1014130,PhageCGRNet: Integrating Chaos Game Representation of Genomes with Convolutional Neural Network for accurate phage host classification prediction.,"Wang T, Yu ZG, Li J, Lin X.",,2026,2026-04-09,Y,MED
Q3_amr_core,2026-09-05,40957922,PMC12441123,10.1038/s44259-025-00154-8,Towards the integration of antibiotic resistance gene mobility into environmental surveillance and risk assessment.,"Klümper U, Fang P, Li B, Xia Y, Frigon D, Hamilton KA, Quon H, Berendonk TU, de la Cruz Barron M.",,2025,2025-09-16,Y,MED
Q3_amr_core,2026-09-05,41982885,PMC13071004,10.3389/fmicb.2026.1822387,Editorial: Advances in phage applications: deciphering phage biological and ecological mechanisms through metagenomics.,"Santiago-Rodriguez TM, Toranzos GA.",,2026,2026-03-30,Y,MED
Q3_amr_core,2026-09-05,41288390,PMC12772318,10.1128/spectrum.01876-25,High-quality &lt;i&gt;Acinetobacter&lt;/i&gt; genomes recovered from combat wounds via metagenomic sequencing resemble cultured isolate genomes.,"Kimbrel JA, Thissen JB, Lisboa FA, Mabery S, Jaing CJ, Elster EA, Schobel SA, Be NA.",,2026,2025-11-25,Y,MED
Q3_amr_core,2026-09-05,39874387,PMC11790238,10.1371/journal.pntd.0012801,Potential links between human bloodstream infection by Salmonella enterica serovar Typhimurium and international transmission to Colombia.,"Li Y, Pulford CV, Díaz P, Perez-Sepulveda BM, Duarte C, Predeus AV, Wiesner M, Heavens D, Low R, Schudoma C, Montaño A, Hall N, Moreno J, Hinton JCD.",,2025,2025-01-28,Y,MED
Q3_amr_core,2026-09-05,42403741,PMC13332208,10.7759/cureus.110205,A Clinical-Operational Framework for Responsible Artificial Intelligence Use in Infection Risk Management Among Immunosuppressed Patients: A Technical Report.,"Rodriguez Bobadilla A, Bobadilla Ocampo SA, Bobadilla Ocampo IC.",,2026,2026-06-03,Y,MED
Q3_amr_core,2026-09-05,42203543,PMC13225620,10.1016/j.it.2026.04.003,Human antibodies as emerging drugs for antimicrobial resistance.,"Ridelfi M, Zucconi Galli Fonseca V, Sala C, Rappuoli R.",,2026,2026-05-27,N,MED
Q3_amr_core,2026-09-05,42365253,,10.1186/s12866-026-05340-w,Spatiotemporal genomic analysis and risk assessment of the plasmids carrying bla&lt;sub&gt;OXA-48-like&lt;/sub&gt; genes based on a large-scale international dataset.,"Yuan Q, Wang J, Liu X, Yu X, Li J, Guo D, Jing Q, Lou Y, Kang Y, Zheng M.",,2026,2026-06-27,N,MED
Q3_amr_core,2026-09-05,40742145,PMC12424406,10.1128/cmr.00082-25,"&lt;i&gt;Streptococcus pneumoniae&lt;/i&gt; β-lactam resistance: epidemiological trends, molecular drivers, and innovative control strategies in the post-pandemic era.","Li J, Cheng G, Qin X, Liu J.",,2025,2025-07-31,N,MED
Q3_amr_core,2026-09-05,41586531,PMC12915310,10.1128/aem.02235-25,Fermentation conditions outweigh phylogeny in shaping the metabolome of novel &lt;i&gt;Micromonospora&lt;/i&gt; strains: an integrated genomics-metabolomics analysis.,"Han J-R, Li S, Lian W-H, Xu L, Duan L, Li J-L, Shi G-Y, Wei Q-C, Ali M, Li W-J, Dong L.",,2026,2026-01-26,Y,MED
Q3_amr_core,2026-09-05,42099457,PMC13147943,10.1002/imt2.70123,Two stable gut microbiome guilds predict liver tumor class and treatment responses.,"Liu Y, Zhang Z, Wu G, Li B, Wang L, Wang J, Wei Z, Wang Z, Yang J, Zhang K, Zhang T, Tao X, Chen T, Fan J, Zhou J, Yang X, Zhao L, Wei Y.",,2026,2026-04-02,Y,MED
Q3_amr_core,2026-09-05,38124060,PMC10731705,10.1186/s12866-023-03147-7,Machine learning and phylogenetic analysis allow for predicting antibiotic resistance in M. tuberculosis.,"Yurtseven A, Buyanova S, Agrawal AA, Bochkareva OO, Kalinina OV.",,2023,2023-12-20,Y,MED
Q3_amr_core,2026-09-05,41716800,PMC12913482,10.3389/fmed.2026.1758028,A deep Siamese network framework for precision phage selection in pulmonary infections.,"Wang X, Fu M, Lin S, Wang Y, Pei H.",,2026,2026-02-04,Y,MED
Q3_amr_core,2026-09-05,41545912,PMC12952185,10.1186/s12866-025-04625-w,Pan-genome and antibiotic resistance insights into Xanthomonas citri pv. punicae pathotypes.,"Rathna V, Kukreti A, Prasannakumar MK, C M, R K, Patil SS, Venkateshbabu G, Devanna P, J H, Banakar SN, Sarangi AN, Vaidya K, Rymbai S, Mahesh HB, Soolanayakanahally RY, Kagale S.",,2026,2026-01-16,Y,MED
Q3_amr_core,2026-09-05,42517159,PMC13402723,10.34133/research.1380,Cigarette Butts as an Emerging Urban Habitat Driving Microbial Niche Differentiation.,"Xie T, Xu JY, Lin D, Liu Y, Wang YF, Yang ZG, Lee PKH, Zhu D.",,2026,2026-07-27,Y,MED
Q3_amr_core,2026-09-05,40384881,PMC12081579,10.1007/s40588-025-00247-y,Long-Read Sequencing for the Rapid Response to Infectious Diseases Outbreaks.,"Oehler JB, Burns K, Warner J, Schmitz U.",,2025,2025-05-15,Y,MED
Q3_amr_core,2026-09-05,42409578,,10.1101/gr.281341.125,High-accuracy SNV calling for bacterial isolates using deep learning with AccuSNV.,"Liao H, Conwill A, Light-Maka I, Fenk M, Mitchell AH, Qu EB, Torrillo P, Baker JS, Bartsch LR, Key FM, Lieberman TD.",,2026,2026-09-01,N,MED
Q3_amr_core,2026-09-05,42038316,PMC13106162,10.3389/fphar.2026.1699987,The WHO priority list of antibiotic-resistant bacteria: challenges and opportunities for next-generation antimicrobial development.,"Abdallah EM, Alhudhaibi AM, Dahab M, Al Noman A, Sharma PD, Taha TH, Nawaz M.",,2026,2026-04-10,Y,MED
Q3_amr_core,2026-09-05,39732799,PMC11682278,10.1038/s41598-024-82697-w,Multi-label classification to predict antibiotic resistance from raw clinical MALDI-TOF mass spectrometry data.,"Astudillo CA, López-Cortés XA, Ocque E, Manríquez-Troncoso JM.",,2024,2024-12-28,Y,MED
Q3_amr_core,2026-09-05,40140458,PMC11947258,10.1038/s41598-025-94321-6,Quantitative prediction of disinfectant tolerance in Listeria monocytogenes using whole genome sequencing and machine learning.,"Gmeiner A, Ivanova M, Njage PMK, Hansen LT, Chindelevitch L, Leekitcharoenphon P.",,2025,2025-03-26,Y,MED
Q3_amr_core,2026-09-05,41526674,PMC12895010,10.1038/s43856-025-01364-x,A matched case-control study on Escherichia coli factors contributing to sepsis and septic shock in bacteraemic patients.,"Maldonado N, López-Hernández I, Valik JK, López-Cortes LE, Martínez Pérez-Crespo PM, García-Montaner A, Alcalde-Rico M, Sousa-Domínguez A, Jover Sáenz A, Goikoetxea J, Pulido-Navazo Á, Buzón-Martín L, Aller AI, Boix-Palop L, Del Arco-Jiménez A, Smithson-Amat A, Sánchez Calvo JM, Natera-Kindelán C, R",,2026,2026-01-12,Y,MED
Q3_amr_core,2026-09-05,39417073,PMC11480060,10.3389/fmicb.2024.1474078,Application of machine learning based genome sequence analysis in pathogen identification.,"Gao Y, Liu M.",,2024,2024-10-02,Y,MED
Q3_amr_core,2026-09-05,40662835,PMC12261485,10.1093/bioinformatics/btaf232,Leveraging large language models to predict antibiotic resistance in Mycobacterium tuberculosis.,"Testagrose C, Pandey S, Serajian M, Marini S, Prosperi M, Boucher C.",,2025,2025-07-01,Y,MED
Q3_amr_core,2026-09-05,,,10.21203/rs.3.rs-10511061/v1,Collaborative Reasoning With Multimodal Large Models for Predicting the Risk of Infection With Multidrug-Resistant Organisms,"Xie Y, Li W, Long Y, Yang Y, Yang P.",,2026,2026-08-26,N,PPR
Q3_amr_core,2026-09-05,40868004,PMC12382831,10.3390/antibiotics14080810,"&lt;i&gt;Staphylococcus aureus&lt;/i&gt; in Bovine Mastitis: A Narrative Review of Prevalence, Antimicrobial Resistance, and Advances in Detection Strategies.","Touaitia R, Ibrahim NA, Touati A, Idres T.",,2025,2025-08-08,Y,MED
Q3_amr_core,2026-09-05,41236214,PMC12616882,10.1002/mbo3.70147,"Comparative Genomics of Lactococcus spp. From Global Aquaculture Outbreaks Reveals Virulence Determinants, Antibiotic Resistance, and Phage Defence Mechanisms.","Blanchard AM, Secker B, Atterbury RJ, Windle SJ, Dong HT, Wongkaew J, Dien LT, Huchzermeyer D, Hang'ombe BM, Senapin S.",,2025,2025-12-01,Y,MED
Q3_amr_core,2026-09-05,42075333,PMC13118437,10.3390/microorganisms14040938,Pangenome Architecture and Accessory Gene-Driven Population Structure of &lt;i&gt;Staphylococcus aureus&lt;/i&gt; Revealed by a Hospital-Adjacent Environmental Isolate.,"Rodrigues WF, Mazurek L, Miguel RB, Vilela GP, Tres AB, Calegari SM, Agostinho F, Miguel-Neto J, Martins-de-Abreu MC, Wagner KM, Morisseau C, Ueira-Vieira C, Cardoso MS, Góes-Neto A, Oliveira CJF, Soares SC, Miguel CB.",,2026,2026-04-21,Y,MED
Q3_amr_core,2026-09-05,42499769,PMC13399193,10.1002/ped4.70061,"The transformative potential of artificial intelligence in pediatric medicine: Current applications, methodological challenges, and future directions.","Wang R, Ding X, Zhang W, Shi T.",,2026,2026-05-01,Y,MED
Q3_amr_core,2026-09-05,41009770,PMC12470432,10.3390/ijms26189206,Computational Metagenomics: State of the Art.,"Pita-Galeana MA, Ruhle M, López-Vázquez L, de Anda-Jáuregui G, Hernández-Lemus E.",,2025,2025-09-20,Y,MED
Q3_amr_core,2026-09-05,39591316,PMC11598952,10.3390/vetsci11110542,Unravelling Antimicrobial Resistance in <i>Mycoplasma hyopneumoniae</i>: Genetic Mechanisms and Future Directions.,"Jafari Jozani R, Khallawi MFHA, Trott D, Petrovski K, Low WY, Hemmatzadeh F.",,2024,2024-11-05,Y,MED
Q3_amr_core,2026-09-05,42106412,PMC13346979,10.1038/s41598-026-49532-w,Insights from healthy mares reveal that mammalian uteri harbor a diverse virome.,"Guo L, Holyoak GR, DeSilva U.",,2026,2026-05-09,Y,MED
Q3_amr_core,2026-09-05,42100527,PMC13144031,10.3389/fpubh.2026.1786753,Wastewater-based surveillance of microbial pathogens in GCC countries (2015-2025): a scoping review and questionnaire survey with stakeholders.,"Alghamdi B, Albedah N, Almalki T, Almudarra S, Penttinen P, Wang C, Hong PY.",,2026,2026-04-22,Y,MED
Q3_amr_core,2026-09-05,40957402,PMC12539256,10.1016/j.crmeth.2025.101174,"Methods, applications, and computational challenges in bait capture enrichment.","Bravo JE, Newsom KJ, Noyes N, Boucher C.",,2025,2025-09-01,Y,MED
Q3_amr_core,2026-09-05,41960917,PMC13170464,10.1128/jcm.00156-26,The emergence of superficial dermatophytosis due to &lt;i&gt;Trichophyton indotineae&lt;/i&gt; and &lt;i&gt;Trichophyton mentagrophytes&lt;/i&gt; genotypes VII and II* in New York: a need for comprehensive testing approaches.,"Todd GC, Vaida V, O'Brien B, Chaturvedi S.",,2026,2026-04-10,Y,MED
Q3_amr_core,2026-09-05,41102753,PMC12532937,10.1186/s42522-025-00170-8,Leveraging artificial intelligence for One Health: opportunities and challenges in tackling antimicrobial resistance - scoping review.,"Kasse GE, Cosh SM, Humphries J, Islam MS.",,2025,2025-10-16,Y,MED
Q3_amr_core,2026-09-05,41140269,PMC12555457,10.1093/jac/dkaf314,Applications and benefits of the British Society for Antimicrobial Chemotherapy Resistance Surveillance Project-legacy and future.,"Parcell BJ, Horner C, Reynolds R, Allen M, Longshaw C, Livermore DM, MacGowan AP.",,2025,2025-10-01,Y,MED
Q3_amr_core,2026-09-05,40725635,PMC12295126,10.3390/jcm14144942,Use of Artificial Intelligence Methods for Improved Diagnosis of Urinary Tract Infections and Urinary Stone Disease.,"Pantilimonescu TF, Damian C, Radu VD, Hogea M, Costachescu OA, Onofrei P, Toma B, Zelinschi D, Roca IC, Ursu RG, Iancu LS, Serban IL.",,2025,2025-07-12,Y,MED
Q3_amr_core,2026-09-05,42168245,PMC13396408,10.1038/s41598-026-45630-x,Optimizing hepatitis C diagnosis through reinforcement learning feature selection and multi-model machine learning evaluation.,"Arora KA, Sharma A, Prashar D, Yousef A, Khan AA, Shaikh ZA.",,2026,2026-05-21,Y,MED
Q3_amr_core,2026-09-05,42366391,PMC13419014,10.1186/s40793-026-00919-2,Deep metagenomics uncovers functional adaptations and pathogenic risks in the gut microbiome of Antarctic fur seals (Arctocephalus gazella).,"Lai T, Liu Y, Duan Z, Su S, Ding H, Dai Y, Gao M, Ji M, Liao L.",,2026,2026-06-28,Y,MED
Q3_amr_core,2026-09-05,39345263,PMC11427404,10.3389/fmicb.2024.1460335,Use of whole genome sequencing for surveillance and control of foodborne diseases: <i>status quo</i> and <i>quo vadis</i>.,"Schadron T, van den Beld M, Mughini-Gras L, Franz E.",,2024,2024-09-13,Y,MED
Q3_amr_core,2026-09-05,41251138,PMC12807693,10.1093/nar/gkaf1254,BV-BRC: a unified bacterial and viral bioinformatics resource with expanded functionality and AI integration.,"Shukla M, Wattam AR, Aleman A, Bhattacharya R, Bowers N, Brettin T, Capria A, Chia N, Cucinell C, Davis JJ, Dempsey DM, Dickerman A, Dietrich EM, Gokdemir O, Hendrickson RC, Kenyon RW, Klahn B, Kuscuoglu M, Lefkowitz EJ, Ma H, Machi D, Macken C, Mann CM, Mao C, Nguyen M, Olsen GJ, Olson RD, Overbeek",,2026,2026-01-01,N,MED
Q3_amr_core,2026-09-05,41664908,PMC12895073,10.1093/bib/bbag023,ANIA: an inception-attention network for predicting minimum inhibitory concentration of antimicrobial peptides.,"Chiu YP, Yao L, Tang Y, Chung CR, Pang Y, Chiang YC, Lee TY.",,2026,2026-01-01,Y,MED
Q3_amr_core,2026-09-05,39962395,PMC11834299,10.1186/s12864-025-11331-4,Inferring Staphylococcus aureus host species and cross-species transmission from a genome-based model.,"Du W, Chen S, Jiang R, Zhou H, Li Y, Ouyang D, Gong Y, Yao Z, Ye X.",,2025,2025-02-17,Y,MED
Q3_amr_core,2026-09-05,41190272,PMC12580352,10.3389/fmicb.2025.1695567,Beyond H37Rv: &lt;i&gt;Mycobacterium tuberculosis&lt;/i&gt; pangenome structure and applications.,"Negrete-Paz AM, Vázquez-Marrufo G, Vázquez-Garcidueñas MS.",,2025,2025-10-20,Y,MED
Q3_amr_core,2026-09-05,41312525,PMC12647938,10.46234/ccdcw2025.240,"World Antimicrobial Awareness Week 2025 - Act Now: Protect Our Present, Secure Our Future.","Zhou Z, Wu D, Wu Y.",,2025,2025-11-01,N,MED
Q3_amr_core,2026-09-05,38529944,PMC10995625,10.1099/mgen.0.001222,Optimising machine learning prediction of minimum inhibitory concentrations in &lt;i&gt;Klebsiella pneumoniae&lt;/i&gt;.,"Batisti Biffignandi G, Chindelevitch L, Corbella M, Feil EJ, Sassera D, Lees JA.",,2024,2024-03-01,Y,MED
Q3_amr_core,2026-09-05,42278751,PMC13256534,10.3390/healthcare14111497,Artificial Intelligence in Healthcare Administration and Clinical Informatics: A Critical Review and Governance Roadmap.,Aldosari H.,,2026,2026-05-28,Y,MED
Q3_amr_core,2026-09-05,,,10.1101/2024.12.17.628241,Integration of metagenome-assembled genomes with clinical isolates reveals genomic signatures of  <i>Klebsiella pneumoniae</i>  in carriage and disease,"Gupta S, Almeida A.",,2024,2024-12-18,Y,PPR
Q3_amr_core,2026-09-05,39557756,PMC11925980,10.1007/s12602-024-10402-4,Progress in the Identification and Design of Novel Antimicrobial Peptides Against Pathogenic Microorganisms.,Sun S.,,2025,2024-11-18,Y,MED
Q3_amr_core,2026-09-05,40988849,PMC12450889,10.3389/fmicb.2025.1628952,Predicting antibiotic resistance genes and bacterial phenotypes based on protein language models.,"Wang B, Meng R, Li Z, Hu M, Wang X, Zhao Y, Chai Z, Jin Y, Yue J, Chen W, Ren H.",,2025,2025-09-08,Y,MED
Q3_amr_core,2026-09-05,,,10.21203/rs.3.rs-8910748/v1,Genomic and Machine Learning Approaches for Predicting Gut-Microbe Infections in Preterm Infants: A Systematic Review of African Studies,"Anifowose A, Olajide TE, Oluwaseun TF, Akintola MM.",,2026,2026-02-22,N,PPR
Q3_amr_core,2026-09-05,40102762,PMC11921729,10.1186/s12866-025-03865-0,"Enable, empower, succeed: a bioinformatics workshop Harnessing open web-based tools for surveillance of bacterial antimicrobial resistance.","Founou LL, Lawal OU, Djiyou A, Odih EE, Amoako DG, Fadanka S, Aworh MK, Lukhele S, Nikolic D, Matimba A, Founou RC.",,2025,2025-03-19,Y,MED
Q3_amr_core,2026-09-05,40952128,PMC12542634,10.1128/msystems.00909-25,Machine learning-based evaluation of risk factors for carbapenem-resistant &lt;i&gt;Klebsiella pneumoniae&lt;/i&gt; dissemination in neonatal units.,"Liu X, Jiang M, Zhang J, Li H, Liu Y, Zhang J, Chen X, Bu J, Xie S, Zhang M, Dong N, Cao Q, Zhou Z.",,2025,2025-09-15,Y,MED
Q3_amr_core,2026-09-05,41572348,PMC12825282,10.1186/s40168-025-02253-0,Beyond borders: plasmids drive a shared antibiotic resistome in European urban water systems.,"He W, Yu Z, Wu Z, Olesen AK, Madsen JS, Dechesne A, Smets BF, Nesme J, Sørensen SJ.",,2026,2026-01-22,Y,MED
Q3_amr_core,2026-09-05,41670376,PMC12955437,10.1128/spectrum.03713-25,Comparison and validation of multiple machine learning algorithms for predicting MDRO infection in catheter-related bloodstream patients: a multicenter cohort study.,"Wang H, Yang C, Zhao M, Ren F, Wang X, Yan H, Qin W, Tian F, Li L.",,2026,2026-02-11,Y,MED
Q3_amr_core,2026-09-05,42505601,PMC13404382,10.3390/antibiotics15070638,Smart Nano-Antibiotics: AI-Guided Stimuli-Responsive Nanoplatforms for Precision Antimicrobial Therapy.,"Parvin N, Park K, Jung JH, Mandal TK.",,2026,2026-06-26,Y,MED
Q3_amr_core,2026-09-05,41374421,PMC12691312,10.3390/diagnostics15233041,Machine Learning Model with Fourier-Transform Infrared Spectroscopy (FTIR) as a Proof-of-Concept Tool for Predicting Group A &lt;i&gt;Streptococcus&lt;/i&gt; (GAS) &lt;i&gt;emm&lt;/i&gt;-Type in the Pediatric Population.,"Fox V, Vrenna G, Rossitto M, Raimondi S, Cristiano M, Cortazzo V, Agosta M, Lucignano B, Onori M, Tuccio Guarna Assanti V, Lepanto MS, Essa N, Tarissi De Jacobis I, Campana A, Raponi M, Villani A, Perno CF, Bernaschi P.",,2025,2025-11-28,Y,MED
Q3_amr_core,2026-09-05,42253048,PMC13288946,10.1161/circgen.125.005382,Performance of Polygenic Risk Scores for Atherosclerotic Cardiovascular Disease in the &lt;i&gt;All of Us&lt;/i&gt; Program.,"Smith JL, Norland K, Hamed ME, Yu Y, Na J, Dikilitas O, Schaid DJ, Kullo IJ.",,2026,2026-06-08,N,MED
Q3_amr_core,2026-09-05,41930907,PMC13051840,10.1002/vms3.70905,"Advances in Avian Diagnostic Pathology: Current Trends, Challenges and Future Directions: A Review.","Getnet GM, Getnet MA, Atenaf AS.",,2026,2026-05-01,Y,MED
Q3_amr_core,2026-09-05,39717273,PMC11663915,10.3389/fmicb.2024.1507537,Machine learning-enhanced assessment of potential probiotics from healthy calves for the treatment of neonatal calf diarrhea.,"Zhai Y, Kim M, Fan P, Rajeev S, Kim SA, Driver JD, Galvão KN, Boucher C, Jeong KC.",,2024,2024-12-09,Y,MED
Q3_amr_core,2026-09-05,42365577,PMC13336451,10.1002/advs.76369,Calcineurin-Dependent Stress Adaptation Enables Caspofungin Heteroresistance Leading to Stable Resistance in Candida Glabrata.,"Su Y, Li Y, Xiao M, Guo D, Perlin DS, Shor E, Xu Y, Li Y.",,2026,2026-06-28,Y,MED
Q3_amr_core,2026-09-05,42534998,PMC13422385,10.3389/fmicb.2026.1881800,Precision antimicrobials: the next paradigm shift after broad-spectrum therapy.,"Siva SNR, Marimuthu SK, Kumaran M, Tharmalingam N.",,2026,2026-07-16,Y,MED
Q3_amr_core,2026-09-05,42116651,PMC13376717,10.1002/cbdv.202503583,The Incredible Potential of Cave Actinobacteria in Finding New Antimicrobials and Bioactive Compounds.,"Nawaz S, Umer A, Khalid L, Sajid I.",,2026,2026-05-01,N,MED
Q3_amr_core,2026-09-05,40099182,PMC11911478,10.3389/fmicb.2025.1515576,"Comparative genomic and antimicrobial resistance profiles of &lt;i&gt;Salmonella&lt;/i&gt; strains isolated from pork and human sources in Sichuan, China.","Zuo H, Yang Y, Su M, Huang W, Wang J, Lei G, Kong X, Chen P, Leng Y, Yuan Q, Zhao Y, Miao Y, Li M, Xu X, Lu S, Yang H, Tian L.",,2025,2025-03-03,Y,MED
Q3_amr_core,2026-09-05,41280417,PMC12634376,10.3389/fvets.2025.1691572,Unlocking farm-level antimicrobial resistance: a qualitative study of researchers' experiences and challenges.,"Adegbole C, Seilkhanova T, Bajwa MR, Smith RL.",,2025,2025-11-07,Y,MED
Q3_amr_core,2026-09-05,41900368,PMC13029158,10.3390/microorganisms14030609,Reclaiming the Microbial Battlefield: Adjuvant Strategies to Overcome Antibiotic Resistance.,"Sun J, Li D, Wu T, Yang Z, Ye D, Guo K.",,2026,2026-03-09,Y,MED
Q3_amr_core,2026-09-05,39406803,PMC11480480,10.1038/s41598-024-75044-6,Repurposing MALDI-TOF MS for effective antibiotic resistance screening in Staphylococcus epidermidis using machine learning.,"Ren M, Chen Q, Zhang J.",,2024,2024-10-15,Y,MED
Q3_amr_core,2026-09-05,40547794,PMC12180303,10.3389/fmicb.2025.1543610,Comparative genomics reveals key adaptive mechanisms in pathogen host-niche specialization.,"Zhang M, Han L, Liao C, Su W, Jiang C.",,2025,2025-06-06,Y,MED
Q3_amr_core,2026-09-05,41510023,PMC12776345,10.1093/bioadv/vbaf303,AI-powered rapid detection of multidrug-resistant &lt;i&gt;Klebsiella pneumoniae&lt;/i&gt; with informative peaks of MALDI-TOF MS.,"Lu JJ, Chung CR, Wang HY, Tang Y, Chiang MC, Wu LC, Hsu JB, Lee TY, Horng JT.",,2026,2025-11-24,Y,MED
Q3_amr_core,2026-09-05,39061343,PMC11274079,10.3390/antibiotics13070661,From Species to Genes: A New Diagnostic Paradigm.,"Fahy S, O'Connor JA, Sleator RD, Lucey B.",,2024,2024-07-17,Y,MED
Q3_amr_core,2026-09-05,40919010,PMC12411857,10.1016/j.jmsacl.2025.04.011,Enhanced identification of &lt;i&gt;Morganella&lt;/i&gt; spp. using MALDI-TOF mass spectrometry.,"Duque M, Emeraud C, Bonnin RA, Giai-Gianetto Q, Dortet L, Godmer A.",,2025,2025-05-03,Y,MED
Q3_amr_core,2026-09-05,41660233,PMC12874134,10.1016/j.isci.2026.114684,Agnostic capture of pathogens for the detection and diagnostics of emerging threats.,"Sakkos A, Saint-John B, Tyml T, Myskova E, Aureli L, Inman JL, Snijders AM, Mouncey NJ, Mukundan H, Schulz F.",,2026,2026-01-12,Y,MED
Q3_amr_core,2026-09-05,41489657,PMC12769562,10.1007/s00284-026-04722-7,"Leptospira and Leptospirosis: A Review of Species Classifications, Genomes, Morphological Structures, Antimicrobial Resistances, Transmissions, and Clinical Manifestations.","Bilung LM, Tahar AS, Pui CF, Bakeri MKS, Su'ut L, Ngui R, Kira R, Apun K.",,2026,2026-01-05,Y,MED
Q3_amr_core,2026-09-05,42450507,PMC13361244,10.3390/foods15132389,"Research Progress in Multi-Omics Analysis of Dairy Products: Nutritional Quality, Safety Evaluation, and Health Functions.","Xu M, Ma B, Zhu K, Tu W, Li C, Hao P, Zhang M.",,2026,2026-07-04,Y,MED
Q3_amr_core,2026-09-05,40001378,PMC11851606,10.3390/antibiotics14020134,The Role of Artificial Intelligence and Machine Learning Models in Antimicrobial Stewardship in Public Health: A Narrative Review.,"Pennisi F, Pinto A, Ricciardi GE, Signorelli C, Gianfredi V.",,2025,2025-01-30,Y,MED
Q3_amr_core,2026-09-05,39763003,PMC11705761,10.1186/s40168-024-01983-x,Regional antimicrobial resistance gene flow among the One Health sectors in China.,"Feng Y, Lu X, Zhao J, Li H, Xu J, Li Z, Wang M, Peng Y, Tian T, Yuan G, Zhang Y, Liu J, Zhang M, Zhu La AT, Qu G, Mu Y, Guo W, Wu Y, Zhang Y, Wang D, Hu Y, Kan B.",,2025,2025-01-07,Y,MED
Q3_amr_core,2026-09-05,42325637,PMC13281022,10.1021/acsbiomedchemau.5c00273,Advancements in Technologies Targeting Horizontal Gene TransferRoutes to Control Drug Resistance Evolution.,"Adegoke SC, Karim MA, Jr MC, Yao Yawlui IS, LaJeunesse D.",,2026,2026-04-09,Y,MED
Q3_amr_core,2026-09-05,39432417,PMC11493187,10.1099/mgen.0.001308,AMRColab - a user-friendly antimicrobial resistance detection and visualization tool.,"Lam SD, Di Gregorio S, Ang MY, Griffiths E, Jamaluddin TZMT, Nathan S, Neoh HM.",,2024,2024-10-01,Y,MED
Q3_amr_core,2026-09-05,41896353,PMC13083252,10.1038/s41588-026-02567-1,"Genomic, phenomic and geographic associations of leukocyte telomere length in the United States.","Nakao T, Koyama S, Truong B, Uddin MM, Misra A, Patel AP, Bhatnagar A, Viscosi V, Vlasschaert C, Bick AG, Nelson CP, Codd V, Samani NJ, Hornsby W, Ellinor PT, Natarajan P.",,2026,2026-03-27,Y,MED
Q3_amr_core,2026-09-05,40422861,PMC12211066,10.1128/spectrum.02540-24,"Comprehensive analysis of extensive drug-resistant &lt;i&gt;Salmonella&lt;/i&gt; Typhi in Gujarat region, India: genomic findings and prospective alternative therapy.","Akshay SD, Upadhyaya H, Shukla N, Bhattacharjee R, Das S, Vyas U, Chavda P, Patel N, Jamkhandi D, Sabara P, Khandelwal N, Soni S, Upadhyaya K, Katira J, Maheshwari G, Joshi M, Gajjar D, Joshi C.",,2025,2025-05-27,Y,MED
Q3_amr_core,2026-09-05,39227836,PMC11370120,10.1186/s12711-024-00927-1,Population structure and breed identification of Chinese indigenous sheep breeds using whole genome SNPs and InDels.,"Zhao CH, Wang D, Yang C, Chen Y, Teng J, Zhang XY, Cao Z, Wei XM, Ning C, Yang QE, Lv WF, Zhang Q.",,2024,2024-09-03,Y,MED
Q3_amr_core,2026-09-05,41594074,PMC12837551,10.3390/antibiotics15010037,"Antibiotic Resistance in <i>Klebsiella pneumoniae</i> and Related Enterobacterales: Molecular Mechanisms, Mobile Elements, and Therapeutic Challenges.","Zdarska V, Arcari G, Kolar M, Mlynarcik P.",,2026,2026-01-01,Y,MED
Q3_amr_core,2026-09-05,41131551,PMC12548117,10.1186/s40168-025-02231-6,"One Health, One Microbiome.","Muhummed AM, Lanker KC, Yersin S, Zinsstag J, Vonaesch P.",,2025,2025-10-23,Y,MED
Q3_amr_core,2026-09-05,42412824,PMC13340165,10.1093/bioinformatics/btag262,PhageMind: generalized strain-level phage host range prediction via meta-learning.,"Shen Y, Shi K, Yu C, Zhang R, Sun Y, Shang J.",,2026,2026-07-01,Y,MED
Q3_amr_core,2026-09-05,41727556,PMC12922517,10.3389/bjbs.2026.15559,Antimicrobial Resistance: The Answers.,"Millar BC, Cates MJ, Torrisi MS, Round AJ, Warde A, Lowery CJ, Moore JE.",,2026,2026-02-06,Y,MED
Q3_amr_core,2026-09-05,39748007,PMC11696989,10.1038/s41598-024-84870-7,First report on comprehensive genomic analysis of a multidrug-resistant Enterobacter asburiae isolated from diabetic foot infection from Bangladesh.,"Islam MR, Mondol SM, Hossen MA, Khatun MP, Selim S, Amiruzzaman, Gomes DJ, Rahaman MM.",,2025,2025-01-02,Y,MED
Q3_amr_core,2026-09-05,42511308,PMC13409503,10.3390/foods15142562,Artificial Intelligence in Foodborne Pathogen Detection from Sensing to Food Safety Systems: A Systematic Review.,"Schirone M, D'Ambrosio G, Paparella A.",,2026,2026-07-21,Y,MED
Q3_amr_core,2026-09-05,40560760,PMC12194135,10.7554/elife.102253,Distinct adaptation and epidemiological success of different genotypes within &lt;i&gt;Salmonella enterica&lt;/i&gt; serovar Dublin.,"Sia CM, Ambrose RL, Valcanis M, Andersson P, Ballard SA, Howden BP, Williamson DA, Pearson JS, Ingle DJ.",,2025,2025-06-25,Y,MED
Q3_amr_core,2026-09-05,40721600,PMC12304167,10.1038/s41538-025-00527-3,Advancing microbial risk assessment: perspectives from the evolution of detection technologies.,"Xiao L, Li Z, Dou X, Long Y, Li Z, Liu Y, Dong Q.",,2025,2025-07-28,Y,MED
Q3_amr_core,2026-09-05,39070267,PMC11272472,10.3389/fmicb.2024.1437602,Artificial intelligence tools for the identification of antibiotic resistance genes.,"Olatunji I, Bardaji DKR, Miranda RR, Savka MA, Hudson AO.",,2024,2024-07-12,Y,MED
Q3_amr_core,2026-09-05,38402870,PMC11221363,10.1159/000538002,Whole Genome Sequencing: Applications in Clinical Bacteriology.,Mustafa AS.,,2024,2024-02-23,Y,MED
Q3_amr_core,2026-09-05,42427100,PMC13390648,10.1093/gbe/evag174,Genome Evolution in Plant Pathogenic Bacteria.,"Weis KS, Kaur A, Ghosh P, Potnis N.",,2026,2026-07-01,Y,MED
Q3_amr_core,2026-09-05,42073194,PMC13114433,10.3390/foods15081306,Probing Genomic Diversity of &lt;i&gt;Cronobacter sakazakii&lt;/i&gt; in the United States by Single Nucleotide Polymorphisms.,"Zhang W, Wong CWY, Zhang R, Tian R, Imanian B, Li Y, Jiang H.",,2026,2026-04-09,Y,MED
Q3_amr_core,2026-09-05,42192700,PMC13203182,10.3390/antibiotics15050478,Combating Antibacterial Resistance: The Integrative Role of Artificial Intelligence in Bio-Based Product Development.,"Gudepu R, Sirikonda S, Banoth R, Annagowni PK, Dahariya S, Velidandi A.",,2026,2026-05-08,Y,MED
Q3_amr_core,2026-09-05,41853314,PMC12992067,10.3389/fonc.2026.1766201,AI-powered mapping of tumor immunity for optimized mRNA vaccine engineering.,Srivastava R.,,2026,2026-03-03,Y,MED
Q3_amr_core,2026-09-05,42031785,PMC13323733,10.1038/s41467-026-72185-2,Integrating common and rare variants improves polygenic risk prediction across diverse populations.,"Williams J, Chen T, Hua X, Wong W, Yu K, Kraft P, Li X, Zhang H.",,2026,2026-04-24,Y,MED
Q3_amr_core,2026-09-05,40359007,PMC12078549,10.3201/eid3113.241506,An Advanced Molecular Detection Roadmap for Nonlaboratorians.,"Ricaldi JN, Parker JT, Barnes N, Turner H, Santibañez S.",,2025,2025-05-01,Y,MED
Q3_amr_core,2026-09-05,40464559,PMC12239554,10.1128/mbio.03896-24,Multi-omics profiling of cross-resistance between ceftazidime-avibactam and meropenem identifies common and strain-specific mechanisms in &lt;i&gt;Pseudomonas aeruginosa&lt;/i&gt; clinical isolates.,"Bartmanski BJ, Bösch A, Schmitt S, Ireddy NR, Ren Q, Findlay J, Egli A, Zimmermann-Kogadeeva M, Babouee Flury B.",,2025,2025-06-04,Y,MED
Q3_amr_core,2026-09-05,41677703,PMC12896672,10.3390/biology15030232,Genomic and Functional Characterization of Lytic &lt;i&gt;Tlsvirus&lt;/i&gt; Bacteriophages Targeting &lt;i&gt;Salmonella&lt;/i&gt; Infantis Isolated from Poultry Farms in Ecuador.,"Sevilla-Navarro S, Gómez-Cano IS, Castillo-Beckmann I, Ballaz S, Debut A, Fernández-Moreira E.",,2026,2026-01-26,Y,MED
Q3_amr_core,2026-09-05,42182636,PMC13190221,10.21037/jtd-2025-1-2791,Community-acquired pneumonia with &lt;i&gt;Staphylococcus aureus&lt;/i&gt; and viral co-infection: clinical characteristics and pathogen genomic analysis.,"Liu Y, Guo S, Hu X, Guo Q, Lu F.",,2026,2026-03-23,Y,MED
Q3_amr_core,2026-09-05,42043199,PMC13119757,10.3390/v18040410,"Deciphering HPAI Influenza A Virus (H5N1): Molecular Basis of Pathogenicity, Zoonotic Potential, and Advances in Vaccination Strategies.","Mohammad I, Hajelbashir MI, El-Bidawy MH, Abuderman A, Abuderman A, Satea M, Arafah AMR, Ansari MR, Rahmani M, Warsi MK, Helmi N, Kamal MA.",,2026,2026-03-26,Y,MED
Q3_amr_core,2026-09-05,40470315,PMC12136712,10.1016/j.csbj.2025.04.032,Deep learning-guided structural analysis of a novel bacteriophage KPP105 against multidrug-resistant &lt;i&gt;Klebsiella pneumoniae&lt;/i&gt;.,"Ko S, Kim J, Cho JH, Kim Y, Kim D.",,2025,2025-05-01,Y,MED
Q3_amr_core,2026-09-05,41975703,PMC13073026,10.3390/diagnostics16070991,"Metagenomic and Targeted Next-Generation Sequencing in Infectious Disease Diagnostics: Current Applications, Challenges, and Future Perspectives.","Rong R, Long Y, Li Y, Lin L, Yang J, Hu Z, Liu D, Chen P.",,2026,2026-03-25,Y,MED
Q3_amr_core,2026-09-05,42211656,PMC13212260,10.3389/fcimb.2026.1784529,CRISPR-driven strategies to disrupt methicillin-resistant &lt;i&gt;Staphylococcus aureus&lt;/i&gt; biofilms: a review.,"Nuevo JJM, Fortaleza JAG, Cabuhat KSP, Ong CJN, Jalova AC, Mortel FA, Bacalzo GD.",,2026,2026-05-13,Y,MED
Q3_amr_core,2026-09-05,40599184,PMC12207556,10.3748/wjg.v31.i24.108021,Revolutionizing gastroenterology and hepatology with artificial intelligence: From precision diagnosis to equitable healthcare through interdisciplinary practice.,"Chen ZL, Wang C, Wang F.",,2025,2025-06-01,Y,MED
Q3_amr_core,2026-09-05,,,,Using core genome and machine learning for serovar prediction in Salmonella enterica subspecies I strains,"Li X, Oladeinde A, Rothrock M, Chung TJ, Ghazi Al Hakeem W.",,2025,2025-04-01,N,AGR
Q3_amr_core,2026-09-05,41264352,PMC12633814,10.1099/mgen.0.001573,Global epidemiological insights on the antimicrobial resistance of &lt;i&gt;Enterococcus faecium&lt;/i&gt; and a genomic analysis framework.,"Lee K, Jang YH, Park K, Sung H, Kim MN.",,2025,2025-11-01,Y,MED
Q3_amr_core,2026-09-05,42176206,PMC13379446,10.1007/s00449-026-03347-1,10 years of CRISPR/CAS genomic engineering in Yarrowia lipolytica.,"Dias RG, Freitas FPM, Barbosa SL, Assis JVMG, Entringer TL, Fonseca JSC, Romanizio ME, Pimentel BBZ, Campos-Galvão MEM, Vieira NM, Fietto LG, Zsögön A, da Silveira WB.",,2026,2026-05-23,Y,MED
Q3_amr_core,2026-09-05,,,10.1101/2025.02.28.640835,"BaGPipe: an automated, reproducible, and flexible pipeline for bacterial genome-wide association studies","Wei KC, Blane B, Toussaint J, Reuter S, Toleman MS, Torok E, Peacock SJ, Harrison EM, Aggarwal D, Roberts-Sengier W.",,2025,2025-03-02,Y,PPR
Q3_amr_core,2026-09-05,39294434,PMC11410946,10.1038/s42003-024-06883-2,Simple and accurate genomic classification model for distinguishing between human and pig Staphylococcus aureus.,"Zhou H, Du W, Ouyang D, Li Y, Gong Y, Yao Z, Zhong M, Zhong X, Ye X.",,2024,2024-09-18,Y,MED
Q3_amr_core,2026-09-05,41072458,,10.1016/j.lanmic.2025.101183,Estimating the association of antimicrobial resistance genes with minimum inhibitory concentration in Escherichia coli: an observational study.,"Lipworth S, Chau K, Oakley S, Barrett L, Crook D, Peto T, Walker AS, Stoesser N.",,2025,2025-10-07,N,MED
Q3_amr_core,2026-09-05,39513706,PMC11619367,10.1128/spectrum.01171-24,Phylogenomics of novel clones of &lt;i&gt;Aeromonas veronii&lt;/i&gt; recovered from a freshwater lake reveals unique biosynthetic gene clusters.,"Lawal OU, Bryan N, Parreira VR, Anderson R, Chen Y, Precious M, Goodridge L.",,2024,2024-11-08,Y,MED
Q3_amr_core,2026-09-05,,,10.1101/2025.09.12.675231,Mapping the Phenotypic Landscape of Beta-lactam Resistance in Streptococcus pneumoniae,"Balmer AJ, Murray GGR, Lo SW, Restif O, Weinert LA.",,2025,2025-09-16,Y,PPR
Q3_amr_core,2026-09-05,40989663,PMC12451809,10.1017/ash.2025.10091,Computerized decision support for antimicrobial prescribing: what every antibiotic steward should know.,"Bosetti D, Grant R, Catho G.",,2025,2025-09-12,Y,MED
Q3_amr_core,2026-09-05,,,10.1101/2025.06.05.25329036,Predicting clinical outcome of<i>Escherichia coli</i>O157:H7 infections using explainable Machine Learning,"Paganini JA, Khatun S, McAteer S, Cowley L, Greig DR, Gally DL, Jenkins C, Dallman TJ.",,2025,2025-06-06,Y,PPR
Q3_amr_core,2026-09-05,40732008,PMC12299412,10.3390/microorganisms13071501,"Carbapenem Resistance in &lt;i&gt;Acinetobacter baumannii&lt;/i&gt;: Mechanisms, Therapeutics, and Innovations.","de Souza J, D'Espindula HRS, Ribeiro IF, Gonçalves GA, Pillonetto M, Faoro H.",,2025,2025-06-27,Y,MED
Q3_amr_core,2026-09-05,41704814,PMC12908607,10.3389/fvets.2026.1744053,From machine learning to digital twin integration for livestock production and research.,"Abdelrahman M, Issa S, Elsayed Ali M, Alotaibi J, Alshanbari F.",,2026,2026-02-02,Y,MED
Q3_amr_core,2026-09-05,39512798,PMC11540761,10.3389/fgene.2024.1490645,"Editorial: Microbial comparative genomics and pangenomics: new tools, approaches and insights into gene and genome evolution.","Verma D, Satyanarayana T, Dias PJ.",,2024,2024-10-24,Y,MED
Q3_amr_core,2026-09-05,40569694,PMC12199706,10.1093/gigascience/giaf072,"Integrating comparative genomics and risk classification by assessing virulence, antimicrobial resistance, and plasmid spread in microbial communities with gSpreadComp.","Kasmanas JC, Magnúsdóttir S, Zhang J, Smalla K, Schloter M, Stadler PF, de Leon Ferreira de Carvalho ACP, Rocha U.",,2025,2025-01-01,Y,MED
Q3_amr_core,2026-09-05,42075335,PMC13119226,10.3390/microorganisms14040939,Progress of Rapid Detection Technology for Aquatic Microorganisms: A Comprehensive Review.,"Liu Q, Qiu Z, Yao M, Jiao B, Zhou Y, Li C, Liu H, Xin L.",,2026,2026-04-21,Y,MED
Q3_amr_core,2026-09-05,39710721,PMC11663309,10.1186/s42523-024-00364-x,"Metagenomic insights into the resistome, mobilome, and virulome of dogs with diverse lifestyles.","Zhou N, Chen W, Xia L, Li M, Ye H, Lv C, Chen Y, Cheng Z, Park TJ, Ho PL, Gao X, Guo X, Zhao H, Cao H, Zhu Y.",,2024,2024-12-22,Y,MED
Q3_amr_core,2026-09-05,40079597,PMC12016502,10.1128/aem.01388-24,Broiler litter moisture and trace metals contribute to the persistence of &lt;i&gt;Salmonella&lt;/i&gt; strains that harbor large plasmids carrying siderophores.,"Oladeinde A, Chung T, Mou C, Rothrock MJ, Li G, Adeli A, Looft T, Woyda R, Abdo Z, Lawrence JP, Cudnik D, Zock G, Teran J, Li X.",,2025,2025-03-13,Y,MED
Q3_amr_core,2026-09-05,42011762,PMC13425396,10.24272/j.issn.2095-8137.2025.134,Comparison of gut viromes across captive mammals reveals extensive genetic diversity in bacteriophage dark matter and mammalian viruses.,"Lu J, Wang HN, Wang CM, Xu J, Ikechukwu CK, Li W, Ning SY, Wu P, Liu YW, Shen Q, Ji LK, Wang XC, Yang SX, Zhou CL, Wang XL, Zhang W, Shan TL.",,2026,2026-03-01,Y,MED
Q3_amr_core,2026-09-05,41501634,PMC12870312,10.1186/s12864-025-12348-5,Genomic adaptability and virulence of Bacillus anthracis: a machine learning-based pan-genome and comparative analysis.,"Sekar YS, Chellapandi P, Suresh KP, Saranya SV, Papanna M, Gulati BR, Amachawadi RG, Khatoon M, Hemadri D, Archana CA, Rani S, Patil A, Palavesam A, Sagar N, Anand J, Patil SS.",,2026,2026-01-07,Y,MED
Q3_amr_core,2026-09-05,40282010,PMC12024244,10.3390/ani15081176,"Pathogenomic Insights into &lt;i&gt;Piscirickettsia salmonis&lt;/i&gt; with a Focus on Virulence Factors, Single-Nucleotide Polymorphism Identification, and Resistance Dynamics.","Islam SI, Shahed K, Ahamed MI, Khang LTP, Jung WK, Sangsawad P, Dinh-Hung N, Permpoonpattana P, Linh NV.",,2025,2025-04-20,Y,MED
Q3_amr_core,2026-09-05,41518235,PMC12795276,10.1080/21505594.2026.2613506,Pangenomic analysis reveals metabolic adaptation of &lt;i&gt;Haemophilus parainfluenzae&lt;/i&gt; to the urogenital tract.,"Davina-Nunez C, Rincon-Quintero A, Potel C, Menéndez Rodríguez C, Montaño Barrientos BJ, Fontan-Silva B, Quintela-Baluja M, Perez-Castro S.",,2026,2026-01-10,Y,MED
Q3_amr_core,2026-09-05,39964311,PMC11845061,10.1080/19490976.2025.2468358,Profiling the gut microbiota to assess infection risk in &lt;i&gt;Klebsiella pneumoniae&lt;/i&gt;-colonized patients.,"De Maio F, Bianco DM, Santarelli G, Rosato R, Monzo FR, Fiori B, Sanguinetti M, Posteraro B.",,2025,2025-02-18,Y,MED
Q3_amr_core,2026-09-05,41473737,PMC12745843,10.1155/bmri/1235637,Functional and Structure Prediction of Hypothetical Proteins From &lt;i&gt;Listeria aquatica&lt;/i&gt; FSL S10-1188: Bioinformatics Approaches.,"Abdallah MM, Suliman RAI, Ahmed YT, Yahia M.",,2025,2025-12-28,Y,MED
Q3_amr_core,2026-09-05,42220710,PMC13217519,10.7759/cureus.107864,Biochemical and Biotechnological Approaches to Disease Diagnosis and Therapeutics: A Comprehensive Review.,"Kadwe P, Jena L, Jena D, Wakde Y, Pawar SK, Biswas D.",,2026,2026-04-28,Y,MED
Q3_amr_core,2026-09-05,41472209,PMC12737545,10.3390/v17121538,Bioinformatics Tools and Approaches for Virus Discovery in Genomic Data: A Systematic Review.,"Galeeva J, Kuzmichenko P, Manolov A, Lukashev A, Ilina E.",,2025,2025-11-24,Y,MED
Q3_amr_core,2026-09-05,40158619,PMC12766198,10.1016/j.jare.2025.03.039,The Application of artificial intelligence in periprosthetic joint infection.,"Li P, Wang Y, Zhao R, Hao L, Chai W, Jiying C, Feng Z, Ji Q, Zhang G.",,2026,2025-03-28,Y,MED
Q3_amr_core,2026-09-05,42519700,PMC13381789,10.3389/fmicb.2026.1884628,Rethinking metagenome-assembled genome completeness: are we truly recovering complete genomes?,"Pellegrinetti TA, Molligan J, Mendes LW, Pedrinho A, Pérez-López E.",,2026,2026-07-06,Y,MED
Q3_amr_core,2026-09-05,41011355,PMC12471753,10.3390/microorganisms13092023,Pathoadapative Genomic Determinants of &lt;i&gt;Staphylococcus aureus&lt;/i&gt; Community Skin Infections and Nasal Colonization.,"Black CA, So W, Benavides R, Mercer JA, Dallas SS, Shurko JF, Bandy SM, Encino BA, Lipscomb JS, Vargus A, Frei CR, Lee GC.",,2025,2025-08-29,Y,MED
Q3_amr_core,2026-09-05,,PMC13295470,,Role of Mobilome in Carbapenem Resistance,"Hassan L, Syed M, Lu B, Zhao J, Cao B.",,2026,2026-05-28,Y,PMC
Q3_amr_core,2026-09-05,39943164,PMC11815768,10.3390/ani15030394,A Global Comparative Genomic Analysis of Major Bacterial Pathogens in Bovine Mastitis and Lameness.,"Kusza S, Bagi Z.",,2025,2025-01-30,Y,MED
Q3_amr_core,2026-09-05,42181885,PMC13194142,10.3389/fphar.2026.1773609,"Artificial intelligence for coordinating vaccine design, antiviral discovery, and real-world monitoring in the era of emerging and endemic viral threats.","Akingbola A, Adegbesan A, Adewole O, Adebiyi KO, Benson AE, Ojo O, Urowoli JO, Alabi OJ, Ojeriakhi OJ, Shekoni M.",,2026,2026-05-08,Y,MED
Q3_amr_core,2026-09-05,41079140,PMC12509863,10.1093/jacamr/dlaf175,Subpopulations in clinical samples of &lt;i&gt;M. tuberculosis&lt;/i&gt; can give rise to rifampicin resistance and shed light on how resistance is acquired.,"Brunner VM, Fowler PW.",,2025,2025-10-09,Y,MED
Q3_amr_core,2026-09-05,40606626,PMC12213627,10.3389/fcimb.2025.1573643,Type VII secretion system gene mutations driving global mycobacterium tuberculosis transmission revealed by whole genomic sequence.,"Yang JJ, Hu YL, Sun PY, Wang L, Xie XJ, Wang TT.",,2025,2025-06-18,Y,MED
Q3_amr_core,2026-09-05,41914742,PMC13141963,10.1128/spectrum.03230-25,"ΔCt-informed, calibrated logistic regression accurately attributes &lt;i&gt;mecA&lt;/i&gt; in &lt;i&gt;Staphylococcus aureus&lt;/i&gt;-positive wound specimens.","Dehghani M, Norouzi H, Dehghan S, Lee KH, Martin HL.",,2026,2026-03-31,Y,MED
Q3_amr_core,2026-09-05,41597548,PMC12844032,10.3390/microorganisms14010028,Tracking Global Transmission Dynamics of the Plasmid-Mediated <i>mcr</i> Gene: A Genomic Epidemiological Analysis.,"Long J, Wang X, Liu M, Wu J, Yang H, Chen S, Duan G.",,2025,2025-12-22,Y,MED
Q3_amr_core,2026-09-05,38274740,PMC10808480,10.3389/fmicb.2023.1320312,Machine learning and feature extraction for rapid antimicrobial resistance prediction of <i>Acinetobacter baumannii</i> from whole-genome sequencing data.,"Gao Y, Li H, Zhao C, Li S, Yin G, Wang H.",,2023,2024-01-11,Y,MED
Q3_amr_core,2026-09-05,40122838,PMC11930000,10.1186/s13059-025-03524-7,aurora: a machine learning gwas tool for analyzing microbial habitat adaptation.,"Bujdoš D, Walter J, O'Toole PW.",,2025,2025-03-23,Y,MED
Q3_amr_core,2026-09-05,40792105,PMC12336193,10.3389/fcimb.2025.1591076,Exploring fecal microbiota signatures associated with immune response and antibiotic impact in NSCLC: insights from metagenomic and machine learning approaches.,"Han W, Zhou Y, Wang Y, Liu X, Sun T, Xu J.",,2025,2025-07-28,Y,MED
Q3_amr_core,2026-09-05,41750866,PMC12939011,10.3390/foods15040676,Impact of Farm Management Practices on &lt;i&gt;Salmonella&lt;/i&gt; Occurrence at the Farm Level-A Blend of Traditional Methods and Artificial Intelligence.,"Marcu D, Balta I, Harvey M, McCleery D, Marcu A, Gradisteanu-Pircalabioru G, Callaway T, Iancu T, Pet I, Morariu F, Imbrea AM, Dumitrescu G, Ciochina LP, Stef L, Corcionivoschi N.",,2026,2026-02-12,Y,MED
Q3_amr_core,2026-09-05,41466046,PMC12852109,10.1038/s41598-025-33824-8,"Comparative genomics of Brucella species reveals key determinants of secondary metabolism, antimicrobial resistance, and virulence.","Liu X, Zhang R, Sun M, Qiao J, Liang M.",,2025,2025-12-30,Y,MED
Q3_amr_core,2026-09-05,40985758,PMC12606438,10.1093/genetics/iyaf192,Effectiveness of CRISPR-Cas in sensitizing bacterial populations with plasmid-encoded antimicrobial resistance.,"Kippnich J, Benz F, Uecker H, Baumdicker F.",,2025,2025-11-01,Y,MED
Q3_amr_core,2026-09-05,41114575,PMC12671150,10.1128/spectrum.03414-24,Genomic insights and functional adaptation of &lt;i&gt;Mycobacterium intracellulare&lt;/i&gt; strains isolated from patients with inflammatory bowel disease.,"Deb S, Kumari L, Mahajan N, Basant SK, Joshi T, Ahuja V, Singh UB.",,2025,2025-10-20,Y,MED
Q3_amr_core,2026-09-05,40854982,PMC12378394,10.1038/s44259-025-00141-z,Identification and antimicrobial resistance profiling of Pseudomonas aeruginosa using multi-excitation Raman spectroscopy and computational analytics.,"Highmore C, Hanrahan N, Cook Y, Pritchard Y, Lister A, Cooper K, Devitt G, Munro APS, Faust SN, Mahajan S, Webb JS.",,2025,2025-08-25,Y,MED
Q3_amr_core,2026-09-05,40758414,PMC12321203,10.1099/mgen.0.001459,How to measure bacterial genome plasticity? A novel index helps gather insights on pathogens.,"Bellinzona G, Biffignandi GB, Brilli M, Baldanti F, Sassera D, Gaiarsa S.",,2025,2025-08-01,Y,MED
Q3_amr_core,2026-09-05,42039745,PMC13105939,10.3389/fcimb.2026.1792743,Machine learning-based risk prediction model for sepsis development in patients with multidrug-resistant &lt;i&gt;Pseudomonas aeruginosa&lt;/i&gt; infections: a multicenter retrospective cohort study.,"Li C, Shi T, Xiao G, Zhang Y, Wang Y, Liang Y, Tang C, Lin N, Wang K.",,2026,2026-04-10,Y,MED
Q3_amr_core,2026-09-05,40090954,PMC11911422,10.1038/s41467-025-57825-3,Genetic compatibility and ecological connectivity drive the dissemination of antibiotic resistance genes.,"Lund D, Parras-Moltó M, Inda-Díaz JS, Ebmeyer S, Larsson DGJ, Johnning A, Kristiansson E.",,2025,2025-03-16,Y,MED
Q3_amr_core,2026-09-05,41402282,PMC12783191,10.1038/s41467-025-66996-y,Rapid culture-free diagnosis of clinical pathogens via integrated microfluidic-Raman micro-spectroscopy.,"Li Y, Xu J, Yi X, Li X, Luo Y, Glidle A, Summersgill P, Allen S, Ryan T, Liu X, Yu W, Chu X, Chen S, Zhang Q, Xu X, Hua X, Yang Q, Reboud J, Yu Y, Huang WE, Cooper JM, Yin H.",,2025,2025-12-16,Y,MED
Q3_amr_core,2026-09-05,41717089,PMC12913512,10.3389/fmicb.2025.1733974,Convergent gut microbiome adaptation and pervasive antibiotic resistome in Qinghai-Tibet Plateau passerines.,"Shi S, Qi J, Peng W, Su X, Chen P, Xu S, Li S, Ma L, Wang W, Jiang K, Liu Z, Li W, Xiong H, Wang Y.",,2025,2026-02-04,Y,MED
Q3_amr_core,2026-09-05,,,10.1101/2025.10.02.679941,Rapidly and reproducibly building a comprehensive catalogue of resistance-associated variants for  <i>M. tuberculosis</i>,"Adlard D, Malone KM, Westhead J, Hunt M, Thai H, Colpus M, Turner RD, Omar SV, Eyre DW, Ismail N, Walker TM, Peto TE, Crook DW, Iqbal Z, Fowler PW.",,2025,2025-10-02,Y,PPR
Q3_amr_core,2026-09-05,40360786,PMC12075791,10.1038/s42003-025-08156-y,"Genetic landscape and evolution of Acinetobacter pittii, an underestimated emerging nosocomial pathogen.","Wang S, Zhou Y, Wang Y, Tang K, Wang D, Hong J, Wang P, Ye S, Yan J, Li S, Zhou Z, Du J.",,2025,2025-05-13,Y,MED
Q3_amr_core,2026-09-05,41087479,PMC12521479,10.1038/s41598-025-16701-2,Understanding the regulatory grammar of sepsis-causing Staphylococcus aureus bacteria using contexualised DNA language models.,"Chen T, Peleg AY, Tyagi S.",,2025,2025-10-14,Y,MED
Q3_amr_core,2026-09-05,42105210,PMC13198382,10.1093/bioinformatics/btag260,Protein language model embeddings improve HIV drug resistance prediction: a comprehensive benchmark with attention-based interpretability.,Farquhar H.,,2026,2026-05-01,Y,MED
Q3_amr_core,2026-09-05,42324618,PMC13285596,10.1080/19490976.2026.2687925,Mapping the metagenomic landscape: combined shotgun sequencing and quantitative PCR to profile gut metagenome-assembled genomes in marmosets following treatment with a broad-spectrum antibiotic cocktail.,"Hernandez JB, Abiodun M, Hayer SS, Dickson T, Ayayee P, Clayton JB.",,2026,2026-06-21,Y,MED
Q3_amr_core,2026-09-05,39472617,PMC11522393,10.1038/s41598-024-75973-2,Integrating genomic and molecular data to predict antimicrobial minimum inhibitory concentration in Klebsiella pneumoniae.,"Ryu B, Jeon W, Kim D.",,2024,2024-10-29,Y,MED
Q3_amr_core,2026-09-05,38707536,PMC11067008,10.1016/j.csbj.2024.04.035,Unitig-centered pan-genome machine learning approach for predicting antibiotic resistance and discovering novel resistance genes in bacterial strains.,"Do DT, Yang MR, Vo TNS, Le NQK, Wu YW.",,2024,2024-04-16,Y,MED
Q3_amr_core,2026-09-05,41816689,PMC12971721,10.3389/fmicb.2026.1768747,"The gut resistome in poultry production: microbial ecology, antibiotic use, and sustainable control approaches.","Jian Z, Qian Y, He S, Zhao R, Li K, Cha J, Ning Z, Ye Y, Bao Z, Wang K, Ge C, Jia J, Dou T, Hu Y, He X, Zi X.",,2026,2026-02-24,Y,MED
Q3_amr_core,2026-09-05,42258531,PMC13403082,10.1093/nar/gkag545,"Machine learning-driven optimization of specific, compact, and efficient base editors via single-round diversification.","Ielanskyi M, Wang M, Scott L, Rieber L, Merrett S, Schimunek J, Mayr A, McDowell I, Klambauer G, Bowen T.",,2026,2026-06-01,Y,MED
Q3_amr_core,2026-09-05,40575984,PMC12580955,10.5713/ab.25.0062,Microbiota profiles and antimicrobial resistance genes in sow fecal samples from farms with and without antibiotic use.,"Senawin S, Bunchasak C, Rakangthong C, Kaewtapee C, Foongladda S, Surachat K, Chinli R, Loongyai W.",,2025,2025-06-24,Y,MED
Q3_amr_core,2026-09-05,42308248,PMC13293517,10.1371/journal.pcbi.1014407,Machine learning-driven identification of virulence determinants in Borrelia burgdorferi associated with human dissemination.,"Nguyen HT, Brissette CA.",,2026,2026-06-17,Y,MED
Q3_amr_core,2026-09-05,41471222,PMC12735946,10.3390/pathogens14121267,From Methylomes to CRISPR Epigenetic Editing: New Paths in Antibiotic Resistance.,"Nass NM, Zaher KA.",,2025,2025-12-10,Y,MED
Q3_amr_core,2026-09-05,42207801,PMC13218526,10.1371/journal.pone.0348054,Genomic and functional characterization of a novel halophilic bacteriophage targeting carbapenem-resistant Klebsiella pneumoniae.,"Abed S, Beig M, Soltani S, Pahlevani M, Speck P, Shafiei M, Shahraki AH, Ghorbani A.",,2026,2026-05-28,Y,MED
Q3_amr_core,2026-09-05,41474711,PMC12755741,10.1371/journal.pone.0340071,Whole-genome sequencing of Burkholderia glumae strains from Thailand reveals potential horizontal gene transfer with Burkholderia pseudomallei.,"Patarapuwadol S, Hintong W, Nualnisachol P, Wankaew N, Kruasuwan W, Sawaengwong T, Laosena P, Premsuriya J.",,2025,2025-12-31,Y,MED
Q3_amr_core,2026-09-05,41663438,PMC12887025,10.1038/s41598-025-33445-1,AntiPan: a genome-informed in silico pipeline for advancing subunit vaccine discovery against Staphylococcus aureus.,"Ibrahim MS, Fahmy JA, Helal MA, Hakim FT, Sidarous LR, Attallah NE, Abouelhadid S, Elhadidy M, Badr E.",,2026,2026-02-09,Y,MED
Q3_amr_core,2026-09-05,40483351,PMC12145430,10.1038/s42003-025-08313-3,"Predicting bacterial phenotypic traits through improved machine learning using high-quality, curated datasets.","Koblitz J, Reimer LC, Pukall R, Overmann J.",,2025,2025-06-07,Y,MED
Q3_amr_core,2026-09-05,41358816,PMC12776354,10.1093/femsre/fuaf061,Phage cocktails: state-of-the-art technologies and strategies for effective design.,"Kaneko T, Nakatsuka K, Tsuneda S.",,2026,2026-01-01,Y,MED
Q3_amr_core,2026-09-05,40149092,PMC11939624,10.3390/antibiotics14030281,Genome Analysis of 6222 Bacterial Isolates from Livestock and Food Environments in Spain to Decipher the Antibiotic Resistome.,"Hernández M, Falcó-Prieto Á, Ugarte-Ruiz M, Miguela-Villoldo P, Ocampo-Sosa A, Abad D, Pérez-Sancho M, Álvarez J, Cadamuro RD, Elois MA, Fongaro G, Quesada A, González-Zorn B, Domínguez L, Eiros JM, Rodríguez-Lázaro D.",,2025,2025-03-08,Y,MED
Q3_amr_core,2026-09-05,39775233,PMC11684616,10.1371/journal.pcbi.1012579,Using genomic data and machine learning to predict antibiotic resistance: A tutorial paper.,"Orcales F, Moctezuma Tan L, Johnson-Hagler M, Suntay JM, Ali J, Recto K, Glenn P, Pennings P.",,2024,2024-12-30,Y,MED
Q3_amr_core,2026-09-05,42062846,PMC13277203,10.1186/s12866-026-05057-w,Evaluation of AI-enhanced FTIR spectroscopy for species and biovar typing of intracellular pathogenic Brucella spp.,"Duvnjak S, Dopuđ M, Šuto S, Reil I, Zdelar-Tuk M, Mikolajczak A, Špičić S.",,2026,2026-04-30,Y,MED
Q3_amr_core,2026-09-05,38379956,PMC10878306,10.3389/fcimb.2023.1306368,Deciphering complex antibiotic resistance patterns in <i>Helicobacter pylori</i> through whole genome sequencing and machine learning.,"Yu J, Jia Y, Yu Q, Lin L, Li C, Chen B, Zhong P, Lin X, Li H, Sun Y, Zhong X, He Y, Huang X, Lin S, Pan Y.",,2023,2024-01-04,Y,MED
Q3_amr_core,2026-09-05,41280731,PMC12637065,10.1016/j.soh.2025.100131,Advancing One Health implementation and technological innovation in China: a technology assessment approach.,"Suo Y, Zhang K, Zhao J, Lyu J, Zhang C, Tan Z, Zhao G, Chen Y.",,2025,2025-10-18,Y,MED
Q3_amr_core,2026-09-05,41450572,PMC12727605,10.3389/fcimb.2025.1690417,Global trends in carbapenem-resistant gram-negative bacteria research (2020-2025): a bibliometric analysis and systematic review.,"Zhang X, Zhang C, Lv M, Wang S, Wang Q, Yang C, Zhao Q, Ma L, Li B, Qin X, Zhao C, Shen C.",,2025,2025-12-10,Y,MED
Q3_amr_core,2026-09-05,41959952,PMC13056596,10.7759/cureus.104870,Machine Learning Analysis of Type VII Secretion System Expression and Its Relationships With Virulence Traits and Antibiotic Resistance in Staphylococcus aureus.,"Nirmala B, Pai MO, Badoni G, Kumar Verma G, Kumar A, Omar BJ.",,2026,2026-03-08,Y,MED
Q3_amr_core,2026-09-05,41025564,PMC12677589,10.1002/advs.202505154,The Gut Resistome Atlas in Preterm Infants Enables Prediction of Necrotizing Enterocolitis Onset.,"Zeng S, Wang H, Zhang L, Li S, Yuan Y, Tian M, Qu Y, Ying J, Zhou M, Hu Y, Huang J, Zou R, Zhao F, Su X, Liu Q, He Y, Feng J, Huang W, Luo Y, Zhou Z, Shen W, Mu D, Wang S.",,2025,2025-09-30,Y,MED
Q3_amr_core,2026-09-05,39624726,PMC11610450,10.3389/fmicb.2024.1510139,Harnessing AI for advancing pathogenic microbiology: a bibliometric and topic modeling approach.,"Tian T, Zhang X, Zhang F, Huang X, Li M, Quan Z, Wang W, Lei J, Wang Y, Liu Y, Wang JH.",,2024,2024-11-15,Y,MED
Q3_amr_core,2026-09-05,41859065,PMC12998553,10.2147/idr.s566930,Seven-Year Surveillance and AI-Based Forecasting of Antimicrobial Resistance in Pediatric &lt;i&gt;Escherichia coli&lt;/i&gt; Infections in Northern China (2018-2024).,"Chen Y, Song Z, Di R, Zhao Q, Liu J, Song H, Wang J, Chen Y.",,2026,2026-01-09,Y,MED
Q3_amr_core,2026-09-05,38746750,PMC11092894,10.3389/fmicb.2024.1365011,"Decoding <i>Klebsiella pneumoniae</i> in poultry chain: unveiling genetic landscape, antibiotic resistance, and biocide tolerance in non-clinical reservoirs.","Mourão J, Magalhães M, Ribeiro-Almeida M, Rebelo A, Novais C, Peixe L, Novais Â, Antunes P.",,2024,2024-04-12,Y,MED
Q3_amr_core,2026-09-05,41652975,PMC12915776,10.1080/14622416.2026.2620360,Importance of genetic ancestry in pharmacogenomics for precision medicine.,"Venkatesh R, Keat K, Salvatore M, Cindi Z, Hall MA, Ritchie MD.",,2025,2025-12-01,Y,MED
Q3_amr_core,2026-09-05,40066074,PMC11891349,10.3389/fbinf.2025.1507448,Reliable machine learning models in genomic medicine using conformal prediction.,"Papangelou C, Kyriakidis K, Natsiavas P, Chouvarda I, Malousi A.",,2025,2025-02-24,Y,MED
Q3_amr_core,2026-09-05,38940175,PMC11211809,10.1093/bioinformatics/btae243,Scalable de novo classification of antibiotic resistance of Mycobacterium tuberculosis.,"Serajian M, Marini S, Alanko JN, Noyes NR, Prosperi M, Boucher C.",,2024,2024-06-01,Y,MED
Q3_amr_core,2026-09-05,41602756,PMC12833367,10.3389/fmicb.2025.1717859,AI-powered analysis of viral metagenomic sequencing data for rapid outbreak investigation and novel pathogen discovery.,"Chisompola D, Luwaya E, Nzobokela J, Mwansa P, Chakulya M.",,2025,2026-01-12,Y,MED
Q3_amr_core,2026-09-05,42133137,PMC13176182,10.1007/s11259-026-11268-3,Integrating biomarkers and artificial intelligence for precision diagnostics in cattle health and herd management: a review.,"Aydın Ş, Özdemir S.",,2026,2026-05-14,Y,MED
Q3_amr_core,2026-09-05,40134787,PMC11933091,10.3389/fcimb.2025.1490183,Genomic epidemiology and public health implications of zoonotic monophasic &lt;i&gt;Salmonella&lt;/i&gt; Typhimurium ST34.,"Wu X, Du J, Zhou X, Peng X, Jia C, Wang B, Wu B, Li Y, Yue M.",,2025,2025-03-11,Y,MED
Q3_amr_core,2026-09-05,41443199,PMC12853177,10.1016/j.crmeth.2025.101266,MMonitor for real-time monitoring of microbial communities using long reads.,"Lucas TN, Biehain U, Gautam A, Gemeinhardt K, Lass T, Konzalla S, Ley RE, Angenent LT, Huson DH.",,2026,2025-12-23,Y,MED
Q3_amr_core,2026-09-05,42293535,PMC13260186,10.3389/fmicb.2026.1754063,"Recovery of organic waste from a wastewater treatment plant, improved with plant growth promoting bacteria: model of &lt;i&gt;Quercus suber&lt;/i&gt; L.","González-Reguero D, Robas-Mora M, García Ordiales E, Fernández-Pastrana VM, Penalba-Iglesias D, Probanza Lobo A, Jiménez Gómez PA.",,2026,2026-05-29,Y,MED
Q3_amr_core,2026-09-05,40101387,PMC11960674,10.1016/j.ebiom.2025.105633,Next-generation diagnostics of bloodstream infections enabled by rapid whole-genome sequencing of bacterial cells purified from blood cultures.,"Di Pilato V, Bonaiuto C, Morecchiato F, Antonelli A, Giani T, Rossolini GM.",,2025,2025-03-17,Y,MED
Q3_amr_core,2026-09-05,41657997,PMC12876177,10.3389/fmicb.2025.1676706,Genotypes and associated traits in &lt;i&gt;Salmonella enterica&lt;/i&gt; Newport strains linked to fresh produce-associated outbreaks in the United States.,"Carter MQ, Carychao D, Gorski L, Lindsey RL, Bono JL.",,2025,2026-01-23,Y,MED
Q3_amr_core,2026-09-05,40835741,PMC12368250,10.1038/s42003-025-08650-3,Machine learning based on pangenome-wide association studies reveals the impact of host source on the zoonotic potential of closely related bacterial pathogens.,"Han C, Lu S, Hu P, Chang J, Zou D, Li F, Li Y, Lu Q, Ren H.",,2025,2025-08-20,Y,MED
Q3_amr_core,2026-09-05,41341958,PMC12669229,10.3389/fcimb.2025.1701570,Nanopore sequencing in veterinary medicine: from concepts to clinical applications.,"Chaves M, Hashish A, Goraichuk IV, Casserta LC, Mears MC, Gadu E, Bakre A, Alexander Morris ER, Shelkamy MMS, Nadendla S, Perez DR, El-Gazzar M.",,2025,2025-11-18,Y,MED
Q3_amr_core,2026-09-05,41648021,PMC12868221,10.3389/fmicb.2025.1728860,Genetic identification of mutations and MLST types associated with decreased susceptibility to ceftriaxone in &lt;i&gt;Neisseria gonorrhoeae&lt;/i&gt;.,"Zhang X, Wang H, Gu Y, Chen X, Zhou G, Liu C, Ji L, Xie R, Zhang J, Shao Z, Zhang M.",,2025,2026-01-21,Y,MED
Q3_amr_core,2026-09-05,42187710,PMC13203232,10.3390/biology15100748,Expanding the Microbial Genomic Landscape and Biotechnological Applications of CRISPR-Cas Systems.,"Singh S, Tiwari H, Singh M, Gautam V, Gautam A, Gautam HK.",,2026,2026-05-08,Y,MED
Q3_amr_core,2026-09-05,40589903,PMC12208608,10.1183/23120541.00952-2024,Predicting rifampicin resistance in &lt;i&gt;Mycobacterium tuberculosis&lt;/i&gt; using machine learning informed by protein structural and chemical features.,"Lynch CI, Adlard D, Fowler PW.",,2025,2025-05-01,Y,MED
Q3_amr_core,2026-09-05,39796227,PMC11719799,10.3390/ijms26010372,"Advances in Whole Genome Sequencing: Methods, Tools, and Applications in Population Genomics.","Lu Y, Li M, Gao Z, Ma H, Chong Y, Hong J, Wu J, Wu D, Xi D, Deng W.",,2025,2025-01-04,Y,MED
Q3_amr_core,2026-09-05,40686844,PMC12274303,10.1016/j.crmicr.2025.100436,Global genomic epidemiology and plasmid-mediated dissemination of &lt;i&gt;bla&lt;/i&gt; &lt;sub&gt;KPC&lt;/sub&gt; and &lt;i&gt;bla&lt;/i&gt; &lt;sub&gt;NDM&lt;/sub&gt; in the &lt;i&gt;Serratia marcescens&lt;/i&gt; complex.,"Liu X, Liu Z, Yu K, Huang Z, Gao H, Bai X, Sun Z, Wei Q, Wang D.",,2025,2025-07-04,Y,MED
Q3_amr_core,2026-09-05,40853111,PMC12509796,10.1128/mbio.01309-25,"Investigating genetic, antigenic, and structural diversity in the &lt;i&gt;Neisseria gonorrhoeae&lt;/i&gt; outer membrane protein, PorB: implications for vaccine design.","Harrison OB, Bash M, Ramirez-Bencomo F, Thistlethwaite A, Jones R, Stejskal L, Sanders E, Feavers IM, Jerse A, Derrick JP, Tang CM, Maiden MCJ.",,2025,2025-08-25,Y,MED
Q3_amr_core,2026-09-05,41992792,PMC13087548,10.1002/minf.70029,The Use of DeepQSAR Models for the Discovery of Peptides With Enhanced Antimicrobial and Antibiofilm Potential.,"You J, Mslati H, Haney EF, Akhoundsadegh N, Hancock REW, Cherkasov A.",,2026,2026-04-01,Y,MED
Q3_amr_core,2026-09-05,39532933,PMC11557942,10.1038/s41598-024-78247-z,Early prediction of Mycobacterium tuberculosis transmission clusters using supervised learning models.,"Gharamaleki OG, Colijn C, Sekirov I, Johnston JC, Sobkowiak B.",,2024,2024-11-12,Y,MED
Q3_amr_core,2026-09-05,39511309,PMC11544221,10.1038/s41598-024-77947-w,Leveraging large-scale Mycobacterium tuberculosis whole genome sequence data to characterise drug-resistant mutations using machine learning and statistical approaches.,"Pruthi SS, Billows N, Thorpe J, Campino S, Phelan JE, Mohareb F, Clark TG.",,2024,2024-11-07,Y,MED
Q3_amr_core,2026-09-05,40788141,PMC12424335,10.1128/mra.00452-25,Draft genome sequence of &lt;i&gt;Enterobacter hormaechei&lt;/i&gt; HKEH-1 isolated from a diabetic patient's blood.,"Ding M, Foong WE, Huang J, Tam H-K.",,2025,2025-08-11,Y,MED
Q3_amr_core,2026-09-05,40210591,,10.1093/femsle/fnaf040,Using core genome and machine learning for serovar prediction in Salmonella enterica subspecies I strains.,"Li X, Oladeinde A, Rothrock M, Chung TJ, Ghazi Al Hakeem W.",,2025,2025-01-01,N,MED
Q3_amr_core,2026-09-05,40711131,PMC12298662,10.3390/toxins17070319,A Comprehensive Review of Detection Methods for &lt;i&gt;Staphylococcus aureus&lt;/i&gt; and Its Enterotoxins in Food: From Traditional to Emerging Technologies.,"Mairi A, Ibrahim NA, Idres T, Touati A.",,2025,2025-06-23,Y,MED
Q3_amr_core,2026-09-05,41354993,PMC12689619,10.1038/s41598-025-25645-6,Dynamics of the gut microbiome and resistome in response to prophylactic antibiotic treatment in post-surgical giant pandas.,"Zhang W, Zhang M, Xie J, Huang H, Schmitz-Esser S, Li W, Liu H, Li D.",,2025,2025-12-07,Y,MED
Q3_amr_core,2026-09-05,41599011,PMC12845504,10.3390/pathogens15010028,Taming Superbugs: Current Progress and Challenges in Combating ESKAPE Pathogens.,"Hetta HF, Khalaf FR, Kotb AA, Alatawi MN, Albalawi AS, Alharbi AA, Aljohani MK, Aljohani SS, Alatawi MS, Abd Ellah NH, Battah B, Donadu MG, Mazzarello V.",,2025,2025-12-24,Y,MED
Q3_amr_core,2026-09-05,39228791,PMC11369404,10.1016/j.isci.2024.110623,PanKA: Leveraging population pangenome to predict antibiotic resistance.,"Do VH, Nguyen VS, Nguyen SH, Le DQ, Nguyen TT, Nguyen CH, Ho TH, Vo NS, Nguyen T, Nguyen HA, Cao MD.",,2024,2024-08-02,Y,MED
Q3_amr_core,2026-09-05,42058108,PMC13124018,10.1515/med-2026-1380,From burden to action: Saudi Arabia's strategy on antimicrobial resistance.,"Hudu SA, Jimoh AO.",,2026,2026-01-01,Y,MED
Q3_amr_core,2026-09-05,42136739,PMC13168007,10.3389/fcimb.2026.1747088,Retrospective comparative analysis of pre-IVF vaginal and semen microbiological cultures in infertile couples highlights absence of microbial concordance.,"Vágvölgyi A, Nádasdi B, Zádori PL, Sinka R, Burián K, Vedelek V, Zádori J.",,2026,2026-04-29,Y,MED
Q3_amr_core,2026-09-05,42466125,PMC13372748,10.3389/fmicb.2026.1842380,tsAMP: a strain-level antimicrobial peptide identification framework based on large language models and pathogen genomic variation.,"Li H, Gao H, Tian J, Wang X, Jiang R, Chen T, Chen H, Yang Y, Zhu C.",,2026,2026-07-02,Y,MED
Q3_amr_core,2026-09-05,40478766,PMC12144320,10.1099/mgen.0.001420,&lt;i&gt;Enterococcus lactis&lt;/i&gt; is ecologically and genetically distinct from the major opportunistic pathogen &lt;i&gt;Enterococcus faecium&lt;/i&gt;.,"Ross TA, Janice J, Arredondo-Alonso S, Löhr IH, Holsbø E, Corander J, Pöntinen AK, Kampffmeyer M, Hegstad K.",,2025,2025-06-01,Y,MED
Q3_amr_core,2026-09-05,41668884,PMC12883650,10.3389/fmicb.2026.1724818,Genome-based characterization of AHPND and non-AHPND &lt;i&gt;Vibrio campbellii&lt;/i&gt; isolates from Republic of Korea.,"Lee SY, Choi HJ, Lee S, Choi J, Kwak JS, Kang YJ, Hong SC.",,2026,2026-01-26,Y,MED
Q3_amr_core,2026-09-05,42536752,PMC13426420,10.1126/sciadv.aed2571,A &lt;i&gt;NHEJ1&lt;/i&gt; mutator allele influencing germline mutation rates sex-specifically in humans.,"Wu K, Nan J, Liu H.",,2026,2026-07-31,Y,MED
Q3_amr_core,2026-09-05,40453710,PMC12123207,10.3389/fcimb.2025.1526028,"Antibiotic resistance, virulence gene, phylogenetic group and genetic diversity of &lt;i&gt;Escherichia coli&lt;/i&gt; isolated from Tibetan pig farms in Garze Tibetan Autonomous Prefecture, Sichuan, China.","Zhao X, Liang J, Xia Z, Chen C.",,2025,2025-05-12,Y,MED
Q3_amr_core,2026-09-05,42312650,PMC13339515,10.1002/cpt.70365,Benchmark of Open-Access Star-Allele Callers to Accurately Assess Haplotypes and Phenotypes in Pharmacogenetic Studies.,"Gros-La-Faige MB, Génin E, Herzig AF.",,2026,2026-06-18,Y,MED
Q3_amr_core,2026-09-05,42283481,PMC13390438,10.1128/aem.00810-26,DNA modifications of Durham Collection phages and promiscuity of GmrSD-family Type IV restriction enzyme BrxU.,"Readshaw JJ, Kelly A, Lee Y-J, Mariano G, Shaw LP, Weigele PR, Blower TR.",,2026,2026-06-12,Y,MED
Q3_amr_core,2026-09-05,42298188,PMC13335522,10.1038/s41588-026-02619-6,Decoding common and rare noncoding variant effects across cellular and developmental contexts.,"Marderstein AR, Kundu S, Padhi EM, Deshpande S, Wang A, Robb E, Sun Y, Yun CM, Pomales-Matos D, Xie Y, Chang SH, Chin IM, Shah AJ, Gardell ZA, Corces MR, Nachun D, Jessa S, Kundaje A, Montgomery SB.",,2026,2026-06-15,N,MED
Q3_amr_core,2026-09-05,41334164,PMC12667250,10.3389/fmicb.2025.1693785,"The global prevalence, formation, and evolutionary inference of bacteria co-carrying the &lt;i&gt;bla&lt;/i&gt; &lt;sub&gt;NDM&lt;/sub&gt; and &lt;i&gt;mcr&lt;/i&gt; resistance genes.","Wang B, Li K, Chen M, Fu J, Zhang R, Liu W, Wang Y, Peng Z, Buaijier A, Zhao X, Song H, Ren H, Hu X.",,2025,2025-11-17,Y,MED
Q3_amr_core,2026-09-05,41989285,PMC13086498,10.7554/elife.103346,Global transcription factors analyses reveal hierarchy and synergism of regulatory networks and master virulence regulators in &lt;i&gt;Pseudomonas aeruginosa&lt;/i&gt;.,"Huang J, Sun Y, Chen F, Li S, You X, Han L, Li J, He Z, Hua C, Yao C, Li T, Lu B, Chang YF, Deng X.",,2026,2026-04-16,Y,MED
Q3_amr_core,2026-09-05,42485280,PMC13390849,10.1371/journal.pone.0353985,In silico identification and biophysical characterization of candidate antimicrobial peptides from the Indian marine microbiome targeting multidrug-resistant ESKAPE pathogens.,"K V S, Thaha N, Dehury B.",,2026,2026-07-22,Y,MED
Q3_amr_core,2026-09-05,42355540,PMC13301029,10.3390/life16061014,"Fiber-Degrading Microorganisms: Types, Screening and Applications.","Yang H, Yang B, Zhang W, Su M, Dai Q, Ma J.",,2026,2026-06-17,Y,MED
Q3_amr_core,2026-09-05,41495363,PMC12775259,10.1007/s13659-025-00556-1,"Advances in natural product discovery: strategies, technologies, and insights.","Basnet BB, Zhou ZY, Basnet R, Wei B, Wang H.",,2026,2026-01-07,Y,MED
Q3_amr_core,2026-09-05,40016372,PMC11868516,10.1038/s44276-025-00129-2,Breaking barriers: we need a multidisciplinary approach to tackle cancer drug resistance.,"Ingham J, Ruan JL, Coelho MA.",,2025,2025-02-27,Y,MED
Q3_amr_core,2026-09-05,37998806,PMC10669088,10.3390/antibiotics12111604,Silicon versus Superbug: Assessing Machine Learning's Role in the Fight against Antimicrobial Resistance.,"Coxe T, Azad RK.",,2023,2023-11-08,Y,MED
Q3_amr_core,2026-09-05,42255472,PMC13233535,10.3389/fcell.2026.1835561,Transplantation immunology: paradigm shift from systemic suppression to microenvironment remodeling and precision modulation.,"Huang S, Yu S, Zhang M, Huang Y, Tian B, Yang L, Lu J.",,2026,2026-05-21,Y,MED
Q3_amr_core,2026-09-05,38138010,PMC10745584,10.3390/microorganisms11122866,Genome-Wide Association Studies (GWAS) Approaches for the Detection of Genetic Variants Associated with Antibiotic Resistance: A Systematic Review.,"Mosquera-Rendón J, Moreno-Herrera CX, Robledo J, Hurtado-Páez U.",,2023,2023-11-27,Y,MED
Q3_amr_core,2026-09-05,42141123,PMC13434703,10.1038/s42003-026-10278-w,Decoding the human gut bacterial plasmids in colorectal cancer.,"Han S, Wu Z, Wu Y, Wang Z, Qian P, Chu J, Li J, Zhuang J, Yang X.",,2026,2026-05-15,Y,MED
Q3_amr_core,2026-09-05,39245152,PMC7617841,10.1016/j.jinf.2024.106265,Machine learning to attribute the source of Campylobacter infections in the United States: A retrospective analysis of national surveillance data.,"Pascoe B, Futcher G, Pensar J, Bayliss SC, Mourkas E, Calland JK, Hitchings MD, Joseph LA, Lane CG, Greenlee T, Arning N, Wilson DJ, Jolley KA, Corander J, Maiden MCJ, Parker CT, Cooper KK, Rose EB, Hiett K, Bruce BB, Sheppard SK.",,2024,2024-09-07,Y,MED
Q3_amr_core,2026-09-05,40434822,PMC12120143,10.1099/mic.0.001564,From air to insight: the evolution of airborne DNA sequencing technologies.,"Berelson MFG, Heavens D, Nicholson P, Clark MD, Leggett RM.",,2025,2025-05-01,Y,MED
Q3_amr_core,2026-09-05,41239519,PMC12619330,10.1186/s13073-025-01555-0,Clinical and bacterial determinants of unfavorable tuberculosis treatment outcomes: an observational study in Georgia.,"Goig GA, Loiseau C, Maghradze N, Mchedlishvili K, Avaliani T, Tsutsunava A, Brites D, Kalkan S, Borrell S, Aspindzelashvili R, Avaliani Z, Kipiani M, Tukvadze N, Jugheli L, Gagneux S.",,2025,2025-11-14,Y,MED
Q3_amr_core,2026-09-05,,,10.21203/rs.3.rs-8724320/v1,"Shotgun metagenomic profiling of bacterial microbiomes, metagenome-assembled genomes and antimicrobial resistance in respiratory and blood samples from Gambian children with pneumonia","Khan D, Espinoza JL, Tientcheu P, Otchere ID, Mohammed NI, Worwui A, Nicol MP, Kwambana-Adams B, Antonio M, Dupont CL.",,2026,2026-04-08,Y,PPR
Q3_amr_core,2026-09-05,42559249,PMC13439738,10.3389/fphar.2026.1897593,"Efflux pump overexpression in fluoroquinolone multidrug resistance: molecular mechanisms, PK/PD implications, global epidemiology, and translational strategies.","Alhowail AH, Almogbel YS.",,2026,2026-07-22,Y,MED
Q3_amr_core,2026-09-05,40872642,PMC12389816,10.3390/vetsci12080691,Antimicrobial Resistance in Commensal Bacteria from Large-Scale Chicken Flocks in the Dél-Alföld Region of Hungary.,"Kerek Á, Szabó Á, Barnácz F, Csirmaz B, Kovács L, Jerzsele Á.",,2025,2025-07-24,Y,MED
Q3_amr_core,2026-09-05,42244906,PMC13231010,10.1016/j.synbio.2026.04.026,"Transposon-based genome editing of industrial microorganisms: advances, challenges, and prospects.","Zhang Z, Huang Z, Wang Y, Li Z, Wen Z, Gu Y.",,2026,2026-05-29,Y,MED
Q3_amr_core,2026-09-05,41165571,PMC12822368,10.1158/2159-8290.cd-25-0581,A Prognostic Signature for Lung Adenocarcinoma in Patients Who Have Never Smoked.,"Zhao W, Zhang T, Hua X, Hoang PH, Miraftab M, Saha M, McElderry JP, Sang J, Lee OW, Hartman C, Khandekar A, Sharma S, Colón-Matos FJ, Anyaso-Samuel S, Wang D, Jones K, Hutchinson A, Hicks B, Rosenbaum J, Zhong X, Yang Y, Pesatori AC, Consonni D, Christiani DC, Leung KC, Wong MP, Manczuk M, Lissowska",,2026,2026-03-01,N,MED
Q3_amr_core,2026-09-05,36978319,PMC10044642,10.3390/antibiotics12030452,Using Machine Learning to Predict Antimicrobial Resistance-A Literature Review.,"Sakagianni A, Koufopoulou C, Feretzakis G, Kalles D, Verykios VS, Myrianthefs P, Fildisis G.",,2023,2023-02-24,Y,MED
Q3_amr_core,2026-09-05,42075229,PMC13118436,10.3390/microorganisms14040832,Environmental Altitude and Host Genetics Shape Divergent Microbiota and a Conserved Resistome in Porcine Intestinal Niches.,"Lai R, Wang Z, Liu P, Tong J, Ahmed Z, Cui R, Gu Y, Luo G.",,2026,2026-04-06,Y,MED
Q3_amr_core,2026-09-05,41002268,PMC12548037,10.1093/bioinformatics/btaf548,GRUMB: a genome-resolved metagenomic framework for monitoring urban microbiomes and diagnosing pathogen risk.,"Aminu S, Ascandari A, Benhida R, Daoud R.",,2025,2025-10-01,Y,MED
Q3_amr_core,2026-09-05,40674393,PMC12270094,10.1371/journal.pone.0328194,Extensive novel diversity and phenotypic associations in the dromedary camel microbiome are revealed through deep metagenomics and machine learning.,Mubaraki FA.,,2025,2025-07-17,Y,MED
Q3_amr_core,2026-09-05,41446414,PMC12722576,10.1017/ash.2025.10191,"Advancing infection prevention and control through artificial intelligence: a scoping review of applications, barriers, and a decision-support checklist.","Gastaldi S, Tartari E, Satta G, Allegranzi B.",,2025,2025-11-25,Y,MED
Q3_amr_core,2026-09-05,40649382,PMC12251386,10.3390/molecules30132868,Strategies Used for the Discovery of New Microbial Metabolites with Antibiotic Activity.,"Dasí-Delgado P, Andreu C, Del Olmo ML.",,2025,2025-07-06,Y,MED
Q3_amr_core,2026-09-05,41822332,PMC12976021,10.3389/fcimb.2026.1746117,The value of metagenomic next-generation sequencing in lower respiratory tract infections among critically ill patients in the ICU.,"Xu Y, Wu W, Dong D, Liu N, Liu J, Qi B, Gu Q.",,2026,2026-02-25,Y,MED
Q3_amr_core,2026-09-05,36978390,PMC10044311,10.3390/antibiotics12030523,Artificial Intelligence for Antimicrobial Resistance Prediction: Challenges and Opportunities towards Practical Implementation.,"Ali T, Ahmed S, Aslam M.",,2023,2023-03-06,Y,MED
Q3_amr_core,2026-09-05,42555388,PMC13328407,10.3389/fcimb.2026.1847443,Harnessing the gut microbiome to combat tuberculosis: a technological and clinical review.,"Sun W, Xiao M, Ali SL, Jin C, Khan A, Shakirullah, Ni R, An Y, Zhang M, Tian Y, Kaushik S, Zhang Y, Gong W.",,2026,2026-06-19,Y,MED
Q3_amr_core,2026-09-05,,,10.1101/2024.05.15.24307162,Estimating the effect of antimicrobial resistance genes on minimum inhibitory concentration in<i>Escherichia coli</i>,"Lipworth S, Chau K, Oakley S, Barrett L, Crook D, Peto T, Walker AS, Stoesser N.",,2024,2024-05-17,Y,PPR
Q3_amr_core,2026-09-05,41910434,PMC13058696,10.2340/aos.v85.45662,Characterising oral microbial signatures for periodontal disease in the NHANES population.,"Zhuang Z, Chen Y, Wang Y, Wei D.",,2026,2026-03-30,Y,MED
Q3_amr_core,2026-09-05,42119567,PMC13198261,10.1016/j.xcrm.2026.102777,Multi-faceted characterization of the gut microbiome and metabolome in patients with primary Sjögren syndrome.,"Chen C, Xing Y, Xing G, Zeng F, Zheng N, Sha S, Zhao L, Zhang Y, Ling Y, Yao X, Liu C, Zhang Y, Mei T, Guo R, Kang J, Cheng L, Fan S, Sun W, Li S, Yan Q, Yao X, Kong X, Ma W.",,2026,2026-05-11,Y,MED
Q3_amr_core,2026-09-05,41331014,PMC12764523,10.1038/s41598-025-28934-2,"Whole genome of petroleum hydrocarbon degrading Rhodococcus indonesiensis isolated from Nacharam, Hyderabad, India.","Zaman SAU, Sharma K, Nayarisseri A, Khazanehdari KA, Bhuyan R.",,2025,2025-12-02,Y,MED
Q3_amr_core,2026-09-05,40933132,PMC12417494,10.3389/fmicb.2025.1626002,Enhanced metagenomic strategies for elucidating the complexities of gut microbiota: a review.,"Li X, Lu H.",,2025,2025-08-26,Y,MED
Q3_amr_core,2026-09-05,42274913,PMC13350627,10.1007/s40121-026-01376-7,"Infections in Burn Patients: Pathophysiology, Prevention, and Contemporary Therapeutic Strategies in the Era of Antimicrobial Resistance.","Țânțu AC, Țânțu MM, Vrancianu CO, Sandu AM, Cristian RE, Constantin M, Păunescu A, Diaconescu D, Dragu ER, Adameșteanu MO, Chioaru B, Hariga SC, Jecan CR, Vîlcea ID.",,2026,2026-06-11,Y,MED
Q3_amr_core,2026-09-05,40291031,PMC12021593,10.3389/fmed.2025.1545678,A systematic review of hypervirulent &lt;i&gt;Klebsiella pneumoniae&lt;/i&gt; research: bibliometric and topic modeling perspectives.,"Tian T, Han H, Guan ZH, Zhang K, Huang X, Wang W, Zhang X, Zhang F, Wei L, Zhang X, Wang JH.",,2025,2025-04-11,Y,MED
Q3_amr_core,2026-09-05,41204531,PMC12599679,10.1097/md.0000000000045865,Microbial spectrum and resistance profiles in elderly patients with pulmonary infections: A tNGS-based retrospective study.,"Lei G, Hu Y, Wu X, Yang X.",,2025,2025-11-01,Y,MED
Q3_amr_core,2026-09-05,41561088,PMC12813028,10.3389/fcimb.2025.1720027,Antimicrobial peptides: natural templates for next-generation therapeutics against antimicrobial resistance.,"Ngashangva N, Huidrom S, Devi IS.",,2025,2026-01-05,Y,MED
Q3_amr_core,2026-09-05,41112046,PMC12528002,10.1002/imt2.70077,Geographic containment and virulence-resistance trade-offs drive the evolution of hypervirulent &lt;i&gt;Klebsiella pneumoniae&lt;/i&gt;.,"Wu Y, Pu F, Yan Z, Zhang Y, Chen K, Li S, Wang Y, Lun H, Qu T, Wang J, Li H, Gu D, Chen S, He P, Zhang R, Zhou Z.",,2025,2025-09-04,Y,MED
Q3_amr_core,2026-09-05,38860784,PMC11218531,10.1128/spectrum.00143-24,Variation in the response to antibiotics and life-history across the major &lt;i&gt;Pseudomonas aeruginosa&lt;/i&gt; clone type (mPact) panel.,"Tueffers L, Batra A, Zimmermann J, Botelho J, Buchholz F, Liao J, Mendoza Mejía N, Munder A, Klockgether J, Tüemmler B, Rupp J, Schulenburg H.",,2024,2024-06-11,Y,MED
Q3_amr_core,2026-09-05,39766587,PMC11672434,10.3390/antibiotics13121197,Evaluation of Antibiotic Resistance Mechanisms in Gram-Positive Bacteria.,"Rajput P, Nahar KS, Rahman KM.",,2024,2024-12-08,Y,MED
Q3_amr_core,2026-09-05,41085653,PMC12756340,10.1007/s00239-025-10272-6,Quest for Orthologs in the era of Data Deluge and AI: Challenges and Innovations in Orthology Prediction and Data Integration.,"Majidian S, Hadziahmetovic A, Langschied F, Pascarelli S, Prieto-Baños S, Rojas-Vargas J, Quest for Orthologs Consortium, Braun EL, Dessimoz C, Diallo AB, Durand D, Fang G, Gabaldón T, Glover N, Liberles DA, McWhite C, Sonnhammer ELL, Thomas PD, Ouangraoua A, Julca I.",,2025,2025-10-14,Y,MED
Q3_amr_core,2026-09-05,41339358,PMC12675795,10.1038/s41597-025-06191-2,"Reconstruction of 1,979 prokaryotic metagenome-assembled genomes from 37 global cave environments.","Li H, Cao Y, Liu X, Ke Z, Chen L, Siame BA, Yaron S, Leung KY.",,2025,2025-12-03,Y,MED
Q3_amr_core,2026-09-05,41927589,PMC13219616,10.1038/s41467-026-71145-0,The Extreme Environment Microbiome Catalog (EEMC): a global resource for microbial diversity and antimicrobial discovery.,"Jiang P, Liang Z, Kovacevic V, Shi J, Milicevic N, Wang F, Liu L, Liu Y, Jiang Y, Han M, Lin X, Petronić Č, Stanojevic N, Wang L, Wang S, Cheng H, Li J, Chen R, Zhang Y, Li Y, Li J, Fang X, Yue Z, Xue C, Yin P, Chen H.",,2026,2026-04-02,Y,MED
Q3_amr_core,2026-09-05,40152610,PMC12013270,10.1128/msystems.00201-25,Unveiling the role of phages in shaping the periodontal microbial ecosystem.,"Yao F, He J, Nyaruaba R, Wei H, Li Y.",,2025,2025-03-28,Y,MED
Q3_amr_core,2026-09-05,42254157,PMC13236359,10.1097/ms9.0000000000005027,"From microbiome profiling to precision medicine: diagnostic and therapeutic potential in gastrointestinal disorders: current evidence, challenges, and future directions.","Arif L, Abbasi MM, Raza AA, Samadi A.",,2026,2026-04-27,Y,MED
Q3_amr_core,2026-09-05,42170028,PMC13189712,10.1093/bioadv/vbag069,"The pangenome: a statistical model, not a fixed biological property.",Guerra A.,,2026,2026-04-01,Y,MED
Q3_amr_core,2026-09-05,39419051,PMC11771477,10.1016/s2666-5247(24)00169-1,Genomic cluster formation among invasive group A streptococcal infections in the USA: a whole-genome sequencing and population-based surveillance study.,"Li Y, Rivers J, Mathis S, Li Z, Chochua S, Metcalf BJ, Beall B, McGee L.",,2024,2024-10-15,Y,MED
Q3_amr_core,2026-09-05,41164228,PMC12560166,10.3389/fvets.2025.1689589,Detection of antimicrobial peptides from fecal samples of FMT donors using deep learning.,"Wei S, Yin H, Hu X, Chi Y, Zhang L, Zhang B, Qian K, Xu W.",,2025,2025-10-14,Y,MED
Q3_amr_core,2026-09-05,38962772,PMC11220129,10.3389/fpubh.2024.1410672,Applications and advances in molecular diagnostics: revolutionizing non-tuberculous mycobacteria species and subspecies identification.,"Zhang H, Tang M, Li D, Xu M, Ao Y, Lin L.",,2024,2024-06-19,Y,MED
Q3_amr_core,2026-09-05,41636510,PMC13011352,10.1128/msystems.01002-25,Tools and approaches to study the human gut virome: from the bench to bioinformatics.,"Anne Hallowell H, Malogan J, Suez J.",,2026,2026-02-04,Y,MED
Q3_amr_core,2026-09-05,40396716,PMC12153324,10.1128/mbio.00488-25,Evolutionary accumulation modeling in AMR: machine learning to infer and predict evolutionary dynamics of multi-drug resistance.,"Renz J, Dauda KA, Aga ONL, Diaz-Uriarte R, Löhr IH, Blomberg B, Johnston IG.",,2025,2025-05-21,Y,MED
Q3_amr_core,2026-09-05,42515017,PMC13416211,10.3390/pathogens15070690,Wastewater Surveillance for Early Warning of Infectious Disease Outbreaks: A Systematic Review of Evidence and Implications for One Health Surveillance.,"Panigrahi S, Pattnaik M, Pradhan R, Parai D, Ghosal S, Velayudhan A, Prasad P, Panda A, Bhattacharya D, Pati S.",,2026,2026-06-30,Y,MED
Q3_amr_core,2026-09-05,41235667,PMC12690590,10.1021/acs.jcim.5c02266,A Review of Topological Data Analysis and Topological Deep Learning in Molecular Sciences.,"Wee J, Jiang J.",,2025,2025-11-14,Y,MED
Q3_amr_core,2026-09-05,41190925,PMC12977550,10.1128/jcm.01086-25,Understanding recurrence in &lt;i&gt;Mycobacterium avium&lt;/i&gt; complex pulmonary disease: genotypic strategies to support clinical decision-making.,"Trinh MP, Shin SJ, Shin M-K.",,2026,2025-11-05,Y,MED
Q3_amr_core,2026-09-05,41305364,PMC12655617,10.3390/pathogens14111127,Bacterial Proteomics and Antibiotic Resistance Identification: Is Single-Cell Analysis a Worthwhile Pursuit?,Ayon NJ.,,2025,2025-11-05,Y,MED
Q3_amr_core,2026-09-05,41171134,PMC12807734,10.1093/nar/gkaf1115,gcMeta 2025: a global repository of metagenome-assembled genomes enabling cross-ecosystem microbial discovery and function research.,"Sun Y, Chen Q, Fan G, Sun Q, Zhou Q, Zhang J, Nie J, Ma J, Wu L.",,2026,2026-01-01,Y,MED
Q3_amr_core,2026-09-05,38539073,PMC10967124,10.1186/s12859-024-05648-2,Utilizing genomic signatures to gain insights into the dynamics of SARS-CoV-2 through Machine and Deep Learning techniques.,"Elsherbini AMA, Elkholy AH, Fadel YM, Goussarov G, Elshal AM, El-Hadidi M, Mysara M.",,2024,2024-03-27,Y,MED
Q3_amr_core,2026-09-05,37125187,PMC10130531,10.3389/fmicb.2023.1154620,Highly sensitive quantitative phase microscopy and deep learning aided with whole genome sequencing for rapid detection of infection and antimicrobial resistance.,"Ahmad A, Hettiarachchi R, Khezri A, Singh Ahluwalia B, Wadduwage DN, Ahmad R.",,2023,2023-04-12,Y,MED
Q3_amr_core,2026-09-05,41933324,PMC13101188,10.1186/s12967-026-07693-2,Medical software for precision diagnostics of infection with immunoprofiling and artificial intelligence.,"Miho E, Marquez S, Stervbo U, Mertz KD, Kruta J, Schkommodau E, Pieter M.",,2026,2026-04-03,Y,MED
Q3_amr_core,2026-09-05,41031816,PMC12584701,10.1128/spectrum.02702-25,"Novel, rapid, and reliable typing of vancomycin-resistant &lt;i&gt;Enterococcus faecium&lt;/i&gt; CC17/ST80 strains using MALDI-TOF MS.","Huber S, Brühwasser C, Eisele D, Lass-Flörl C, Fuchs S, Govrins M.",,2025,2025-10-01,Y,MED
Q3_amr_core,2026-09-05,39597676,PMC11596633,10.3390/microorganisms12112288,Genomic and Transcriptomic Comparison Between Invasive Non-Typhoidal <i>Salmonella</i> and Non-Invasive Isolates.,"Shang T, Chen Q, Shi W, Wang Y, Feng Y.",,2024,2024-11-11,Y,MED
Q3_amr_core,2026-09-05,41992382,PMC13224468,10.1186/s42523-026-00569-2,Fecal virome at the human-animal interface: a one health perspective on an uncharted frontier.,"Cuteri V, Preziuso S, Li Y, Laus F.",,2026,2026-04-16,Y,MED
Q3_amr_core,2026-09-05,41315227,PMC12663572,10.1038/s41467-025-65779-9,Genome graphs reveal the importance of structural variation in Mycobacterium tuberculosis evolution and drug resistance.,"Canalda-Baltrons A, Silcocks M, Hall MB, Theys D, Chang 常戌灵 X, Viberg LT, Sherry NL, Coin L, Dunstan SJ.",,2025,2025-11-28,Y,MED
Q3_amr_core,2026-09-05,41912808,PMC13099431,10.1038/s41591-026-04228-6,Deleterious coding variation associated with autism is shared across ancestries.,"Natividad Avila M, Jung S, Satterstrom FK, Fu JM, Levy T, Sloofman LG, Klei L, Pichardo T, Marquez D, Stevens CR, Cusick CM, Ames JL, Campos GS, Cerros H, Chaskel R, Costa CIS, Cuccaro ML, Lopez ADP, Fernandez M, Ferro E, Galeano L, Girardi ACDES, Griswold AJ, Hernandez LC, Lourenço N, Ludena Y, Núñ",,2026,2026-03-30,Y,MED
Q3_amr_core,2026-09-05,41463599,PMC12729526,10.3390/bioengineering12121302,Artificial Intelligence Driven Innovation: Advancing Mesenchymal Stem Cell Therapies and Intelligent Biomaterials for Regenerative Medicine.,"Huang M, Dissanayaka WL, Yiu CKY.",,2025,2025-11-26,Y,MED
Q3_amr_core,2026-09-05,37843883,PMC10634445,10.1099/mgen.0.001116,The advantage of intergenic regions as genomic features for machine-learning-based host attribution of &lt;i&gt;Salmonella&lt;/i&gt; Typhimurium from the USA.,"Chalka A, Dallman TJ, Vohra P, Stevens MP, Gally DL.",,2023,2023-10-01,Y,MED
Q3_amr_core,2026-09-05,37022167,PMC10204632,10.1128/jcm.01805-22,Novel Clinical mNGS-Based Machine Learning Model for Rapid Antimicrobial Susceptibility Testing of Acinetobacter baumannii.,"Hu X, Zhao Y, Han P, Liu S, Liu W, Mai C, Deng Q, Ren J, Luo J, Chen F, Jia X, Zhang J, Rao G, Gu B.",,2023,2023-04-06,Y,MED
Q3_amr_core,2026-09-05,40739242,PMC12308983,10.1186/s12985-025-02885-6,"Isolation and characterization of phages ΦZC2 and ΦZC3 against carbapenem-resistant Acinetobacter baumannii, and efficacy of ΦZC3 on A549 cells.","Essam K, Kamel AG, Zaki BM, Elhadidy M, Aziz AAA, Fayed A, Roshdy T, El-Shibiny A.",,2025,2025-07-30,Y,MED
Q3_amr_core,2026-09-05,41736165,PMC13037316,10.1186/s42523-026-00534-z,"Large-scale genomic analysis of jumbo phages: coevolution, genome architecture, and host interaction mechanisms.","Wei C, Chen Z, Wang Y, Huang L, Chen C.",,2026,2026-02-24,Y,MED
Q3_amr_core,2026-09-05,37894195,PMC10609454,10.3390/microorganisms11102538,Clinical Whole-Genome Sequencing Assay for Rapid <i>Mycobacterium tuberculosis</i> Complex First-Line Drug Susceptibility Testing and Phylogenetic Relatedness Analysis.,"Shaw B, von Bredow B, Tsan A, Garner O, Yang S.",,2023,2023-10-11,Y,MED
Q3_amr_core,2026-09-05,37631008,PMC10458141,10.3390/ph16081093,Associations between Nutrigenomic Effects and Incidences of Microbial Resistance against Novel Antibiotics.,"Raslan MA, Raslan SA, Shehata EM, Mahmoud AS, Lundstrom K, Barh D, Azevedo V, Sabri NA.",,2023,2023-08-01,Y,MED
Q3_amr_core,2026-09-05,41223112,PMC12610826,10.1099/mgen.0.001540,Genomic diversity and antimicrobial resistance of &lt;i&gt;Staphylococcus aureus&lt;/i&gt; in Saudi Arabia: a nationwide study using whole-genome sequencing.,"Alarawi MS, Altammami M, Abutarboush M, Kulmanov M, Alkuraithy DM, Kafkas S, Radley R, Abdelhakim M, Aldakhil H, Bawazeer RA, Alolayan MA, Alnafjan BM, Huraysi AA, Almaabadi A, Suliman BA, Aljohani AG, Hemeg HA, Almogbel MS, Alazmi M, Bazaid AS, Abujamel TS, Hashem AM, Al-Zahrani IA, Abdoh MS, Hoban",,2025,2025-11-01,Y,MED
Q3_amr_core,2026-09-05,38361813,PMC10868549,10.1093/ve/vead085,SARS-CoV-2 lineage assignments using phylogenetic placement/UShER are superior to pangoLEARN machine-learning method.,"de Bernardi Schneider A, Su M, Hinrichs AS, Wang J, Amin H, Bell J, Wadford DA, O'Toole Á, Scher E, Perry MD, Turakhia Y, De Maio N, Hughes S, Corbett-Detig R.",,2024,2024-01-11,Y,MED
Q3_amr_core,2026-09-05,,,10.64898/2026.02.05.704025,Bacterial phylogeny explains variation in virulence but not phage efficacy  <i>in vivo</i>,"Walsh SK, Imrie RM, Buckling A, Longdon B.",,2026,2026-02-05,Y,PPR
Q3_amr_core,2026-09-05,41048502,PMC12493982,10.3389/fmicb.2025.1634194,Enhancing pathogen identification through AI-assisted metagenomic sequencing.,"Peng X, Wei Y, Zhou X.",,2025,2025-09-19,Y,MED
Q3_amr_core,2026-09-05,41994280,PMC13081778,10.3389/fmicb.2026.1807076,Development and validation of a machine learning-based early warning model for carbapenem-resistant &lt;i&gt;Klebsiella pneumoniae&lt;/i&gt; bloodstream infections using non-carbapenem susceptibility profiles.,"Song J, Bai Y, He S, Ji J, Chen Y, Xiao Y.",,2026,2026-04-01,Y,MED
Q3_amr_core,2026-09-05,36881677,PMC10350830,10.1093/bfgp/elad005,An integrated complete-genome sequencing and systems biology approach to predict antimicrobial resistance genes in the virulent bacterial strains of Moraxella catarrhalis.,"Bristy SA, Hossain MA, Hasan MI, Mahmud SMH, Moni MA, Rahman MH.",,2023,2023-07-01,Y,MED
Q3_amr_core,2026-09-05,40125545,PMC11930343,10.1093/bioadv/vbaf050,Machine learning-based approach for identification of new resistance associated mutations from whole genome sequences of &lt;i&gt;Mycobacterium tuberculosis&lt;/i&gt;.,"Pal A, Mohanty D.",,2025,2025-03-11,Y,MED
Q3_amr_core,2026-09-05,39150244,PMC11406958,10.1128/msystems.00789-24,Predicting &lt;i&gt;Pseudomonas aeruginosa&lt;/i&gt; drug resistance using artificial intelligence and clinical MALDI-TOF mass spectra.,"Nguyen H-A, Peleg AY, Song J, Antony B, Webb GI, Wisniewski JA, Blakeway LV, Badoordeen GZ, Theegala R, Zisis H, Dowe DL, Macesic N.",,2024,2024-08-16,Y,MED
Q3_amr_core,2026-09-05,41590421,PMC12842759,10.3390/jof12010009,Detection of Fluconazole Resistance in <i>Candida parapsilosis</i> Clinical Isolates with MALDI-TOF Analysis: A Proof-of-Concept Preliminary Study.,"Franconi I, Tuvo B, Maltinti L, Falcone M, Mancera L, Lupetti A.",,2025,2025-12-23,Y,MED
Q3_amr_core,2026-09-05,,,10.1101/2025.10.12.681873,Inferring antibiotic resistance selection in the environment can be confounded by correlations between resistance genes and unrelated functional traits,"Uluseker C, Raguideau S, Quince C, Kreft J.",,2025,2025-10-12,Y,PPR
Q3_amr_core,2026-09-05,40749792,PMC13131403,10.1016/j.jare.2025.07.053,Global genomics of Lactococcus lactis: horizontal gene transfer and intergenic variation drive multiple domestication and dairy adaptation.,"Li W, Sun J, Wu Q, Kwok LY, Dong G, Sun Z.",,2026,2025-07-30,Y,MED
Q3_amr_core,2026-09-05,,,10.64898/2026.02.03.702791,Federated cross-biobank conditional analysis identifies LDL-C lowering effects of  <i>DNAJC13</i>  haploinsufficiency and  <i>LDLR</i>  regulation,"Wright HI, Darrous L, Ferrat L, Chundru VK, Kamoun A, Wood AR, Wright CF, Patel KA, Frayling TM, Weedon MN, Beaumont RN, Hawkes G.",,2026,2026-02-05,Y,PPR
Q3_amr_core,2026-09-05,35165358,PMC8844416,10.1038/s41598-022-06449-4,Accurate and rapid prediction of tuberculosis drug resistance from genome sequence data using traditional machine learning algorithms and CNN.,"Kuang X, Wang F, Hernandez KM, Zhang Z, Grossman RL.",,2022,2022-02-14,Y,MED
Q3_amr_core,2026-09-05,41588461,PMC12853721,10.1186/s40168-025-02297-2,Plasmids as persistent genetic reservoirs of bacterial defense systems in wastewater treatment.,"Zheng H, Payne L, He W, Mestre MR, Yang L, Dechesne A, Pinilla-Redondo R, Nesme J, Sørensen SJ.",,2026,2026-01-26,Y,MED
Q3_amr_core,2026-09-05,41616376,PMC12858257,10.1049/syb2.70053,Machine Learning-Based Integrative Analysis Identifies SUMOylation-Related Genes Underlying the Immune Heterogeneity of Sepsis.,"Li Z, Yang J, Dong J, Ye Z, Li C, Hu Y, Ren H, Li S, Ji Z.",,2026,2026-01-01,Y,MED
Q3_amr_core,2026-09-05,,,10.21203/rs.3.rs-8582737/v1,Retrieval-Based AI Framework for Viral Genomic Analysis,"Fahmy AM, Ayad M, Ahmed HM.",,2026,2026-01-29,N,PPR
Q3_amr_core,2026-09-05,39413052,PMC11482717,10.1371/journal.pdig.0000641,Using interpretable machine learning to predict bloodstream infection and antimicrobial resistance in patients admitted to ICU: Early alert predictors based on EHR data to guide antimicrobial stewardship.,"Ferrari D, Arina P, Edgeworth J, Curcin V, Guidetti V, Mandreoli F, Wang Y.",,2024,2024-10-16,Y,MED
Q3_amr_core,2026-09-05,36747286,PMC9903507,10.1186/s13567-023-01141-5,Using random forest to predict antimicrobial minimum inhibitory concentrations of nontyphoidal Salmonella in Taiwan.,"Wang CC, Hung YT, Chou CY, Hsuan SL, Chen ZW, Chang PY, Jan TR, Tung CW.",,2023,2023-02-06,Y,MED
Q3_amr_core,2026-09-05,40731982,PMC12299549,10.3390/microorganisms13071473,Spectral Precision: Recent Advances in Matrix-Assisted Laser Desorption/Ionization Time-of-Flight Mass Spectrometry for Pathogen Detection and Resistance Profiling.,"Elbehiry A, Abalkhail A.",,2025,2025-06-25,Y,MED
Q3_amr_core,2026-09-05,38694798,PMC11062410,10.3389/fmicb.2024.1361795,MSDeepAMR: antimicrobial resistance prediction based on deep neural networks and transfer learning.,"López-Cortés XA, Manríquez-Troncoso JM, Hernández-García R, Peralta D.",,2024,2024-04-17,Y,MED
Q3_amr_core,2026-09-05,37998782,PMC10668849,10.3390/antibiotics12111580,Current Uses and Future Perspectives of Genomic Technologies in Clinical Microbiology.,"Bianconi I, Aschbacher R, Pagani E.",,2023,2023-10-30,Y,MED
Q3_amr_core,2026-09-05,40269515,PMC12018304,10.1093/bib/bbaf176,Bioinformatic approaches to blood and tissue microbiome analyses: challenges and perspectives.,"Sirasani JP, Gardner C, Jung G, Lee H, Ahn TH.",,2025,2025-03-01,Y,MED
Q3_amr_core,2026-09-05,41568970,PMC12959145,10.1128/aac.01284-25,Novel metabolic adaptation driven by glycoside hydrolase family 25 protein contributes to increasing trimethoprim-sulfamethoxazole resistance in clinical human &lt;i&gt;Brucella melitensis&lt;/i&gt; isolates in China.,"Yang X, Ning W, Yuan Y, Hou X, Ge S, Jiang H, Peng X, Xue T, Zhao H, Kan B, Ding J.",,2026,2026-01-22,Y,MED
Q3_amr_core,2026-09-05,39650228,PMC11624680,10.2147/aabc.s484321,Recent Applications of Artificial Intelligence in Discovery of New Antibacterial Agents.,"Bagdad Y, Miteva MA.",,2024,2024-12-03,Y,MED
Q3_amr_core,2026-09-05,40133304,PMC11937555,10.1038/s41467-025-58214-6,Enhanced diagnosis of multi-drug-resistant microbes using group association modeling and machine learning.,"Saliba JG, Zheng W, Shu Q, Li L, Wu C, Xie Y, Lyon CJ, Qu J, Huang H, Ying B, Hu TY.",,2025,2025-03-25,Y,MED
Q3_amr_core,2026-09-05,39475240,PMC11633189,10.1128/mbio.03059-24,High-throughput phenotype-to-genotype testing of meningococcal carriage and disease isolates detects genetic determinants of disease-relevant phenotypic traits.,"Farzand R, Kimani MW, Mourkas E, Jama A, Clark JL, De Ste Croix M, Monteith WM, Lucidarme J, Oldfield NJ, Turner DPJ, Borrow R, Martinez-Pomares L, Sheppard SK, Bayliss CD.",,2024,2024-10-30,Y,MED
Q3_amr_core,2026-09-05,37968359,PMC11980903,10.1038/s41579-023-00984-1,Machine learning for microbiologists.,"Asnicar F, Thomas AM, Passerini A, Waldron L, Segata N.",,2024,2023-11-15,N,MED
Q3_amr_core,2026-09-05,41807572,PMC13096147,10.1038/s41598-026-42644-3,Efficacy of a novel bacteriophage in controlling Escherichia coli associated with swine farm environments and its potential for biofilm disruption.,"Wintachai P, Thonguppatham R, Smith DR, Voravuthikunchai SP, Sitthisak S, Boripun R, Surachat K, Clokie MRJ.",,2026,2026-03-10,Y,MED
Q3_amr_core,2026-09-05,38524843,PMC10957439,10.1016/j.dib.2024.110293,Genomic dataset of a multiple-drug resistant <i>Pseudomonas</i> sp. strain RAC1 isolated from a flacherie infected Nistari race of <i>Bombyx mori</i> L.,"Mondal R, Dam P, Chakraborty J, Shaw S, Pradhan S, Das S, Nesa J, Meena K, Ghati A, Chaudhuri SD, Bhattacharjee D, Mandal V, Sarkar B, Mandal AK.",,2024,2024-03-05,Y,MED
Q3_amr_core,2026-09-05,42137502,PMC13168064,10.3389/fbinf.2026.1784287,"Comprehensive genomics, systems, and structural assessment for novel target identification in penicillin-resistant &lt;i&gt;Streptococcus pneumoniae&lt;/i&gt;.","Panickar A, Anbarasu S, Manoharan A, Ramaiah S, Anbarasu A.",,2026,2026-04-29,Y,MED
Q3_amr_core,2026-09-05,39102420,PMC11326700,10.1371/journal.pcbi.1012260,Quantitative drug susceptibility testing for Mycobacterium tuberculosis using unassembled sequencing data and machine learning.,CRyPTIC consortium.,,2024,2024-08-05,Y,MED
Q3_amr_core,2026-09-05,39663376,PMC11634891,10.1038/s43856-024-00696-4,Genomic virulence markers are associated with severe outcomes in patients with Pseudomonas aeruginosa bloodstream infection.,"Valik JK, Giske CG, Hasan B, Gozalo-Margüello M, Martínez-Martínez L, Premru MM, Martinčič Ž, Beović B, Maraki S, Zacharioudaki M, Kofteridis D, McCarthy K, Paterson D, Cueto M, Morales I, Leibovici L, Babich T, Granath F, Rodríguez-Baño J, Oliver A, Yahav D, Nauclér P.",,2024,2024-12-11,Y,MED
Q3_amr_core,2026-09-05,41208101,PMC12597775,10.1002/mbo3.70115,Exploration of Human Skin Phageome to Reveal Endolysins and Novel Antimicrobial Peptides for Therapeutic Applications.,"Paul JK, Akter A, Jewel NA, Rolin MH, Karim D, Niloy RK, Mondal SI.",,2025,2025-12-01,Y,MED
Q3_amr_core,2026-09-05,41120393,PMC12540776,10.1038/s41598-025-15465-z,"Plasmid-mediated quinolone resistance among extended-spectrum β-lactamase-producing Escherichia coli and Klebsiella pneumoniae isolated from hospitalized patients, hospital environment and wastewaters in Cameroon.","Koudoum PL, Founou RC, Founou LL, Foueyem MD, Guemkam GW, Deuguen R, Nke GA, Gonsu H, Choukem SP.",,2025,2025-10-21,Y,MED
Q3_amr_core,2026-09-05,40529231,PMC12170818,10.2147/idr.s519795,Pan-Genome-Wide Association Study Identifies Genetic Factors Associated with the Pathogenicity of Invasive Serotype 19F Streptococcus Pneumoniae.,"Shi X, Patil S, Yi Q, Liu Z, Wang H, Zhu C, Chen Y, Zheng Y, Dong S, Bao Y.",,2025,2025-06-12,Y,MED
Q3_amr_core,2026-09-05,37237786,PMC10215213,10.3390/antibiotics12050883,Genomic Surveillance of <i>Salmonella</i> from the Comunitat Valenciana (Spain).,"Sánchez-Serrano A, Mejía L, Camaró ML, Ortolá-Malvar S, Llácer-Luna M, García-González N, González-Candelas F.",,2023,2023-05-09,Y,MED
Q3_amr_core,2026-09-05,,,,Characterization of the prevalence of Salmonella in different retail chicken supply modes using genome-wide and machine-learning analyses,"Peng J, Xiao R, Wu C, Zheng Z, Deng Y, Chen K, Xiang Y, Xu C, Zou L, Liao M, Zhang J.",,2024,2024-09-01,N,AGR
Q3_amr_core,2026-09-05,39120145,PMC11389379,10.1128/mbio.01360-24,"Holistic understanding of trimethoprim resistance in &lt;i&gt;Streptococcus pneumoniae&lt;/i&gt; using an integrative approach of genome-wide association study, resistance reconstruction, and machine learning.","Pham N-P, Gingras H, Godin C, Feng J, Groppi A, Nikolski M, Leprohon P, Ouellette M.",,2024,2024-08-09,Y,MED
Q3_amr_core,2026-09-05,,,10.1101/2025.08.12.669853,Plasmids promote antimicrobial resistance through Insertion Sequence-mediated gene inactivation,"Sastre-Dominguez J, Rodera-Fernandez P, DelaFuente J, Martínez-González S, Quesada S, Valencoso-Requena M, Calvo-Villamañan A, Costas C, Fuentes-Hernández A, Santos-Lopez A, San Millan A.",,2025,2025-08-12,Y,PPR
Q3_amr_core,2026-09-05,39248515,PMC11448440,10.1128/spectrum.00493-24,Genome-based model for differentiating between infection and carriage &lt;i&gt;Staphylococcus aureus&lt;/i&gt;.,"Chen J, Du W, Li Y, Zhou H, Ouyang D, Yao Z, Fu J, Ye X.",,2024,2024-09-09,Y,MED
Q3_amr_core,2026-09-05,42159601,PMC13189360,10.1099/mgen.0.001717,Unveiling metagenomic and metabolomic signatures in mild and severe pneumonia caused by &lt;i&gt;Mycoplasma pneumoniae&lt;/i&gt; in children.,"Yang Y, Lian S, Li X, Tang Y, Su Y, Zhang Z, Li M, Guo Y, He Z, Shen Y.",,2026,2026-05-01,Y,MED
Q3_amr_core,2026-09-05,41637520,PMC12871456,10.1126/sciadv.aea0706,Introgressed mitochondrial fragments from archaic hominins alter nuclear genome function in modern humans.,"Zhu Q, Zhang J, Zhou W, Liang SA, Wang S, Cai X, Li F, Li J, Zhang G, Feng H, Fu Q, Akey JM, Zhang F, Jin L, Xu S, Zheng HX, Chen L.",,2026,2026-02-04,Y,MED
Q3_amr_core,2026-09-05,41854075,PMC13000463,10.1093/nar/gkag083,A foundation model for nucleotide sequences.,"Shen X, Li JX, Yang M, Shi L, Chen K, Li X.",,2026,2026-03-01,Y,MED
Q3_amr_core,2026-09-05,36009948,PMC9405321,10.3390/antibiotics11081082,Antimicrobial Resistance and Its Spread Is a Global Threat.,Aljeldah MM.,,2022,2022-08-09,Y,MED
Q3_amr_core,2026-09-05,40732093,PMC12299893,10.3390/microorganisms13071584,Phylogroup Homeostasis of &lt;i&gt;Escherichia coli&lt;/i&gt; in the Human Gut Reflects the Physiological State of the Host.,"Frolova MS, Kiselev SS, Panyukov VV, Ozoline ON.",,2025,2025-07-04,Y,MED
Q3_amr_core,2026-09-05,37079456,PMC10210959,10.1099/mgen.0.000989,"Dissecting the genotypic features of a fluoroquinolone-resistant <i>Pseudomonas aeruginosa</i> ST316 sublineage causing ear infections in Shanghai, China.","Sun Z, Yang F, Ji J, Cao W, Liu C, Ding B, Xu X.",,2023,2023-04-01,Y,MED
Q3_amr_core,2026-09-05,40377303,PMC12175497,10.1128/aem.02512-24,Bacterial genome-wide association studies: exploring the genetic variation underlying bacterial phenotypes.,"Yang Q, Wang X, Han M, Sheng H, Sun Y, Su L, Lu W, Li M, Wang S, Chen J, Cui S, Yang B-W.",,2025,2025-05-16,Y,MED
Q3_amr_core,2026-09-05,41754841,PMC12944568,10.3390/ph19020301,Rethinking Nature's Pharmacy: AI Era and Natural Product Drug Discovery.,"Paerhati Y, Aikebaier A, Dilimulati D, Baishan A, Yusufujiang N, Qiu X, Wusiman Y, Zhou W.",,2026,2026-02-11,Y,MED
Q3_amr_core,2026-09-05,41440361,PMC12731730,10.3390/dj13120603,A Crosstalk Between Periodontal Disease and Human Immunodeficiency Virus: Application of Artificial Intelligence and Machine Learning in Risk Assessment and Diagnosis-A Narrative Review.,"Gaddam B, Alluri LSC, Amugo I, Berta L, Butler M, Ferguson S, Ferguson A, Harris E, Berthaud V, Pratap S, Wang Q, Sampath C, Khoury ZH, Gangula PR.",,2025,2025-12-16,Y,MED
Q3_amr_core,2026-09-05,40742319,PMC12344812,10.1080/17460913.2025.2536375,Resistance in gram-negative bacilli: the emergence of RND efflux pumps.,"Agreles MAA, de Moura ALP, Lima KFA, Aires CAM, de Almeida Campos LA, Cavalcanti IMF.",,2025,2025-07-31,N,MED
Q3_amr_core,2026-09-05,41263111,PMC12807694,10.1093/nar/gkaf1234,"MicrobialScope: an integrated genomic resource with rich annotations across bacteria, archaea, fungi, and viruses.","Feng X, Li Y, Zheng J, Chen X, Yang S, Chen Y, Li SC.",,2026,2026-01-01,Y,MED
Q3_amr_core,2026-09-05,38182559,PMC10770378,10.1038/s41467-023-44272-1,Convergence of resistance and evolutionary responses in Escherichia coli and Salmonella enterica co-inhabiting chicken farms in China.,"Baker M, Zhang X, Maciel-Guerra A, Babaarslan K, Dong Y, Wang W, Hu Y, Renney D, Liu L, Li H, Hossain M, Heeb S, Tong Z, Pearcy N, Zhang M, Geng Y, Zhao L, Hao Z, Senin N, Chen J, Peng Z, Li F, Dottorini T.",,2024,2024-01-05,Y,MED
Q3_amr_core,2026-09-05,39611092,PMC11602282,10.3389/fmicb.2024.1393824,Comparison of three source attribution methods applied to whole genome sequencing data of monophasic and biphasic <i>Salmonella</i> Typhimurium isolates from the British Isles and Denmark.,"Guzinski J, Arnold M, Whiteley T, Tang Y, Patel V, Trew J, Litrup E, Hald T, Smith RP, Petrovska L.",,2024,2024-11-14,Y,MED
Q3_amr_core,2026-09-05,38051037,PMC10734486,10.1128/msystems.00697-23,Comparative genomics reveals the correlations of stress response genes and bacteriophages in developing antibiotic resistance of &lt;i&gt;Staphylococcus saprophyticus&lt;/i&gt;.,"Zhang K, Potter RF, Marino J, Muenks CE, Lammers MG, Dien Bard J, Dingle TC, Humphries R, Westblade LF, Burnham C-AD, Dantas G.",,2023,2023-12-05,Y,MED
Q3_amr_core,2026-09-05,41684674,PMC12893723,10.3389/fmicb.2026.1720092,"Genomic landscape of complete &lt;i&gt;Acinetobacter&lt;/i&gt; phages: clustering, core-shell genes, and synteny insights.","Pang SJL, Wee SK, Yap EPH.",,2026,2026-01-28,Y,MED
Q3_amr_core,2026-09-05,36573759,PMC9974846,10.1111/nyas.14549,Machine learning models for Neisseria gonorrhoeae antimicrobial susceptibility tests.,"Martin SL, Mortimer TD, Grad YH.",,2023,2022-12-27,N,MED
Q3_amr_core,2026-09-05,41156872,PMC12566377,10.3390/microorganisms13102414,Unlocking the Potential of &lt;i&gt;vB&lt;/i&gt;_&lt;i&gt;EfaS&lt;/i&gt;_&lt;i&gt;LOK1&lt;/i&gt;: A Newly Isolated Bacteriophage Against &lt;i&gt;Enterococcus faecalis&lt;/i&gt;.,"Plata Suarez LM, Del Valle Balbuena S, Becerra Mejía IL, Loera Piedra AA, Domínguez Espinoza C, Ángeles González AM, Contreras Rodríguez A, Aquino Andrade A, Martínez Díaz SF, Aguilera Arreola MG.",,2025,2025-10-21,Y,MED
Q3_amr_core,2026-09-05,41357433,PMC12678268,10.3389/fdgth.2025.1664382,Transforming critical care: the digital revolution's impact on intensive care units.,"Vernic C, Tamas TP, Petre I, Ursoniu S.",,2025,2025-11-21,Y,MED
Q3_amr_core,2026-09-05,41531344,PMC12978716,10.1097/mop.0000000000001545,Artificial intelligence in the diagnosis and prognosis of pediatric bacterial pneumonia: current advances and challenges.,"Ye Y, Zhou W.",,2026,2026-01-13,Y,MED
Q3_amr_core,2026-09-05,37348862,PMC10318386,10.1093/bioinformatics/btad400,Plasmid permissiveness of wastewater microbiomes can be predicted from 16S rRNA sequences by machine learning.,"Moradigaravand D, Li L, Dechesne A, Nesme J, de la Cruz R, Ahmad H, Banzhaf M, Sørensen SJ, Smets BF, Kreft JU.",,2023,2023-07-01,Y,MED
Q3_amr_core,2026-09-05,40959327,PMC12434637,10.7759/cureus.90149,Role of Artificial Intelligence in Critical Care Medicine: A Literature Review.,"Abdelbaky AM, Elmasry WG, Awad AH, Khan S.",,2025,2025-08-15,Y,MED
Q3_amr_core,2026-09-05,40859410,PMC12379366,10.1186/s13099-025-00746-9,Tracing the evolutionary dynamics of carbapenem-resistant Escherichia coli in recurrent and multi-site infections.,"Cheng YY, Tsai YM, Chuang YC, Fan YH, Wang MC, Chen YC, Teng CH, Kuo PY, Thuy TTD, Bregente CJB, Zhang YZ, Lee YH, Ho DZ, Kao CY.",,2025,2025-08-26,Y,MED
Q3_amr_core,2026-09-05,41609375,PMC12915991,10.1128/msystems.00844-25,2Pipe starts with a question: matching you with the correct pipeline for MAG reconstruction.,"Yepes-García J, Falquet L.",,2026,2026-01-29,Y,MED
Q3_amr_core,2026-09-05,41493101,PMC12815261,10.1093/ismejo/wraf289,"Constructing a ""periodic table"" of bacteria to map diversity in trait space.","Hoffert M, Gorman E, Lladser ME, Fierer N.",,2026,2026-01-01,Y,MED
Q3_amr_core,2026-09-05,42444937,PMC13358857,10.21037/jtd-2026-0554,"Lung transplantation in 2025: a narrative review of progress, challenges, and the road ahead.","Jin X, Li J, Liu Y, Li AY, Ma J, Liu L, Deng Z, Yu Z, Zheng X, Yan H, Pu Q, Liu L, Sato M, Tian D.",,2026,2026-06-23,Y,MED
Q3_amr_core,2026-09-05,40157986,PMC11954938,10.1038/s41598-025-95398-9,Characterization and therapeutic potential of newly isolated bacteriophages targeting the most common Salmonella serovars in Europe.,"Torres-Boncompte J, Gómez-Cano IS, Garcia-Llorens J, Soriano JM, Catalá-Gregori P, Sevilla-Navarro S.",,2025,2025-03-29,Y,MED
Q3_amr_core,2026-09-05,39597638,PMC11596670,10.3390/microorganisms12112249,Bridging Classical Methodologies in <i>Salmonella</i> Investigation with Modern Technologies: A Comprehensive Review.,"Kitchens SR, Wang C, Price SB.",,2024,2024-11-07,Y,MED
Q3_amr_core,2026-09-05,39986174,PMC11893328,10.1016/j.ebiom.2025.105618,Machine learning detection of heteroresistance in Escherichia coli.,"Guliaev A, Hjort K, Rossi M, Jonsson S, Nicoloff H, Guy L, Andersson DI.",,2025,2025-02-21,Y,MED
Q3_amr_core,2026-09-05,,,10.64898/2026.03.18.709804,OxBreaker: species-agnostic pipeline for the analysis of outbreaks using nanopore sequencing,"Reding C, Hopkins KMV, Colpus M, Sanderson ND, Gentry J, Oakley S, Campbell M, Karageorgopoulos D, Jeffery K, Eyre D, Bejon P, Stoesser N, Walker AS, Young BC.",,2026,2026-03-19,Y,PPR
Q3_amr_core,2026-09-05,40629022,PMC12238472,10.1038/s44259-025-00132-0,Citywide metagenomic surveillance of food centres reveals local microbial signatures and antibiotic resistance gene enrichment.,"Teo JJY, Ho EXP, Ng AHQ, How SHC, Chng KR, Ateş YC, Fau'di MT, Aung KT, Nagarajan N.",,2025,2025-07-08,Y,MED
Q3_amr_core,2026-09-05,40118924,PMC11928524,10.1038/s41538-025-00394-y,Big data analytics in food industry: a state-of-the-art literature review.,"Siddique A, Gupta A, Sawyer JT, Huang TS, Morey A.",,2025,2025-03-21,Y,MED
Q3_amr_core,2026-09-05,41635571,PMC12863965,10.3389/fgene.2025.1694070,A systematic review on the generative AI applications in human medical genetics.,"Changalidis A, Barbitoff Y, Nasykhova Y, Glotov A.",,2025,2026-01-20,Y,MED
Q3_amr_core,2026-09-05,41253804,PMC12627491,10.1038/s41467-025-65102-6,A global soil plasmidome resource unveils functional and ecological roles of plasmids in soil microbiomes.,"Fiamenghi MB, Camargo AP, Ivanova NN, Graham EB, Wu R, Hofmockel KS, Kyrpides NC.",,2025,2025-11-18,Y,MED
Q3_amr_core,2026-09-05,39338368,PMC11434721,10.3390/ph17091206,Transmission Dynamics and Novel Treatments of High Risk Carbapenem-Resistant <i>Klebsiella pneumoniae</i>: The Lens of One Health.,"Zhu J, Chen T, Ju Y, Dai J, Zhuge X.",,2024,2024-09-12,Y,MED
Q3_amr_core,2026-09-05,42187848,PMC13209131,10.3390/jof12050366,Mycogenic Nanomaterials: What Fungal Nanoparticles Promise and What Still Holds Them Back.,"Thambugala KM, Dabare S, Dhanusha A, Munaweera I, Daranagama DA, Haituk S, Cheewangkoon R.",,2026,2026-05-16,Y,MED
Q3_amr_core,2026-09-05,40647086,PMC12249262,10.3390/foods14132334,In Silico and In Vitro Characterization of &lt;i&gt;Bacillus velezensis&lt;/i&gt; P45: Screening for a Novel Probiotic Candidate.,"da Rosa CE, Pinilla CMB, Toss LD, Brandelli A.",,2025,2025-06-30,Y,MED
Q3_amr_core,2026-09-05,40969428,PMC12442427,10.3389/fmicb.2025.1621103,Phage therapy for environmental biotechnology applications.,"Singh S, Samson R, Hassard F.",,2025,2025-09-03,Y,MED
Q3_amr_core,2026-09-05,39619730,PMC11608035,10.2147/idr.s494327,"CRISPR-Cas Systems in the Fight Against Antimicrobial Resistance: Current Status, Potentials, and Future Directions.","Ahmed MM, Kayode HH, Okesanya OJ, Ukoaka BM, Eshun G, Mourid MR, Adigun OA, Ogaya JB, Mohamed ZO, Lucero-Prisno DE.",,2024,2024-11-26,Y,MED
Q3_amr_core,2026-09-05,39601577,PMC11784409,10.1128/jcm.01122-24,Multicenter evaluation of Fourier transform infrared (FTIR) spectroscopy as a first-line typing tool for carbapenemase-producing &lt;i&gt;Klebsiella pneumoniae&lt;/i&gt; in clinical settings.,"Candela A, Rodríguez-Temporal D, Lumbreras P, Guijarro-Sánchez P, Arroyo MJ, Vázquez F, Beceiro A, Bou G, Muñoz P, Oviaño M, Fernández J, Rodríguez-Sánchez B.",,2025,2024-11-27,Y,MED
Q3_amr_core,2026-09-05,41450935,PMC12728014,10.3389/fmicb.2025.1723084,Genomic and phenotypic characterization of two novel human-derived &lt;i&gt;Limosilactobacillus reuteri&lt;/i&gt; strains with unique probiotic traits.,"Yang L, Zhan H, Wu X, Wang A, Zou Y, Li J, Lu Y, Ge Z.",,2025,2025-12-10,Y,MED
Q3_amr_core,2026-09-05,40155693,PMC11953366,10.1038/s42003-025-07902-6,Enhancing nucleotide sequence representations in genomic analysis with contrastive optimization.,"Refahi M, Sokhansanj BA, Mell JC, Brown JR, Yoo H, Hearne G, Rosen GL.",,2025,2025-03-29,Y,MED
Q3_amr_core,2026-09-05,39565221,PMC11701622,10.1093/nar/gkae1095,The PLSDB 2025 update: enhanced annotations and improved functionality for comprehensive plasmid research.,"Molano LG, Hirsch P, Hannig M, Müller R, Keller A.",,2025,2025-01-01,Y,MED
Q3_amr_core,2026-09-05,42298411,PMC13326480,10.1186/s12866-026-05267-2,Effects of copper and cadmium stress on resistance genes in farmland soil.,"He R, Liu K, Yang F, Feng SQ, Zhang L.",,2026,2026-06-15,Y,MED
Q3_amr_core,2026-09-05,40400687,PMC12092391,10.3389/fmicb.2025.1461293,Topological data analysis captures horizontal gene transfer in antimicrobial resistance gene families among clinically relevant bacteria.,"Guerrero-Flores S, Contreras-Peruyero H, Ibarra-Rodríguez JM, Lovaco-Flores JA, Nieto-de la Rosa FS, Fontove-Herrera F, Sélem-Mojica N.",,2025,2025-05-07,Y,MED
Q3_amr_core,2026-09-05,41537311,PMC12805252,10.1093/bib/bbaf724,A comprehensive survey of genome language models in bioinformatics.,"Shu L, Tang J, Guan X, Zhang D.",,2026,2026-01-01,Y,MED
Q3_amr_core,2026-09-05,41231230,PMC12614089,10.1002/alz.70886,Integrative multi-omics approaches identify molecular pathways and improve Alzheimer's disease risk prediction.,"Venkatesh R, Cardone KM, Bradford Y, Moore AK, Kumar R, Moore JH, Shen L, Kim D, Ritchie MD.",,2025,2025-11-01,Y,MED
Q3_amr_core,2026-09-05,41153807,PMC12562115,10.3390/biomedicines13102525,"Artificial Intelligence in the Management of Infectious Diseases in Older Adults: Diagnostic, Prognostic, and Therapeutic Applications.","Pinto A, Pennisi F, Odelli S, De Ponti E, Veronese N, Signorelli C, Baldo V, Gianfredi V.",,2025,2025-10-16,Y,MED
Q3_amr_core,2026-09-05,,,10.1101/2025.01.30.635642,AmpliconTyper – tool for analysing ONT multiplex PCR data from environmental and other mixed sources,"Spadar A, Mahindroo J, Troman C, Owusu M, Adu-Sarkodie Y, Owusu-Dabo E, Abraham D, Blossom B, Govindan K, Mohan VR, Dyson ZA, Grassly N, Holt KE.",,2025,2025-01-30,N,PPR
Q3_amr_core,2026-09-05,40375898,PMC12078339,10.3389/fcimb.2025.1545646,The application of machine learning in clinical microbiology and infectious diseases.,"Xu C, Zhao LY, Ye CS, Xu KC, Xu KY.",,2025,2025-05-01,Y,MED
Q3_amr_core,2026-09-05,40845163,PMC12631790,10.1093/gpbjnl/qzaf075,Computational Tools and Resources for Long-read Metagenomic Sequencing Using Nanopore and PacBio.,"Zhang 张天缘 T, Jiang 蒋冕 M, Li 李汉洲 H, Gao 高云云 Y, Yousuf S, Yu 余凯敏 K, Yi 易欣欣 X, Wang 王俊 J, Yang 杨路路 L, Liu 刘永鑫 YX.",,2025,2025-09-01,Y,MED
Q3_amr_core,2026-09-05,42279769,PMC13256353,10.3390/foods15111983,Advances in Foodborne Pathogen Detection: From Conventional Confirmation to Integrated and Intelligent Platforms.,"Pan X, Ding X.",,2026,2026-06-03,Y,MED
Q3_amr_core,2026-09-05,42398073,PMC13331350,10.1093/bib/bbag357,Genome assemblies and annotations are not static and need support for tracking their evolution.,"Dimonaco NJ, Clare A, Vickers M.",,2026,2026-07-01,Y,MED
Q3_amr_core,2026-09-05,39506632,PMC11539783,10.1186/s12859-024-05967-4,Rapid bacterial identification through volatile organic compound analysis and deep learning.,"Yan B, Zeng L, Lu Y, Li M, Lu W, Zhou B, He Q.",,2024,2024-11-06,Y,MED
Q3_amr_core,2026-09-05,42249581,PMC13241579,10.1111/1751-7915.70397,Genomic Map of Escherichia coli and Single Nucleotide Polymorphism Markers in Colorectal Cancer.,"Xi Y, Liping Z, Yating X, Yang X, Jian C, Caiyun C, Shuwen L, Zian Z, Xiaojian Y, Shuwen H, Wei W.",,2026,2026-06-01,Y,MED
Q3_amr_core,2026-09-05,41097540,PMC12523817,10.3390/foods14193374,Threat and Control of &lt;i&gt;tet&lt;/i&gt;(X)-Mediated Tigecycline-Resistant &lt;i&gt;Acinetobacter&lt;/i&gt; sp. Bacteria.,"Chen C, Wu T, Liu J, Gao J.",,2025,2025-09-29,Y,MED
Q3_amr_core,2026-09-05,42140194,PMC13293950,10.1016/j.xcrm.2026.102805,Artificial intelligence-driven integration of multi-biofluid omics and clinical phenotype enables stratification of endometrial cancer.,"Li D, Wu P, Zheng J, Yang Y, Shan W, Yi J, Zhao D, Yang S, Hu Y, Zhu X, Fan R, Fu P, Bai C, Chen X, Qiao L.",,2026,2026-05-14,Y,MED
Q3_amr_core,2026-09-05,40377870,PMC12405046,10.1007/s12602-025-10573-8,Harnessing the Microbiome: CRISPR-Based Gene Editing and Antimicrobial Peptides in Combating Antibiotic Resistance and Cancer.,"Amen RA, Hassan YM, Essmat RA, Ahmed RH, Azab MM, Shehata NR, Elgazzar MM, El-Sayed WM.",,2025,2025-05-16,Y,MED
Q3_amr_core,2026-09-05,39539714,PMC11557323,10.3389/fmicb.2024.1493803,Gut heavy metal and antibiotic resistome of humans living in the high Arctic.,"Hauptmann AL, Johansen J, Stæger FF, Nielsen DS, Mulvad G, Hanghøj K, Rasmussen S, Hansen T, Albrechtsen A.",,2024,2024-10-30,Y,MED
Q3_amr_core,2026-09-05,41878990,PMC13252600,10.1002/advs.202517444,Diversity Patterns of Domestic Herbivore Viruses in China Reveal Transmission Dynamics with Disease Management Implications.,"Sun Y, Li Y, Temur B, Lin Y, Liu Y, Yi L, Sun Z, Zhang G, Li J, Guo Y, Li L, Cai J, Tian W, Meng G, Jiang L, Fang M, Ding F, Zhou X, Tu C, He B.",,2026,2026-03-25,Y,MED
Q3_amr_core,2026-09-05,40558133,PMC12189934,10.3390/antibiotics14060543,What Are the Drivers Triggering Antimicrobial Resistance Emergence and Spread? Outlook from a One Health Perspective.,"Ye Z, Li M, Jing Y, Liu K, Wu Y, Peng Z.",,2025,2025-05-26,Y,MED
Q3_amr_core,2026-09-05,41473198,PMC12746658,10.3389/fnut.2025.1698147,Can artificial intelligence uncover the bioactive peptides' benefits for human health and knowledge? A narrative review.,"Al Shareef R, Fathelrahman E, Osman R, Gebiso T, Platat C.",,2025,2025-12-15,Y,MED
Q3_amr_core,2026-09-05,41634036,PMC12976136,10.1038/s41522-026-00930-y,"Diet and environmental factors jointly drive the gut microbiome, resistome, and virulome of urban bats.","Huang L, Pu YT, Zhao YH, Sun XY, Zhu Y, Lu YP, Leng HX, Feng J, Jin LR, Sun KP.",,2026,2026-02-04,Y,MED
Q3_amr_core,2026-09-05,42290085,PMC13366581,10.1021/acsinfecdis.6c00086,Biochemical and Structural Characterization of Two-domain Glycoside Hydrolase PgaB from &lt;i&gt;Serratia marcescens&lt;/i&gt; and Its Application for &lt;i&gt;S. aureus&lt;/i&gt; Biofilm Degradation.,"Cruz AF, Hamann PRV, Guimaraes FEG, Dabul ANG, Mamani RCC, Pileggi M, Neto MO, Sauda MR, Valente GT, Matsui T, Weiss TM, Araújo EA, Polikarpov I.",,2026,2026-06-14,Y,MED
Q3_amr_core,2026-09-05,,,10.21203/rs.3.rs-7332980/v1,Characterising the microbial and antimicrobial resistance signatures of hospital-acquired pneumonia using nanopore metagenomic sequencing,"Tan C, Aydin A, Owen D, Rofael S, Brealey D, Peters M, Charalampous T, Hurst J, McHugh T, Livermore D, Gant V, Grady J, Balloux F, Dorp Lv, Enne V.",,2025,2025-08-18,Y,PPR
Q3_amr_core,2026-09-05,42274277,PMC13340338,10.1128/spectrum.00846-26,Genomic and phenotypic characterization of novel jumbo and small bacteriophages infecting &lt;i&gt;Xanthomonas hortorum&lt;/i&gt; pv. &lt;i&gt;vitians&lt;/i&gt;: toward a phage-based biocontrol strategy.,"Baud A, Rougis I, Taveau N, Costechareyre D, Graindorge Beaume M, Bertolla F.",,2026,2026-06-11,Y,MED
Q3_amr_core,2026-09-05,41972768,PMC13170274,10.1128/mbio.00118-26,Inactivation of a purine biosynthesis repressor promotes ribosome synthesis to overcome antibiotic stress.,"Le Scornet A, Tan Y, Zhang D, Wang JD, Yap MF.",,2026,2026-04-13,Y,MED
Q3_amr_core,2026-09-05,39214976,PMC11364636,10.1038/s41467-024-51936-z,Giant viruses as reservoirs of antibiotic resistance genes.,"Yi X, Liang JL, Wen P, Jia P, Feng SW, Liu SY, Zhuang YY, Guo YQ, Lu JL, Zhong SJ, Liao B, Wang Z, Shu WS, Li JT.",,2024,2024-08-30,Y,MED
Q3_amr_core,2026-09-05,42111292,PMC13155117,10.1093/ismeco/ycag093,Multi-scale ecological drivers shape the genome flexibility of soil-dwelling &lt;i&gt;Listeria monocytogenes&lt;/i&gt;.,"Goh YX, Hardeep FNU, Zhang H, Liao J.",,2026,2026-01-01,Y,MED
Q3_amr_core,2026-09-05,42376319,PMC13310921,10.3389/fcimb.2026.1828012,Metagenomic analysis of human feces reveals gut microbiome role in colorectal cancer.,"Gu Z, Tan Q, Mao D, Zhang Y, Wang Y, He D, Chen S.",,2026,2026-06-15,Y,MED
Q3_amr_core,2026-09-05,42491328,PMC13377168,10.1016/j.engmic.2026.100279,Exploring the emerging role of CRISPR-Cas systems in probiotic development.,"Hussain A, Mojgani N, Siddiqui MF, Khan MI, Ali SA.",,2026,2026-06-05,Y,MED
Q3_amr_core,2026-09-05,39313510,PMC11420230,10.1038/s41467-024-52238-0,Core and accessory genomic traits of Vibrio cholerae O1 drive lineage transmission and disease severity.,"Maciel-Guerra A, Babaarslan K, Baker M, Rahman A, Hossain M, Sadique A, Alam J, Uzzaman S, Ferdous Rahman Sarker M, Sultana N, Islam Khan A, Ara Begum Y, Hassan Afrad M, Senin N, Hossain Habib Z, Shirin T, Qadri F, Dottorini T.",,2024,2024-09-23,Y,MED
Q3_amr_core,2026-09-05,42213652,PMC13221024,10.1371/journal.pone.0350014,What did the dove sing to Pope Gregory? Ancestral melody reconstruction in Gregorian chant using Bayesian phylogenetics.,"Ballen GA, Mühlová KH, Hajič J.",,2026,2026-05-29,Y,MED
Q3_amr_core,2026-09-05,38539119,PMC10976773,10.1186/s12866-024-03243-2,"Promiscuous, persistent and problematic: insights into current enterococcal genomics to guide therapeutic strategy.","Hourigan D, Stefanovic E, Hill C, Ross RP.",,2024,2024-03-28,Y,MED
Q3_amr_core,2026-09-05,41305529,PMC12656962,10.3390/v17111508,Viromic Insights into Gut RNA Virus Diversity Among Three Corvid Species.,"Dong Y, Fan S, Zhu L, Sharshov K, Wang W.",,2025,2025-11-17,Y,MED
Q3_amr_core,2026-09-05,41545549,PMC12891679,10.1038/s41598-026-36508-z,In vitro effects of Bacillus velezensis strain Mandacaium against Xanthomonas citri pv. glycines: genomic and metabolomic insights.,"Correa JL, Santos ACC, Cerqueira RC, Dos Santos AR, Cassemiro NS, Carollo CA, Rodrigues TS, Bonetti AM, Tebaldi ND, Ueira-Vieira C.",,2026,2026-01-16,Y,MED
Q3_amr_core,2026-09-05,37892067,PMC10606640,10.3390/diagnostics13203246,Current and Future Technologies for the Detection of Antibiotic-Resistant Bacteria.,"Yamin D, Uskoković V, Wakil AM, Goni MD, Shamsuddin SH, Mustafa FH, Alfouzan WA, Alissa M, Alshengeti A, Almaghrabi RH, Fares MAA, Garout M, Al Kaabi NA, Alshehri AA, Ali HM, Rabaan AA, Aldubisi FA, Yean CY, Yusof NY.",,2023,2023-10-18,Y,MED
Q3_amr_core,2026-09-05,40631741,PMC12323597,10.1128/spectrum.00549-25,Taxonomic and phenotypic characterization of a novel &lt;i&gt;Providencia&lt;/i&gt; species: &lt;i&gt;Providencia lanzhouensis&lt;/i&gt; sp. nov.,"Xiang Y, Dong X, Ma L, Cao D, Li Y, Jiang X, Xu P, Yuan X, Bi K, Zhang Y, Han Y, Zhang Y.",,2025,2025-07-09,Y,MED
Q3_amr_core,2026-09-05,40572198,PMC12195096,10.3390/microorganisms13061310,"Validation of Core and Whole-Genome Multi-Locus Sequence Typing Schemes for Shiga-Toxin-Producing &lt;i&gt;E. coli&lt;/i&gt; (STEC) Outbreak Detection in a National Surveillance Network, PulseNet 2.0, USA.","Leeper MM, Schroeder MN, Griswold T, Thakur M, Krishnan K, Katz LS, Hise KB, Williams GM, Stroika SG, Im SB, Lindsey RL, Smith PA, Huffman J, Kelley A, Cleland S, Collins AJ, Gautam S, Tyagi E, Park S, Carriço JA, Machado MP, Pouseele H, Michielsen D, Carleton HA.",,2025,2025-06-04,Y,MED
Q3_amr_core,2026-09-05,38819323,PMC11793027,10.1093/infdis/jiae240,Drug Resistance and Epidemiological Success of Modern Mycobacterium tuberculosis Lineages in Western India.,"Dixit A, Ektefaie Y, Kagal A, Freschi L, Karyakarte R, Lokhande R, Groschel M, Tornheim JA, Gupte N, Pradhan NN, Paradkar MS, Deshmukh S, Kadam D, Schito M, Engelthaler DM, Gupta A, Golub J, Mave V, Farhat M.",,2025,2025-02-01,N,MED
Q3_amr_core,2026-09-05,39095599,PMC11840754,10.1038/s41591-024-03183-4,Antifungal heteroresistance causes prophylaxis failure and facilitates breakthrough Candida parapsilosis infections.,"Zhai B, Liao C, Jaggavarapu S, Tang Y, Rolling T, Ning Y, Sun T, Bergin SA, Gjonbalaj M, Miranda E, Babady NE, Bader O, Taur Y, Butler G, Zhang L, Xavier JB, Weiss DS, Hohl TM.",,2024,2024-08-02,N,MED
Q3_amr_core,2026-09-05,38664636,PMC11044325,10.1186/s12864-024-10139-y,"Exploring the resistome, virulome, and mobilome of multidrug-resistant Klebsiella pneumoniae isolates: deciphering the molecular basis of carbapenem resistance.","Rahmat Ullah S, Irum S, Mahnoor I, Ismatullah H, Mumtaz M, Andleeb S, Rahman A, Jamal M.",,2024,2024-04-25,Y,MED
Q3_amr_core,2026-09-05,41127627,PMC12538495,10.1016/j.onehlt.2025.101228,Impact of open markets on zoonotic threats and antimicrobial resistance: A One Health concern.,"Hasan MAE, Islam MS, Fahim NAI, Antor MTH, Salam S, Jahan R, Masud RI, Bakhtiyar Z, Jany DA, Rana ML, Punom SA, Rahman AMMT, Rahman MT.",,2025,2025-10-04,Y,MED
Q3_amr_core,2026-09-05,41709460,PMC13087415,10.1016/j.ajhg.2026.01.013,Multiple-testing corrections in case-control studies using identity-by-descent segments.,"Temple SD, Chapman NH, Choi SH, DeStefano AL, Thornton TA, Wijsman EM, Blue EE.",,2026,2026-02-17,N,MED
Q3_amr_core,2026-09-05,38085058,PMC10871167,10.1128/msystems.00943-23,"Blanket antimicrobial resistance gene database with structural information, BOARDS, provides insights on historical landscape of resistance prevalence and effects of mutations in enzyme structure.","Ko S, Kim J, Lim J, Lee S-M, Park JY, Woo J, Scott-Nevros ZK, Kim JR, Yoon H, Kim D.",,2024,2023-12-12,Y,MED
Q3_amr_core,2026-09-05,39320317,PMC11423353,10.1093/gigascience/giae074,PhageGE: an interactive web platform for exploratory analysis and visualization of bacteriophage genomes.,"Zhao J, Han J, Lin YW, Zhu Y, Aichem M, Garkov D, Bergen PJ, Nang SC, Ye JZ, Zhou T, Velkov T, Song J, Schreiber F, Li J.",,2024,2024-01-01,Y,MED
Q3_amr_core,2026-09-05,41705261,PMC12908023,10.1016/j.crfs.2026.101318,Preserving fermented-foods microbial diversity through systematic culturomics for the discovery of multi-strain probiotic candidates.,"Fentie EG, Lim K, Andargie YE, Park S, Shin JH.",,2026,2026-01-23,Y,MED
Q3_amr_core,2026-09-05,41612423,PMC12924245,10.1186/s13068-026-02738-6,Identification and comparative genomic analysis of prophage sequences and CRISPR‒Cas immunity in Methylococcus genomes: insights into industrial methane bioconversion.,"Nizovtseva I, Rezaykin A, Korenskaia A, Zakhartsev M, Chigireva A, Starodumov I, Chernushkin D.",,2026,2026-01-29,Y,MED
Q3_amr_core,2026-09-05,37563495,PMC10444626,10.1038/s43016-023-00814-w,Machine learning and metagenomics reveal shared antimicrobial resistance profiles across multiple chicken farms and abattoirs in China.,"Baker M, Zhang X, Maciel-Guerra A, Dong Y, Wang W, Hu Y, Renney D, Hu Y, Liu L, Li H, Tong Z, Zhang M, Geng Y, Zhao L, Hao Z, Senin N, Chen J, Peng Z, Li F, Dottorini T.",,2023,2023-08-10,Y,MED
Q3_amr_core,2026-09-05,40533801,PMC12175428,10.1186/s13059-025-03585-8,KPop: accurate and scalable comparative analysis of microbial genomes by sequence embeddings.,"Didelot X, Ribeca P.",,2025,2025-06-18,Y,MED
Q3_amr_core,2026-09-05,42520179,PMC13412109,10.1002/jcla.70293,Revisiting Burn Wound Infections: A Comprehensive Review on the Dual Potential of Phages and Probiotics Against Acinetobacter baumannii.,"Aghmiyuni ZF, Sharafshadehi SA, Afifirad R, Bafandeh E, Mokhtaryan M, Ghanavati R, Darbandi A.",,2026,2026-07-28,Y,MED
Q3_amr_core,2026-09-05,39059904,,10.1016/j.foodres.2024.114654,Characterization of the prevalence of Salmonella in different retail chicken supply modes using genome-wide and machine-learning analyses.,"Peng J, Xiao R, Wu C, Zheng Z, Deng Y, Chen K, Xiang Y, Xu C, Zou L, Liao M, Zhang J.",,2024,2024-06-19,N,MED
Q3_amr_core,2026-09-05,,,10.1101/2023.05.26.542489,SARS-CoV-2 lineage assignments using phylogenetic placement/UShER are superior to pangoLEARN machine learning method,"de Bernardi Schneider A, Su M, Hinrichs AS, Wang J, Amin H, Bell J, Wadford DA, O’Toole À, Scher E, Perry MD, Turakhia Y, De Maio N, Hughes S, Corbett-Detig R.",,2023,2023-05-27,Y,PPR
Q3_amr_core,2026-09-05,39409782,PMC11476334,10.3390/ani14192833,Unveiling Insights into the Whole Genome Sequencing of <i>Mycobacterium</i> spp. Isolated from Siamese Fighting Fish (<i>Betta splendens</i>).,"Dinh-Hung N, Mwamburi SM, Dong HT, Rodkhum C, Meemetta W, Linh NV, Mai HN, Dhar AK, Hirono I, Senapin S, Chatchaiphan S.",,2024,2024-10-01,Y,MED
Q3_amr_core,2026-09-05,39562586,PMC11577001,10.1038/s41467-024-54459-9,Evidence of horizontal gene transfer and environmental selection impacting antibiotic resistance evolution in soil-dwelling Listeria.,"Goh YX, Anupoju SMB, Nguyen A, Zhang H, Ponder M, Krometis LA, Pruden A, Liao J.",,2024,2024-11-19,Y,MED
Q3_amr_core,2026-09-05,38965470,PMC11225414,10.1186/s12879-024-09380-3,"Genome analysis of multidrug resistant Enterococcus faecium and Enterococcus faecalis circulating among hospitalized patients in uMgungundlovu District, KwaZulu-Natal, South Africa.","Founou RC, Founou LL, Allam M, Ismail A, Essack SY.",,2024,2024-07-04,Y,MED
Q3_amr_core,2026-09-05,41558827,PMC12863191,10.1101/gr.280086.124,Autoencoders for genomic variation analysis.,"Geleta M, Montserrat DM, Giro-I-Nieto X, Ioannidis AG.",,2026,2026-02-03,Y,MED
Q3_amr_core,2026-09-05,40135877,PMC12057338,10.1128/aac.01657-24,"Antimicrobial resistance of pet-derived bacteria in China, 2000-2020.","Song Y, An Q, Chen S, Dai H, Ma S, Wu C, Lyu Y, Shen J, Krüger-Haker H, Schwarz S, Wang L, Wang Y, Xia Z.",,2025,2025-03-26,Y,MED
Q3_amr_core,2026-09-05,41257887,PMC12630895,10.1038/s41598-025-24298-9,Coevolutionary signals in multiple sequence alignments improve virulence factor prediction with an MSA Transformer.,"Kim T, Cho C, Lee D, Seok YJ, Kim S.",,2025,2025-11-19,Y,MED
Q3_amr_core,2026-09-05,,,10.1101/2025.11.01.685986,"Evolutionary landscape of oral microbiome over 100,000 years","Zhong L, Li H, Xia S, Xie S, Bianucci R, Li S, Supa-Amornkul S, Speller C, Shi Q, Cui Y, Yang H, Achtman M, Zhou Z.",,2025,2025-11-01,Y,PPR
Q3_amr_core,2026-09-05,40574982,PMC12199200,10.3389/fmicb.2025.1603770,"The genotypic characterization of &lt;i&gt;Streptococcus pluranimalium&lt;/i&gt; from aborted bovine fetuses in British Columbia, Canada.","Yee M, Trimble MJ, Ghosh K, Hughes G, Knowles D, Duan J, Raverty S, McGregor G, Hsiao WWL.",,2025,2025-06-12,Y,MED
Q3_amr_core,2026-09-05,41624882,PMC12851981,10.3389/fimmu.2025.1749184,Editorial: Data-driven vaccine design for microbial-associated diseases.,"Selvaraj G, Kaliamurthi S, Wei D.",,2025,2026-01-15,Y,MED
Q3_amr_core,2026-09-05,42082503,PMC13342648,10.1038/s41597-026-07354-5,A compendium of horizontal gene transfers in Metazoa.,"Spaulding JA, Fierst JL.",,2026,2026-05-04,Y,MED
Q3_amr_core,2026-09-05,40564260,PMC12189186,10.3390/ani15121708,Antimicrobial Resistance in European Companion Animals Practice: A One Health Approach.,"Monteiro HIG, Silva V, de Sousa T, Calouro R, Saraiva S, Saraiva S, Igrejas G, Poeta P.",,2025,2025-06-09,Y,MED
Q3_amr_core,2026-09-05,42440521,PMC13333511,10.3389/fimmu.2026.1854213,"Host-microbiome-immune disequilibrium in oral disease: mechanisms, dysbiosis, and precision therapeutics.","Lv M, Xu W, Wang T, Mou K, Ni Z, Tu Q, Zhang J, Wu X, Song S, Cheng G.",,2026,2026-06-22,Y,MED
Q3_amr_core,2026-09-05,42394592,PMC13333382,10.1042/bsr20260035,"Bacterial heteroresistance mechanisms, dynamics, and emerging diagnostic approaches.",Brameyer S.,,2026,2026-07-01,Y,MED
Q3_amr_core,2026-09-05,41617669,PMC12867423,10.1080/19490976.2026.2623359,"Precise probiotic therapy: Advances, bottlenecks, and the road to microbiome-informed nutrition.","Jiang Y, Jiang S, Wang Z, Zhu P, Zhang J, Teng F, Huang S.",,2026,2026-01-30,Y,MED
Q3_amr_core,2026-09-05,42171730,PMC13391677,10.1007/s00253-026-13833-x,Secretion systems shaping host-pathogen interactions in Burkholderia species.,"Pallen S, Madhavan A, Subhashree S, M R V, Lal PB, Mukhopadhyay C, Herai R, Ghosh Dastidar S, Ghosh Dastidar R.",,2026,2026-05-22,Y,MED
Q3_amr_core,2026-09-05,42326936,PMC13279526,10.3389/fpubh.2026.1833807,Confronting the known unknown: historical lessons and future strategies for Disease X.,"Xiang Y, Sun G, Xiang P, Hu J, Tian L, Zhang Q, Wang J, Xie C.",,2026,2026-06-05,Y,MED
Q3_amr_core,2026-09-05,42524013,PMC13408252,10.3389/fcimb.2026.1865643,"From serum inflammatory markers to fluid, tissue, and molecular assays: current advances in the laboratory diagnosis of bone and joint infections.","Li J, Lian S, Liu Y, Yang X, Liu D, Chen J, Xiong H.",,2026,2026-07-14,Y,MED
Q3_amr_core,2026-09-05,39624034,PMC11608963,10.3389/fmed.2024.1480257,"Understanding the role of <i>Staphylococcus aureus</i> in atopic dermatitis: strain diversity, microevolution, and prophage influences.","Wang Z, Hülpüsch C, Traidl-Hoffmann C, Reiger M, Schloter M.",,2024,2024-11-18,Y,MED
Q3_amr_core,2026-09-05,41768933,PMC12935917,10.3389/fsysb.2025.1659648,Avian cecal microbiome response and resilience to Newcastle disease are dictated by breed background.,"Ameer A, Saleem F, Keating C, Afzal F, Irshad H, Ahmed K, Sattar S, Ijaz UZ, Javed S.",,2025,2026-02-12,Y,MED
Q3_amr_core,2026-09-05,,,10.1101/2024.08.15.608097,Predicting rifampicin resistance in  <i>M. tuberculosis</i>  using machine learning informed by protein structural and chemical features,"Lynch CI, Adlard D, Fowler PW.",,2024,2024-08-15,Y,PPR
Q3_amr_core,2026-09-05,42297812,PMC13416122,10.1038/s41467-026-74057-1,Genetic and pharmacological inactivation of peptidoglycan remodeling increases antibiotic susceptibility of vancomycin-resistant Enterococcus faecium.,"Fam KT, Chodisetti PK, Wang Z, Homer JA, Smedley CJ, Kitamura S, Silva B, Xiong Y, Hansel-Harris A, Holcomb M, Babarinde S, Turner AM, Van Tyne D, Wilson IA, Forli S, Cravatt BF, Park D, Wolan DW, Moses JE, Hang HC.",,2026,2026-06-16,Y,MED
Q3_amr_core,2026-09-05,39011006,PMC11246398,10.1007/s12088-023-01134-0,Strengthening the Diagnosis of Drug-Resistant Tuberculosis Using NGS-Based Approaches and Bioinformatics Pipelines for Data Analysis in India.,"Tamrakar VK, Parihar NS, Bhat J, Rajasubramaniam S.",,2024,2023-11-30,N,MED
Q3_amr_core,2026-09-05,41752202,PMC12940901,10.3390/ijms27042068,"Microbiome-Genome Crosstalk in Colorectal Cancer: Colibactin Signatures and &lt;i&gt;Fusobacterium nucleatum&lt;/i&gt; in Epidemiology, Driver Selection, and Translation.",Jung S.,,2026,2026-02-23,Y,MED
Q3_amr_core,2026-09-05,41608688,PMC12835900,10.3389/fmicb.2025.1738926,Applications and prospects of artificial intelligence in the auxiliary diagnosis of pediatric pulmonary tuberculosis.,"Lu X, Hu Y, Hu Y, Zhao F, Fan P, Luo Y, Li J.",,2025,2026-01-13,Y,MED
Q3_amr_core,2026-09-05,39241084,PMC11379382,10.1371/journal.pone.0306101,A machine-learning based model for automated recommendation of individualized treatment of rifampicin-resistant tuberculosis.,"Verboven L, Callens S, Black J, Maartens G, Dooley KE, Potgieter S, Cartuyvels R, SMARTT team, Laukens K, Warren RM, Van Rie A.",,2024,2024-09-06,Y,MED
Q3_amr_core,2026-09-05,38970161,PMC11226406,10.1111/1751-7915.14510,The antibiotic resistance crisis and the development of new antibiotics.,Brüssow H.,,2024,2024-07-01,Y,MED
Q3_amr_core,2026-09-05,41851716,PMC13001211,10.1186/s12919-026-00363-7,Academic Symposium: Empowering the Next Generation to Drive Global Impact in Biomedical Innovation.,,,2026,2026-03-19,Y,MED
Q3_amr_core,2026-09-05,42491451,PMC13376978,10.1016/j.onehlt.2026.101509,"Global status, bias risks, and ecological integration of wild bat and rodent virome research.","Zhou-Fu X, Xin W, Wan-Hua W, Han W, Ting-Sheng H, Si-Jun C, Shu-Liang C, Liang-Jun C, Wei H.",,2026,2026-07-08,Y,MED
Q3_amr_core,2026-09-05,39932497,PMC12452030,10.1099/mgen.0.001349,microGWAS: a computational pipeline to perform large-scale bacterial genome-wide association studies.,"Burgaya J, Damaris BF, Fiebig J, Galardini M.",,2025,2025-02-01,Y,MED
Q3_amr_core,2026-09-05,42079444,PMC13131327,10.1002/mlf2.70078,Emerging role of metagenomic next-generation sequencing in infectious disease diagnostics: Clinical integration and future directions.,"Fang T, Yuan F, Chen Y, Li N, Zhang Y, Liu H, Liu X, Miao Q, Hu B.",,2026,2026-04-30,Y,MED
Q3_amr_core,2026-09-05,41524417,PMC12915355,10.1128/aem.01824-25,Mining a vibriophage depolymerase for enhanced pathogen control in aquaculture.,"Yue Y, Zhao J, Wang Z, Yin R, He Y, Li C, Zhang Y.",,2026,2026-01-12,Y,MED
Q3_amr_core,2026-09-05,41715166,PMC13019907,10.1186/s40168-026-02347-3,Cross-kingdom genomic variation in chicken gut microbiomes: insights from China's diverse local breeds.,"Zhang J, Xu L, Ge X, Zi X, Chen S, Liu C, Wang K, Zhou J, Dou T, Wong JWC, Lin Q, Kang X, Cao Z.",,2026,2026-02-19,Y,MED
Q3_amr_core,2026-09-05,37823665,PMC10662344,10.1128/jcm.00617-23,Direct prediction of carbapenem resistance in <i>Pseudomonas aeruginosa</i> by whole genome sequencing and metagenomic sequencing.,"Liu B, Gao J, Liu XF, Rao G, Luo J, Han P, Hu W, Zhang Z, Zhao Q, Han L, Jiang Z, Zhou M.",,2023,2023-10-12,N,MED
Q3_amr_core,2026-09-05,41180309,PMC12575089,10.1002/mlf2.70047,Profiling the heterogeneity of microbial populations and communities at the single-cell level.,"Wu L, Zuo W, Cao Z, Qu Z, Dai L.",,2025,2025-10-27,Y,MED
Q3_amr_core,2026-09-05,39373631,PMC11557374,10.1093/gbe/evae209,Microbiome Geographic Population Structure (mGPS) Detects Fine-Scale Geography.,"Zhang Y, McCarthy L, Ruff E, Elhaik E.",,2024,2024-11-01,Y,MED
Q3_amr_core,2026-09-05,41127841,PMC12538332,10.1021/envhealth.5c00040,Opportunities and Challenges of Multiomics for Discovery and Monitoring of Human Pathogens.,"Turner Z, Drabovich AP.",,2025,2025-07-09,Y,MED
Q3_amr_core,2026-09-05,37316877,PMC10265805,10.1186/s42836-023-00195-2,Application of machine learning in the prevention of periprosthetic joint infection following total knee arthroplasty: a systematic review.,"Chong YY, Chan PK, Chan VWK, Cheung A, Luk MH, Cheung MH, Fu H, Chiu KY.",,2023,2023-06-14,Y,MED
Q3_amr_core,2026-09-05,41472882,PMC12746109,10.1093/nargab/lqaf174,Integrating natural language processing and genome analysis enables accurate bacterial phenotype prediction.,"Gómez-Pérez D, Keller A.",,2025,2025-12-29,Y,MED
Q3_amr_core,2026-09-05,38873647,PMC11170357,10.1016/j.csbj.2024.05.027,The complete catalog of antimicrobial resistance secondary active transporters in <i>Clostridioides difficile</i>: evolution and drug resistance perspective.,"Chanket W, Pipatthana M, Sangphukieo A, Harnvoravongchai P, Chankhamhaengdecha S, Janvilisri T, Phanchana M.",,2024,2024-05-21,Y,MED
Q3_amr_core,2026-09-05,41351031,PMC12797779,10.1186/s41065-025-00604-3,Performance of a self-developed panel for biogeographic ancestry inference and dissection of the genetic background of three Tibetan groups.,"Lin Y, Yuan X, Wang X, Li S, Yao H, Dong B, Zhu B.",,2025,2025-12-05,Y,MED
Q3_amr_core,2026-09-05,42148581,PMC13340048,10.1128/spectrum.03775-25,Multi-omics characterization of new and aged Daqu reveals region-specific microbial succession and metabolic signatures in Maotai-flavor liquor fermentation.,"Wang K, Zhang D, Shen K, Qiu Y, Deng B, Zhou J, Qiu S.",,2026,2026-05-18,Y,MED
Q3_amr_core,2026-09-05,40681522,PMC12274573,10.1038/s41522-025-00768-w,Chinese soy-based microbiome and associated microbial risks: a metagenomic investigation.,"Xiang X, Li Y, Ye J, Li B, He G, Zhu M, Zhang J, Zhang B, Miao M, Yang Y.",,2025,2025-07-18,Y,MED
Q3_amr_core,2026-09-05,41322936,PMC12659878,10.7759/cureus.95613,Strategies and Recent Advances in Tackling Antibacterial Resistance in India: A Comprehensive Narrative Review.,"Goudar T, Desai S, Basappa M.",,2025,2025-10-28,Y,MED
Q3_amr_core,2026-09-05,41318750,PMC12712290,10.1186/s13568-025-01981-8,Genomic prediction of phytase potential and stress tolerance in maize-associated plant growth-promoting rhizobacterium Enterobacter cloacae Mz49.,"Amer MA, Hamed SM.",,2025,2025-11-29,Y,MED
Q3_amr_core,2026-09-05,37099616,PMC10210943,10.1099/mgen.0.001008,Taking hospital pathogen surveillance to the next level.,"Werner G, Couto N, Feil EJ, Novais A, Hegstad K, Howden BP, Friedrich AW, Reuter S.",,2023,2023-04-01,Y,MED
Q3_amr_core,2026-09-05,40677915,PMC12267984,10.1093/nargab/lqaf093,Metagenomics-Toolkit: the flexible and efficient cloud-based metagenomics workflow featuring machine learning-enabled resource allocation.,"Belmann P, Osterholz B, Kleinbölting N, Pühler A, Schlüter A, Sczyrba A.",,2025,2025-07-17,Y,MED
Q3_amr_core,2026-09-05,39880958,PMC11839480,10.1038/s41586-024-08485-8,Expanding the human gut microbiome atlas of Africa.,"Maghini DG, Oduaran OH, Olubayo LAI, Cook JA, Smyth N, Mathema T, Belger CW, Agongo G, Boua PR, Choma SSR, Gómez-Olivé FX, Kisiangani I, Mashaba GR, Micklesfield L, Mohamed SF, Nonterah EA, Norris S, Sorgho H, Tollman S, Wafawanaka F, Tluway F, Ramsay M, Wirbel J, AWI-Gen 2 Collaborative Centre, Bha",,2025,2025-01-29,Y,MED
Q3_amr_core,2026-09-05,39747833,PMC11696363,10.1038/s41467-024-55103-2,Parameters for one health genomic surveillance of Escherichia coli from Australia.,"Watt AE, Cummins ML, Donato CM, Wirth W, Porter AF, Andersson P, Donner E, Australian Pathogen Genomics One Health Working Group, Jennison AV, Seemann T, Djordjevic SP, Howden BP.",,2025,2025-01-02,Y,MED
Q3_amr_core,2026-09-05,42294646,PMC13386857,10.1128/msystems.00207-26,A structural backbone with sequestered plasticity organizes the &lt;i&gt;Escherichia coli&lt;/i&gt; pangenome.,"Lu Y-F, Zuo G-H, Zhi X-Y.",,2026,2026-06-15,Y,MED
Q3_amr_core,2026-09-05,40142450,PMC11945154,10.3390/microorganisms13030557,Advancements in Antibacterial Therapy: Feature Papers.,"Angeles Flores G, Cusumano G, Venanzoni R, Angelini P.",,2025,2025-03-01,Y,MED
Q3_amr_core,2026-09-05,,,10.64898/2026.03.13.711634,Antarctic marine microplastics reveals environmental persistence and rapid evolution of  <i>Candida auris</i>,"van Rhijn N, Gan E, Hepo-oja P, Wang X, Li J, Duggan S, Firer D, Alsharqi L, Gifford H, Steenwyk JL, Brackin AP, Abdolrasouli A, Borman AM, Cuomo CA, Fisher MC, Armstrong-James D, Farrer RA, Usher J, Rhodes J.",,2026,2026-03-13,Y,PPR
Q3_amr_core,2026-09-05,37513961,PMC10384252,10.3390/ph16071050,Advances in the Applications of Bioinformatics and Chemoinformatics.,"Raslan MA, Raslan SA, Shehata EM, Mahmoud AS, Sabri NA.",,2023,2023-07-24,Y,MED
Q3_amr_core,2026-09-05,40593656,PMC12214822,10.1038/s41467-025-61137-x,Variation and prognostic potential of the gut antibiotic resistome in the FINRISK 2002 cohort.,"Pärnänen K, Ruuskanen MO, Sommeria-Klein G, Laitinen V, Kantanen P, Méric G, Gazolla Volpiano C, Inouye M, Knight R, Salomaa V, Havulinna AS, Niiranen T, Lahti L.",,2025,2025-07-01,Y,MED
Q3_amr_core,2026-09-05,41301629,PMC12649759,10.3390/antibiotics14111134,"Phage Therapy for &lt;i&gt;Acinetobacter baumannii&lt;/i&gt; Infections: A Review on Advances in Classification, Applications, and Translational Roadblocks.","Wang Y, Li L, Liang Y, Xu K, Ye Y, He M.",,2025,2025-11-08,Y,MED
Q3_amr_core,2026-09-05,42292361,PMC13253461,10.3389/fimmu.2026.1734832,Etiological study of pulmonary infections following solid organ transplantation using metagenomic next-generation sequencing and development of a risk prediction model: a retrospective cohort study.,"Jiang H, Lu E, Liu Q, Li Z, Zhu Y.",,2026,2026-05-28,Y,MED
Q3_amr_core,2026-09-05,41753674,PMC12942932,10.3390/microorganisms14020387,Basic Microbiome Analysis: Analytical Steps from Sampling to Sequencing.,"Ece G, Aktaş A, Koyuncu Özyurt Ö, Demirbakan H, Alışkan HE, Sağlık İ, Zorbozan O, Çetin Duran A, Uğur AR, Öcal D, Uzunoğlu E, Kaya E, Mutlu Sarıgüzel F, Bayındır F, Yetkin G, Altındiş M, Yenice Aktaş S, Kula Atik T.",,2026,2026-02-06,Y,MED
Q3_amr_core,2026-09-05,42016964,PMC13093829,10.1002/ece3.73260,Safeguarding a Flagship Species: Integrated Surveillance of Cross-Species Pathogen Transmission in Giant Panda Ecosystems.,"Sun X, Peng Y, Hao X, Dong R, Wang Z, Wang L, Wang C, Wu X, Chen Z, Zhang W, Tang X.",,2026,2026-03-14,Y,MED
Q3_amr_core,2026-09-05,41657981,PMC12876002,10.3389/fmicb.2025.1691658,Machine learning reveals microbial interactions driving plastic degradation across plastisphere environments.,"Mahir AA, Kulathuvayal AS, Lei Y, Zhang Q, Wang L, Su Y, Hou L.",,2025,2026-01-23,Y,MED
Q3_amr_core,2026-09-05,38117088,PMC10790755,10.1128/mbio.03023-23,Unraveling the evolutionary dynamics of toxin-antitoxin systems in diverse genetic lineages of &lt;i&gt;Escherichia coli&lt;/i&gt; including the high-risk clonal complexes.,"Singh A, Lankapalli AK, Mendem SK, Semmler T, Ahmed N.",,2024,2023-12-20,Y,MED
Q3_amr_core,2026-09-05,40581074,PMC12237507,10.1093/bioinformatics/btaf206,Whole-genome phenotype prediction with machine learning: open problems in bacterial genomics.,"James T, Williamson B, Tino P, Wheeler N.",,2025,2025-07-01,Y,MED
Q3_amr_core,2026-09-05,38730317,PMC11088152,10.1186/s12859-024-05747-0,Machine learning based DNA melt curve profiling enables automated novel genotype detection.,"Boussina A, Langouche L, Obirieze AC, Sinha M, Mack H, Leineweber W, Aralar A, Pride DT, Coleman TP, Fraley SI.",,2024,2024-05-10,Y,MED
Q3_amr_core,2026-09-05,39597542,PMC11596196,10.3390/microorganisms12112153,"""CLADE-FINDER"": <i>Candida auris</i> Lineage Analysis Determination by Fourier Transform Infrared Spectroscopy and Artificial Neural Networks.","Magrì C, De Carolis E, Ivagnes V, Di Pilato V, Spruijtenburg B, Marchese A, Meijer EFJ, Chowdhary A, Sanguinetti M.",,2024,2024-10-26,Y,MED
Q3_amr_core,2026-09-05,41522472,PMC12783923,10.1002/mco2.70567,"Organ Transplantation: Current Status, Challenges, and Future Prospects.","Li X, Ding R, Cai J.",,2026,2026-01-08,Y,MED
Q3_amr_core,2026-09-05,37982596,PMC10732075,10.1128/cmr.00148-22,Virulence attributes of successful methicillin-resistant <i>Staphylococcus aureus</i> lineages.,"Jiang J-H, Cameron DR, Nethercott C, Aires-de-Sousa M, Peleg AY.",,2023,2023-11-20,N,MED
Q3_amr_core,2026-09-05,40189545,PMC11974054,10.1186/s40168-025-02086-x,Environmental drivers of the resistome across the Baltic Sea.,"Serrana JM, Nascimento FJA, Dessirier B, Broman E, Posselt M.",,2025,2025-04-07,Y,MED
Q3_amr_core,2026-09-05,,,10.21203/rs.3.rs-8176565/v1,Phylogeny-agnostic strain-level prediction of phage-host interactions from genomes,"Arkin A, Noonan A, Moriniere L, Rivera-López E, Patel K, Pena M, Svab M, Kazakov A, Deutschbauer A, Dudley E, Mutalik V.",,2025,2025-12-01,N,PPR
Q3_amr_core,2026-09-05,42127344,PMC13217373,10.1021/acs.analchem.6c00220,Raman Spectroscopy in Cancer Diagnostics and Surgery: 25 Years of Progress from Surface-Enhanced Raman Spectroscopy to Artificial Intelligence─A Bibliometric and Visualized Study.,"Ma C, Zhou H, Teng J, Wang R, Zhao F, Zhou W, Guan Y, Wu Z, Li S, Ai X, Xiao L.",,2026,2026-05-13,Y,MED
Q3_amr_core,2026-09-05,42177580,PMC13404874,10.1186/s13059-026-04117-8,"Bacterial 3D genome architecture: organization, regulation, and synthetic biology applications.","Chen M, Zhu Z, Huang Y, Wu B, He M.",,2026,2026-05-23,Y,MED
Q3_amr_core,2026-09-05,42394824,PMC13323464,10.3389/fcimb.2026.1873187,"The CRISPR-Cas toolkit for mosquito-borne virus surveillance: detection, tracing, and discovery.","Wu Y, Cai H, Wu Q, Wu J, Hu J, Huang E, Li Z, Liang S, Hu X, Dai J, Liao R.",,2026,2026-06-18,Y,MED
Q3_amr_core,2026-09-05,41654842,PMC12977624,10.1186/s13059-026-03966-7,PlasRAG: comprehensive plasmid characterization and retrieval through sequence-text alignment.,"Ji Y, Guan J, Liao H, Shang J, Sun Y.",,2026,2026-02-07,Y,MED
Q3_amr_core,2026-09-05,34613360,PMC8722762,10.1093/bioinformatics/btab681,Prediction of antimicrobial resistance based on whole-genome sequencing and machine learning.,"Ren Y, Chakraborty T, Doijad S, Falgenhauer L, Falgenhauer J, Goesmann A, Hauschild AC, Schwengers O, Heider D.",,2022,2022-01-01,Y,MED
Q3_amr_core,2026-09-05,42375459,PMC13314030,10.5455/ovj.2026.v16.i5.10,"Molecular identification of &lt;i&gt;Escherichia coli&lt;/i&gt; in poultry wet markets in Sulaymaniyah Province, Iraq.","Rashid AM, Khidhir ZK, Arif ED.",,2026,2026-05-31,Y,MED
Q3_amr_core,2026-09-05,40864113,PMC12390210,10.3390/tropicalmed10080210,Beyond the Usual Suspects: &lt;i&gt;Weeksella virosa&lt;/i&gt; as a Potential Human and Animal Pathogen.,"Colosi IA, Toc DA, Neculicioiu VS, Panaitescu PȘ, Șchiopu P, Pană AG, Opris RV, Baciu AM, Berar G, Botan A, Costache C.",,2025,2025-07-26,Y,MED
Q3_amr_core,2026-09-05,42065047,PMC13126372,10.32604/or.2026.075916,"Extrachromosomal DNA in Solid Tumors-Landscape, Immune Effects, and Resistance to Targeted Therapy.","Badran O, Attarya S.",,2026,2026-04-22,Y,MED
Q3_amr_core,2026-09-05,35612324,PMC9491192,10.1128/cmr.00179-21,"Machine Learning for Antimicrobial Resistance Prediction: Current Practice, Limitations, and Clinical Perspective.","Kim JI, Maguire F, Tsang KK, Gouliouris T, Peacock SJ, McAllister TA, McArthur AG, Beiko RG.",,2022,2022-05-25,N,MED
Q3_amr_core,2026-09-05,41767561,PMC12946066,10.3389/fmicb.2026.1751343,The gp38 protein inhibits host adsorption of phage vB_EcoM_SD286.,"Lei X, Wang X, Shang H, Zhang T, Xu J, Zhang L, Chen D, Zhou G, Li Y, Si Z, Cao S.",,2026,2026-02-13,Y,MED
Q3_amr_core,2026-09-05,40401131,PMC12089930,10.5114/bta/200803,Cutting-edge AI tools revolutionizing scientific research in life sciences.,Lorenc-Kukuła K.,,2025,2025-03-31,Y,MED
Q3_amr_core,2026-09-05,38214338,PMC10868609,10.1099/mgen.0.001174,Genomic and clinical characteristics of campylobacteriosis in Australia.,"Cribb DM, Moffatt CRM, Wallace RL, McLure AT, Bulach D, Jennison AV, French N, Valcanis M, Glass K, Kirk MD.",,2024,2024-01-01,Y,MED
Q3_amr_core,2026-09-05,40732073,PMC12299653,10.3390/microorganisms13071564,Microbial Interconnections in One Health: A Critical Nexus Between Companion Animals and Human Microbiomes.,"Skoufos S, Stavropoulou E, Tsigalou C, Voidarou CC.",,2025,2025-07-03,Y,MED
Q3_amr_core,2026-09-05,40658463,PMC12366487,10.1093/bioinformatics/btaf397,Identifying DNA methylation types and methylated base positions from bacteria using nanopore sequencing with multi-scale neural network.,"Chen Z, Ni P, Wang J.",,2025,2025-08-01,Y,MED
Q3_amr_core,2026-09-05,40836244,PMC12366417,10.1186/s13099-025-00732-1,Phenotypic characterization and complete genome of a tumorigenic pathobiont Escherichia coli LI60C3.,"Yu LC, Wei SC, Li YH, Huang CY, Pai YC, Hung YM, Lai LC, Ni YH.",,2025,2025-08-20,Y,MED
Q3_amr_core,2026-09-05,40246993,PMC12006392,10.1038/s42003-025-07678-9,De novo virulence feature discovery and risk assessment in Klebsiella pneumoniae based on microbial genome vectorization.,"Beck KL, Agarwal A, Laufer Halpin A, McDonald LC, McKay SL, Kent AG, Kaufman JH, Mukherjee V, Elkins CA, Seabolt E.",,2025,2025-04-17,Y,MED
Q3_amr_core,2026-09-05,,,10.1101/2025.09.26.678787,High-accuracy SNV calling for bacterial isolates using deep learning with AccuSNV,"Liao H, Conwill A, Light-Maka I, Fenk M, Mitchell AH, Qu EB, Torrillo P, Baker JS, Key FM, Lieberman TD.",,2025,2025-09-29,N,PPR
Q3_amr_core,2026-09-05,41816992,PMC13170203,10.1002/advs.202517658,Multicohort Validation of Gut Microbiome Signatures for Cholangiocarcinoma Diagnosis and Functional Characterization of Bifidobacterium Pseudocatenulatum.,"Rao B, Jiang J, Zhang R, Zhang D, Zhang C, Li A, Lu H, Zhang H, Zhou L, Guo W, Wen P, Xue J, Pan J, Aji T, Lan Z, Jiang X, Zheng S, Yu Z, Ren Z.",,2026,2026-03-12,Y,MED
Q3_amr_core,2026-09-05,41382144,PMC12809951,10.1186/s12896-025-01086-x,CLAP-HMM: a biologically constrained deep learning framework for resistance gene prediction in long DNA sequences.,"Wang L, Xu Y, Guan X, Yan S.",,2025,2025-12-12,Y,MED
Q3_amr_core,2026-09-05,35333870,PMC8986120,10.1371/journal.pcbi.1010018,"Whole-genome sequencing and gene sharing network analysis powered by machine learning identifies antibiotic resistance sharing between animals, humans and environment in livestock farming.","Peng Z, Maciel-Guerra A, Baker M, Zhang X, Hu Y, Wang W, Rong J, Zhang J, Xue N, Barrow P, Renney D, Stekel D, Williams P, Liu L, Chen J, Li F, Dottorini T.",,2022,2022-03-25,Y,MED
Q3_amr_core,2026-09-05,40469257,PMC12136869,10.1155/ghe3/8898076,"Cholera Outbreak in Nigeria: History, Review of Socioeconomic and Meteorological Drivers, Diagnostic Challenges, and Artificial Intelligence Integration.","Akingbola A, Abiodun A, Ojo O, Jessica OU, Alao UH, Owolabi AO, Chuku J.",,2025,2025-05-28,Y,MED
Q3_amr_core,2026-09-05,39460615,PMC11602134,10.1093/nar/gkae966,Deep learning revealed the distribution and evolution patterns for invertible promoters across bacterial lineages.,"Wen J, Zhang H, Chu D, Chen X, Feng J, Wang Y, Liu G, Zhang Y, Li Y, Ning K.",,2024,2024-11-01,Y,MED
Q3_amr_core,2026-09-05,,PMC13299392,,A Novel Lytic Podovirus AP-20-A Infecting Sinorhizobium meliloti: Mosaic Genome with Cross-Phylum Homology and Implications for Inoculant Establishment,"Kozlova A, Roumiantseva M, Saksaganskaia A, Vladimirova M, Muntyan V, Gorbunova M, Gorshkov A.",,2026,2026-06-01,Y,PMC
Q3_amr_core,2026-09-05,41337937,PMC12719680,10.1016/j.ebiom.2025.106046,Development and validation of a bronchoalveolar lavage genomic classifier for acute cellular rejection.,"Weigt SS, Zhou J, Okuno T, Neely ML, Lari S, Palchevskiy V, Todd JL, Snyder LD, Sayah D, Shino MY, Reynolds J, Shah PD, Singer LG, Budev M, Palmer S, Belperio JA.",,2025,2025-12-02,Y,MED
Q3_amr_core,2026-09-05,40823824,PMC12421847,10.1128/mbio.02135-25,The evolutionary replacement of restriction-modification by Ssp antiviral systems is associated with the distribution of prophages in the major clonal group of &lt;i&gt;Acinetobacter baumannii&lt;/i&gt;.,"Moreno-Rodríguez A, Rubio A, Garzón A, Smani Y, Pérez-Pulido AJ.",,2025,2025-08-18,Y,MED
Q3_amr_core,2026-09-05,39298254,PMC11571079,10.1099/mgen.0.001295,Evaluation of &lt;i&gt;Klebsiella pneumoniae&lt;/i&gt; pathogenicity through holistic gene content analysis.,"Isogai M, Kawamura K, Yagi T, Kayama S, Sugai M, Doi Y, Suzuki M.",,2024,2024-09-01,Y,MED
Q3_amr_core,2026-09-05,38736437,PMC11086652,10.2147/idr.s452295,"A Food Poisoning Caused by <i>Salmonella Enterica</i> (<i>S. Enteritidis</i>) ST11 Carrying Multi-Antimicrobial Resistance Genes in 2019, China.","Zhang Z, Li B, Huang H, Fang Y, Yang W.",,2024,2024-05-06,Y,MED
Q3_amr_core,2026-09-05,41372160,PMC12728208,10.1038/s41467-025-66413-4,Differential gut transmission of IncP plasmid clades involving hypervirulent Klebsiella pneumoniae reveals plasmid-specific ecological adaptation.,"Yong M, Low WW, Mishra S, Williams G, Mileto S, Lim C, Chwa C, Oo G, Cheam G, Chen Y, Chung The H, Pham TD, Lyras D, Gan YH.",,2025,2025-12-10,Y,MED
Q3_amr_core,2026-09-05,40624570,PMC12235859,10.1186/s13567-025-01561-5,Epidemiology and economics of foot-and-mouth disease: current understanding and knowledge gaps.,"Humphreys JM, Stenfeldt C, King DP, Knight-Jones T, Perez AM, VanderWaal K, Sanderson MW, Di Nardo A, Jemberu WT, Pamornchainavakul N, Arzt J.",,2025,2025-07-07,Y,MED
Q3_amr_core,2026-09-05,41668155,PMC12892465,10.1186/s40794-026-00292-5,Travel microbiota: a novel frontier in travel medicine exploring microbial shifts across transportation modes.,"Tiwary P, Oswal K, Tzvetkov NT, Litvinova O, Atanasov AG, Varghese R.",,2026,2026-02-10,Y,MED
Q3_amr_core,2026-09-05,42305150,PMC13267028,10.1080/21501203.2025.2569931,"The molecular revolution in fungal diagnostics: bridging gaps across clinical, agricultural, and environmental mycology.","Gherbawy YA, Al-Harthi H, El-Dawy E, Gaber M, Pet I, Wang L, Hu P, Hussein M.",,2026,2025-12-03,Y,MED
Q3_amr_core,2026-09-05,38091365,PMC10752536,10.1371/journal.pcbi.1011699,Machine learning identification of Pseudomonas aeruginosa strains from colony image data.,"Rattray JB, Lowhorn RJ, Walden R, Márquez-Zacarías P, Molotkova E, Perron G, Solis-Lemus C, Pimentel Alarcon D, Brown SP.",,2023,2023-12-13,Y,MED
Q3_amr_core,2026-09-05,41886630,PMC13122635,10.1021/acs.jnatprod.6c00057,AI-Assisted Isolation of Bioactive Dipyrimicins from &lt;i&gt;Amycolatopsis azurea&lt;/i&gt; and Identification of Their Corresponding Dip Biosynthetic Gene Cluster.,"Ancajas CMF, Shuster I, Walker AS.",,2026,2026-03-26,Y,MED
Q3_amr_core,2026-09-05,41830331,PMC12988326,10.1093/nar/gkag225,Diversity and evolution of archaeal immune strategies.,"Martínez-Alvarez L, Peng X.",,2026,2026-02-01,Y,MED
Q3_amr_core,2026-09-05,40807610,PMC12346825,10.3390/foods14152672,Assessing Risks and Innovating Traceability in Campania's Illegal Mussel Sale: A One Health Perspective.,"Vuoso V, Mondelli A, Ceniti C, Venuti I, Ciardella G, Proroga YTR, Nisci B, Ambrosio RL, Anastasio A.",,2025,2025-07-29,Y,MED
Q3_amr_core,2026-09-05,39038849,PMC11293553,10.1101/gr.278637.123,Global compositional and functional states of the human gut microbiome in health and disease.,"Lee S, Portlock T, Le Chatelier E, Garcia-Guevara F, Clasen F, Oñate FP, Pons N, Begum N, Harzandi A, Proffitt C, Rosario D, Vaga S, Park J, von Feilitzen K, Johansson F, Zhang C, Edwards LA, Lombard V, Gauthier F, Steves CJ, Gomez-Cabrero D, Henrissat B, Lee D, Engstrand L, Shawcross DL, Proctor G,",,2024,2024-07-23,Y,MED
Q3_amr_core,2026-09-05,40640467,PMC12246144,10.1038/s43856-025-00999-0,Machine learning-assisted assessment of extracellular vesicles can monitor cellular rejection after heart transplant.,"Burrello J, Panella S, Barison I, Castellani C, Burrello A, Airale L, Goi J, Dusi V, Frigerio R, Gerosa G, Tessari C, Pradegan N, Toscano G, Pedrazzini G, Corianò M, Tona F, Bolis S, Gori A, Cretich M, Fedrigo M, Angelini A, Barile L.",,2025,2025-07-11,Y,MED
Q3_amr_core,2026-09-05,42327718,PMC13276505,10.3389/fimmu.2026.1851811,Oral and gut microbiota dysbiosis with strengthened oral-gut connectivity in post-stroke cognitive impairment.,"Zhang X, Chen F, Yang J, Ma J, Li X, Wang H, Li Q, Zhao Y, Xu J.",,2026,2026-06-04,Y,MED
Q3_amr_core,2026-09-05,40165246,PMC11956193,10.1186/s12917-025-04544-y,Text mining and topic modeling insights on fish welfare and antimicrobial use in aquaculture.,"Previti A, Biondi V, Bruno F, Castelli G, Pugliese M, Vitale F, Padalino B, Passantino A.",,2025,2025-03-31,Y,MED
Q3_amr_core,2026-09-05,40226917,PMC11995264,10.1093/nar/gkaf305,Deciphering the biosynthetic potential of microbial genomes using a BGC language processing neural network model.,"Lai Q, Yao S, Zha Y, Zhang H, Zhang H, Ye Y, Zhang Y, Bai H, Ning K.",,2025,2025-04-01,Y,MED
Q3_amr_core,2026-09-05,38886447,PMC11183072,10.1038/s41467-024-49165-5,Organic fertilization co-selects genetically linked antibiotic and metal(loid) resistance genes in global soil microbiome.,"Liu ZT, Ma RA, Zhu D, Konstantinidis KT, Zhu YG, Zhang SY.",,2024,2024-06-17,Y,MED
Q3_amr_core,2026-09-05,,,10.1101/2025.04.09.647945,Subpopulations in clinical samples of  <i>M. tuberculosis</i>  can give rise to rifampicin resistance and shed light on how resistance is acquired,"Brunner VM, Fowler PW.",,2025,2025-04-09,Y,PPR
Q3_amr_core,2026-09-05,37672526,PMC10506723,10.1371/journal.pcbi.1011424,Predictive modeling of antibiotic eradication therapy success for new-onset Pseudomonas aeruginosa pulmonary infections in children with cystic fibrosis.,"Graña-Miraglia L, Morales-Lizcano N, Wang PW, Hwang DM, Yau YCW, Waters VJ, Guttman DS.",,2023,2023-09-06,Y,MED
Q3_amr_core,2026-09-05,40815620,PMC12356512,10.1371/journal.pbio.3003323,Archaea appropriate weaponry to breach the bacterial cell wall.,"Papageorgiou AC, Adam PS.",,2025,2025-08-15,Y,MED
Q3_amr_core,2026-09-05,36296187,PMC9607465,10.3390/microorganisms10101911,Artificial Intelligence Models for Zoonotic Pathogens: A Survey.,"Pillai N, Ramkumar M, Nanduri B.",,2022,2022-09-27,Y,MED
Q3_amr_core,2026-09-05,41023609,PMC12481998,10.1186/s12864-025-12039-1,A stacked ensemble classifier for the discovery of prokaryotic efflux proteins based on sequence information.,"Wang Q, Yue Q, Tao Z, Xu T, Ying J.",,2025,2025-09-29,Y,MED
Q3_amr_core,2026-09-05,42149708,PMC13250644,10.1530/jme-25-0134,Massively parallel functional genomic assays in endocrinology: from promise to delivery.,"Xu J, Aslanzadeh V, Kudla G, Semple RK.",,2026,2026-05-01,Y,MED
Q3_amr_core,2026-09-05,38199973,PMC10839664,10.24272/j.issn.2095-8137.2023.012,Core and variable antimicrobial resistance genes in the gut microbiomes of Chinese and European pigs.,"Tong CH, Huo ZP, Diao L, Xiao DY, Zhao RN, Zeng ZL, Xiong WG.",,2024,2024-01-01,Y,MED
Q3_amr_core,2026-09-05,36651726,PMC9973021,10.1128/aem.01167-22,Chicken Production and Human Clinical <i>Escherichia coli</i> Isolates Differ in Their Carriage of Antimicrobial Resistance and Virulence Factors.,"Woyda R, Oladeinde A, Abdo Z.",,2023,2023-01-18,Y,MED
Q3_amr_core,2026-09-05,42028241,PMC13099358,10.1016/j.crmicr.2026.100590,Unexplored biosynthetic gene clusters in bacteria isolated from Brazilian stingless bee honey with activity against multidrug-resistant pathogens.,"Silva JFMD, Matos CFR, Moura LM, Tavares JPDC, Silva PTAE, Oliveira PP, de Paula GF, Sunnerhagen P, Brocchi M, Bilsland E.",,2026,2026-04-01,Y,MED
Q3_amr_core,2026-09-05,42060681,PMC13132223,10.1371/journal.pone.0348135,Integrated cross-organ transcriptomic analysis uncovers conserved gene signatures predictive of allograft rejection.,"Poorvi HC, Vinod PK.",,2026,2026-04-30,Y,MED
Q3_amr_core,2026-09-05,42146905,PMC13176608,10.34133/csbj.0100,Conserved Motifs in the Ligand-Binding Domain of TetR Family Regulators: Identification and Analysis.,"Kepa M, Nielipinski M, Widawska E, Filipek J, Kazmierczak N, Sosnowska J, Baca K, Nastarowicz M, Rupp M, Goslawski-Zeligowski M, Mokrzycka J, Nielipinska D, Sekula B, Pietrzyk-Brzezinska AJ.",,2026,2026-05-15,Y,MED
Q3_amr_core,2026-09-05,39012166,PMC11337803,10.1128/aem.00354-24,Evolutionary genomic analyses of canine &lt;i&gt;E. coli&lt;/i&gt; infections identify a relic capsular locus associated with resistance to multiple classes of antimicrobials.,"Ceres K, Zehr JD, Murrell C, Millet JK, Sun Q, McQueary HC, Horton A, Cazer C, Sams K, Reboul G, Andreopoulos WB, Mitchell PK, Anderson R, Franklin-Guild R, Cronk BD, Stanhope BJ, Burbick CR, Wolking R, Peak L, Zhang Y, McDowall R, Krishnamurthy A, Slavic D, Sekhon Pk, Tyson GH, Ceric O, Stanhope MJ",,2024,2024-07-16,N,MED
Q3_amr_core,2026-09-05,41299073,PMC12669032,10.1038/s41564-025-02182-6,Industrial and agricultural chemicals exhibit antimicrobial activity against human gut bacteria in vitro.,"Roux I, Lindell AE, Grießhammer A, Smith T, Krishna S, Guan R, Rad D, Faria L, Blasche S, Patil KR, Kleinstreuer NC, Maier L, Kamrad S, Patil KR.",,2025,2025-11-26,Y,MED
Q3_amr_core,2026-09-05,37616210,PMC10449230,10.1371/journal.pone.0290473,An accurate and interpretable model for antimicrobial resistance in pathogenic Escherichia coli from livestock and companion animal species.,"Chung HC, Foxx CL, Hicks JA, Stuber TP, Friedberg I, Dorman KS, Harris B.",,2023,2023-08-24,Y,MED
Q3_amr_core,2026-09-05,37874143,PMC10714869,10.1128/spectrum.02520-23,Targeted metagenomic assessment reflects critical colonization in battlefield injuries.,"Kok CR, Mulakken N, Thissen JB, Grey SF, Avila-Herrera A, Upadhyay MM, Lisboa FA, Mabery S, Elster EA, Schobel SA, Be NA.",,2023,2023-10-24,Y,MED
Q3_amr_core,2026-09-05,34598416,PMC8683011,10.37201/req/s01.04.2021,Bioinformatics approaches to the study of antimicrobial resistance.,"Seoane A, Bou G.",,2021,2021-09-30,Y,MED
Q3_amr_core,2026-09-05,40837540,PMC12362087,10.1016/j.jhlto.2025.100354,Molecular diagnostics for the monitoring of the cardiac allograft.,"Truby LK, Teuteberg J.",,2025,2025-07-25,Y,MED
Q3_amr_core,2026-09-05,40544303,PMC12181893,10.1186/s40168-025-02145-3,Uncovering encrypted antimicrobial peptides in health-associated Lactobacillaceae by large-scale genomics and machine learning.,"Du R, Han F, Li Z, Yu J, Xu Y, Huang Y, Wu Q.",,2025,2025-06-21,Y,MED
Q3_amr_core,2026-09-05,39062687,PMC11275270,10.3390/genes15070908,Emerging Microorganisms and Infectious Diseases: One Health Approach for Health Shared Vision.,"Ristori MV, Guarrasi V, Soda P, Petrosillo N, Gurrieri F, Longo UG, Ciccozzi M, Riva E, Angeletti S.",,2024,2024-07-11,Y,MED
Q3_amr_core,2026-09-05,,,10.1101/2025.11.15.688630,Phylogeny-agnostic strain-level prediction of phage-host interactions from genomes,"Noonan AJC, Moriniere L, Rivera-López EO, Patel K, Pena M, Svab M, Kazakov A, Deutschbauer A, Dudley EG, Mutalik VK, Arkin AP.",,2025,2025-11-15,N,PPR
Q3_amr_core,2026-09-05,40438350,PMC12118462,10.1093/nsr/nwaf128,Unveiling horizontal gene transfer in the gut microbiome: bioinformatic strategies and challenges in metagenomics analysis.,"Peng H, Fu J.",,2025,2025-04-01,Y,MED
Q3_amr_core,2026-09-05,42353300,PMC13300116,10.3390/ijms27125584,CRISPR Gene Tagging for Illuminating Endogenous Protein Dynamics.,"Afifi N, Colussi D, Perez-Leal O.",,2026,2026-06-20,Y,MED
Q3_amr_core,2026-09-05,41608681,PMC12835396,10.3389/fmicb.2025.1719798,Molecular resistance mechanisms to newly approved antibiotics (2017-2025) in WHO priority pathogens.,"Sartori M, Toppo S, Lavezzo E.",,2025,2026-01-13,Y,MED
Q3_amr_core,2026-09-05,39611823,PMC11705937,10.1128/spectrum.01366-24,Rapid inference of antibiotic susceptibility phenotype of uropathogens using metagenomic sequencing with neighbor typing.,"Carroll AC, Mortimer L, Ghosh H, Reuter S, Grundmann H, Brinda K, Hanage WP, Li A, Paterson A, Purssell A, Rooney A, Yee NR, Coburn B, Able-Thomas S, Antonio M, McGeer A, MacFadden DR.",,2025,2024-11-29,Y,MED
Q3_amr_core,2026-09-05,36421255,PMC9686617,10.3390/antibiotics11111611,Deep Transfer Learning Enables Robust Prediction of Antimicrobial Resistance for Novel Antibiotics.,"Ren Y, Chakraborty T, Doijad S, Falgenhauer L, Falgenhauer J, Goesmann A, Schwengers O, Heider D.",,2022,2022-11-12,Y,MED
Q3_amr_core,2026-09-05,41733245,PMC12981335,10.1093/femsre/fuag007,Exploring cooperation among social pathogens: a computational perspective.,"Ramirez-Mata AS, Browne C, Doster RS, Salemi M, Magalis BR.",,2026,2026-01-01,Y,MED
Q3_amr_core,2026-09-05,40478742,PMC12169760,10.1016/j.xpro.2025.103873,How has structuring your ideas into protocols contributed to your research progress and facilitated collaboration with others in the field?,"Zhang X, Shokri L.",,2025,2025-06-04,Y,MED
Q3_amr_core,2026-09-05,40606161,PMC12213493,10.3389/fmicb.2025.1586476,Feature selection and aggregation for antibiotic resistance GWAS in &lt;i&gt;Mycobacterium tuberculosis&lt;/i&gt;: a comparative study.,"Reshetnikov K, Bykova D, Kuleshov K, Chukreev K, Guguchkin E, Neverov A, Fedonin G.",,2025,2025-06-18,Y,MED
Q3_amr_core,2026-09-05,39144214,PMC11322068,10.3389/fmicb.2024.1398886,Toxin-antitoxin system gene mutations driving <i>Mycobacterium tuberculosis</i> transmission revealed by whole genome sequencing.,"Hou Y, Li Y, Tao N, Kong X, Li Y, Liu Y, Li H, Wang Z.",,2024,2024-07-31,Y,MED
Q3_amr_core,2026-09-05,40298543,PMC12024378,10.3390/antibiotics14040394,Emerging Trends in Antimicrobial Resistance in Polar Aquatic Ecosystems.,"Bisaccia M, Berini F, Marinelli F, Binda E.",,2025,2025-04-10,Y,MED
Q3_amr_core,2026-09-05,42177353,PMC13421479,10.1038/s41598-026-54844-y,Semantic embedding of variant effect annotations enables rapid and accurate pathogenicity prediction with VUS.Life.,"Wu J, Stutzman M, Muriello M, Lincoln J, Basel DG, Gai X.",,2026,2026-05-23,Y,MED
Q3_amr_core,2026-09-05,41758173,PMC12952676,10.1142/9789819824755_0045,Integrating Imaging-Derived Clinical Endotypes with Plasma Proteomics and External Polygenic Risk Scores Enhances Coronary Microvascular Disease Risk Prediction.,"Venkatesh R, Cherlin T, BioBank PM, Ritchie MD, Guerraty MA, Verma SS.",,2026,2026-01-01,Y,MED
Q3_amr_core,2026-09-05,34170311,PMC9001900,10.1093/bfgp/elab028,Bioinformatics tools used for whole-genome sequencing analysis of Neisseria gonorrhoeae: a literature review.,"Singh R, Kusalik A, Dillon JR.",,2022,2022-04-01,N,MED
Q3_amr_core,2026-09-05,39979446,PMC12173792,10.1038/s41579-025-01155-0,The role of bacterial metabolism in antimicrobial resistance.,"Ahmad M, Aduru SV, Smith RP, Zhao Z, Lopatkin AJ.",,2025,2025-02-20,N,MED
Q3_amr_core,2026-09-05,41301610,PMC12649696,10.3390/antibiotics14111115,"A Comprehensive Overview of Antimicrobial Peptides: Broad-Spectrum Activity, Computational Approaches, and Applications.","Marciano CL, Félix de Lima JV, Couto Rosa MSD, do Nascimento RA, Ferraz AO, Silva ICD, Chrysostomo-Massaro TN, Rosa-Garzon NGD, Cabral H.",,2025,2025-11-05,Y,MED
Q3_amr_core,2026-09-05,42354998,PMC13305937,10.3390/microorganisms14061374,Characterization of Nasopharyngeal Microbiota Dysbiosis in Children with &lt;i&gt;Mycoplasma pneumoniae&lt;/i&gt; Pneumonia.,"Bi J, Yu B, Zhang Y, Zheng G, Han Y, Yan Y, Wang W, Wu L, Wang Y, Yi Z.",,2026,2026-06-21,Y,MED
Q3_amr_core,2026-09-05,40150863,PMC11949845,10.1049/syb2.70009,Investigating the Impact of Antibiotics on Environmental Microbiota Through Machine Learning Models.,"Du Y, Ahmed KA, Hasan MR, Hossain MZ.",,2025,2025-01-01,Y,MED
Q3_amr_core,2026-09-05,42196226,PMC13207020,10.3390/ijms27104239,"Two Worlds, One Battle: How Bacteria and Malignancies Converge on Drug Resistance.",Papaneophytou C.,,2026,2026-05-10,Y,MED
Q3_amr_core,2026-09-05,36471447,PMC9721040,10.1186/s13099-022-00517-w,Genomic insights into zoonotic transmission and antimicrobial resistance in Campylobacter jejuni from farm to fork: a one health perspective.,"Dessouky YE, Elsayed SW, Abdelsalam NA, Saif NA, Álvarez-Ordóñez A, Elhadidy M.",,2022,2022-12-05,Y,MED
Q3_amr_core,2026-09-05,38062354,PMC10701997,10.1186/s12864-023-09818-z,Comparative genomic analysis of clinical Enterococcus faecalis distinguishes strains isolated from the bladder.,"Hochstedler-Kramer BR, Ene A, Putonti C, Wolfe AJ.",,2023,2023-12-07,Y,MED
Q3_amr_core,2026-09-05,41960291,PMC13059080,10.1039/d6ra00286b,Toward sustainable diagnostics for &lt;i&gt;Candida albicans&lt;/i&gt;: the role of artificial intelligence in analytical chemistry from data processing to Python-based blueness and redness evaluation metrics.,"Saleh AM, Hassan RYA, Badawey AM, Marzouk HM.",,2026,2026-04-08,Y,MED
Q3_amr_core,2026-09-05,42192652,PMC13203102,10.3390/antibiotics15050430,In Silico Druggability Assessment of &lt;i&gt;Escherichia coli&lt;/i&gt; FtsQ Reveals Tractable PPI Interfaces in the Divisome.,Frlan R.,,2026,2026-04-24,Y,MED
Q3_amr_core,2026-09-05,40096063,PMC11957392,10.1371/journal.ppat.1012992,A genomic and phenotypic investigation of pigeon-adaptive Salmonella.,"Wang Z, Jiang Z, Cao Q, Jia C, Zhou H, Huang C, Huang L, Huang Y, Li Y, Yue M.",,2025,2025-03-17,Y,MED
Q3_amr_core,2026-09-05,41770426,PMC12953908,10.1007/s13659-025-00589-6,Nature meets machine: the AI renaissance in natural product drug discovery.,"Muthuraj R, Chandrasekaran J.",,2026,2026-03-02,Y,MED
Q3_amr_core,2026-09-05,41552574,PMC12809767,10.1021/acsomega.5c08473,Synthetic Biology Strategies for Activating Cryptic BGCs in &lt;i&gt;Streptomyces&lt;/i&gt;: Engineering Native and Synthetic Promoters for Antibiotic Discovery.,"Shil R, Pattapulavar V, Ramanujam S, Subburaj S, Christopher JG.",,2026,2026-01-02,Y,MED
Q3_amr_core,2026-09-05,39203518,PMC11356748,10.3390/microorganisms12081676,Persistence of Daptomycin-Resistant and Vancomycin-Resistant Enterococci in Hospitalized Patients with Underlying Malignancies: A 7-Year Follow-Up Study.,"El Haddad L, Angelidakis G, Zhai Y, Yaghi L, Arias CA, Shelburne SA, Jeong KC, Chemaly RF.",,2024,2024-08-14,Y,MED
Q3_amr_core,2026-09-05,38001096,PMC10673929,10.1038/s41467-023-43549-9,Global pathogenomic analysis identifies known and candidate genetic antimicrobial resistance determinants in twelve species.,"Hyun JC, Monk JM, Szubin R, Hefner Y, Palsson BO.",,2023,2023-11-24,Y,MED
Q3_amr_core,2026-09-05,42424228,PMC13353774,10.1080/19490976.2026.2698917,Human gut flagellome profiling using FlaPro reveals TLR5-related phenotype-specific alterations in IBD.,"Bogdanova AA, Borbón-García A, Ley RE, Tyakht AV.",,2026,2026-07-09,Y,MED
Q3_amr_core,2026-09-05,40430542,PMC12115101,10.3390/ph18050724,"Hypervirulent &lt;i&gt;Klebsiella pneumoniae&lt;/i&gt;: Insights into Virulence, Antibiotic Resistance, and Fight Strategies Against a Superbug.","Hetta HF, Alanazi FE, Ali MAS, Alatawi AD, Aljohani HM, Ahmed R, Alansari NA, Alkhathami FM, Albogmi A, Alharbi BM, Alanzi HS, Alaqyli AB, Ramadan YN.",,2025,2025-05-15,Y,MED
Q3_amr_core,2026-09-05,42354799,PMC13304314,10.3390/microorganisms14061174,Engineering the Gut Microbiome: Emerging Genome-Editing Strategies and Therapeutic Applications.,"Wu L, Li Z, Zhu J, Sun Z, Yan L, Luo M, Chen H, Yin Y.",,2026,2026-05-22,Y,MED
Q3_amr_core,2026-09-05,42453426,PMC13366305,10.1016/j.apsb.2025.12.030,Revolutionizing drug discovery from natural products: The roles of artificial intelligence and multi-omics in accelerating innovation.,"Wang B, Liu Q, Zhao W, Zhang T, Zhang D, Sutcharitchan C, Li S.",,2026,2025-12-23,Y,MED
Q3_amr_core,2026-09-05,40305082,PMC12043316,10.7554/elife.90668,Interpreting roles of mutations associated with the emergence of &lt;i&gt;S. aureus&lt;/i&gt; USA300 strains using transcriptional regulatory network reconstruction.,"Poudel S, Hyun J, Hefner Y, Monk J, Nizet V, Palsson BO.",,2025,2025-04-30,Y,MED
Q3_amr_core,2026-09-05,40283559,PMC12027631,10.3390/jcm14082729,Artificial Intelligence in Thoracic Surgery: A Review Bridging Innovation and Clinical Practice for the Next Generation of Surgical Care.,"Leivaditis V, Maniatopoulos AA, Lausberg H, Mulita F, Papatriantafyllou A, Liolis E, Beltsios E, Adamou A, Kontodimopoulos N, Dahm M.",,2025,2025-04-16,Y,MED
Q3_amr_core,2026-09-05,40209072,PMC11984460,10.1093/ije/dyaf032,Applying prospective tree-temporal scan statistics to genomic surveillance data to detect emerging SARS-CoV-2 variants and salmonellosis clusters in New York City.,"Greene SK, Latash J, Peterson ER, Levin-Rector A, Luoma E, Wang JC, Bernard K, Olsen A, Li L, Waechter H, Mattias A, Rohrer R, Kulldorff M.",,2025,2025-02-01,Y,MED
Q3_amr_core,2026-09-05,41064518,PMC12502089,10.3389/fmed.2025.1569013,"Comprehensive review on COVID-19: etiology, pathogenicity, and treatment.","El Zawily A, Eckert S, Adajar R, Wagih N, Elmaidomy AH, Helmy AM, Mustafa M, Elshorbagi M, Ghali E, Fadl RG, Bodem J, Abdelmohsen UR, Zaki MYW.",,2025,2025-09-23,Y,MED
Q3_amr_core,2026-09-05,35126341,PMC8811144,10.3389/fmicb.2022.806576,Beyond to the Stable: Role of the Insertion Sequences as Epidemiological Descriptors in <i>Corynebacterium striatum</i>.,"Leyton-Carcaman B, Abanto M.",,2022,2022-01-20,Y,MED
Q3_amr_core,2026-09-05,42272754,PMC13247438,10.3389/fcimb.2026.1779298,Integrative metagenomic and metabolomic analysis reveals a gut microbiota-metabolite-immune axis in pediatric allergic rhinitis with functional constipation.,"Wu H, Shi L, Wang C, Liang Y, Huang C.",,2026,2026-05-26,Y,MED
Q3_amr_core,2026-09-05,40183900,PMC11971232,10.1007/s11046-025-00942-w,De Novo Genome Assembly and Comparative Genome Analysis of the Novel Human Fungal Pathogen Trichosporon austroamericanum Type-Strain CBS 17435.,"Francisco EC, Desnos-Ollivier M, Gerrits van den Ende B, Hagen F.",,2025,2025-04-04,Y,MED
Q3_amr_core,2026-09-05,42515570,PMC13431610,10.3390/v18070718,Cell Culture Adaptation of Porcine Group A Rotavirus: Advances and Challenges for Vaccine Development.,"Zhang Z, Ma B, Liu S, Chen X, Guo M, Liang F, Li L.",,2026,2026-06-29,Y,MED
Q3_amr_core,2026-09-05,42327744,PMC13278992,10.3389/fimmu.2026.1845134,RNA modifications shape innate immunity and cellular adaptation during bacterial respiratory infection.,"Ivanova MM, Dimitrova PA, Leseva MN.",,2026,2026-06-05,Y,MED
Q3_amr_core,2026-09-05,35966878,PMC9366014,10.3389/fmed.2022.935080,The Application of Artificial Intelligence in the Diagnosis and Drug Resistance Prediction of Pulmonary Tuberculosis.,"Liang S, Ma J, Wang G, Shao J, Li J, Deng H, Wang C, Li W.",,2022,2022-07-28,Y,MED
Q3_amr_core,2026-09-05,37358412,PMC10433855,10.1128/spectrum.04073-22,Pan-Genome-Wide Association Study of Serotype 19A Pneumococci Identifies Disease-Associated Genes.,"Li T, Huang J, Yang S, Chen J, Yao Z, Zhong M, Zhong X, Ye X.",,2023,2023-06-26,Y,MED
Q3_amr_core,2026-09-05,40515393,PMC12165830,10.1093/bib/bbaf285,ProtPhage: a deep learning framework for phage viral protein identification and functional annotation.,"Ou Y, Chen Q, Zhong N, Du Z.",,2025,2025-05-01,Y,MED
Q3_amr_core,2026-09-05,,,10.21203/rs.3.rs-9188548/v1,Automated Longitudinal MRI Assessments of Diffuse Midline Gliomas: A Large Multi-Institutional Study,"Avval AH, Bloch E, Nguyen B, Nedelec P, Zielke J, Kann BH, Linguraru MG, Brüningk SC, Rudie JD, Sugrue LP, Mueller S, Rauschecker AM.",,2026,2026-05-13,Y,PPR
Q3_amr_core,2026-09-05,38799770,PMC11126350,10.1155/2024/6612162,Advancements in Predictive Microbiology: Integrating New Technologies for Efficient Food Safety Models.,"Taiwo OR, Onyeaka H, Oladipo EK, Oloke JK, Chukwugozie DC.",,2024,2024-05-17,Y,MED
Q3_amr_core,2026-09-05,38289113,PMC10913551,10.1128/spectrum.02918-23,Genome-centric analyses of 165 metagenomes show that mobile genetic elements are crucial for the transmission of antimicrobial resistance genes to pathogens in activated sludge and wastewater.,"Abdulkadir N, Saraiva JP, Zhang J, Stolte S, Gillor O, Harms H, Rocha U.",,2024,2024-01-30,Y,MED
Q3_amr_core,2026-09-05,40530882,PMC12282107,10.1128/msystems.00105-25,Large-scale genomic analysis reveals the distribution and diversity of type VI secretion systems in &lt;i&gt;Escherichia coli&lt;/i&gt;.,"Nesporova K, Steemans B, Govers SK.",,2025,2025-06-18,Y,MED
Q3_amr_core,2026-09-05,41507362,PMC13342496,10.1038/s41418-025-01648-8,Omics-based decoding of molecular and metabolic crosstalk in the skin barrier ecosystem.,"Elettrico L, Piacenti G, Levra Levron C, Ansai O, Croce A, Duval C, Proserpio V, Donati G.",,2026,2026-01-08,Y,MED
Q3_amr_core,2026-09-05,42293542,PMC13262065,10.3389/fmicb.2026.1798330,Multi-kingdom gut microbiota analysis identifies bacterial-viral association in multiple myeloma.,"Liu L, Liu J, He J, Xing Y, Zhang D, Zhang X, Ma C, Xu M, Li R, Peng M, Mei S.",,2026,2026-05-29,Y,MED
Q3_amr_core,2026-09-05,,,10.1101/2025.10.10.25337750,Benchmarking non-additive genetic effects on polygenic prediction and machine learning-based approaches,"Bell NY, Wightman DP, de Leeuw C, Posthuma D.",,2025,2025-10-13,Y,PPR
Q3_amr_core,2026-09-05,38974320,PMC11224154,10.3389/fmolb.2024.1395450,A pangenome analysis of ESKAPE bacteriophages: the underrepresentation may impact machine learning models.,"Lee J, Hunter B, Shim H.",,2024,2024-06-21,Y,MED
Q3_amr_core,2026-09-05,41383853,PMC12689862,10.3389/fcimb.2025.1679272,Development and validation of a nomogram-based prediction model for hospital-acquired carbapenem-resistant Acinetobacter baumannii in critically ill patients: a multicenter retrospective cohort study.,"Jiang W, Dai A, Cao L, Feng M, Zhou P, Cheng J, Tang Y, Luo X, Tang J.",,2025,2025-11-26,Y,MED
Q3_amr_core,2026-09-05,41940150,PMC12973409,10.1016/j.abiote.2025.100004,Advances and applications in sequencing-based pathogen surveillance.,"Luo H, Wang Y, Hou H, Yang J, Liu YX.",,2026,2025-10-21,Y,MED
Q3_amr_core,2026-09-05,41827077,PMC13064364,10.1186/s13054-025-05818-5,Integrating intestinal microbiome and urinary metabolome data to predict secondary infection in critically ill patients.,"Linz C, Tsenova K, Dettmer K, Ellmann L, Oefner PJ, Gronwald W, Farowski F, Rüb AM, Freedberg DE, Koehler P, Borrega JG, Naendrup JH, Vehreschild MJGT, Böll B.",,2026,2026-03-13,Y,MED
Q3_amr_core,2026-09-05,41795035,PMC13109230,10.1007/s00125-026-06706-5,Development and validation of a trans-ancestry polygenic risk score for type 1 diabetes.,"Jumentier B, Qu HQ, Lu T, Liu K, Kleinbrink EL, Klein K, Belbellaj W, Gamache I, Ferrat L, Butler-Laporte G, Li Y, Hakonarson H, Wu W, Polychronakos C, Greenwood CMT, Manousaki D.",,2026,2026-03-07,Y,MED
Q3_amr_core,2026-09-05,41901740,PMC13029276,10.3390/pathogens15030287,Native &lt;i&gt;Bacillus&lt;/i&gt;-Based Probiotic Consortia Suppress &lt;i&gt;Vibrio parahaemolyticus&lt;/i&gt; and Restructure Hatchery Water Microbiomes in Shrimp Larval Systems.,"Pazmiño-Gomez B, Rodas-Pazmiño K, Pazmiño-Pérez R, Tapia-Guijarro T, Balcazar-Quimi W, Valle-Asan S, Salazar-Vera S, Villalva-Vera M, Ochoa-Fajardo D, Rodas-Neira E.",,2026,2026-03-06,Y,MED
Q3_amr_core,2026-09-05,42090026,PMC13149593,10.1007/s00284-026-04935-w,Reactivation and Management of Endogenous Latent Herpesviruses in the Spaceflight Environment.,"Zhang B, Han P, Liu Y.",,2026,2026-05-06,Y,MED
Q3_amr_core,2026-09-05,40198880,PMC11978313,10.1371/journal.ppat.1012971,Phage therapy for Klebsiella pneumoniae: Understanding bacteria-phage interactions for therapeutic innovations.,"Le Bris J, Chen N, Supandy A, Rendueles O, Van Tyne D.",,2025,2025-04-08,Y,MED
Q3_amr_core,2026-09-05,42532990,PMC13424325,10.1038/s41467-026-75746-7,Rapid and quantitative measurement of bacteriophage infectivity via fully automated droplet digital PCR.,"Liu Y, Zhao H, Cao X, Jiang S, Fu J, Xue J, Li C, Xu Z, Li M, Du W.",,2026,2026-07-30,Y,MED
Q3_amr_core,2026-09-05,38019122,PMC10711312,10.1099/mgen.0.001140,Molecular epidemiology of &lt;i&gt;Streptococcus agalactiae&lt;/i&gt; in non-pregnant populations: a systematic review.,"Founou LL, Khan UB, Medugu N, Pinto TCA, Darboe S, Chendi Z, Founou RC, To KN, Jamrozy D, Karampatsas K, Carr VR, Pepper K, Dangor Z, Ip M, Le Doare K, Bentley SD.",,2023,2023-11-01,Y,MED
Q3_amr_core,2026-09-05,41716220,PMC12916170,10.1093/bioadv/vbag003,Challenges and opportunities: computational biology and the future of agriculture.,"Gomes-Neto JC, Crook A, Hestrin R, Li G, Liew CS, Rosa G, Singh KD, Tuggle CK, Summers KL, Valdes C, Fahlgren N, Clarke J.",,2026,2026-02-03,Y,MED
Q3_amr_core,2026-09-05,41878513,PMC13007430,10.1080/21501203.2025.2531886,Endophytic fungi as a source of antimicrobial compounds against emerging methicillin-resistant &lt;i&gt;Staphylococcus aureus&lt;/i&gt;.,"Bansal S, Joshi M, Mahajan P, Sharma S, Kaur S, Thakur B, Jassal PS, Singh R, Tripathi M.",,2026,2025-07-27,Y,MED
Q3_amr_core,2026-09-05,41230978,PMC12772325,10.1128/spectrum.01728-25,Accelerated detection of &lt;i&gt;Clostridioides difficile&lt;/i&gt; sequence type 37 by integrating MALDI-TOF mass spectrometry with artificial neural network.,"Wang L, Zhang K, Lao J, Du G, Huang X, Wang J, Wang X, Jin D, Chen Y.",,2026,2025-11-13,Y,MED
Q3_amr_core,2026-09-05,40573185,PMC12195710,10.3390/ph18060788,The Potential of Artificial Intelligence in Pharmaceutical Innovation: From Drug Discovery to Clinical Trials.,"Malheiro V, Santos B, Figueiras A, Mascarenhas-Melo F.",,2025,2025-05-25,Y,MED
Q3_amr_core,2026-09-05,36151458,PMC9751072,10.1038/s41396-022-01315-7,"Dissecting microbial communities and resistomes for interconnected humans, soil, and livestock.","Maciel-Guerra A, Baker M, Hu Y, Wang W, Zhang X, Rong J, Zhang Y, Zhang J, Kaler J, Renney D, Loose M, Emes RD, Liu L, Chen J, Peng Z, Li F, Dottorini T.",,2023,2022-09-23,Y,MED
Q3_amr_core,2026-09-05,42188826,PMC13211608,10.3390/vaccines14050456,Vaccines as Global Health Security Infrastructure: Insights from a Descriptive Analysis of Vaccines Europe Members' Clinical Pipelines.,"Vernhes C, Khmilevska K, Caron A, Ciglia E, Drury R, Perez-Gomez J, Vetter V.",,2026,2026-05-19,Y,MED
Q3_amr_core,2026-09-05,41408155,PMC12709722,10.1186/s12866-025-04533-z,"Intestinal colonization of carbapenem-resistant gram-negative bacteria in pediatric hematology patients: risk factors and molecular characteristics, a multicenter case-control study.","Hu H, Huang W, Ruan S, Zhou J, Wang Y, Weng R, Shi Q, Jiang Y, Jin X, Yu Y.",,2025,2025-12-17,Y,MED
Q3_amr_core,2026-09-05,38953319,PMC11264731,10.1128/msystems.00430-24,Machine learning-based classification reveals distinct clusters of non-coding genomic allelic variations associated with Erm-mediated antibiotic resistance.,"Tan Y, Le Scornet A, Yap MF, Zhang D.",,2024,2024-07-02,Y,MED
Q3_amr_core,2026-09-05,41773809,PMC12955519,10.1111/apm.70179,Analysis of Human miRNA Derived From Bladder Epithelial Cells Infected With Uropathogenic Escherichia coli.,"Persson K, Demirel I, Rangel I, Kruse R.",,2026,2026-03-01,Y,MED
Q3_amr_core,2026-09-05,40844265,PMC12506013,10.1128/jcm.00410-25,Oxford Nanopore Technologies R10 sequencing enables accurate cgMLST-based bacterial outbreak investigation of &lt;i&gt;Neisseria meningitidis&lt;/i&gt; and &lt;i&gt;Salmonella enterica&lt;/i&gt; when accounting for methylation-related errors.,"Bogaerts B, Maex M, Commans F, Goeders N, Van den Bossche A, De Keersmaecker SCJ, Roosens NHC, Ceyssens P-J, Mattheus W, Vanneste K.",,2025,2025-08-22,Y,MED
Q3_amr_core,2026-09-05,42294682,PMC13343844,10.1128/mbio.00693-26,Active prophages as key drivers of microbial adaptation in global soil ecosystems.,"Ai C, Tang X, Han H, He Y, Zhang H, Liu C, Liao H, Zhou S.",,2026,2026-06-15,Y,MED
Q3_amr_core,2026-09-05,40890427,PMC12583546,10.1038/s44320-025-00136-y,Predicting natural variation in the yeast phenotypic landscape with machine learning.,"Khaiwal S, De Chiara M, Barré BP, Barrio-Hernandez I, Stenberg S, Beltrao P, Warringer J, Liti G.",,2025,2025-09-01,Y,MED
Q3_amr_core,2026-09-05,38146979,PMC10756394,10.3201/eid3001.221927,Disease-Associated Streptococcus pneumoniae Genetic Variation.,"Yang S, Chen J, Fu J, Huang J, Li T, Yao Z, Ye X.",,2024,2024-01-01,Y,MED
Q3_amr_core,2026-09-05,40390128,PMC12087102,10.1186/s40168-025-02117-7,Harnessing phage consortia to mitigate the soil antibiotic resistome by targeting keystone taxa Streptomyces.,"Liao H, Wen C, Huang D, Liu C, Gao T, Du Q, Yang QE, Jin L, Ju F, Yuan MM, Tang X, Yu P, Zhou S, Alvarez PJ, Friman VP.",,2025,2025-05-19,Y,MED
Q3_amr_core,2026-09-05,40985348,PMC12697861,10.1002/advs.202511920,"Unveiling Novel Viral Diversity, Biogeography, and Host Networks in Wildlife Through High-Throughput Sequencing Data Mining.","Wang H, Meng Y, Chen X, Cui X, Zuo Q, Han N, Liang X, Shen X, Li C, Li D, Wang F, He L, Chen R, Lu X, You W, Wu A, Chen RA, Chen W, Ding C, Shen Y.",,2025,2025-09-23,Y,MED
Q3_amr_core,2026-09-05,32929164,PMC7490380,10.1038/s41598-020-71693-5,Understanding and predicting ciprofloxacin minimum inhibitory concentration in Escherichia coli with machine learning.,"Pataki BÁ, Matamoros S, van der Putten BCL, Remondini D, Giampieri E, Aytan-Aktug D, Hendriksen RS, Lund O, Csabai I, Schultsz C, SPS COMPARE ML-AMR group.",,2020,2020-09-14,Y,MED
Q3_amr_core,2026-09-05,41731616,PMC13036921,10.1186/s40168-025-02326-0,Unlocking the unexplored AMPSphere in marine rare species.,"Fan S, Lu J, Cui H, Ding W, Li S, Sun J, Li YX, Zhang W.",,2026,2026-02-23,Y,MED
Q3_amr_core,2026-09-05,37347768,PMC10286994,10.1371/journal.pcbi.1011129,Ten simple rules for the sharing of bacterial genotype-Phenotype data on antimicrobial resistance.,"Chindelevitch L, van Dongen M, Graz H, Pedrotta A, Suresh A, Uplekar S, Jauneikaite E, Wheeler N.",,2023,2023-06-22,Y,MED
Q3_amr_core,2026-09-05,41926667,PMC13205903,10.1002/advs.202516931,Maternal Preconception Antibiotic Exposure Disrupts Microbial Succession: A Transgenerational Risk for Offspring Gut Mucosal Immaturity and Colitis Susceptibility.,"Chen Y, Duan R, Zhang C, Li G, Ji X, Zhang Q, Pei F, Wang K, Duan L.",,2026,2026-04-02,Y,MED
Q3_amr_core,2026-09-05,40577477,PMC12204175,10.1126/sciadv.adt8073,Global health risks lurking in livestock resistome.,"Li B, Jiang L, Johnson T, Wang G, Sun W, Wei G, Jiao S, Gu J, Tiedje J, Qian X.",,2025,2025-06-27,Y,MED
Q3_amr_core,2026-09-05,,,10.1101/2024.09.19.613871,Clustering large-scale biomedical data to model dynamic accumulation processes in disease progression and anti-microbial resistance evolution,"Dauda KA, Aga ONL, Johnston IG.",,2024,2024-09-19,Y,PPR
Q3_amr_core,2026-09-05,39364168,PMC11446778,10.3389/fmicb.2024.1443195,Insights on mining the pangenome of <i>Sphingobacterium thalpophilum</i> NMS02 S296 from the resistant banana cultivar <i>Pisang lilin</i> confirms the antifungal action against <i>Fusarium oxysporum</i> f. sp. <i>cubense</i>.,"Ajesh BR, Sariga R, Nakkeeran S, Renukadevi P, Saranya N, Alkahtani S.",,2024,2024-09-19,Y,MED
Q3_amr_core,2026-09-05,40064867,PMC11894161,10.1038/s41467-025-57216-8,Equitable machine learning counteracts ancestral bias in precision medicine.,"Smith LA, Cahill JA, Lee JH, Graim K.",,2025,2025-03-10,Y,MED
Q3_amr_core,2026-09-05,40928232,PMC12542778,10.1128/msystems.01039-25,Preparation of functional metagenomic libraries from low biomass samples using METa assembly and their application to capture antibiotic resistance genes.,"Allman HM, Bernate EP, Franck E, Oliaro FJ, Hartmann EM, Crofts TS.",,2025,2025-09-10,Y,MED
Q3_amr_core,2026-09-05,37870180,PMC10667823,10.1002/advs.202303925,Metagenomic Insight into The Global Dissemination of The Antibiotic Resistome.,"Zhang Q, Xu N, Lei C, Chen B, Wang T, Ma Y, Lu T, Penuelas J, Gillings M, Zhu YG, Fu Z, Qian H.",,2023,2023-10-23,Y,MED
Q3_amr_core,2026-09-05,37077815,PMC10106641,10.3389/fphar.2023.1152915,Advances in computational frameworks in the fight against TB: The way forward.,"Naidu A, Nayak SS, Lulu S S, Sundararajan V.",,2023,2023-04-03,Y,MED
Q3_amr_core,2026-09-05,42127816,PMC13178114,10.1016/j.chom.2026.04.008,"The human skin virome: Ecological dynamics, aberrant profiles, and therapeutic opportunities.","Che Y, Kong HH.",,2026,2026-05-01,N,MED
Q3_amr_core,2026-09-05,41356473,PMC12676247,10.3389/fmicb.2025.1686402,"Comprehensive analysis of phage genomes from diverse environments reveals their diversity, potential applications, and interactions with hosts and other phages.","Wei C, Chen Z.",,2025,2025-11-19,Y,MED
Q3_amr_core,2026-09-05,40902606,PMC12648112,10.1016/j.xgen.2025.100983,Systematically investigating and identifying bacteriocins in the human gut microbiome.,"Zhang D, Zou Y, Shi Y, Zhang J, Liu J, Wu G, Zhang J, Gao Y, Chen M, Li YX.",,2025,2025-09-02,Y,MED
Q3_amr_core,2026-09-05,39745367,PMC11774025,10.1128/msphere.00532-24,Decomposition of the pangenome matrix reveals a structure in gene distribution in the &lt;i&gt;Escherichia coli&lt;/i&gt; species.,"Chauhan SM, Ardalani O, Hyun JC, Monk JM, Phaneuf PV, Palsson BO.",,2025,2024-12-31,Y,MED
Q3_amr_core,2026-09-05,39402087,PMC11473961,10.1038/s41598-024-73917-4,"Resistance patterns, virulence determinants, and biofilm genes of multidrug-resistant Pseudomonas aeruginosa isolated from fish and fish handlers.","Abou Elez RMM, Zahra EMF, Gharieb RMA, Mohamed MEM, Samir M, Saad AM, Merwad AMA.",,2024,2024-10-14,Y,MED
Q3_amr_core,2026-09-05,37630431,PMC10456961,10.3390/microorganisms11081872,Machine Learning of the Whole Genome Sequence of <i>Mycobacterium tuberculosis</i>: A Scoping PRISMA-Based Review.,"Perea-Jacobo R, Paredes-Gutiérrez GR, Guerrero-Chevannier MÁ, Flores DL, Muñiz-Salazar R.",,2023,2023-07-25,Y,MED
Q3_amr_core,2026-09-05,42182524,PMC13197782,10.1016/j.engmic.2026.100275,Prospects and challenges in using engineered lactic acid bacteria in aquaculture applications.,"Huang X, Sun X, Dong X, Tang Y, Xu S, Wu Y, Hu S, Ren Y, Tu Q, Zhang Y.",,2026,2026-04-27,Y,MED
Q3_amr_core,2026-09-05,40399812,PMC12093764,10.1186/s12864-025-11694-8,Accurate prediction of virulence factors using pre-train protein language model and ensemble learning.,"Li G, Zhou J, Luo J, Liang C.",,2025,2025-05-21,Y,MED
Q3_amr_core,2026-09-05,38849863,PMC11157771,10.1186/s13073-024-01346-z,Keeping up with the pathogens: improved antimicrobial resistance detection and prediction from Pseudomonas aeruginosa genomes.,"Madden DE, Baird T, Bell SC, McCarthy KL, Price EP, Sarovich DS.",,2024,2024-06-07,Y,MED
Q3_amr_core,2026-09-05,41188230,PMC12586494,10.1038/s41467-025-65301-1,Basic reproduction number varies markedly between closely related pandemic Escherichia coli clones.,"Ojala F, Pesonen H, Gladstone RA, Mäklin T, Tonkin-Hill G, Marttinen P, Corander J.",,2025,2025-11-04,Y,MED
Q3_amr_core,2026-09-05,36473884,PMC9726936,10.1038/s41598-022-25026-3,Genome-resolved insight into the reservoir of antibiotic resistance genes in aquatic microbial community.,"Goodarzi Z, Asad S, Mehrshad M.",,2022,2022-12-06,Y,MED
Q3_amr_core,2026-09-05,39810106,PMC11731565,10.1186/s12866-024-03710-w,"Pseudocitrobacter cyperus, a novel bacterial species recovered from Cyperus alternifolius in Egypt.","Hamed SM, Amer MA.",,2025,2025-01-14,Y,MED
Q3_amr_core,2026-09-05,36937306,PMC10020704,10.3389/fmicb.2023.1157559,Editorial: Evolution and genomics of the <i>Mycobacterium tuberculosis</i> complex.,"Guimaraes AMS, Allen AR, Price-Carter ML.",,2023,2023-03-03,Y,MED
Q3_amr_core,2026-09-05,35780211,PMC9250494,10.1038/s41467-022-31236-0,A convolutional neural network highlights mutations relevant to antimicrobial resistance in Mycobacterium tuberculosis.,"Green AG, Yoon CH, Chen ML, Ektefaie Y, Fina M, Freschi L, Gröschel MI, Kohane I, Beam A, Farhat M.",,2022,2022-07-02,Y,MED
Q3_amr_core,2026-09-05,40662820,PMC12261416,10.1093/bioinformatics/btaf239,GiantHunter: accurate detection of giant virus in metagenomic data using reinforcement-learning and Monte Carlo tree search.,"Qu F, Peng C, Guan J, Wang D, Sun Y, Shang J.",,2025,2025-07-01,Y,MED
Q3_amr_core,2026-09-05,41306468,PMC12644435,10.1177/20499361251395916,Exploring the role of artificial intelligence toward management of HIV and TB co-infection in Nigeria: a comprehensive narrative review.,"Arama UO, Ayo-Farai O, Oshingbesan M, Murtaza B, Rasheed S, Akhtar Z, Isiko I, Adegoke AA, Olayinka BS, Abdulkarim AS, Oduoye MO.",,2025,2025-01-01,Y,MED
Q3_amr_core,2026-09-05,41827523,PMC12985249,10.3390/healthcare14050572,"Embodied Artificial Intelligence in Healthcare: A Systematic Review of Robotic Perception, Decision-Making, and Clinical Impact.","Mir BA, Nishwa DE, Lee SW.",,2026,2026-02-25,Y,MED
Q3_amr_core,2026-09-05,37216766,PMC10629711,10.1093/infdis/jiad170,Time Required for Nanopore Whole-Genome Sequencing of Neisseria gonorrhoeae for Identification of Phylogenetic Relationships.,"Phillips LT, Witney AA, Furegato M, Laing KG, Zhou L, Sadiq ST.",,2023,2023-11-01,Y,MED
Q3_amr_core,2026-09-05,39333115,PMC11437078,10.1038/s41467-024-52450-y,Prophage-encoded antibiotic resistance genes are enriched in human-impacted environments.,"Liao H, Liu C, Zhou S, Liu C, Eldridge DJ, Ai C, Wilhelm SW, Singh BK, Liang X, Radosevich M, Yang QE, Tang X, Wei Z, Friman VP, Gillings M, Delgado-Baquerizo M, Zhu YG.",,2024,2024-09-27,Y,MED
Q3_amr_core,2026-09-05,35536006,PMC9239165,10.1128/mbio.00101-22,Association of Diet and Antimicrobial Resistance in Healthy U.S. Adults.,"Oliver A, Xue Z, Villanueva YT, Durbin-Johnson B, Alkan Z, Taft DH, Liu J, Korf I, Laugero KD, Stephensen CB, Mills DA, Kable ME, Lemay DG.",,2022,2022-05-10,Y,MED
Q3_amr_core,2026-09-05,38902329,PMC11190246,10.1038/s41598-024-64658-5,Deep learning for predicting 16S rRNA gene copy number.,"Miao J, Chen T, Misir M, Lin Y.",,2024,2024-06-20,Y,MED
Q3_amr_core,2026-09-05,39199298,PMC11352483,10.3390/biom14080911,Significance of Artificial Intelligence in the Study of Virus-Host Cell Interactions.,"Elste J, Saini A, Mejia-Alvarez R, Mejía A, Millán-Pacheco C, Swanson-Mungerson M, Tiwari V.",,2024,2024-07-26,Y,MED
Q3_amr_core,2026-09-05,42169161,PMC13191901,10.1186/s41512-026-00227-w,"Methods for Evaluating Models, Tests And Biomarkers (MEMTAB): Abstracts from the 7&lt;sup&gt;th&lt;/sup&gt; International Conference, MEMTAB 2025.",,,2026,2026-05-21,Y,MED
Q3_amr_core,2026-09-05,41004581,PMC12466917,10.1126/sciadv.adt4817,Evolutionary selection of trimethoprim-resistant &lt;i&gt;dfrA&lt;/i&gt; genes in lytic phages affects phage and host fitness during infection.,"Wang K, Xu J, Li X, Zhu P, Suo R, Lu X, Luo H, Chen L, Wen R, Zheng C, Bravo A, Soberón M, Zheng J, Sun M, Peng D.",,2025,2025-09-26,Y,MED
Q3_amr_core,2026-09-05,,,10.1101/2025.09.18.25335914,The genetic architecture of fibromyalgia across 2.5 million individuals,"Kerrebijn I, Bjornsdottir G, Arbabi K, Urpa L, Haapaniemi H, Thorleifsson G, Stefansdottir L, Frangakis S, Valliere J, Kunorozva L, Abner E, Ji C, Aagaard B, Bliddal H, Brunak S, Bruun MT, Didriksen M, Erikstrup C, Geirsson AJ, Gudbjartsson DF, Hansen TF, Jonsdottir I, Knight S, Knowlton KU, Mikkels",,2025,2025-09-19,Y,PPR
Q3_amr_core,2026-09-05,41640388,PMC12865862,10.1002/ece3.72952,"Harnessing Population Genomics, Gut Microbiota, and Environmental DNA Surveillance for the Conservation of Chinese Spotted Seals in a Changing World.","Li S, Li W, Zhang X, Zhou H, Zhan J.",,2026,2026-02-03,Y,MED
Q3_amr_core,2026-09-05,36363694,PMC9693463,10.3390/microorganisms10112102,"Identification of Novel Antimicrobial Resistance Genes Using Machine Learning, Homology Modeling, and Molecular Docking.","Sunuwar J, Azad RK.",,2022,2022-10-23,Y,MED
Q3_amr_core,2026-09-05,36920617,PMC10016191,10.1007/s11356-023-26220-0,Unlocking the microbial studies through computational approaches: how far have we reached?,"Kumar R, Yadav G, Kuddus M, Ashraf GM, Singh R.",,2023,2023-03-15,Y,MED
Q3_amr_core,2026-09-05,41433308,PMC12725755,10.1371/journal.pone.0329425,Centriflaken: An automated data analysis pipeline for assembly and in silico analyses of foodborne pathogens from metagenomic samples.,"Konganti K, Kase JA, Gonzalez-Escalona N.",,2025,2025-12-23,Y,MED
Q3_amr_core,2026-09-05,42076289,PMC13120312,10.3390/polym18080906,"Molecular Insights into Phage-Hydrogel Polymer Interactions Through Docking, Molecular Dynamics, and Machine Learning.","Attar RMS, Imam MA.",,2026,2026-04-08,Y,MED
Q3_amr_core,2026-09-05,42256231,PMC13236964,10.3389/fcimb.2026.1830192,Recolonization dynamics of the middle ear microbiota following MESNA-assisted dissection in pediatric cholesteatomatous chronic otitis media.,"Gomez-Ramirez U, De La Torre-González C, Villamor P, Huante Guido M, Contreras-Rodríguez A, Velázquez-Guadarrama N.",,2026,2026-05-22,Y,MED
Q3_amr_core,2026-09-05,41715157,PMC13019800,10.1186/s13040-026-00526-4,Computational insights into the natural phage endolysin linker landscape.,"Cremelie E, Boulay A, Vázquez R, Briers Y.",,2026,2026-02-19,Y,MED
Q3_amr_core,2026-09-05,42015254,PMC13235161,10.1186/s12934-026-03008-8,Modular biosynthesis of microbiome-derived polyketides and nonribosomal peptides: insights and opportunities for Lactobacillaceae.,"Dillen J, Eilers T, Dricot CEMK, Van Hee M, Vandenheuvel D, Masschelein J, Lebeer S.",,2026,2026-04-21,Y,MED
Q3_amr_core,2026-09-05,38529900,PMC10995632,10.1099/mgen.0.001208,Target enrichment improves culture-independent detection of &lt;i&gt;Neisseria gonorrhoeae&lt;/i&gt; and antimicrobial resistance determinants direct from clinical samples with Nanopore sequencing.,"Street TL, Sanderson ND, Barker L, Kavanagh J, Cole K, The GonFast Investigators Group, Llewelyn M, Eyre DW.",,2024,2024-03-01,Y,MED
Q3_amr_core,2026-09-05,41752610,PMC12940664,10.3390/insects17020207,Exploring the Structure-Activity Relationships and Molecular Mechanisms of Black Soldier Fly-Derived Antimicrobial Peptides with AI Insights.,"Tariq MR, Wang H, Liu S, Armenia I, Tettamanti G, Korai SK, Lin H, Zheng C, Liang Y, Qin J, Liu Y, Qasim M, Ismail MA, Wang F.",,2026,2026-02-15,Y,MED
Q3_amr_core,2026-09-05,41433142,PMC12809642,10.1021/acs.analchem.5c06356,From Drops to Decisions: AI/ML-Driven Biofluidics for Clinical Diagnostics and Healthcare Intelligence.,"Deshmukh MT, Thakre Y, Bisen WH, Sankar K, Avthankar A, Shahade AK, Bhaiyya M, Kulkarni MB.",,2026,2025-12-23,Y,MED
Q3_amr_core,2026-09-05,41070134,PMC12504321,10.3389/fmicb.2025.1656016,Multi-cohort metagenomics reveals strain functional heterogeneity and demonstrates fecal microbial load correction improves colorectal cancer diagnostic models.,"Li Q, Liu F, Zhong J, Fang X, Zhang X, Xiong H, Li G, Chen H.",,2025,2025-09-24,Y,MED
Q3_amr_core,2026-09-05,38111645,PMC10726008,10.3389/fmicb.2023.1297451,Rapid discrimination of <i>Bifidobacterium longum</i> subspecies based on MALDI-TOF MS and machine learning.,"Liu K, Wang Y, Zhao M, Xue G, Wang A, Wang W, Xu L, Chen J.",,2023,2023-12-04,Y,MED
Q3_amr_core,2026-09-05,39830714,PMC11741061,10.1021/acsenvironau.4c00066,Machine Learning Reveals Signatures of Promiscuous Microbial Amidases for Micropollutant Biotransformations.,"Marti TD, Schweizer D, Yu Y, Schärer MR, Probst SI, Robinson SL.",,2025,2024-12-04,Y,MED
Q3_amr_core,2026-09-05,37478018,PMC10438861,10.1080/01652176.2023.2240389,"Genome analysis of clinical genotype <i>Vibrio vulnificus</i> isolated from seafood in Mangaluru Coast, India provides insights into its pathogenicity.","Prithvisagar KS, Gollapalli P, D'Souza C, Rai P, Karunasagar I, Karunasagar I, Ballamoole KK.",,2023,2023-12-01,Y,MED
Q3_amr_core,2026-09-05,40807674,PMC12346574,10.3390/foods14152737,Rapid &lt;i&gt;Salmonella&lt;/i&gt; Serovar Classification Using AI-Enabled Hyperspectral Microscopy with Enhanced Data Preprocessing and Multimodal Fusion.,"Papa M, Bhattacharya S, Park B, Yi J.",,2025,2025-08-05,Y,MED
Q3_amr_core,2026-09-05,38747369,PMC11094783,10.1002/pro.5015,ProkDBP: Toward more precise identification of prokaryotic DNA binding proteins.,"Pradhan UK, Meher PK, Naha S, Das R, Gupta A, Parsad R.",,2024,2024-06-01,N,MED
Q3_amr_core,2026-09-05,40287855,PMC12130802,10.1158/2159-8290.cd-25-0230,A Guide to Extrachromosomal DNA: Cancer's Dynamic Circular Genome.,"Weiser NE, Watkins TBK, Chang HY, Mischel PS.",,2025,2025-06-01,Y,MED
Q3_amr_core,2026-09-05,39832513,PMC12771277,10.1016/s1473-3099(24)00729-1,A framework towards implementation of sequencing for antimicrobial-resistant and other health-care-associated pathogens.,"Laufer Halpin A, Mathers AJ, Walsh TR, Zingg W, Okeke IN, McDonald LC, Elkins CA, Harbarth S, Peacock SJ, Srinivasan A, Bell M, Pittet D, Cardo D, 3rd Geneva Infection Prevention and Control Think Tank.",,2025,2025-01-17,N,MED
Q3_amr_core,2026-09-05,39911715,PMC11794229,10.3389/fmicb.2024.1516667,Deep learning in microbiome analysis: a comprehensive review of neural network models.,"Przymus P, Rykaczewski K, Martín-Segura A, Truu J, Carrillo De Santa Pau E, Kolev M, Naskinova I, Gruca A, Sampri A, Frohme M, Nechyporenko A.",,2024,2025-01-22,Y,MED
Q3_amr_core,2026-09-05,40914968,PMC12414478,10.1093/bib/bbaf450,DeepMobilome: predicting mobile genetic elements using sequencing reads of microbiomes.,"Cho Y, Kim E, Kim M, Rho M.",,2025,2025-09-01,Y,MED
Q3_amr_core,2026-09-05,41530917,PMC12818822,10.1080/19490976.2025.2611544,metaFun: An analysis pipeline for metagenomic big data with fast and unified functional searches.,"Lee HG, Song JY, Yoon J, Chung Y, Kwon SK, Kim JF.",,2026,2026-01-13,Y,MED
Q3_amr_core,2026-09-05,41609690,PMC13293314,10.1099/mgen.0.001614,The Mpox contextual data specification package: a data curation toolkit to support collaborative pathogen genomic surveillance.,"Griffiths EJ, Cameron R, Barclay C, John NS, Dooley D, Gill I, Iseminger M, Anwar MZ, Horsman ME, MacKenzie K, Prystajecky N, Tyson J, Jassem A, Lee T, Azana R, Fung J, Chan M, Cheung B, Tsang F, Fornika D, Caleta JM, Newman T, Yang KC, Russell SL, Zlosnik JEA, Hoang L, Knox N, Tyler AD, Haidl E, Ya",,2026,2026-01-01,Y,MED
Q3_amr_core,2026-09-05,38284762,PMC10865814,10.1128/jcm.01211-23,"Development and validation of a quick, automated, and reproducible ATR FT-IR spectroscopy machine-learning model for <i>Klebsiella pneumoniae</i> typing.","Novais Â, Gonçalves AB, Ribeiro TG, Freitas AR, Méndez G, Mancera L, Read A, Alves V, López-Cerero L, Rodríguez-Baño J, Pascual Á, Peixe L.",,2024,2024-01-29,N,MED
Q3_amr_core,2026-09-05,42450278,PMC13362506,10.3390/ijms27136012,Genome Editing Approaches in Flax (&lt;i&gt;Linum usitatissimum&lt;/i&gt; L.): From Tools to Trait Improvement.,"Podralska M, Górska A, Kaczmarek M.",,2026,2026-07-04,Y,MED
Q3_amr_core,2026-09-05,,PMC12445305,,"Medical Biotechnology Symposium Sultan Qaboos University, Muscat, Oman 5th and 6th February 2024",,,2025,2025-01-01,Y,PMC
Q3_amr_core,2026-09-05,40447574,PMC12125317,10.1038/s41467-025-60390-4,Soil microbial responses to multiple global change factors as assessed by metagenomics.,"Rodríguez Del Río Á, Scheu S, Rillig MC.",,2025,2025-05-31,Y,MED
Q3_amr_core,2026-09-05,41310616,PMC12670801,10.1186/s12916-025-04502-3,The European BestAgeing Study on microRNA candidates reveals distinct signatures with diagnostic and prognostic potential in cardiovascular disease.,"Reich C, Kayvanpour E, Sedaghat-Hamedani F, Amr A, Haas J, Ueltzhöffer K, Plebani M, Padoan A, Lind L, Lindahl B, Monserrat L, Metspalu A, Alver M, Annilo T, Parkhomenko A, Kozhukhov S, Weis T, Katus H, Frey N, Keller A, Meder B.",,2025,2025-11-28,Y,MED
Q3_amr_core,2026-09-05,40688383,PMC12276902,10.1038/s43586-024-00376-6,Analysis of metagenomic data.,"Liu S, Rodriguez JS, Munteanu V, Ronkowski C, Sharma NK, Alser M, Andreace F, Blekhman R, Błaszczyk D, Chikhi R, Crandall KA, Della Libera K, Francis D, Frolova A, Gancz AS, Huntley NE, Jaiswal P, Kosciolek T, Łabaj PP, Łabaj W, Luan T, Mason C, Moustafa AM, Muralidharan HS, Mutlu O, Mansouri Ghiasi",,2025,2025-01-23,N,MED
Q3_amr_core,2026-09-05,36377945,PMC9769690,10.1128/spectrum.02641-22,"SourceFinder: a Machine-Learning-Based Tool for Identification of Chromosomal, Plasmid, and Bacteriophage Sequences from Assemblies.","Aytan-Aktug D, Grigorjev V, Szarvas J, Clausen PTLC, Munk P, Nguyen M, Davis JJ, Aarestrup FM, Lund O.",,2022,2022-11-15,Y,MED
Q3_amr_core,2026-09-05,39363369,PMC11451251,10.1186/s40168-024-01916-8,Adaptation to space conditions of novel bacterial species isolated from the International Space Station revealed by functional gene annotations and comparative genome analysis.,"Szydlowski LM, Bulbul AA, Simpson AC, Kaya DE, Singh NK, Sezerman UO, Łabaj PP, Kosciolek T, Venkateswaran K.",,2024,2024-10-04,Y,MED
Q3_amr_core,2026-09-05,40830514,PMC12366378,10.1186/s13054-025-05588-0,Transforming sepsis management: AI-driven innovations in early detection and tailored therapies.,"Papareddy P, Lobo TJ, Holub M, Bouma H, Maca J, Strodthoff N, Herwald H.",,2025,2025-08-19,Y,MED
Q3_amr_core,2026-09-05,41387457,PMC12816696,10.1038/s41522-025-00882-9,CRISPR-engineered microbiome: living therapeutics revolutionize blood cancer immunotherapy.,"Cheng F, Soleimani Samarkhazan H, Khazaei Y.",,2025,2025-12-13,Y,MED
Q3_amr_core,2026-09-05,41171124,PMC12807672,10.1093/nar/gkaf1098,"Ocean-M: an integrated global-scale multi-omics database for marine microbial diversity, function and ecological interactions.","Lv J, Ma S, Ma C, Liu F, Duan X, Huang X, Geng Q, Liu F, Li G, Li Y, Wang J, Li C, Zheng H, Zhang Y, Sun Z, Wang J, Fan G, Huang S, Zhang L, Bao Z, Wang S.",,2026,2026-01-01,Y,MED
Q3_amr_core,2026-09-05,40508906,PMC12155305,10.3390/healthcare13111293,Hotspots and Trends in Research on Early Warning of Infectious Diseases: A Bibliometric Analysis Using CiteSpace.,"Yang X, Wang H, Lu H.",,2025,2025-05-29,Y,MED
Q3_amr_core,2026-09-05,39471413,PMC11521331,10.1093/bib/bbae557,A consensus-based classification workflow to determine genetically inferred ancestry from comprehensive genomic profiling of patients with solid tumors.,"Wallen ZD, Nesline MK, Pabla S, Gao S, Vanroey E, Hastings SB, Ko H, Strickland KC, Previs RA, Zhang S, Conroy JM, Jensen TJ, George E, Eisenberg M, Caveney B, Sathyan P, Ramkissoon S, Severson EA.",,2024,2024-09-01,Y,MED
Q3_amr_core,2026-09-05,42293552,PMC13260183,10.3389/fmicb.2026.1821688,"Microbiome and One Health in GCC countries: current status, research gaps, and future directions.","Aldriwesh MG, Bin Shuraym H, Asiri NY, Asiri WY, Abukhalid NF, Alasiri A, Alghoribi MF.",,2026,2026-05-29,Y,MED
Q3_amr_core,2026-09-05,41150213,PMC12568073,10.3390/toxins17100513,The Ambivalent Nature of <i>Bacteroides fragilis</i> and the Interaction with <i>Clostridioides difficile</i>: Benefits and Disadvantages for the Human Host.,Spigaglia P.,,2025,2025-10-19,Y,MED
Q3_amr_core,2026-09-05,37042517,PMC10147375,10.7554/elife.84167,Rapid geographical source attribution of <i>Salmonella enterica</i> serovar Enteritidis genomes using hierarchical machine learning.,"Bayliss SC, Locke RK, Jenkins C, Chattaway MA, Dallman TJ, Cowley LA.",,2023,2023-04-12,Y,MED
Q3_amr_core,2026-09-05,40898347,PMC12403638,10.1186/s12967-025-07049-2,Gut microbiota dysbiosis and systemic immune dysfunction in critical ill patients with multidrug-resistant bacterial colonization and infection.,"Ling Z, Ding W, Liu X, Zhang J, Cheng Y, Zhu Z, Wu L, Xu X, Gao Y, Jiang R.",,2025,2025-09-02,Y,MED
Q3_amr_core,2026-09-05,41348595,PMC13223576,10.1093/bib/bbaf619,In silico approaches for discovering microbial antiviral defense systems.,"Jiang L, Li Y, Xie B, Wang L, Chen S.",,2025,2025-11-01,Y,MED
Q3_amr_core,2026-09-05,40497731,PMC12239726,10.1128/jcm.00037-25,Automated identification of &lt;i&gt;Salmonella&lt;/i&gt; serotype using MALDI-TOF mass spectrometry and machine learning techniques.,"Ren J, Xia J, Zhang M, Liu C, Xu Y, Wu J, Li Y, Zhou M, Li S, Cao W.",,2025,2025-06-11,Y,MED
Q3_amr_core,2026-09-05,38725076,PMC11080312,10.1186/s40168-024-01805-0,ARGNet: using deep neural networks for robust identification and classification of antibiotic resistance genes from sequences.,"Pei Y, Shum MH, Liao Y, Leung VW, Gong YN, Smith DK, Yin X, Guan Y, Luo R, Zhang T, Lam TT.",,2024,2024-05-09,Y,MED
Q3_amr_core,2026-09-05,,,10.1101/2023.08.31.23294545,Genomic Epidemiologic Investigation of a Multispecies Hospital Outbreak of NDM-5-Producing Enterobacterales Infections,"Raabe NJ, Valek AL, Griffith MP, Mills E, Waggle K, Srinivasa VR, Ayres AM, Bradford C, Creager H, Pless LL, Sundermann AJ, Tyne DV, Snyder GM, Harrison LH.",,2023,2023-09-01,Y,PPR
Q3_amr_core,2026-09-05,40568938,PMC12199148,10.1093/nar/gkaf595,SELECT: high-precision genome editing strategy via integration of CRISPR-Cas and DNA damage response for cross-species applications.,"Liu X, Tan H, Wang J, Cao Y, Li P, Fan X, Wang Q, Zhang H, Zhang J, Yang T, Zhao G, Zhang X, Duan X, Zi L, Liu L, Ma L, Chen Z, Liang L, Liu R.",,2025,2025-06-01,Y,MED
Q3_amr_core,2026-09-05,41557688,PMC12818594,10.1371/journal.pone.0339560,Cell death-related gene signatures as dual-function biomarkers: Early diagnosis and therapeutic targeting in Staphylococcus aureus pneumonia.,"Qing C, Sun W, Yang C, Yao Y, Liang Q, Huang T, Lin L.",,2026,2026-01-20,Y,MED
Q3_amr_core,2026-09-05,37375476,PMC10303420,10.3390/pathogens12060786,Comparison of Source Attribution Methodologies for Human Campylobacteriosis.,"Brinch ML, Hald T, Wainaina L, Merlotti A, Remondini D, Henri C, Njage PMK.",,2023,2023-05-31,Y,MED
Q3_amr_core,2026-09-05,37199638,PMC10281162,10.1128/jcm.01751-22,Direct Detection of Carbapenemase-Producing Klebsiella pneumoniae by MALDI-TOF Analysis of Full Spectra Applying Machine Learning.,"Gato E, Arroyo MJ, Méndez G, Candela A, Rodiño-Janeiro BK, Fernández J, Rodríguez-Sánchez B, Mancera L, Arca-Suárez J, Beceiro A, Bou G, Oviaño M.",,2023,2023-05-18,Y,MED
Q3_amr_core,2026-09-05,41860619,PMC13005774,10.1007/s00253-026-13770-9,Microbiota in Chronic Suppurative Otitis media: association with Postoperative Tympanic membrane outcomes.,"Fu X, Chen Y, Wang Y, Chen B, Chen M, Lyu J, Sun H, Wang Z, Xu J, Li GL, Ren D.",,2026,2026-03-20,Y,MED
Q3_amr_core,2026-09-05,42495173,PMC13392677,10.18699/vjgb-26-62,Fungal pathogens of plants: deciphering the mechanisms of Fusarium wilt.,"Bankin MP, Samsonova АА, Rozhmina TA, Samsonova MG.",,2026,2026-07-01,Y,MED
Q3_amr_core,2026-09-05,35212354,PMC8921637,10.1093/bib/bbac020,Towards routine employment of computational tools for antimicrobial resistance determination via high-throughput sequencing.,"Marini S, Mora RA, Boucher C, Robertson Noyes N, Prosperi M.",,2022,2022-03-01,N,MED
Q3_amr_core,2026-09-05,40447596,PMC12125259,10.1038/s41522-025-00731-9,Metagenomic analysis reveals the novel role of vaginal Lactobacillus iners in Chinese healthy pregnant women.,"Wang X, Jiang Q, Tian X, Chen W, Mai J, Lin G, Huo Y, Zheng H, Yan D, Wang X, Li T, Gao Y, Mou X, Zhao W.",,2025,2025-05-30,Y,MED
Q3_amr_core,2026-09-05,38500518,PMC10946228,10.1093/jacamr/dlae037,Prediction of pyrazinamide resistance in <i>Mycobacterium tuberculosis</i> using structure-based machine-learning approaches.,"Carter JJ, Walker TM, Walker AS, Whitfield MG, Morlock GP, Lynch CI, Adlard D, Peto TEA, Posey JE, Crook DW, Fowler PW.",,2024,2024-03-18,Y,MED
Q3_amr_core,2026-09-05,41969565,PMC13064858,10.1093/pnasnexus/pgag073,"Defensomes, counter-defensomes, and the remodeling of microbial communities.","Kavagutti VS, Beavogui A, Wiart N, Wincker P, Oliveira PH.",,2026,2026-03-17,Y,MED
Q3_amr_core,2026-09-05,35176257,PMC9387475,10.1016/j.bjid.2022.102332,Tuberculosis drug resistance profiling based on machine learning: A literature review.,"Sharma A, Machado E, Lima KVB, Suffys PN, Conceição EC.",,2022,2022-01-01,Y,MED
Q3_amr_core,2026-09-05,40490475,PMC12149307,10.1038/s42003-025-08258-7,The characterization of Klebsiella pneumoniae associated with neonatal sepsis in low- and middle-income countries to inform vaccine design.,"Nonne F, Molfetta M, Belciug GF, Carducci M, Cianchi V, Zakroff C, Durante S, Zellmer C, Baker S, Stanton TD, Holt KE, Wyres K, Ravenscroft N, Gasperini G, Rossi O, Giannelli C, Berlanda Scorza F, Micoli F.",,2025,2025-06-09,Y,MED
Q3_amr_core,2026-09-05,36840604,PMC10035297,10.1128/jcm.01431-22,Machine-Learning Model for Prediction of Cefepime Susceptibility in Escherichia coli from Whole-Genome Sequencing Data.,"Humphries RM, Bragin E, Parkhill J, Morales G, Schmitz JE, Rhodes PA.",,2023,2023-02-22,N,MED
Q3_amr_core,2026-09-05,41754427,PMC12942842,10.3390/pathogens15020175,&lt;i&gt;Xanthomonas&lt;/i&gt; spp.: Devastating Plant Pathogens and Sustainable Management Strategies.,"Shah K, Guo Y, Adnan M, Wu H.",,2026,2026-02-05,Y,MED
Q3_amr_core,2026-09-05,37314210,PMC10469788,10.1128/msystems.00058-23,Predicting variable gene content in <i>Escherichia coli</i> using conserved genes.,"Nguyen M, Elmore Z, Ihle C, Moen FS, Slater AD, Turner BN, Parrello B, Best AA, Davis JJ.",,2023,2023-06-14,Y,MED
Q3_amr_core,2026-09-05,38232140,PMC11017772,10.1126/scitranslmed.adi9711,Commensal antimicrobial resistance mediates microbiome resilience to antibiotic disruption.,"Bhattarai SK, Du M, Zeamer AL, M Morzfeld B, Kellogg TD, Firat K, Benjamin A, Bean JM, Zimmerman M, Mardi G, Vilbrun SC, Walsh KF, Fitzgerald DW, Glickman MS, Bucci V.",,2024,2024-01-17,N,MED
Q3_amr_core,2026-09-05,38373647,PMC11055495,10.1016/j.ijid.2024.02.014,Real-time genomic epidemiologic investigation of a multispecies plasmid-associated hospital outbreak of NDM-5-producing Enterobacterales infections.,"Raabe NJ, Valek AL, Griffith MP, Mills E, Waggle K, Srinivasa VR, Ayres AM, Bradford C, Creager HM, Pless LL, Sundermann AJ, Van Tyne D, Snyder GM, Harrison LH.",,2024,2024-02-17,Y,MED
Q3_amr_core,2026-09-05,39770458,PMC11728774,10.3390/ph17121616,Isolation and Characterization of Lytic Bacteriophages Capable of Infecting Diverse Multidrug-Resistant Strains of <i>Pseudomonas aeruginosa</i>: PaCCP1 and PaCCP2.,"Parra B, Sandoval M, Arriagada V, Amsteins L, Aguayo C, Opazo-Capurro A, Dechesne A, González-Rocha G.",,2024,2024-11-30,Y,MED
Q3_amr_core,2026-09-05,40282920,PMC12028668,10.3390/medicina61040629,AI and Machine Learning for Precision Medicine in Acute Pancreatitis: A Narrative Review.,"López Gordo S, Ramirez-Maldonado E, Fernandez-Planas MT, Bombuy E, Memba R, Jorba R.",,2025,2025-03-29,Y,MED
Q3_amr_core,2026-09-05,39898312,PMC11787494,10.1016/j.onehlt.2025.100970,Subtle genomic differences in <i>Klebsiella pneumoniae sensu stricto</i> isolates indicate host adaptation.,"O'Brien B, Yushchenko A, Suh J, Jung D, Cai Z, Nguyen NS, Semret M, Dufour S, Fanning S, Ronholm J.",,2025,2025-01-11,Y,MED
Q3_amr_core,2026-09-05,38792714,PMC11124187,10.3390/microorganisms12050884,Addressing Sexually Transmitted Infections Due to <i>Neisseria gonorrhoeae</i> in the Present and Future.,"Colón Pérez J, Villarino Fernández RA, Domínguez Lago A, Treviño Castellano MM, Pérez Del Molino Bernal ML, Sánchez Poza S, Torres-Sangiao E.",,2024,2024-04-28,Y,MED
Q3_amr_core,2026-09-05,40217526,PMC11987386,10.1186/s13040-025-00439-8,Towards precision oncology: a multi-level cancer classification system integrating liquid biopsy and machine learning.,"Eledkawy A, Hamza T, El-Metwally S.",,2025,2025-04-11,Y,MED
Q3_amr_core,2026-09-05,40572063,PMC12195081,10.3390/microorganisms13061175,Pan-Genomic Insights into Rumen Microbiome-Mediated Short-Chain Fatty Acid Production and Regulation in Ruminants.,"Shi J, Su H, He S, Dai S, Mao H, Wu D.",,2025,2025-05-22,Y,MED
Q3_amr_core,2026-09-05,42466130,PMC13374637,10.3389/fmicb.2026.1876810,Multi-omics and synthetic microbial ecology for engineering climate-resilient phytobiomes in cold-arid agroecosystems: current advances and future perspectives.,"Kumar V, Ahmad F, Rai A, Kushwaha A, Parmar K, Singh R, Tomar A, Kumar C.",,2026,2026-07-02,Y,MED
Q3_amr_core,2026-09-05,37702517,PMC10597404,10.1128/msphere.00315-23,High-throughput functional trait testing for bacterial pathogens.,"Stromberg ZR, Phillips SMB, Omberg KM, Hess BM.",,2023,2023-09-13,Y,MED
Q3_amr_core,2026-09-05,39573994,PMC11580691,10.1186/s12879-024-10230-5,Federated learning as a smart tool for research on infectious diseases.,"Zwiers LC, Grobbee DE, Uijl A, Ong DSY.",,2024,2024-11-21,Y,MED
Q3_amr_core,2026-09-05,42285989,PMC13389391,10.1038/s41522-026-01050-3,"Decoding phage communication: molecular networks, evolutionary dynamics, and therapeutic applications.","Abed S, Sholeh M, Sadeghi S, Khatami A, Speck P, Shafiei M.",,2026,2026-06-12,Y,MED
Q3_amr_core,2026-09-05,42340399,PMC13303688,10.1007/s00248-026-02818-y,Metagenomic Analysis of Rural Groundwater Viromes Reveals Bacteriophage Contributions to Groundwater Microbial Ecology.,"Mattar MM, Eraqi WA, Zaki MB, Elkashlan AM, Abouzid KAM, Aziz RK, Yassin AS, Elbehery AHA.",,2026,2026-06-24,Y,MED
Q3_amr_core,2026-09-05,41658853,PMC12874462,10.1016/j.bbrep.2026.102452,"In silico exploration of the genomic repertoire of Iranian aquatic bacteria: Prophage carriage, bioactive compound potential, CRISPR-Cas immunity, and integrated defensive-metabolic islands.","Rahimian M, Aghazadeh-Soltan-Ahmadi M, Panahi B.",,2026,2026-01-28,Y,MED
Q3_amr_core,2026-09-05,42032432,PMC13156037,10.1038/s41593-026-02247-7,Transcriptomic and phenotypic convergence of neurodevelopmental disorder risk genes in vitro and in vivo.,"Fernandez Garcia M, Retallick-Townsley K, Pruitt A, Davidson EA, Balafkan N, Warrell J, Huang TC, Kibowen A, Chu Z, Dai Y, Fitzpatrick SE, Meng R, Sen A, Cohen S, Livoti O, Khan S, Becker C, Luiz Teles E Silva A, Liu J, Dossou G, Cheung J, Liu S, Ghorbani S, Deans PJM, DeCiucis M, Emani P, Gao H, Sh",,2026,2026-04-24,Y,MED
Q3_amr_core,2026-09-05,41104935,PMC12628811,10.1128/aem.01508-25,Gilthead sea bream gut bacteriome as a valuable tool for seafood provenance analysis.,"Feijão E, Duarte IA, Pereira M, Pascoal P, Nunes M, Tanner SE, Dias R, Duarte B, Matos AR, Figueiredo A, Fonseca VF.",,2025,2025-10-17,Y,MED
Q3_amr_core,2026-09-05,39651889,PMC11705966,10.1128/spectrum.01712-24,Whole-genome sequencing and metagenomics reveal diversity and prevalence of <i>Listeria</i> spp. from soil in the Nantahala National Forest.,"Wang J, Schamp CN, Hudson LK, Chaggar HK, Bryan DW, Garman KN, Radosevich M, Denes TG.",,2025,2024-12-09,Y,MED
Q3_amr_core,2026-09-05,38052776,PMC10698200,10.1038/s41467-023-43516-4,National genomic surveillance integrating standardized quantitative susceptibility testing clarifies antimicrobial resistance in Enterobacterales.,"Kayama S, Yahara K, Sugawara Y, Kawakami S, Kondo K, Zuo H, Kutsuno S, Kitamura N, Hirabayashi A, Kajihara T, Kurosu H, Yu L, Suzuki M, Hisatsune J, Sugai M.",,2023,2023-12-05,Y,MED
Q3_amr_core,2026-09-05,42055630,PMC13133813,10.21873/cgp.20585,Effects of Isthmus Topography on the Molecular Characteristics of &lt;i&gt;BRAF&lt;/i&gt;-mutant Papillary Thyroid Cancer.,"Kuo CY, Cheng SY, Hsu YC, Cheng SP.",,2026,2026-05-01,Y,MED
Q3_amr_core,2026-09-05,41473770,PMC12745484,10.3389/fcimb.2025.1755233,"Editorial: Advances in vaginal microbiome and metabolite research: genetics, evolution, and clinical perspectives.","Machado A, Foschi C, Liao Q, Xiao B, Marangoni A.",,2025,2025-12-15,Y,MED
Q3_amr_core,2026-09-05,42325658,PMC13279190,10.1016/j.synbio.2026.05.005,&lt;i&gt;Streptomyces&lt;/i&gt;: boost chassis strains for production of invaluable natural products.,"Chen S, Ling S, Li J, Liu Z, Zhang L, Zhang J.",,2026,2026-06-12,Y,MED
Q3_amr_core,2026-09-05,39529172,PMC11556198,10.1186/s13073-024-01399-0,KleTy: integrated typing scheme for core genome and plasmids reveals repeated emergence of multi-drug resistant epidemic lineages in Klebsiella worldwide.,"Li H, Liu X, Li S, Rong J, Xie S, Gao Y, Zhong L, Jiang Q, Jiang G, Ren Y, Sun W, Hong Y, Zhou Z.",,2024,2024-11-11,Y,MED
Q3_amr_core,2026-09-05,40265190,PMC12011883,10.3389/fmed.2025.1503229,"DNA sequence analysis landscape: a comprehensive review of DNA sequence analysis task types, databases, datasets, word embedding methods, and language models.","Asim MN, Ibrahim MA, Zaib A, Dengel A.",,2025,2025-04-08,Y,MED
Q3_amr_core,2026-09-05,40698515,PMC12284604,10.1002/mbo3.70034,Analyzing the Challenges and Opportunities Associated With Harnessing New Antibiotics From the Fungal Microbiome.,"Hossain MS, Amin MA, Islam S, Imam H, Das LC, Mahmud S.",,2025,2025-08-01,Y,MED
Q3_amr_core,2026-09-05,41471072,PMC12736787,10.3390/pharmaceutics17121557,"Probiotic Potential and Genome-Based Characterization of &lt;i&gt;Lactiplantibacillus plantarum&lt;/i&gt; M2, a Promising Isolate Obtained from Spontaneous Fermentation of &lt;i&gt;Humiria balsamifera&lt;/i&gt; Pulp.","Pereira CDDS, Neto RNM, Sousa CEM, Rocha ECDF, Bastos DZ, Mota SMB, Ferreira RM, Zagminan A, Silva LCND.",,2025,2025-12-03,Y,MED
Q3_amr_core,2026-09-05,33193203,PMC7642336,10.3389/fmicb.2020.578795,PARMAP: A Pan-Genome-Based Computational Framework for Predicting Antimicrobial Resistance.,"Li X, Lin J, Hu Y, Zhou J.",,2020,2020-10-22,Y,MED
Q3_amr_core,2026-09-05,,,10.21203/rs.3.rs-8789707/v1,"Genetic substructure in Latin American individuals reveals novel associations, mechanistic insights, and variable polygenic risk score transferability for alcohol traits","Montalvo-Ortiz J, Martínez-Magaña J, Brito DA, Trichia E, Rivera-Hernández M, Porras L, Sullivan K, Jacobson D, Kember R, Nuñez D, Torres J, Peterson R, Zhou H, Vlot A, Merlet J, Townsend A, Wells A, Alvarez C, Lane M, Alegre-Díaz J, Berumen J, Kuri-Morales P, Tapia-Conyer R, Emberson J, Kranzler H,",,2026,2026-02-27,Y,PPR
Q3_amr_core,2026-09-05,40291807,PMC12023781,10.3389/fmicb.2025.1570665,Characterization of the novel cross-genus phage vB_SmaS_QH3 and evaluation of its antibacterial efficacy against &lt;i&gt;Stenotrophomonas maltophilia&lt;/i&gt;.,"Cheng P, Li Z, Liu L, Li R, Zhou J, Luo X, Mu X, Sun J, Ma J, A X.",,2025,2025-04-11,Y,MED
Q3_amr_core,2026-09-05,41975478,PMC13188719,10.1186/s40168-026-02397-7,Integrated metatranscriptomics identifies Lachnospiraceae as keystone taxa regulating rumen biohydrogenation and milk ω-6/ω-3 polyunsaturated fatty acids ratio in dairy cows.,"Zhang H, Mao W, Lai Z, Zhu Y, Dong J, Li L, Xie F, Zhu W, Shen J, Mao S.",,2026,2026-04-13,Y,MED
Q3_amr_core,2026-09-05,41278478,PMC12634562,10.3389/fcimb.2025.1691215,Combating &lt;i&gt;Klebsiella pneumoniae&lt;/i&gt;: from antimicrobial resistance mechanisms to phage-based combination therapies.,"Ding J, Yan W, Zheng R, Ma M, Jiang L.",,2025,2025-11-07,Y,MED
Q3_amr_core,2026-09-05,40140988,PMC11938785,10.1186/s13073-025-01460-6,The Chinese gut virus catalogue reveals gut virome diversity and disease-related viral signatures.,"Yan Q, Huang L, Li S, Zhang Y, Guo R, Zhang P, Lei Z, Lv Q, Chen F, Li Z, Meng J, Li J, Wang G, Chen C, Ullah H, Cheng L, Fan S, You W, Zhang Y, Ma J, Sha S, Sun W.",,2025,2025-03-26,Y,MED
Q3_amr_core,2026-09-05,41836398,PMC12982374,10.3389/fimmu.2026.1795736,"The intratumoral microbiome in colorectal cancer: origins, microenvironmental interactions, and new horizons in precision medicine.","Li X, Wang Q, Yuan Q, Wang L.",,2026,2026-02-27,Y,MED
Q3_amr_core,2026-09-05,40726964,PMC12297009,10.1186/s12302-025-01180-z,Continuous improvement towards environmental protection for pharmaceuticals: advancing a strategy for Europe.,"Harrison S, Barnett C, Short S, Uluseker C, Silva PV, Pavlaki MD, Roberts S, Vieira M, Lofts S, Loureiro S, Spurgeon DJ.",,2025,2025-07-26,Y,MED
Q3_amr_core,2026-09-05,42324777,PMC13284280,10.1002/mbo3.70322,Gut Microbiota Alterations Associated With Colonization by Multidrug-Resistant Organisms in ICU Patients: First Systematic Review and Meta-Analysis.,"Goicea AE, Leucuța DC, Bodolea C.",,2026,2026-06-01,Y,MED
Q3_amr_core,2026-09-05,41333035,PMC12666406,10.2147/jir.s555959,Advances in Necrotizing Fasciitis Animal Models: Current Trends and Future Perspectives.,"Li J, Huang C, Huang W, Zhou X, Wu Y, Li Y, Yang X.",,2025,2025-11-26,Y,MED
Q3_amr_core,2026-09-05,40770294,PMC12328640,10.1038/s41598-025-13879-3,Comparison of machine learning models for mucopolysaccharidosis early diagnosis using UAE medical records.,"AlShehhi A, Alblooshi H, Fadul R, Tumzghi N, Tenaiji AA, Harbi MA, Al-Jasmi F.",,2025,2025-08-06,Y,MED
Q3_amr_core,2026-09-05,33993166,PMC8284387,10.1097/olq.0000000000001471,Genomic Analysis of the Predominant Strains and Antimicrobial Resistance Determinants Within 1479 Neisseria gonorrhoeae Isolates From the US Gonococcal Isolate Surveillance Project in 2018.,"Reimche JL, Chivukula VL, Schmerer MW, Joseph SJ, Pham CD, Schlanger K, St Cyr SB, Weinstock HS, Raphael BH, Kersh EN, Gernert KM, 
Antimicrobial-Resistant
Neisseria gonorrhoeae
Working Group.",,2021,2021-08-01,N,MED
Q3_amr_core,2026-09-05,41378915,PMC12815264,10.1093/ismejo/wraf275,Co-occurrence is associated with horizontal gene transfer across marine bacteria independent of phylogeny.,"Douglas GM, Tromas N, Gaudin M, Lypaczewski P, Bobay LM, Shapiro BJ, Chaffron S.",,2026,2026-01-01,Y,MED
Q3_amr_core,2026-09-05,42074938,PMC13117179,10.3390/jcm15083138,Early Sepsis Diagnosis as a Global Imperative: The Role of Raman Spectroscopy.,"Piccioni A, Spagnuolo F, Sebastiani M, Valentini A, Pezzotti G, Candelli M, Covino M, De Spirito M, Gasbarrini A, Franceschi F.",,2026,2026-04-20,Y,MED
Q3_amr_core,2026-09-05,41010433,PMC12472160,10.3390/life15091490,Use of Two PGPB Strains for the Valorization of Wastewater Sludge and Formulation of a Biofertilizer for the Recovery of &lt;i&gt;Quercus ilex&lt;/i&gt;.,"Fernández-Pastrana VM, González-Reguero D, Robas-Mora M, Penalba-Iglesias D, Pozuelo de Felipe MJ, Probanza A, Jiménez-Gómez P.",,2025,2025-09-22,Y,MED
Q3_amr_core,2026-09-05,40847264,PMC12373624,10.1007/s44197-025-00455-1,Unveiling the Future of Infective Endocarditis Diagnosis: The Transformative Role of Metagenomic Next-Generation Sequencing in Culture-Negative Cases.,"Shinge SAU, Zhang B, Zheng B, Qiang Y, Ali HM, Melchiade YTV, Zhang L, Gao M, Feng G, Zeng K, Yang Y.",,2025,2025-08-22,Y,MED
Q3_amr_core,2026-09-05,42396174,PMC13324054,10.1016/j.bidere.2026.100073,"Prime editing: Emerging mechanisms, engineering innovations, and next-generation applications.","Muhammad W, Amjad A, Liu Y, Umar A, Chen K, Wang X, Xu K.",,2026,2026-03-20,Y,MED
Q3_amr_core,2026-09-05,38809044,PMC11218633,10.1128/aem.00861-24,Is the persistence of <i>Listeria monocytogenes</i> in food processing facilities and its resistance to pathogen intervention linked to its phylogeny?,"van de Merwe C, Simpson DJ, Qiao N, Otto SJG, Kovacevic J, Gänzle MG, McMullen LM.",,2024,2024-05-29,N,MED
Q3_amr_core,2026-09-05,37576785,PMC10422898,10.1177/11769343231191481,The Pan-Genomic Analysis of <i>Corynebacterium striatum</i> Revealed its Genetic Characteristics as an Emerging Multidrug-Resistant Pathogen.,"Qiu J, Shi Y, Zhao F, Xu Y, Xu H, Dai Y, Cao Y.",,2023,2023-08-10,Y,MED
Q3_amr_core,2026-09-05,39266973,PMC11391722,10.1186/s12864-024-10786-1,Distribution rules of 8-mer spectra and characterization of evolution state in animal genome sequences.,"Li X, Li H, Yang Z, Wang L.",,2024,2024-09-12,Y,MED
Q3_amr_core,2026-09-05,42075189,PMC13118837,10.3390/microorganisms14040791,Functional Assessment of Orphan Proteins in the &lt;i&gt;Streptomyces&lt;/i&gt; Pan-Proteome Through Genome-Wide Synteny Analysis.,"Calcagnile M, Conte R, Alifano P.",,2026,2026-03-31,Y,MED
Q3_amr_core,2026-09-05,40098147,PMC11912616,10.1186/s13073-025-01447-3,Metatranscriptomic profiling reveals pathogen and host response signatures of pediatric acute sinusitis and upper respiratory infection.,"Doxey AC, Abu Mazen N, Homm M, Chu V, Hunjan M, Lobb B, Lee S, Kurs-Lasky M, Williams JV, MacDonald W, Johnson M, Hirota JA, Shaikh N.",,2025,2025-03-17,Y,MED
Q3_amr_core,2026-09-05,42528744,PMC13415356,10.3389/fmicb.2026.1875597,"Bacteriocins from &lt;i&gt;Limosilactobacillus&lt;/i&gt; and &lt;i&gt;Ligilactobacillus&lt;/i&gt;: ecological logic, mechanistic diversity, and translational potential in the post-&lt;i&gt;Lactobacillus&lt;/i&gt; taxonomy.","Wayah SB, Arakawa K, Philip K.",,2026,2026-07-15,Y,MED
Q3_amr_core,2026-09-05,39781513,PMC11704788,10.1093/nargab/lqae185,vClean: assessing virus sequence contamination in viral genomes.,"Wagatsuma R, Nishikawa Y, Hosokawa M, Takeyama H.",,2025,2025-01-07,Y,MED
Q3_amr_core,2026-09-05,,,10.1101/2023.11.23.568453,Predictive phage therapy for  <i>Escherichia coli</i>  urinary tract infections: cocktail selection for therapy based on machine learning models,"Keith M, Park de la Torriente A, Chalka A, Vallejo-Trujillo A, McAteer SP, Paterson GK, Low AS, Gally DL.",,2023,2023-11-23,Y,PPR
Q3_amr_core,2026-09-05,40568010,PMC12188209,10.1093/ofid/ofaf304,The Clinical and Molecular Characteristics of Community-Associated &lt;i&gt;Staphylococcus aureus&lt;/i&gt; Bacteremia in Persons who Inject Drugs at a New York City Tertiary Care Facility During the Opioid Epidemic.,"Shoucri S, Blair NJ, Seeram D, Gomez-Simmonds A, Shi Q, Lowy FD, Uhlemann AC.",,2025,2025-05-21,Y,MED
Q3_amr_core,2026-09-05,41149836,PMC12565251,10.3390/jpm15100474,Personalizing DNA Cancer Vaccines.,"Wu AA, Peng K, Vukovich M, Zhu M, Lin Y, Bagga A, Wu TC, Hung CF.",,2025,2025-10-02,Y,MED
Q3_amr_core,2026-09-05,42328174,PMC13279606,10.3389/fcimb.2026.1814020,In silico design of a multiantigenic and multiepitope chimeric protein as a vaccine candidate against &lt;i&gt;Renibacterium salmoninarum&lt;/i&gt;.,"Araneda J, Flores-Herrera PA, Acevedo W, Marshall SH, Gómez FA.",,2026,2026-06-05,Y,MED
Q3_amr_core,2026-09-05,39820436,PMC11737891,10.1093/bib/bbaf015,Techniques for learning and transferring knowledge for microbiome-based classification and prediction: review and assessment.,"Han J, Zhang H, Ning K.",,2024,2024-11-01,Y,MED
Q3_amr_core,2026-09-05,41526499,PMC13046754,10.1038/s44320-025-00185-3,Uncovering actionable trade-offs of antifungal resistance in a yeast pathogen.,"Nunez-Rodriguez JC, Schikora-Tamarit MÀ, Gabaldón T.",,2026,2026-01-12,Y,MED
Q3_amr_core,2026-09-05,41745767,PMC12944703,10.3390/toxins18020101,Genome-Guided Identification of an OTA-Degrading Amidohydrolase AMH2102 from &lt;i&gt;Acinetobacter kookii&lt;/i&gt; AK4 with Enhanced Soluble Expression in &lt;i&gt;Escherichia coli&lt;/i&gt;.,"Niu Z, Bai S, Xiao Y, Lai J, Jin Y, Zhao Z, Yang Y, Cun S, Liang Z.",,2026,2026-02-16,Y,MED
Q3_amr_core,2026-09-05,40790783,PMC12341114,10.1186/s13099-025-00740-1,Positive selection at core genes may underlie niche adaptation in Fusobacterium animalis.,"Forni D, Sivertsen A, Cagliani R, Mozzi A, Molteni C, Kommedal Ø, Sironi M.",,2025,2025-08-11,Y,MED
Q3_amr_core,2026-09-05,41169094,PMC12576031,10.1002/ctm2.70512,Clinical application of single-cell RNA sequencing in disease and therapy.,"Nadukkandy AS, Kalaiselvan S, Lin L, Luo Y.",,2025,2025-11-01,Y,MED
Q3_amr_core,2026-09-05,34550361,PMC8687076,10.1093/infdis/jiab456,Genome Dynamics and Evolution of Multiple-Drug-Resistant Bacteria: Implications for Global Infection Control Priorities.,"Shaik S, Suresh A, Ahmed N.",,2021,2021-12-01,Y,MED
Q3_amr_core,2026-09-05,39230688,PMC11373320,10.1093/bioinformatics/btae398,skandiver: a divergence-based analysis tool for identifying intercellular mobile genetic elements.,"Zhang XB, Oualline G, Shaw J, Yu YW.",,2024,2024-09-01,Y,MED
Q3_amr_core,2026-09-05,38084949,PMC10793259,10.1128/jcm.00981-23,"Antimicrobial resistance in multistate outbreaks of nontyphoidal <i>Salmonella</i> infections linked to animal contact-United States, 2015-2018.","Frey E, Stapleton GS, Nichols MC, Gollarza LM, Birhane M, Chen JC, McCullough A, Carleton HA, Trees E, Hise KB, Tolar B, Francois Watkins L.",,2024,2023-12-12,N,MED
Q3_amr_core,2026-09-05,37531401,PMC10395866,10.1371/journal.pgen.1010842,The bacterial genetic determinants of Escherichia coli capacity to cause bloodstream infections in humans.,"Burgaya J, Marin J, Royer G, Condamine B, Gachet B, Clermont O, Jaureguy F, Burdet C, Lefort A, de Lastours V, Denamur E, Galardini M, Blanquart F, Colibafi/Septicoli & Coliville groups.",,2023,2023-08-02,Y,MED
Q3_amr_core,2026-09-05,39178943,PMC11532907,10.1016/j.mcpro.2024.100832,LC-SRM Combined With Machine Learning Enables Fast Identification and Quantification of Bacterial Pathogens in Urinary Tract Infections.,"Gotti C, Roux-Dalvai F, Bérubé È, Lacombe-Rastoll A, Leclercq M, Jacob CC, Boissinot M, Martins C, Wijeratne NR, Bergeron MG, Droit A.",,2024,2024-08-22,Y,MED
Q3_amr_core,2026-09-05,42080335,PMC13142188,10.1080/07853890.2026.2628382,A comprehensive review of regulatory mechanisms of novel enterotoxin genes in &lt;i&gt;Staphylococcus aureus&lt;/i&gt; from meat sources.,"Guan Z, Shi Y, Tian X, Jin C, Guan Z, Guan Z.",,2026,2026-05-04,Y,MED
Q3_amr_core,2026-09-05,40711125,PMC12297880,10.3390/toxins17070312,The Therapeutic Potential of Antimicrobial Peptides Isolated from the Skin Secretions of Anurans of the Genus &lt;i&gt;Boana&lt;/i&gt; in the Face of the Global Antimicrobial Resistance Crisis.,"Ferreira PM, Silva FFMD, Santos JSD, Silva BO, Santana CJC, Pires Júnior OR, Fontes W, Castro MS.",,2025,2025-06-20,Y,MED
Q3_amr_core,2026-09-05,40871391,PMC12388707,10.3390/microorganisms13081887,Structural and Functional Differences in the Gut and Lung Microbiota of Pregnant Pomona Leaf-Nosed Bats.,"Shah T, Liu Q, Yin G, Shah Z, Li H, Wang J, Wang B, Xia X.",,2025,2025-08-13,Y,MED
Q3_amr_core,2026-09-05,40303720,PMC12016727,10.1155/2023/8649429,Rapid Discrimination of &lt;i&gt;Pseudomonas aeruginosa&lt;/i&gt; ST175 Isolates Involved in a Nosocomial Outbreak Using MALDI-TOF Mass Spectrometry and FTIR Spectroscopy Coupled with Machine Learning.,"Candela A, Arroyo MJ, Sánchez-Cueto M, Marín M, Cercenado E, Méndez G, Muñoz P, Mancera L, Rodríguez-Temporal D, Rodríguez-Sánchez B.",,2023,2023-09-07,Y,MED
Q3_amr_core,2026-09-05,38890478,PMC12147861,10.1038/s41579-024-01058-6,"Enterococcus faecium: evolution, adaptation, pathogenesis and emerging therapeutics.","Wei Y, Palacios Araya D, Palmer KL.",,2024,2024-06-18,N,MED
Q3_amr_core,2026-09-05,42075136,PMC13119405,10.3390/microorganisms14040739,Application and Research Prospects of CRISPR/Cas Gene Editing Technology in Lactic Acid Bacteria.,"Zhang E, Yan J, Du J, Chu X, Chen D.",,2026,2026-03-26,Y,MED
Q3_amr_core,2026-09-05,35970993,PMC9378645,10.1038/s41598-022-16170-x,Metagenomic features of bioburden serve as outcome indicators in combat extremity wounds.,"Avila-Herrera A, Thissen JB, Mulakken N, Schobel SA, Morrison MD, Zhou X, Grey SF, Lisboa FA, Unselt D, Mabery S, Upadhyay MM, Jaing CJ, Elster EA, Be NA.",,2022,2022-08-15,Y,MED
Q3_amr_core,2026-09-05,38724920,PMC11080240,10.1186/s12859-024-05669-x,Prediction of anticancer drug sensitivity using an interpretable model guided by deep learning.,"Pang W, Chen M, Qin Y.",,2024,2024-05-09,Y,MED
Q3_amr_core,2026-09-05,38934681,PMC11250417,10.1128/jcm.00203-24,Genomic evolution of ST228 SCCmec-I MRSA 10 years after a major nosocomial outbreak.,"Mauffrey F, Bertelli C, Greub G, Senn L, Blanc DS.",,2024,2024-06-27,Y,MED
Q3_amr_core,2026-09-05,39092333,PMC11293016,10.7759/cureus.63635,The Role of Artificial Intelligence in Combatting Respiratory Tract Infections.,Georgakopoulou VE.,,2024,2024-07-01,Y,MED
Q3_amr_core,2026-09-05,40138417,PMC11939052,10.1126/sciadv.ads4355,Anthropogenic activity and climate change exacerbate the spread of pathogenic bacteria in the environment.,"Geng Y, Liu Y, Li P, Sun J, Jiang Y, Pan Z, Li YZ, Zhang Z.",,2025,2025-03-26,Y,MED
Q3_amr_core,2026-09-05,41009902,PMC12466427,10.3390/antibiotics14090924,Unlocking Antimicrobial Peptides from Marine Invertebrates: A Comprehensive Review of Antimicrobial Discovery.,"Kawsar MA, Zhao C, Mao F, Yu Z, Zhang Y.",,2025,2025-09-12,Y,MED
Q3_amr_core,2026-09-05,41803924,PMC13063546,10.1186/s42523-026-00541-0,Towards standardization in pig microbiome research based on a comprehensive twenty-year review.,"Enokela SO, Yergaliyev T, Flisikowski K, Hornburg SC, Reyer H, Tetens J, Wimmers K, Zentek J, Camarinha-Silva A.",,2026,2026-03-09,Y,MED
Q3_amr_core,2026-09-05,40895299,PMC12391199,10.3389/fcimb.2025.1643576,Expanding structural insights into DNA packaging apparatus and endolysin LysSA05 function of Epsilon15 bacteriophage.,"Khan MSI, Wu J, Ji S, Tan D, Sui B, Peng S, Zhan J, Yin J.",,2025,2025-08-14,Y,MED
Q3_amr_core,2026-09-05,41669552,PMC12884959,10.7717/peerj.20677,Normalized compression distance for DNA classification.,"Hearne G, S Refahi M, Duan HN, Brown JR, Rosen GL.",,2026,2026-02-06,Y,MED
Q3_amr_core,2026-09-05,41300871,PMC12651474,10.3390/diagnostics15222845,"Advances in Point-of-Care Infectious Disease Diagnostics: Integration of Technologies, Validation, Artificial Intelligence, and Regulatory Oversight.",Kardjadj M.,,2025,2025-11-10,Y,MED
Q3_amr_core,2026-09-05,41883530,PMC13009953,10.1177/20552076261433841,Mapping the Digital One Health/One Digital Health paradigm: A bibliometric and foresight-based analysis of emerging trends and future directions.,"Kong J, Bragazzi NL.",,2026,2026-01-01,Y,MED
Q3_amr_core,2026-09-05,41425965,PMC12711702,10.3389/fcimb.2025.1616189,Multi-omics approaches for image classification in disease diagnosis.,"Lin Y, Chen S, Che J, Sun M, Wang Y.",,2025,2025-12-04,Y,MED
Q3_amr_core,2026-09-05,42199549,PMC13200065,10.3389/fmicb.2026.1834533,"Prevalence of &lt;i&gt;Lawsonia intracellularis&lt;/i&gt; and characteristics of gut microbiomes of the infected pigs in Shaanxi province, China.","Wang Y, Zhao H, Sun Y, Mi M, Hu X, Ye D, Wang X, Dou L, Wang J, Yang Z.",,2026,2026-05-11,Y,MED
Q3_amr_core,2026-09-05,41016251,PMC12483282,10.1016/j.mib.2025.102675,The role of mobile genetic elements in adaptation of the microbiota to the dynamic human gut ecosystem.,"Schubert K, Shosanya T, García-Bayona L.",,2025,2025-09-27,N,MED
Q3_amr_core,2026-09-05,40854634,PMC12221643,10.1016/j.jgeb.2025.100515,In silico analysis of hypothetical proteins in Pseudomonas aeruginosa PAC1: Structural and functional insights.,"Abdallah MM, Ibrahim Suliman RA, Ahmed YT, Yahia M.",,2025,2025-06-19,Y,MED
Q3_amr_core,2026-09-05,39732784,PMC11682046,10.1038/s41598-024-82465-w,Large-scale proteogenomics characterization of microproteins in Mycobacterium tuberculosis.,"de Souza EV, Dalberto PF, Miranda AC, Saghatelian A, Pinto AM, Basso LA, Machado P, Bizarro CV.",,2024,2024-12-28,Y,MED
Q3_amr_core,2026-09-05,40594015,PMC12217137,10.1038/s41598-025-03536-0,Molecular insights into pangenome localization and constructs design for Hemophilus influenza vaccine.,"Zaman N, Gul K, Khurram K, Azam SS.",,2025,2025-07-01,Y,MED
Q3_amr_core,2026-09-05,40426537,PMC12108373,10.3390/antibiotics14050470,&lt;i&gt;Staphylococcus aureus&lt;/i&gt;: A Review of the Pathogenesis and Virulence Mechanisms.,"Touaitia R, Mairi A, Ibrahim NA, Basher NS, Idres T, Touati A.",,2025,2025-05-06,Y,MED
Q3_amr_core,2026-09-05,38478693,PMC10962980,10.1073/pnas.2313574121,Predictive phage therapy for <i>Escherichia coli</i> urinary tract infections: Cocktail selection for therapy based on machine learning models.,"Keith M, Park de la Torriente A, Chalka A, Vallejo-Trujillo A, McAteer SP, Paterson GK, Low AS, Gally DL.",,2024,2024-03-13,Y,MED
Q3_amr_core,2026-09-05,42354796,PMC13303640,10.3390/microorganisms14061171,One Health Perspective on the Enterotoxigenic &lt;i&gt;Escherichia coli&lt;/i&gt; Diversity.,"Rodríguez-Martínez R, Mancilla-Rojano J, Ochoa SA, Castro-Escarpulli G, Cruz-Córdova A, Xicohtencatl-Cortes J.",,2026,2026-05-22,Y,MED
Q3_amr_core,2026-09-05,41939863,PMC13044059,10.3389/fimmu.2026.1734588,Sepsis biomarkers: recent advances and future perspectives.,"Zheng X, Guo H, Zhang J, Lei M, Chou S, Liu Y, Luo L.",,2026,2026-03-19,Y,MED
Q3_amr_core,2026-09-05,39525369,PMC11541280,10.1007/s40588-024-00236-7,Integrating Genomic Data with the Development of CRISPR-Based Point-of-Care-Testing for Bacterial Infections.,"Wanitchanon T, Chewapreecha C, Uttamapinant C.",,2024,2024-10-15,Y,MED
Q3_amr_core,2026-09-05,40396743,PMC12172429,10.1128/msystems.01571-24,The risk of pathogenicity and antibiotic resistance in deep-sea cold seep microorganisms.,"Zhang T, Han Y, Peng Y, Deng Z, Shi W, Xu X, Wu Y, Dong X.",,2025,2025-05-21,Y,MED
Q3_amr_core,2026-09-05,37860132,PMC10582268,10.3389/fmicb.2023.1225438,"Advancing tuberculosis management: the role of predictive, preventive, and personalized medicine.","Dohál M, Porvazník I, Solovič I, Mokrý J.",,2023,2023-10-04,Y,MED
Q3_amr_core,2026-09-05,41099138,PMC12632196,10.1093/molbev/msaf264,Unraveling Epistatic Interactions Between Sites Under Drug-Dependent Selection in the Mycobacterium tuberculosis Genome.,"Popova AV, Bykova DI, Fedonin GG, Bosov DV, Reshetnikov KO, Neverov AD.",,2025,2025-10-01,Y,MED
Q3_amr_core,2026-09-05,40240564,PMC12003559,10.1007/s00705-025-06282-w,"Characterization and genome analysis of the novel virulent Burkholderia phage Bm1, which is active against pan-drug-resistant Burkholderia multivorans.","Rubalskii E, Sedlacek L, Hegermann J, Knegendorf L, Salmoukas C, Mueller C, Schwerk N, Schlüter D, Ruhparwar A, Kuehn C, Ruemke S.",,2025,2025-04-16,Y,MED
Q3_amr_core,2026-09-05,41754603,PMC12944945,10.3390/v18020260,Machine Learning in Preclinical Development of Antiviral Peptide Candidates: A Review of the Current Landscape.,"Hargrove H, Tong B, Elkabanny AH, Zhang XF.",,2026,2026-02-19,Y,MED
Q3_amr_core,2026-09-05,,,10.1101/2025.02.07.637178,The Landscape of Prostate Tumour Methylation,"Arbet J, Yamaguchi TN, Shiah Y, Hugh-White R, Wiggins A, Oh J, Zeltser N, Gebo T, Foucal A, Lesurf R, Jung C, Dang RM, Agrawal R, Livingstone J, Salcedo A, Yao CQ, Espiritu SMG, Houlahan KE, Yousif F, Heisler LE, Papenfuss AT, Fraser M, Pope B, Kishan A, Berlin A, Chua ML, Corcoran NM, van der Kwast",,2025,2025-02-10,Y,PPR
Q3_amr_core,2026-09-05,41246207,PMC12615925,10.1177/20552076251396574,"Global trends, collaboration networks and knowledge mapping of artificial intelligence evolution in sepsis diagnosis and management: A bibliometric analysis.","Lin Z, Deng J, Chen S, He J, Li Z, Mo J, Tang W, Guo L, Zhan R, Liu P, Chen S, Jiang J, Zhou T.",,2025,2025-01-01,Y,MED
Q3_amr_core,2026-09-05,40836310,PMC12369081,10.1186/s40168-025-02185-9,The genetic diversity and populational specificity of the human gut virome at single-nucleotide resolution.,"Wang X, Dong Q, Huang P, Yang S, Gao M, Zhang C, Zhang C, Deng Y, Huang Z, Ma B, Jiao Y, Zhou Y, Wu T, Zou H, Shi J, Sheng Y, Wang Y, Consortium C, Tang L, Hu S, Duan Y, Sun W, Chen W, Zhai Q, Kong X, Chen L.",,2025,2025-08-20,Y,MED
Q3_amr_core,2026-09-05,41020009,PMC12461225,10.3389/fphar.2025.1633382,The WHO's critical bacteria list: scientific response eight years after its implementation and development of an AI-based tool for its monitoring.,"Robledo Almonacid JE, Lombardo C, Romano M, Quiroga A, Cambuli Bianchi P, Hualpa M, Giai C, Oviedo XMA, Salgado Mansur RA, Vallejo MG, Quintero CA.",,2025,2025-09-11,Y,MED
Q3_amr_core,2026-09-05,39264872,PMC11392400,10.1371/journal.ppat.1012418,Turning the needle into the haystack: Culture-independent amplification of complex microbial genomes directly from their native environment.,"Pilling OA, Sundararaman SA, Brisson D, Beiting DP.",,2024,2024-09-12,Y,MED
Q3_amr_core,2026-09-05,38383544,PMC10881496,10.1038/s41467-024-45761-7,The plasmidome associated with Gram-negative bloodstream infections: A large-scale observational study using complete plasmid assemblies.,"Lipworth S, Matlock W, Shaw L, Vihta KD, Rodger G, Chau K, Barker L, George S, Kavanagh J, Davies T, Vaughan A, Andersson M, Jeffery K, Oakley S, Morgan M, Hopkins S, Peto T, Crook D, Walker AS, Stoesser N.",,2024,2024-02-22,Y,MED
Q3_amr_core,2026-09-05,41409548,PMC12705615,10.3389/fcimb.2025.1716723,Uncovering the potential virulence factors of emerging pathogens using AI/ML-based tools: a case study in &lt;i&gt;Emergomyces africanus&lt;/i&gt;.,"Farag PF, Abdel-Monem KS, Albasri HM, Alhhazmi AA, Ismail RH.",,2025,2025-12-02,Y,MED
Q3_amr_core,2026-09-05,40796684,PMC12408343,10.1038/s41564-025-02061-0,Deep learning reveals antibiotics in the archaeal proteome.,"Torres MDT, Wan F, de la Fuente-Nunez C.",,2025,2025-08-12,Y,MED
Q3_amr_core,2026-09-05,38717193,PMC11237419,10.1128/spectrum.04084-23,"Temporal dynamics of fecal microbiota community succession in broiler chickens, calves, and piglets under aerobic exposure.","Oladele P, Ngo J, Chang T, Johnson TA.",,2024,2024-05-08,Y,MED
Q3_amr_core,2026-09-05,36602317,PMC9948725,10.1128/msystems.00576-22,Dynamics of Microbial Community and Potential Microbial Pollutants in Shopping Malls.,"An XL, Xu JX, Xu MR, Zhao CX, Li H, Zhu YG, Su JQ.",,2023,2023-01-05,Y,MED
Q3_amr_core,2026-09-05,41903539,PMC13353064,10.1016/j.cell.2026.03.007,Advancing precision health discovery in a genetically diverse health system.,"Haas R, Margolis MP, Wei A, Yamaguchi TN, Feng J, Tran T, Tozzo V, Queen KJ, Mootor MFE, Patil V, Broudy ME, Tung P, Alam S, Martinez DB, Patel Y, Caggiano C, Zeltser N, Hugh-White R, Arbet J, Shemirani R, Tian M, Thapaliya P, Eloyan L, Chen LO, Lapinska S, Ariannejad M, Lajonchere C, UCLA Precision",,2026,2026-03-27,N,MED
Q3_amr_core,2026-09-05,37374909,PMC10300863,10.3390/microorganisms11061407,Genetic Factors That Contribute to Antibiotic Resistance through Intrinsic and Acquired Bacterial Genes in Urinary Tract Infections.,"Harris M, Fasolino T, Ivankovic D, Davis NJ, Brownlee N.",,2023,2023-05-26,Y,MED
Q3_amr_core,2026-09-05,41095966,PMC12525104,10.3390/jcm14196886,"Beyond Cultures: The Evolving Role of Molecular Diagnostics, Synovial Biomarkers and Artificial Intelligence in the Diagnosis of Prosthetic Joint Infections.","Maritati M, De Rito G, Zanoli GA, Ning Y, Guarino M, De Giorgio R, Contini C, Trampuz A.",,2025,2025-09-29,Y,MED
Q3_amr_core,2026-09-05,42100261,PMC13143657,10.3389/fmed.2026.1807707,The impact of traumatic injury on the respiratory system; a narrative review of injury-associated and clinically-induced mechanisms of trauma-associated pneumonia.,"Howroyd F, Weblin J, Smith FG, Duggal NA, Ahmed Z.",,2026,2026-04-22,Y,MED
Q3_amr_core,2026-09-05,40568702,PMC12187863,10.3389/fcimb.2025.1633037,Editorial: Drug repurposing to fight resistant fungal species: Recent developments as novel therapeutic strategies.,"Roudbary M, Branquinha MH, Santos ALS.",,2025,2025-06-11,Y,MED
Q3_amr_core,2026-09-05,41017299,PMC12638285,10.1111/acer.70173,Genotype-by-sex interaction analyses for alcohol use disorder across biobanks.,"Zhou H, Wang L, Mao Z, Deans PJM, Kember RL, Chen Q, Zakiniaeiz Y, Kohler R, Peltier MR, Verplaetse TL, VA Million Veteran Program, Potenza MN, Brennand KJ, Justice AC, Kranzler HR, Gelernter J, McKee SA.",,2025,2025-09-29,Y,MED
Q3_amr_core,2026-09-05,42043941,PMC13114881,10.1093/bib/bbag198,BACON: decoding the dynamic social networks of complex microbial communities at single-cell resolution.,"Qu W, Shi X, Xu X, Liu C, Ding L, Song M, Xu Z, Xu Y, Mo F, Ruan J, Timko MP, Fan L, Zheng S, Jiang W, Wang Y, Shen Y.",,2026,2026-03-01,Y,MED
Q3_amr_core,2026-09-05,,,10.1101/2025.11.22.25340784,Population genomics of four-dimensional cardiac motion reveals non-myocyte regulatory programmes,"Kalaie S, Vadgama N, Zheng J, Curran L, McGurk KA, Qin Y, Corianò M, Rjoob K, Gifani P, Meng Q, Noseda M, Bai W, Bender C, O’Regan DP.",,2025,2025-11-23,Y,PPR
Q3_amr_core,2026-09-05,40044971,PMC11882492,10.1186/s13568-025-01846-0,Analysis of a novel phage as a promising biological agent targeting multidrug resistant Klebsiella pneumoniae.,"Abdel-Razek MA, Nazeih SI, Yousef N, Askoura M.",,2025,2025-03-05,Y,MED
Q3_amr_core,2026-09-05,39868792,PMC11878013,10.1128/spectrum.02235-24,Interspecies interactions mediated by arginine metabolism enhance the stress tolerance of <i>Fusobacterium nucleatum</i> against <i>Bifidobacterium animalis</i>.,"Zhou Z, Yang M, Fang H, Niu Y, Lu J, Ma Y, Zhang B, Zhu H, Chen P.",,2025,2025-01-27,Y,MED
Q3_amr_core,2026-09-05,35890020,PMC9323374,10.3390/pathogens11070776,Genome Analysis of ESBL-Producing <i>Escherichia coli</i> Isolated from Pigs.,"Founou LL, Founou RC, Allam M, Ismail A, Essack SY.",,2022,2022-07-07,Y,MED
Q3_amr_core,2026-09-05,41728968,PMC12997841,10.1128/aem.02043-25,Pecbloodin&lt;sub&gt;18-37&lt;/sub&gt;: a promising antimicrobial peptide from &lt;i&gt;Boleophthalmus pectinirostris&lt;/i&gt; with therapeutic potential against &lt;i&gt;Edwardsiella tarda&lt;/i&gt; infection.,"Bai Y, Zheng W, Zhang W, Zhan J, Chen F, Wang K-J.",,2026,2026-02-23,Y,MED
Q3_amr_core,2026-09-05,41021605,PMC12507263,10.1371/journal.ppat.1013536,Acinetobacter phages use distinct strategies to breach the capsule barrier.,"McCalla AJ, Walker FC, Bisaro F, Rodriguez-Anavitate M, Johannesman A, Di Venanzio G, Feldman MF, LeRoux M.",,2025,2025-09-29,Y,MED
Q3_amr_core,2026-09-05,39792222,PMC11723854,10.1007/s00284-024-04057-1,Ribotyping Staphylococcus epidermidis Using Probabilistic Sequence Analysis and Levenshtein Distance Algorithm.,"Huang RY, Zhang C, Lim HL.",,2025,2025-01-10,Y,MED
Q3_amr_core,2026-09-05,39263320,PMC11387367,10.1016/j.onehlt.2024.100880,<i>Klebsiella pneumoniae</i> species complex: From wastewater to the environment.,"Verburg I, Hernández Leal L, Waar K, Rossen JWA, Schmitt H, García-Cobos S.",,2024,2024-08-17,Y,MED
Q3_amr_core,2026-09-05,41898837,PMC13025542,10.3390/genes17030303,Profiling Soil-Plant-Microbial Communities: DNA and Multi-Omics Techniques.,"Li S, Chiodi C, Maucieri C, Della Lucia MC, Zardinoni G, Ravi S, Squartini A, Concheri G, Geng G, Wang Y, Stevanato P.",,2026,2026-03-02,Y,MED
Q3_amr_core,2026-09-05,38133241,PMC10747646,10.3390/vetsci10120690,Next-Generation Sequencing for the Detection of Microbial Agents in Avian Clinical Samples.,"Afonso CL, Afonso AM.",,2023,2023-12-04,Y,MED
Q3_amr_core,2026-09-05,42013317,PMC13197974,10.1158/2159-8290.cd-25-1458,SPEN Loss Drives Extrafollicular Diffuse Large B-cell Lymphoma with Female-Specific Lethality and Therapeutic Vulnerabilities.,"Pelzer B, Meydan C, Spiegel IM, Karagiannidis I, Xia M, Teater M, Welter EM, Searcy ZE, Hilton LK, Barisic D, Fong A, Fa P, Sethi S, Isgor IS, Fielding JJ, Karbalayghareh A, Burdette CS, Tumuluru S, Debek SM, Lee S, Massoni-Badosa R, Durmaz C, Salataj E, Pararajalingam P, Chen Z, Pelzl RJ, Shah S, R",,2026,2026-08-01,N,MED
Q3_amr_core,2026-09-05,41276815,PMC12642385,10.1186/s13059-025-03854-6,"Mycobacterium tuberculosis uses intrinsically disordered, fast evolving proteins to interact with conserved host factors.","Pozzoli U, Forni D, Arrigoni F, Cagliani R, De Gioia L, Sironi M.",,2025,2025-11-24,Y,MED
Q3_amr_core,2026-09-05,39535493,PMC11653615,10.1002/advs.202400458,Wise Roles and Future Visionary Endeavors of Current Emperor: Advancing Dynamic Methods for Longitudinal Microbiome Meta-Omics Data in Personalized and Precision Medicine.,"Oh VS, Li RW.",,2024,2024-11-13,Y,MED
Q3_amr_core,2026-09-05,38917808,PMC11239293,10.1016/j.chom.2024.05.022,Discovery of disease-adapted bacterial lineages in inflammatory bowel diseases.,"Kumbhari A, Cheng TNH, Ananthakrishnan AN, Kochar B, Burke KE, Shannon K, Lau H, Xavier RJ, Smillie CS.",,2024,2024-06-24,N,MED
Q3_amr_core,2026-09-05,41769292,PMC12936593,10.32592/ari.2025.80.3.555,Next-Generation Vaccines and Antiviral Platforms: Molecular Advancements in the Struggle against Emerging Zoonotic and Viral Diseases.,"Abdol Ghaffar E, Zeliha S, Hamdia Yousif I, Elifsena Canan AA, Shahid A.",,2025,2025-06-30,N,MED
Q3_amr_core,2026-09-05,38909293,PMC11317156,10.1093/nar/gkae528,"Unveiling the microbial realm with VEBA 2.0: a modular bioinformatics suite for end-to-end genome-resolved prokaryotic, (micro)eukaryotic and viral multi-omics from either short- or long-read sequencing.","Espinoza JL, Phillips A, Prentice MB, Tan GS, Kamath PL, Lloyd KG, Dupont CL.",,2024,2024-08-01,Y,MED
Q3_amr_core,2026-09-05,41941864,PMC13063108,10.1590/1678-4685-gmb-2025-0244,Genetic insights into the peoples who shaped the American continent.,"Tavares GM, Missaggia BO, Lima T, Marcano-Ruiz M, Mesquita MTS, Baldo G, Dorn M, Hünemeier T, Bortolini MC.",,2026,2026-04-03,Y,MED
Q3_amr_core,2026-09-05,35038924,PMC8764539,10.1128/mbio.03196-21,Comparative Genomics of Borderline Oxacillin-Resistant Staphylococcus aureus Detected during a Pseudo-outbreak of Methicillin-Resistant S. aureus in a Neonatal Intensive Care Unit.,"Sawhney SS, Ransom EM, Wallace MA, Reich PJ, Dantas G, Burnham CD.",,2022,2022-01-18,Y,MED
Q3_amr_core,2026-09-05,42008679,PMC13123844,10.1073/pnas.2527700123,Evolvable AI: Threats of a new major transition in evolution.,"Müller V, Steels L, Szathmáry E.",,2026,2026-04-20,Y,MED
Q3_amr_core,2026-09-05,41640411,PMC12864390,10.3389/fmicb.2025.1735729,Use of PGPB in bio-fertilisation: preserving the soil microbiome and enhancing field production of alfalfa.,"Fernández-Pastrana VM, Mora MR, González-Reguero D, Probanza A, Iglesias DP, Gómez PAJ.",,2025,2026-01-20,Y,MED
Q3_amr_core,2026-09-05,40223273,PMC12010094,10.4014/jmb.2412.12001,Advancing Gut Microbiome Research: The Shift from Metagenomics to Multi-Omics and Future Perspectives.,"Yang SY, Han SM, Lee JY, Kim KS, Lee JE, Lee DW.",,2025,2025-03-26,Y,MED
Q3_amr_core,2026-09-05,41871940,PMC13253569,10.1093/oncolo/oyag100,Homologous recombination deficiency and genomic alterations in advanced prostate cancer: insights for precision therapy.,"Mercinelli C, Pavlick D, Agarwal N, Spiess PE, Li R, Kamat AM, Grivas P, Gupta S, Maiorano BA, Tateo V, Cigliola A, Piacentini M, Jacob JM, Bratslavsky G, Basnet A, Ross JS, Necchi A.",,2026,2026-03-01,Y,MED
Q3_amr_core,2026-09-05,41900320,PMC13029595,10.3390/microorganisms14030560,Integrated Metagenomic and Metabolomic Profiling of Boar Semen During Ambient-Temperature Storage.,"Cheng H, Han J, Liu K, Wang L, Meng Q, Liu C, Liu X, Wang M, Yang F, Li X.",,2026,2026-03-01,Y,MED
Q3_amr_core,2026-09-05,40941824,PMC12430512,10.3390/plants14172654,Biotechnological Test of Plant Growth-Promoting Bacteria Strains for Synthesis of Valorized Wastewater as Biofertilizer for Silvicultural Production of Holm Oak (&lt;i&gt;Quercus ilex&lt;/i&gt; L.).,"Fernández-Pastrana VM, González-Reguero D, Robas-Mora M, Penalba-Iglesias D, Alonso-Torreiro P, Probanza A, Jiménez-Gómez PA.",,2025,2025-08-26,Y,MED
Q3_amr_core,2026-09-05,,PMC12452013,,Abstracts from the 8th International Conference on Prevention & Infection Control (ICPIC 2025),,,2025,2025-01-01,Y,PMC
Q3_amr_core,2026-09-05,38200389,PMC10781932,10.1007/s13659-023-00426-8,Precision enzyme discovery through targeted mining of metagenomic data.,"Ariaeenejad S, Gharechahi J, Foroozandeh Shahraki M, Fallah Atanaki F, Han JL, Ding XZ, Hildebrand F, Bahram M, Kavousi K, Hosseini Salekdeh G.",,2024,2024-01-11,Y,MED
Q3_amr_core,2026-09-05,41286102,PMC12817171,10.1038/s41588-025-02395-9,Recommendations for responsible use of population descriptors in polygenic risk score development.,"Smith JL, Adebamowo CA, Adebamowo SN, Darst BF, Fullerton SM, Gogarten SM, Hamed ME, Hirbo JB, Hysong MR, Johar AS, Khan AT, Kullo IJ, Konigsberg IR, Kraft P, Lange LA, Li Y, Martin AR, Nelson SC, Choudhury A, Ramsay M, Cobran EK, Schaid DJ, Sharma J, Wang Y, Wojcik GL, Polygenic Risk Methods Develo",,2025,2025-11-24,N,MED
Q3_amr_core,2026-09-05,40801816,PMC12351747,10.1080/21505594.2025.2546682,High-risk clonal groups of avian pathogenic &lt;i&gt;Escherichia coli&lt;/i&gt; (APEC) demonstrate heterogeneous phenotypic characteristics &lt;i&gt;in vitro&lt;/i&gt; and &lt;i&gt;in vivo&lt;/i&gt;.,"Adams JRG, Long H, Birdsall CA, Qureshi K, King E, Perez S, Warner K, Behboudi S, La Ragione RM, Mehat JW.",,2025,2025-08-13,Y,MED
Q3_amr_core,2026-09-05,39735631,PMC11681891,10.1016/j.heliyon.2024.e40892,"A comprehensive review on probiotics and their use in aquaculture: Biological control, efficacy, and safety through the genomics and wet methods.","Calcagnile M, Tredici SM, Alifano P.",,2024,2024-12-04,Y,MED
Q3_amr_core,2026-09-05,41193697,PMC13112531,10.1038/s41575-025-01134-z,Gut virome dynamics: from commensal to critical player in health and disease.,"Chica Cardenas LA, Leonard MM, Baldridge MT, Handley SA.",,2026,2025-11-05,N,MED
Q3_amr_core,2026-09-05,42390227,PMC13390492,10.1128/aem.00598-26,A set of constitutive promoters with graded strengths for gene expression in diverse cyanobacterial strains.,"Trieu KP, Bishé B, Taton A, Tieu BP, Golden JW.",,2026,2026-07-02,Y,MED
Q3_amr_core,2026-09-05,42434562,PMC13350027,10.3389/fmicb.2026.1882312,Advances in gene editing tools for four typical Gram-positive bacteria.,"Liang Z, Li Z, Li C, Zhao Y, Liu J, Zhang J.",,2026,2026-06-26,Y,MED
Q3_amr_core,2026-09-05,41286599,PMC12752101,10.1186/s12859-025-06324-9,OMetaNet: an efficient hybrid deep learning model based on multimodal data fusion and contrastive learning for predicting 2'-O-methylation sites in human RNA.,"Shen P, Lin Y, Yang S, Zhang Z.",,2025,2025-11-24,Y,MED
Q3_amr_core,2026-09-05,39386059,PMC11457259,10.1039/d4md00449c,Understanding the mechanisms of antimicrobial resistance and potential therapeutic approaches against the Gram-negative pathogen &lt;i&gt;Acinetobacter baumannii&lt;/i&gt;.,"Jamwal V, Palmo T, Singh K.",,2024,2024-09-19,N,MED
Q3_amr_core,2026-09-05,37932119,PMC10627814,10.1093/cid/ciad539,Knowing and Naming: Phage Annotation and Nomenclature for Phage Therapy.,"Grigson SR, Giles SK, Edwards RA, Papudeshi B.",,2023,2023-11-01,Y,MED
Q3_amr_core,2026-09-05,34427505,PMC8407197,10.1128/msystems.00346-21,Machine Learning Prediction of Resistance to Subinhibitory Antimicrobial Concentrations from Escherichia coli Genomes.,"Benkwitz-Bedford S, Palm M, Demirtas TY, Mustonen V, Farewell A, Warringer J, Parts L, Moradigaravand D.",,2021,2021-08-24,Y,MED
Q3_amr_core,2026-09-05,34379107,PMC8575023,10.1093/bib/bbab313,A genomic data resource for predicting antimicrobial resistance from laboratory-derived antimicrobial susceptibility phenotypes.,"VanOeffelen M, Nguyen M, Aytan-Aktug D, Brettin T, Dietrich EM, Kenyon RW, Machi D, Mao C, Olson R, Pusch GD, Shukla M, Stevens R, Vonstein V, Warren AS, Wattam AR, Yoo H, Davis JJ.",,2021,2021-11-01,N,MED
Q3_amr_core,2026-09-05,40736339,PMC12416819,10.1093/ismejo/wraf156,Decoding the SCFA-CpxAR-OMP axis as a dietary checkpoint against antimicrobial resistance transmission across gut-environment interfaces.,"Tan R, Song Y, Yin J, Shi D, Li H, Chen T, Wang Y, Jin M, Li J, Yang D.",,2025,2025-01-01,Y,MED
Q3_amr_core,2026-09-05,40659612,PMC12259899,10.1038/s41467-025-61329-5,The Helicobacter pylori AI-clinician harnesses artificial intelligence to personalise H. pylori treatment recommendations.,"Higgins K, Nyssen OP, Southern J, Laponogov I, AIDA CONSORTIUM, Veselkov D, Gisbert JP, Kanonnikoff TF, Veselkov K.",,2025,2025-07-14,Y,MED
Q3_amr_core,2026-09-05,,,10.1101/2025.11.29.691269,Aridity drives global convergence of desert microbiomes and biogeochemical activities,"Leung PM, Bay SK, Wong WW, Jirapanjawat T, Archer SD, Beaman J, Cherif A, Chown SL, Cowan DA, Demergasso C, de los Ríos A, DiRuggiero J, Elberling B, Frey B, Gillor O, Graham DW, Gupta P, Hogg ID, Juottonen H, Kytöviita M, Makhalanyane T, Meredith LK, Nguyen-Dinh T, Priemé A, Ramond J, Siciliano SD,",,2025,2025-11-29,Y,PPR
Q3_amr_core,2026-09-05,39457310,PMC11507412,10.3390/ijerph21101337,Genomics and Bioinformatics in One Health: Transdisciplinary Approaches for Health Promotion and Disease Prevention.,"Scarpa F, Casu M.",,2024,2024-10-09,Y,MED
Q3_amr_core,2026-09-05,41914747,PMC13098215,10.1128/msystems.01343-25,Short-chain fatty acid-producing microbes differentiate non-infectious and infectious neutropenic fever in leukemia.,"Franklin S, Sahasrabhojane P, Hayase T, Hayase E, Chang C-C, Senapati J, Desikan SP, Kadia T, Lorenzi PL, Jenq RR, Shelburne SA, Galloway-Peña J.",,2026,2026-03-31,Y,MED
Q3_amr_core,2026-09-05,40129981,PMC11931141,10.3389/fimmu.2025.1526174,Comprehensive integration of diagnostic biomarker analysis and immune cell infiltration features in sepsis via machine learning and bioinformatics techniques.,"Yang L, Xuan R, Xu D, Sang A, Zhang J, Zhang Y, Ye X, Li X.",,2025,2025-03-10,Y,MED
Q3_amr_core,2026-09-05,35108089,PMC8939312,10.1128/aem.01979-21,Salmonella enterica Serovar Typhimurium Isolates from Wild Birds in the United States Represent Distinct Lineages Defined by Bird Type.,"Fu Y, M'ikanatha NM, Lorch JM, Blehert DS, Berlowski-Zier B, Whitehouse CA, Li S, Deng X, Smith JC, Shariat NW, Nawrocki EM, Dudley EG.",,2022,2022-02-02,Y,MED
Q3_amr_core,2026-09-05,40428449,PMC12110734,10.3390/foods14101669,Exploratory Genomic Marker Analysis of Virulence Patterns in &lt;i&gt;Listeria monocytogenes&lt;/i&gt; Human and Food Isolates.,"Russini V, De Marchis ML, Sampieri C, Onorati C, Zucchitta P, De Santis P, Varcasia BM, De Santis L, Chiaverini A, Gattuso A, Vestri A, Gasperetti L, Condoleo R, Palla L, Bossù T.",,2025,2025-05-09,Y,MED
Q3_amr_core,2026-09-05,40425013,PMC12256920,10.1016/j.ajhg.2025.05.002,Toward whole-genome inference of polygenic scores with fast and memory-efficient algorithms.,"Zabad S, Haryan CA, Gravel S, Misra S, Li Y.",,2025,2025-05-26,Y,MED
Q3_amr_core,2026-09-05,40462354,PMC12279214,10.1002/advs.202409338,Microbiome Single Cell Atlases Generated with a Commercial Instrument.,"Li X, Xu L, Demaree B, Noecker C, Bisanz JE, Weisgerber DW, Modavi C, Turnbaugh PJ, Abate AR.",,2025,2025-06-03,Y,MED
Q3_amr_core,2026-09-05,37410078,PMC10325707,10.7554/elife.83107,The evolutionary mechanism of non-carbapenemase carbapenem-resistant phenotypes in &lt;i&gt;Klebsiella&lt;/i&gt; spp.,"Rosas NC, Wilksch J, Barber J, Li J, Wang Y, Sun Z, Rocker A, Webb CT, Perlaza-Jiménez L, Stubenrauch CJ, Dhanasekaran V, Song J, Taiaroa G, Davies M, Strugnell RA, Bao Q, Zhou T, McDonald MJ, Lithgow T.",,2023,2023-07-06,Y,MED
Q3_amr_core,2026-09-05,41250709,PMC12619904,10.7759/cureus.94764,"Modern Surgical Site Infection Prevention: Evidence, Gaps, and Future Directions.","Prabhu R, Mohamed MS, Alhammali T, Ghareb R, Doddamane Prasanna S, Abdelglil M, Soffar A, Elkohail A, Teama M, Khalil N, Elhantiry A.",,2025,2025-10-17,Y,MED
Q3_amr_core,2026-09-05,38439962,PMC10910294,10.1016/j.isci.2024.109257,Classification of <i>Neisseria meningitidis</i> genomes with a bag-of-words approach and machine learning.,"Podda M, Bonechi S, Palladino A, Scaramuzzino M, Brozzi A, Roma G, Muzzi A, Priami C, Sîrbu A, Bodini M.",,2024,2024-02-16,Y,MED
Q3_amr_core,2026-09-05,42389284,PMC13318682,10.3389/fphar.2026.1810887,Hyper-inflammation and immunosuppression: redefining sepsis therapy using modern approaches.,"Prajapati M, Singh V, Mishra A, Khatua D, Rana M, Jyoti A.",,2026,2026-06-17,Y,MED
Q3_amr_core,2026-09-05,38476940,PMC10927822,10.3389/fmicb.2024.1346762,Hospital antimicrobial stewardship: profiling the oral microbiome after exposure to COVID-19 and antibiotics.,"Buendia P, Fernandez K, Raley C, Rahnavard A, Crandall KA, Castro JG.",,2024,2024-02-27,Y,MED
Q3_amr_core,2026-09-05,42292667,PMC13260171,10.3389/fbinf.2026.1846404,BIOGEN: evidence-grounded multi-agent reasoning framework for transcriptomic interpretation in antimicrobial resistance.,"Hossain E, Shoeibi M, Garibay I, Yousefi N.",,2026,2026-05-29,Y,MED
Q3_amr_core,2026-09-05,42202005,PMC13215174,10.1126/sciadv.aee6916,PlasmidGPT: A generative framework for plasmid analysis and generation.,"Shao B, Han Z, Liang Z, Huo YX.",,2026,2026-05-27,Y,MED
Q3_amr_core,2026-09-05,41078567,PMC12511533,10.17179/excli2025-8514,Reassessing sepsis research: new clues for old players and new players for an old symptom to improve patient outcomes.,"Cavaillon JM, Carlet J.",,2025,2025-08-28,Y,MED
Q3_amr_core,2026-09-05,41155696,PMC12566907,10.3390/ph18101583,Mining Microbial Dark Matter: Advanced Cultivation Techniques for Bioactive Compound Discovery.,"Ji M, Ma B, Dong J, Liu S, Shi Y, Bu M, Wang L, Liu L.",,2025,2025-10-20,Y,MED
Q3_amr_core,2026-09-05,42328536,PMC13276246,10.34133/csbj.0144,Beyond Random Splits: Assessing the Generalization of Graph and Vector Models for WT-Structure-Only Drug Resistance Prediction under Protein-Disjoint Evaluation.,"Cheng Z, Wu H, Ming D.",,2026,2026-06-18,Y,MED
Q3_amr_core,2026-09-05,37972023,PMC10653544,10.1371/journal.pone.0294433,Population structure of community-acquired extended-spectrum beta-lactamase producing Escherichia coli and methicillin resistant Staphylococcus aureus in a French region showed no difference between urban and rural areas.,"Biguenet A, Bertrand X, Bourgeon M, Gnide DC, Gbaguidi-Haore H, Slekovec C.",,2023,2023-11-16,Y,MED
Q3_amr_core,2026-09-05,38819146,PMC11253615,10.1128/mbio.00735-24,Guild-level signature of gut microbiome for diabetic kidney disease.,"Tang S, Wu G, Liu Y, Xue B, Zhang S, Zhang W, Jia Y, Xie Q, Liang C, Wang L, Heng H, Wei W, Shi X, Hu Y, Yang J, Zhao L, Wang X, Zhao L, Yuan H.",,2024,2024-05-31,Y,MED
Q3_amr_core,2026-09-05,39948438,PMC11906367,10.1038/s41588-025-02085-6,Comparative analysis of the Mexico City Prospective Study and the UK Biobank identifies ancestry-specific effects on clonal hematopoiesis.,"Wen S, Kuri-Morales P, Hu F, Nag A, Tachmazidou I, Deevi SVV, Taiy H, Smith KR, Loesch DP, Burren OS, Dhindsa RS, Wasilewski S, Alegre-Díaz J, Berumen J, Emberson J, Torres JM, Collins R, Carss K, Wang Q, Petrovski S, Tapia-Conyer R, Fabre MA, Harper AR, Vassiliou GS, Mitchell J.",,2025,2025-02-13,Y,MED
Q3_amr_core,2026-09-05,42247592,PMC13237592,10.1093/database/baag033,PhaLP 2.0: extending the community-oriented phage lysin database with a SUBLYME pipeline for metagenomic discovery.,"Boulay A, Németh V, Criel B, Stock M, De Baets B, Galiez C, Rousseau E, Briers Y, Vázquez R.",,2026,2026-01-01,Y,MED
Q3_amr_core,2026-09-05,37392596,PMC10338199,10.1016/j.ebiom.2023.104681,Empirically derived sequence similarity thresholds to study the genomic epidemiology of plasmids shared among healthcare-associated bacterial pathogens.,"Evans D, Sundermann A, Griffith M, Rangachar Srinivasa V, Mustapha M, Chen J, Dubrawski A, Cooper V, Harrison L, Van Tyne D.",,2023,2023-06-29,Y,MED
Q3_amr_core,2026-09-05,35250909,PMC8894766,10.3389/fmicb.2021.804484,Combination of MALDI-TOF Mass Spectrometry and Machine Learning for Rapid Antimicrobial Resistance Screening: The Case of <i>Campylobacter</i> spp.,"Feucherolles M, Nennig M, Becker SL, Martiny D, Losch S, Penny C, Cauchie HM, Ragimbeau C.",,2021,2022-02-18,Y,MED
Q3_amr_core,2026-09-05,37698419,PMC10580956,10.1128/spectrum.00609-23,Plasmid-mediated colistin resistance from fresh meat and slaughtered animals in the Czech Republic: nation-wide surveillance 2020-2021.,"Sismova P, Sukkar I, Kolidentsev N, Palkovicova J, Chytilova I, Bardon J, Dolejska M, Nesporova K.",,2023,2023-09-12,Y,MED
Q3_amr_core,2026-09-05,42050647,PMC13126755,10.1186/s12919-026-00377-1,Proceedings from the CIH&lt;sup&gt;LMU&lt;/sup&gt; 2025 symposium: the role of artificial intelligence in health systems strengthening to achieve One Health.,"Chipinduro M, Ramgi P, Lalashowi J, Belay L, Megersa SW, Chala T, Ejigu D, Abera E, Mohan S, Montgomery M, Veliaminova L, Chiumya G, Borova A, Valiyakath V, Froeschl G.",,2026,2026-04-29,Y,MED
Q3_amr_core,2026-09-05,34846288,PMC8743549,10.1099/mgen.0.000683,RFPlasmid: predicting plasmid sequences from short-read assembly data using machine learning.,"van der Graaf-van Bloois L, Wagenaar JA, Zomer AL.",,2021,2021-11-01,Y,MED
Q3_amr_core,2026-09-05,38298179,PMC10828564,10.1016/j.csbj.2023.12.046,NeuralBeds: Neural embeddings for efficient DNA data compression and optimized similarity search.,"Sarumi OA, Hahn M, Heider D.",,2024,2024-01-15,Y,MED
Q3_amr_core,2026-09-05,39794474,PMC11790488,10.1038/s41564-024-01912-6,Ecological dynamics of Enterobacteriaceae in the human gut microbiome across global populations.,"Yin Q, da Silva AC, Zorrilla F, Almeida AS, Patil KR, Almeida A.",,2025,2025-01-10,Y,MED
Q3_amr_core,2026-09-05,40598389,PMC12217533,10.1186/s12915-025-02253-4,AmpHGT: expanding prediction of antimicrobial activity in peptides containing non-canonical amino acids using multi-view constrained heterogeneous graph transformer.,"He Y, Song X, Wan H, Zhao X.",,2025,2025-07-01,Y,MED
Q3_amr_core,2026-09-05,39252078,PMC11386340,10.1186/s40793-024-00612-2,Genome-centric metagenomes unveiling the hidden resistome in an anchialine cave.,"Vojvoda Zeljko T, Kajan K, Jalžić B, Hu A, Cukrov N, Marguš M, Cukrov N, Marković T, Sabatino R, Di Cesare A, Orlić S.",,2024,2024-09-09,Y,MED
Q3_amr_core,2026-09-05,41973268,PMC13087072,10.1186/s13568-026-02048-y,Oral-gut microbiome dysbiosis in obese smokers reveals compartment-specific shifts.,"Ramadan M, Hassan EK, Abdalla S, Ahmed AAA, Azab M, Ibrahim KA, Amin IA, Ali ME, Alharbi AE, Salah M.",,2026,2026-04-13,Y,MED
Q3_amr_core,2026-09-05,38075858,PMC10704913,10.3389/fmicb.2023.1250806,A toolbox of machine learning software to support microbiome analysis.,"Marcos-Zambrano LJ, López-Molina VM, Bakir-Gungor B, Frohme M, Karaduzovic-Hadziabdic K, Klammsteiner T, Ibrahimi E, Lahti L, Loncar-Turukalo T, Dhamo X, Simeon A, Nechyporenko A, Pio G, Przymus P, Sampri A, Trajkovik V, Lacruz-Pleguezuelos B, Aasmets O, Araujo R, Anagnostopoulos I, Aydemir Ö, Berla",,2023,2023-11-22,Y,MED
Q3_amr_core,2026-09-05,40268958,PMC12018928,10.1038/s41522-025-00703-z,The dynamics of microbiome and virome in migratory birds of southwest China.,"Luo Q, Gao H, Xiang Y, Li J, Dong L, Wang X, Liu F, Guo Y, Shen C, Ding Q, Qin C, Liang G, Wen L.",,2025,2025-04-23,Y,MED
Q3_amr_core,2026-09-05,37736708,PMC10515079,10.1186/s12864-023-09667-w,Harmonization of supervised machine learning practices for efficient source attribution of Listeria monocytogenes based on genomic data.,"Castelli P, De Ruvo A, Bucciacchio A, D'Alterio N, Cammà C, Di Pasquale A, Radomski N.",,2023,2023-09-22,Y,MED
Q3_amr_core,2026-09-05,42041346,PMC13114170,10.3390/antibiotics15040383,Burn Infections and Sepsis: Challenges and Future Prospects of Antibacterial Therapy.,"Dadashizadeh G, Elloso M, Jeschke MG.",,2026,2026-04-09,Y,MED
Q3_amr_core,2026-09-05,40339579,PMC12716064,10.1016/j.cels.2025.101292,Decoding the role of the arginine dihydrolase pathway in shaping human gut community assembly and health-relevant metabolites.,"Liu Y, Cheng YY, Thompson J, Zhou Z, Vivas EI, Warren MF, DuClos JM, Anantharaman K, Rey FE, Venturelli OS.",,2025,2025-05-07,N,MED
Q3_amr_core,2026-09-05,36688698,PMC9927545,10.1128/spectrum.04069-22,Glacier-Fed Stream Biofilms Harbor Diverse Resistomes and Biosynthetic Gene Clusters.,"Busi SB, de Nies L, Pramateftaki P, Bourquin M, Kohler TJ, Ezzat L, Fodelianakis S, Michoud G, Peter H, Styllas M, Tolosano M, De Staercke V, Schön M, Galata V, Wilmes P, Battin T.",,2023,2023-01-23,Y,MED
Q3_amr_core,2026-09-05,39833104,PMC11745545,10.1093/bib/bbaf017,PHPGAT: predicting phage hosts based on multimodal heterogeneous knowledge graph with graph attention network.,"Liu F, Zhao Z, Liu Y.",,2024,2024-11-01,Y,MED
Q3_amr_core,2026-09-05,39670743,PMC11784310,10.1128/jvi.01737-24,Aquatic circoviruses: emerging pathogens in global aquaculture - from discovery to disease management.,"Wang Y, Guo C, He J.",,2025,2024-12-13,Y,MED
Q3_amr_core,2026-09-05,41892443,PMC13024313,10.3390/antibiotics15030281,Revisiting the Fight Against &lt;i&gt;Acinetobacter baumannii&lt;/i&gt;: Emerging Non-Antibiotic Strategies.,"Montini VH, Buso LS, Takata PH, Santos GHM, Gonçalves BC, Endo TH, Santos MHM, Vespero EC, Kobayashi RKT, Nakazato G.",,2026,2026-03-10,Y,MED
Q3_amr_core,2026-09-05,39745975,PMC12873715,10.1126/science.adq0071,Rare germline structural variants increase risk for pediatric solid tumors.,"Gillani R, Collins RL, Crowdis J, Garza A, Jones JK, Walker M, Sanchis-Juan A, Whelan CW, Pierce-Hoffman E, Talkowski ME, Brand H, Haigis K, LoPiccolo J, AlDubayan SH, Gusev A, Crompton BD, Janeway KA, Van Allen EM.",,2025,2025-01-03,N,MED
Q3_amr_core,2026-09-05,,,10.1101/2025.01.20.25320828,Clinical and bacterial determinants of unfavorable tuberculosis treatment outcomes: an observational study in Georgia,"Goig GA, Loiseau C, Maghradze N, Mchedlishvili K, Avaliani T, Tsutsunava A, Brites D, Kalkan S, Borrell S, Aspindzelashvili R, Avaliani Z, Kipiani M, Tukvadze N, Jugheli L, Gagneux S.",,2025,2025-01-21,Y,PPR
Q3_amr_core,2026-09-05,38899839,PMC11348152,10.1002/advs.202404049,"Discovery of Antimicrobial Lysins from the ""Dark Matter"" of Uncharacterized Phages Using Artificial Intelligence.","Zhang Y, Li R, Zou G, Guo Y, Wu R, Zhou Y, Chen H, Zhou R, Lavigne R, Bergen PJ, Li J, Li J.",,2024,2024-06-20,Y,MED
Q3_amr_core,2026-09-05,40901138,PMC12401280,10.1097/ms9.0000000000003684,Zoonoses in the Democratic Republic of Congo: anthrax outbreak in the province of Nord-Kivu has prompted a health alert.,"Ekouo J, Tague C, Yokolo H, Djom L, Makeda D, Basaria AAA, Fatima I, Akilimali A.",,2025,2025-08-01,Y,MED
Q3_amr_core,2026-09-05,42173870,PMC13385381,10.1038/s41467-026-73570-7,DepoCatalog: mapping diversity of 129 recombinantly produced Klebsiella phage depolymerases.,"Otwinowska A, Olejniczak S, Latka A, Pozniak M, Majkowska-Skrobek G, Maciejewska B, Koszucki J, Panicker VR, Jablonska S, Hulsens M, Stender J, Niazi M, Green S, Bugert JJ, Tournebize R, Brouns SJJ, Squeglia F, Berisio R, Hammerl JA, Lavigne R, Briers Y, Mostowy RJ, Drulis-Kawa Z.",,2026,2026-05-22,Y,MED
Q3_amr_core,2026-09-05,39418300,PMC11521287,10.1371/journal.pcbi.1012525,DeepPL: A deep-learning-based tool for the prediction of bacteriophage lifecycle.,"Zhang Y, Mao M, Zhang R, Liao YT, Wu VCH.",,2024,2024-10-17,Y,MED
Q3_amr_core,2026-09-05,41495260,PMC12887009,10.1038/s42003-025-09475-w,Altering chemotaxis as a strategy to enhance the foraging range of motility-restricted bacteria.,"Frederick A, Lopes C, Fulton B, Huang Y, Podicheti R, Rusch D, Minasov G, Shuvalova L, Satchell KJF, Rowe-Magnus DA.",,2026,2026-01-06,Y,MED
Q3_amr_core,2026-09-05,33536291,PMC8218744,10.1128/jcm.01260-20,Applications of Machine Learning to the Problem of Antimicrobial Resistance: an Emerging Model for Translational Research.,"Anahtar MN, Yang JH, Kanjilal S.",,2021,2021-06-18,N,MED
Q3_amr_core,2026-09-05,38940518,PMC11265277,10.1128/msystems.00497-24,Augmenting bacterial similarity measures using a graph-based genome representation.,"Ramanan V, Sarkar IN.",,2024,2024-06-28,Y,MED
Q3_amr_core,2026-09-05,41915265,PMC13095955,10.1007/s11356-026-37644-9,Investigation of cyanobacteria-hosted antibiotic resistance genes in cyanoHAB-impacted drinking water sources.,"Volk A, Mills M, Chae S, Lee J.",,2026,2026-03-31,Y,MED
Q3_amr_core,2026-09-05,41102306,PMC12533011,10.1038/s44298-025-00155-4,Therapeutic potential of Shigella phage SSG23 against Shigella sonnei biofilms and in BALB/c mice.,"Mondal P, Das S, Ramesh A, Sarbajna A, Banerjee S, Bhaumik S, Koley H.",,2025,2025-10-16,Y,MED
Q3_amr_core,2026-09-05,40849622,PMC12374375,10.1186/s12866-025-04257-0,Structural and functional analysis of the accessory gene regulators of Staphylococcus aureus and Staphylococcus epidermidis: an in Silico approach.,"Dey S, Manna T, Guchhait KC, Karmakar M, Jana D, Raul P, Ballav S, Manna M, Hazra S, Panda AK, Ghosh C.",,2025,2025-08-23,Y,MED
Q3_amr_core,2026-09-05,34128695,PMC8269213,10.1128/msystems.00185-21,Predicting Antimicrobial Resistance Using Partial Genome Alignments.,"Aytan-Aktug D, Nguyen M, Clausen PTLC, Stevens RL, Aarestrup FM, Lund O, Davis JJ.",,2021,2021-06-15,Y,MED
Q3_amr_core,2026-09-05,41335158,PMC13405631,10.1097/prs.0000000000012572,Risk Prediction of Multidrug-Resistant Infections in Pediatric Burn Patients with Hospital-Acquired Infections: A Retrospective Cohort Study.,"Sun Z, Li P, Fan C, Huang G.",,2026,2025-12-03,Y,MED
Q3_amr_core,2026-09-05,41030352,PMC12477023,10.3389/fpubh.2025.1589562,"A healthcare-associated outbreak of hepatitis C virus infections attributable to tampering injectable anaesthetic opioids, South Germany, 2017-2018.","Schmidt K, Böhm S, Hesse R, Bock CT, Haller S, Katz K, Ross S, Timm J, Zimmermann R, Niendorf S.",,2025,2025-09-15,Y,MED
Q3_amr_core,2026-09-05,41274878,PMC12749357,10.1038/s41467-025-66497-y,Assembly of the infant gut microbiome and resistome are linked to bacterial strains in mother's milk.,"Ferretti P, Allert M, Johnson KE, Rossi M, Heisel T, Gonia S, Knights D, Fields DA, Albert FW, Demerath EW, Gale CA, Blekhman R.",,2025,2025-11-22,Y,MED
Q3_amr_core,2026-09-05,35163319,PMC8835973,10.3390/ijms23031395,Application and Challenge of 3rd Generation Sequencing for Clinical Bacterial Studies.,"Ben Khedher M, Ghedira K, Rolain JM, Ruimy R, Croce O.",,2022,2022-01-26,Y,MED
Q3_amr_core,2026-09-05,41517875,PMC12859494,10.1016/j.xhgg.2026.100561,Accurate and scalable genome-wide ancestry estimation using haplotype clusters.,Meisner J.,,2026,2026-01-08,Y,MED
Q3_amr_core,2026-09-05,40515809,PMC12169038,10.1080/19490976.2025.2520407,Probiotic-induced enrichment of &lt;i&gt;Adlercreutzia equolifaciens&lt;/i&gt; increases gut microbiome wellness index and maps to lower host blood glucose levels.,"Zhang Z, Yang Z, Lin S, Jiang S, Zhou X, Li J, Lu W, Zhang J.",,2025,2025-06-14,Y,MED
Q3_amr_core,2026-09-05,42543873,PMC13430066,10.1155/tbed/6973879,"Innovations, Applications, and Future Trends in Veterinary Diagnostic Technologies.","Wang J, Peng Q.",,2026,2026-01-01,Y,MED
Q3_amr_core,2026-09-05,33875000,PMC8054416,10.1186/s13073-021-00858-2,A community-driven resource for genomic epidemiology and antimicrobial resistance prediction of Neisseria gonorrhoeae at Pathogenwatch.,"Sánchez-Busó L, Yeats CA, Taylor B, Goater RJ, Underwood A, Abudahab K, Argimón S, Ma KC, Mortimer TD, Golparian D, Cole MJ, Grad YH, Martin I, Raphael BH, Shafer WM, Town K, Wi T, Harris SR, Unemo M, Aanensen DM.",,2021,2021-04-19,Y,MED
Q3_amr_core,2026-09-05,41356485,PMC12675188,10.3389/fmicb.2025.1699893,"Gut microbiota and colorectal cancer: mechanistic insights, diagnostic advances, and microbiome-based therapeutic strategies.","Bai B, Ma J, Xu W, Chen X, Chen X, Lv C, Su W, Li Y, Sun H, Zhang B, Xiang D, Li Z, Wu Y, Sun J, Yin M.",,2025,2025-11-20,Y,MED
Q3_amr_core,2026-09-05,39390673,PMC11585281,10.1093/femsre/fuae025,"Unraveling the genomic diversity of the Pseudomonas putida group: exploring taxonomy, core pangenome, and antibiotic resistance mechanisms.","Udaondo Z, Ramos JL, Abram K.",,2024,2024-11-01,Y,MED
Q3_amr_core,2026-09-05,42393826,PMC13336302,10.1080/19490976.2026.2693365,Early risk stratification of late-onset sepsis in very preterm infants by intestinal microbiota profiling: a multicenter case-control validation study.,"Frerichs NM, de Kroon RR, van Schajik Y, El Manouni El Hassani S, van Wesemael AJ, de Boode WP, Cossey V, Hulzebos CV, van den Akker CHP, Raets MMA, d'Haens EJ, Vijlbrief D, van Weissenbruch MM, de Jonge WJ, de Boer NK, van Goudoever JB, Beggs AD, Quraishi MN, Quraishi MN, Davids M, Mondal S, Acharj",,2026,2026-07-02,Y,MED
Q3_amr_core,2026-09-05,40011297,PMC11865118,10.1007/s11274-025-04292-z,Amphibian skin bacteria contain a wide repertoire of genes linked to their antifungal capacities.,"González-Serrano F, Romero-Contreras YJ, Orta AH, Basanta MD, Morales H, Sandoval García G, Bello-López E, Escobedo-Muñoz AS, Bustamante VH, Ávila-Akerberg V, Cevallos MÁ, Serrano M, Rebollar EA.",,2025,2025-02-27,Y,MED
Q3_amr_core,2026-09-05,35583675,PMC9116207,10.1093/gigascience/giac029,AMR-meta: a k-mer and metafeature approach to classify antimicrobial resistance from high-throughput short-read metagenomics data.,"Marini S, Oliva M, Slizovskiy IB, Das RA, Noyes NR, Kahveci T, Boucher C, Prosperi M.",,2022,2022-05-01,Y,MED
Q3_amr_core,2026-09-05,41981092,PMC13233986,10.1038/s41598-026-46797-z,Plant spatial compartmentalization buffers bacteriome structure and function under antibiotic stress.,"Lenonyane CK, Tsholo K, Molale-Tom LG, Bezuidenhout CC, Olanrewaju OS.",,2026,2026-04-14,Y,MED
Q3_amr_core,2026-09-05,41349548,PMC12788855,10.1146/annurev-immunol-082323-114522,"Harnessing the Microbiome in Cancer Immunotherapy: Regulation, Prediction, and Therapeutic Targeting.","Zarour HM, Trinchieri G.",,2026,2025-12-05,N,MED
Q3_amr_core,2026-09-05,42018084,PMC13236776,10.1007/s10875-026-02023-z,Translating Host-Derived Signals from Cerebrospinal Fluid Metagenomic Sequencing into a Diagnostic Tool for Autoimmune Encephalitis in Children.,"Han D, Pan X, Pan F, Han B, Wu Q, Zhou Y, Liu H, Xu H, Sun W, Cheng H, Liu W, Wan R, Weng W, Zhang H.",,2026,2026-04-22,Y,MED
Q3_amr_core,2026-09-05,41948584,PMC13050961,10.3389/fmed.2026.1793041,"Gut microbiota and sepsis: mechanisms, clinical correlations, and therapeutic prospects.","Yu J, Liu X.",,2026,2026-03-23,Y,MED
Q3_amr_core,2026-09-05,40062866,PMC12039232,10.1128/msphere.01002-24,The complete genome sequence of the crayfish pathogen Candidatus &lt;i&gt;Paracoxiella cheracis&lt;/i&gt; n.g. n.sp. provides insight into pathogenesis and the phylogeny of the Coxiellaceae family.,"Ingle DJ, Walsh CJ, Samuel GR, Wick RR, Davidovich N, Fiocchi E, Judd LM, Elliman J, Owens L, Stinear TP, Basso A, Pretto T, Newton HJ.",,2025,2025-03-10,Y,MED
Q3_amr_core,2026-09-05,40430159,PMC12113168,10.3390/life15050729,"Presence of Coliforms and Reduced Water Quality in the Second Biggest Reservoir in São Paulo, Brazil.","Nascimento A, Fernandes LA, de Biagi CAO, Marcondes MA, Sanabani SS.",,2025,2025-04-30,Y,MED
Q3_amr_core,2026-09-05,38374151,PMC10877763,10.1186/s13073-024-01289-5,Detection of a historic reservoir of bedaquiline/clofazimine resistance-associated variants in Mycobacterium tuberculosis.,"Nimmo C, Ortiz AT, Tan CCS, Pang J, Acman M, Millard J, Padayatchi N, Grant AD, O'Donnell M, Pym A, Brynildsrud OB, Eldholm V, Grandjean L, Didelot X, Balloux F, van Dorp L.",,2024,2024-02-19,Y,MED
Q3_amr_core,2026-09-05,39952999,PMC11828895,10.1038/s41598-025-90154-5,Comparative analysis of Legionella lytica genome identifies specific metabolic traits and virulence factors.,"Koper P, Wysokiński J, Żebracki K, Decewicz P, Dziewit Ł, Kalita M, Palusińska-Szysz M, Mazur A.",,2025,2025-02-14,Y,MED
Q3_amr_core,2026-09-05,40496857,PMC12149121,10.3389/fimmu.2025.1581982,Machine learning-based diagnostic and prognostic models for breast cancer: a new frontier on the clinical application of natural killer cell-related gene signatures in precision medicine.,"Fang Y, Zheng R, Xiao Y, Zhang Q, Liu J, Wu J.",,2025,2025-05-27,Y,MED
Q3_amr_core,2026-09-05,42514992,PMC13414712,10.3390/pathogens15070665,"In Silico Perturbome Analysis Reveals Conserved Genes and Drug-Target Interactions in &lt;i&gt;Pseudomonas aeruginosa&lt;/i&gt;, &lt;i&gt;Escherichia coli&lt;/i&gt;, and &lt;i&gt;Staphylococcus aureus&lt;/i&gt; in the Response to Stress.","Molina-Mora JA, Kant R.",,2026,2026-06-25,Y,MED
Q3_amr_core,2026-09-05,39058033,PMC11351096,10.1128/msphere.00432-24,mSphere of Influence: Predicting the evolution of pathogen populations.,Mortimer TD.,,2024,2024-07-26,Y,MED
Q3_amr_core,2026-09-05,40662129,PMC12256462,10.3389/fbinf.2025.1632189,"Long-read microbial genome assembly, gene prediction and functional annotation: a service of the MIRRI ERIC Italian node.","Contaldo SG, d'Acierno A, Bosio L, Venice F, Perottino EL, Hoyos Rea JE, Varese GC, Cordero F, Beccuti M.",,2025,2025-06-30,Y,MED
Q3_amr_core,2026-09-05,40230672,PMC11993855,10.1016/j.jscai.2025.102567,Role of Artificial Intelligence in Congenital Heart Disease and Interventions.,"Holt DB, El-Bokl A, Stromberg D, Taylor MD.",,2025,2025-03-18,Y,MED
Q3_amr_core,2026-09-05,37081217,PMC10119254,10.1038/s43705-023-00240-w,Swine farm groundwater is a hidden hotspot for antibiotic-resistant pathogenic Acinetobacter.,"Gao FZ, He LY, Chen X, Chen JL, Yi X, He LX, Huang XY, Chen ZY, Bai H, Zhang M, Liu YS, Ying GG.",,2023,2023-04-20,Y,MED
Q3_amr_core,2026-09-05,39483851,PMC11524813,10.3389/fgene.2024.1463474,Genetic marker: a genome mapping tool to decode genetic diversity of livestock animals.,"Panchariya DC, Dutta P, Ananya, Mishra A, Chawade A, Nayee N, Azam S, Gandham RK, Majumdar S, Kushwaha SK.",,2024,2024-10-17,Y,MED
Q3_amr_core,2026-09-05,42016057,PMC13092590,10.1016/j.ese.2026.100698,Positive bacteria-phage interactions drive sulfamethoxazole removal.,"Liu Y, Wei X, Han M, Li B, Lu S, Wu H, Liu X, Wu F.",,2026,2026-04-05,Y,MED
Q3_amr_core,2026-09-05,42239869,PMC13226630,10.3389/fpls.2026.1833614,"Diterpenoids in medicinal plants: structure, distribution, biological activities, biosynthesis, and bioengineering prospects.","Zou X, Cheng Y, Chen X.",,2026,2026-05-19,Y,MED
Q3_amr_core,2026-09-05,42048315,PMC13123978,10.1371/journal.pbio.3003716,Capsular specificity in temperate phages of Klebsiella pneumoniae is driven by diverse receptor-binding enzymes.,"Otwinowska A, Koszucki J, Panicker VR, Leconte J, Olejniczak S, Holt KE, Feil EJ, Rocha EPC, Smug B, Maciejewska B, Drulis-Kawa Z, Mostowy RJ.",,2026,2026-04-28,Y,MED
Q3_amr_core,2026-09-05,40713701,PMC12291355,10.1186/s12985-025-02739-1,Identification and profiling of novel metagenome assembled uncultivated virus genomes from human gut.,"Bhardwaj K, Niharika, Garg A, Jain A, Kumar M, Datt M, Singh V, Vrati S.",,2025,2025-07-25,Y,MED
Q3_amr_core,2026-09-05,39266570,PMC11393347,10.1038/s41522-024-00548-y,Integrating respiratory microbiome and host immune response through machine learning for respiratory tract infection diagnosis.,"Chen H, Qi T, Guo S, Zhang X, Zhan M, Liu S, Yin Y, Guo Y, Zhang Y, Zhao C, Wang X, Wang H.",,2024,2024-09-12,Y,MED
Q3_amr_core,2026-09-05,40678421,PMC12269331,10.3138/jammi.9.s1.abst,2024 Annual Conference Conférence Annuelle.,,,2024,2024-09-01,N,MED
Q3_amr_core,2026-09-05,40469046,PMC12239059,10.1111/joim.20100,The future of healthcare-associated infection surveillance: Automated surveillance and using the potential of artificial intelligence.,"van der Werff SD, van Rooden SM, Henriksson A, Behnke M, Aghdassi SJS, van Mourik MSM, Nauclér P.",,2025,2025-06-05,Y,MED
Q3_amr_core,2026-09-05,35359727,PMC8964132,10.3389/fmicb.2022.811495,Machine Learning and Deep Learning Applications in Metagenomic Taxonomy and Functional Annotation.,"Mathieu A, Leclercq M, Sanabria M, Perin O, Droit A.",,2022,2022-03-14,Y,MED
Q3_amr_core,2026-09-05,40290576,PMC12032627,10.1093/femsmc/xtaf004,Psychrotrophic Antarctic marine bacteria as potential reservoirs for novel antimicrobial genes.,"Hwengwere K, January GG, Howell KL, Peck LS, Upton M, Clark MS.",,2025,2025-04-15,Y,MED
Q3_amr_core,2026-09-05,39929958,PMC11810988,10.1038/s41598-025-89148-0,A novel in silico molecular tool for comprehensive differentiation of Mycobacterium species.,"Diab MK, Soliman THA, Mohamed AM, Elsemman IE.",,2025,2025-02-10,Y,MED
Q3_amr_core,2026-09-05,39359621,PMC11443698,10.1039/d4fb00192c,Resilient sustainable current and emerging technologies for foodborne pathogen detection.,"Bhowmik D, Rickard JJS, Jelinek R, Goldberg Oppenheimer P.",,2025,2024-09-05,Y,MED
Q3_amr_core,2026-09-05,38155176,PMC10754912,10.1038/s41598-023-49880-x,Genome analysis of triple phages that curtails MDR E. coli with ML based host receptor prediction and its evaluation.,"Unnikrishnan VK, Sundaramoorthy NS, Nair VG, Ramaiah KB, Roy JS, Rajendran M, Srinath S, Kumar S, S PS, S SM, Nagarajan S.",,2023,2023-12-27,Y,MED
Q3_amr_core,2026-09-05,40687886,PMC12268253,10.1515/medgen-2025-2024,A clinician's guide to AAV production - How manufacturing platforms shape vector properties.,"Magnus J, Käsbach J.",,2025,2025-07-17,Y,MED
Q3_amr_core,2026-09-05,41044364,PMC12578630,10.1038/s41564-025-02114-4,A generative artificial intelligence approach for the discovery of antimicrobial peptides against multidrug-resistant bacteria.,"Wang Y, Zhao L, Li Z, Xi Y, Pan Y, Zhao G, Zhang L.",,2025,2025-10-03,Y,MED
Q3_amr_core,2026-09-05,40484809,PMC12278808,10.1002/bies.70027,Implications From the Analogous Relationship Between Evolutionary and Learning Processes.,"Leong JCK, Imaizumi M, Innan H, Irie N.",,2025,2025-06-08,Y,MED
Q3_amr_core,2026-09-05,35225687,PMC9045192,10.1128/spectrum.02134-21,Phenotypic and Genotypic Characterization of a Hypervirulent Carbapenem-Resistant Klebsiella pneumoniae ST17-KL38 Clinical Isolate Harboring the Carbapenemase IMP-4.,"He J, Du X, Zeng X, Moran RA, van Schaik W, Zou Q, Yu Y, Zhang J, Hua X.",,2022,2022-02-28,Y,MED
Q3_amr_core,2026-09-05,42179772,PMC13190120,10.12336/bmt.25.00106,An overview of CRISPR-artificial intelligence theranostics: Current and emerging applications.,"Vats P, Baweja B, Saini C, Kushwah AS, Kumar A, Srivastava SK, Nema R.",,2026,2025-10-28,Y,MED
Q3_amr_core,2026-09-05,38203838,PMC10780176,10.3390/ijms25010666,In Silico Safety Assessment of <i>Bacillus</i> Isolated from Polish Bee Pollen and Bee Bread as Novel Probiotic Candidates.,"Bin Hafeez A, Pełka K, Worobo R, Szweda P.",,2024,2024-01-04,Y,MED
Q3_amr_core,2026-09-05,34100643,PMC8579812,10.1128/msystems.01185-20,Whole-Genome Sequencing and Machine Learning Analysis of Staphylococcus aureus from Multiple Heterogeneous Sources in China Reveals Common Genetic Traits of Antimicrobial Resistance.,"Wang W, Baker M, Hu Y, Xu J, Yang D, Maciel-Guerra A, Xue N, Li H, Yan S, Li M, Bai Y, Dong Y, Peng Z, Ma J, Li F, Dottorini T.",,2021,2021-06-08,Y,MED
Q3_amr_core,2026-09-05,40868091,PMC12383788,10.3390/biomedicines13081836,Decoding Immunodeficiencies with Artificial Intelligence: A New Era of Precision Medicine.,"Sciaccotta R, Barone P, Murdaca G, Fazio M, Stagno F, Gangemi S, Genovese S, Allegra A.",,2025,2025-07-28,Y,MED
Q3_amr_core,2026-09-05,36292799,PMC9601318,10.3390/genes13101914,Supervised Machine Learning Enables Geospatial Microbial Provenance.,"Bhattacharya C, Tierney BT, Ryon KA, Bhattacharyya M, Hastings JJA, Basu S, Bhattacharya B, Bagchi D, Mukherjee S, Wang L, Henaff EM, Mason CE.",,2022,2022-10-21,Y,MED
Q3_amr_core,2026-09-05,35004362,PMC8739889,10.3389/fcimb.2021.809560,Lessons Learnt From Using the Machine Learning Random Forest Algorithm to Predict Virulence in <i>Streptococcus pyogenes</i>.,"Buckley SJ, Harvey RJ.",,2021,2021-12-24,Y,MED
Q3_amr_core,2026-09-05,42153323,PMC13184533,10.1093/bib/bbag241,DCVBin: a novel binning method for single-sample metagenomes based on DNA language model and variational autoencoder.,"Wang J, Liu Y, Liu F, Hou T, Chen S, Liu S, Liu Y.",,2026,2026-05-01,Y,MED
Q3_amr_core,2026-09-05,39164246,PMC11335946,10.1038/s41467-024-51371-0,"High-resolution epidemiological landscape from  ~290,000 SARS-CoV-2 genomes from Denmark.","Khurana MP, Curran-Sebastian J, Scheidwasser N, Morgenstern C, Rasmussen M, Fonager J, Stegger M, Tang ME, Juul JL, Escobar-Herrera LA, Møller FT, Danish COVID-19 Genome Consortium (DCGC), Albertsen M, Kraemer MUG, du Plessis L, Jokelainen P, Lehmann S, Krause TG, Ullum H, Duchêne DA, Mortensen LH, ",,2024,2024-08-20,Y,MED
Q3_amr_core,2026-09-05,42535053,PMC13422558,10.3389/fphar.2026.1837576,A comprehensive review on bacterial endophytic secondary metabolites: a road map from crude extract to lead molecule production.,"Biju R, Osborne WJ.",,2026,2026-07-16,Y,MED
Q3_amr_core,2026-09-05,41487832,PMC12757005,10.7759/cureus.98306,Artificial Intelligence in Medicine With Emphasis on Orthopedic Practice.,"Bartkowski J, Zerdka J, Brasse P, Piszka M, Kwapien E, Staszkiewicz K, Kubicka M, Staszkiewicz KK, Czarnecki F.",,2025,2025-12-02,Y,MED
Q3_amr_core,2026-09-05,41940273,PMC13045829,10.1093/cz/zoaf018,Dietary drivers of gut microbiota diversity and function in wildlife of Wolong Nature Reserve: a metagenomic study.,"Huang F, Shi X, Chen P, Hu Q, Zhao Y, Chen Z, Ma W, Tan Q, Feng X, Zhang X.",,2026,2025-04-17,Y,MED
Q3_amr_core,2026-09-05,,PMC13323440,,ECR 2026 Book of Abstracts,,,2026,2026-07-01,Y,PMC
Q3_amr_core,2026-09-05,37173615,PMC10182612,10.1186/s12859-023-05294-0,Improving variant calling using population data and deep learning.,"Chen NC, Kolesnikov A, Goel S, Yun T, Chang PC, Carroll A.",,2023,2023-05-12,Y,MED
Q3_amr_core,2026-09-05,37508427,PMC10376292,10.3390/biology12070997,Next-Generation Sequencing Technology: Current Trends and Advancements.,"Satam H, Joshi K, Mangrolia U, Waghoo S, Zaidi G, Rawool S, Thakare RP, Banday S, Mishra AK, Das G, Malonia SK.",,2023,2023-07-13,Y,MED
Q3_amr_core,2026-09-05,33829127,PMC7993478,10.1186/s42522-020-0010-1,Typing methods based on whole genome sequencing data.,"Uelze L, Grützke J, Borowiak M, Hammerl JA, Juraschek K, Deneke C, Tausch SH, Malorny B.",,2020,2020-02-18,Y,MED
Q3_amr_core,2026-09-05,37697042,PMC13118512,10.1038/s41573-023-00774-7,Artificial intelligence for natural product drug discovery.,"Mullowney MW, Duncan KR, Elsayed SS, Garg N, van der Hooft JJJ, Martin NI, Meijer D, Terlouw BR, Biermann F, Blin K, Durairaj J, Gorostiola González M, Helfrich EJN, Huber F, Leopold-Messer S, Rajan K, de Rond T, van Santen JA, Sorokina M, Balunas MJ, Beniddir MA, van Bergeijk DA, Carroll LM, Clark ",,2023,2023-09-11,N,MED
Q3_amr_core,2026-09-05,41286463,PMC12823428,10.1038/s43587-025-01018-6,Dissecting the genetic and proteomic risk factors for delirium.,"Raptis V, Bhak Y, Cannings TI, MacLullich AMJ, Tenesa A.",,2026,2025-11-24,Y,MED
Q3_amr_core,2026-09-05,42237386,PMC13445885,10.1186/s12967-026-08257-0,Multi-omics biomarkers in endometrial receptivity: from mechanisms to clinical translation.,"Chen X, Feng P, Zhang J, Wu J, Xie Z, Huang J, Yang X, He F, Chen R.",,2026,2026-06-03,Y,MED
Q3_amr_core,2026-09-05,42344668,PMC13287323,10.1111/eva.70285,"Altitude-Associated Divergence of the Gut Microbiome in Endangered Forest Musk Deer: Evidence From Integrated Metagenomics, Metabolomics, and Culturomics.","Huang F, Zhang Z, Zhao Y, Ye S, Gan M, Li X, Zhang Y, Chen L, Zhang Y, Chen L, Wang T, Huang J, Zhang X.",,2026,2026-06-22,Y,MED
Q3_amr_core,2026-09-05,40646897,PMC12249377,10.3390/ani15131998,Genomic Characterization of Four Novel Probiotic Strains with Enzymatic Activity and Their Effects on Carp (&lt;i&gt;Cyprinus carpio&lt;/i&gt;).,"Prazdnova EV, Mazanko MS, Shevchenko VN, Skripnichenko RV, Kulikov MP, Golovko LS, Grigoriev VA, Maltseva TA, Kulikova DB, Rudoy DV.",,2025,2025-07-07,Y,MED
Q3_amr_core,2026-09-05,38896222,PMC12532747,10.1007/s12602-024-10305-4,Genomic and Phenotypic Safety Assessment of Probiotic Bacillus coagulans Strain JBI-YZ6.3.,"Zhang Y, Overbeck TJ, Skebba VLP, Gandhi NN.",,2025,2024-06-19,Y,MED
Q3_amr_core,2026-09-05,42515059,PMC13415183,10.3390/pathogens15070732,Evaluating the Impact of Little Cigar Use on the Oral Bacterial Microbiota of Cigarette Smokers.,"Chattopadhyay S, Malayil L, Mongodin EF, Sapkota AR.",,2026,2026-07-13,Y,MED
Q3_amr_core,2026-09-05,40547796,PMC12179124,10.3389/fmicb.2025.1603986,Application of matrix-assisted laser desorption ionization time-of-flight mass spectrometry in the detection of vancomycin-resistant and-susceptible &lt;i&gt;Enterococcus faecium&lt;/i&gt;.,"He W, Lin X, Chen X, Zeng L, Guo X.",,2025,2025-06-06,Y,MED
Q3_amr_core,2026-09-05,41314617,PMC12971219,10.1016/j.ajt.2025.11.011,"Pharmacokinetics, lineage identity, and trafficking of ex vivo expanded polyclonal regulatory T cells in a prospective randomized clinical trial of kidney transplant recipients with allograft inflammation.","Chandran S, Leung JC, Vu A, Lee K, Fitch M, Esensten JH, Shy BR, Putnam AL, Lares A, Acevedo LA, Nguyen V, Liu W, Armstrong B, Laszik ZG, Mannon RB, Friedewald JJ, Naik A, Davis S, Sarwal M, Hellerstein M, Morsheimer M, Goldstein J, Tang Q, Vincenti FG.",,2026,2025-11-26,N,MED
Q3_amr_core,2026-09-05,37014210,PMC10117122,10.1128/jcm.01049-22,Automatic Discrimination of Species within the Enterobacter cloacae Complex Using Matrix-Assisted Laser Desorption Ionization-Time of Flight Mass Spectrometry and Supervised Algorithms.,"Candela A, Guerrero-López A, Mateos M, Gómez-Asenjo A, Arroyo MJ, Hernandez-García M, Del Campo R, Cercenado E, Cuénod A, Méndez G, Mancera L, Caballero JD, Martínez-García L, Gijón D, Morosini MI, Ruiz-Garbajosa P, Egli A, Cantón R, Muñoz P, Rodríguez-Temporal D, Rodríguez-Sánchez B.",,2023,2023-04-04,N,MED
Q3_amr_core,2026-09-05,41754939,PMC12944148,10.3390/pharmaceutics18020197,Emerging Therapeutic Approaches for Modulating the Intestinal Microbiota.,"Cosimato I, Brescia A, Franci G, Casolaro V, Folliero V.",,2026,2026-02-03,Y,MED
Q3_amr_core,2026-09-05,41657853,PMC12876642,10.1177/30502098251415109,"Gut-Microbiome Interactions: Characterization, Therapeutic Implications and Machine Learning.","Ayivi-Tosuh SM, Dofuor AK, Yamoah JAA, Gayi BK, Aiduenu AF, Akomea A, Anovunga SA, Ekloh W, Basing LA.",,2026,2026-01-01,Y,MED
Q3_amr_core,2026-09-05,40010155,PMC11905850,10.1016/j.ebiom.2025.105611,Speeding up drug susceptibility testing in Mycobacterium tuberculosis using RNA biomarkers.,"Sury A, Maex M, Baulard A, Bhattacharyya RP, Depickère S, Hung DT, Cos P, Sayes F, Frigui W, Brosch R, Mathys V, Streicher EM, De Keersmaeker F, Rigouts L, Ceyssens PJ, Van den Bossche A.",,2025,2025-02-25,Y,MED
Q3_amr_core,2026-09-05,39029061,PMC11398799,10.1097/md.0000000000038917,Identification and validation of potential genes for the diagnosis of sepsis by bioinformatics and 2-sample Mendelian randomization study.,"Xu Z, Li L.",,2024,2024-07-01,Y,MED
Q3_amr_core,2026-09-05,36533931,PMC9872642,10.1128/aac.01072-22,Validation and Application of Long-Read Whole-Genome Sequencing for Antimicrobial Resistance Gene Detection and Antimicrobial Susceptibility Testing.,"Weinmaier T, Conzemius R, Bergman Y, Lewis S, Jacobs EB, Tamma PD, Materna A, Weinberger J, Beisken S, Simner PJ.",,2023,2022-12-19,Y,MED
Q3_amr_core,2026-09-05,41787488,PMC13072651,10.1186/s12931-026-03609-2,A lung microbial signature for postoperative recurrence in stage I-II non-small cell lung cancer.,"Gu C, Qi Y, Xie Y, Yang L, Wang G, Zhou J, Ren J, Liu S, Zhu G, Li W, Hu W, Chen Y, Liu D.",,2026,2026-03-05,Y,MED
Q3_amr_core,2026-09-05,41244692,PMC12615494,10.3389/fmicb.2025.1680478,"Exploring the diagnostic landscape of &lt;i&gt;Mannheimia haemolytica&lt;/i&gt;: technologies, applications, and perspectives.","Wang C, Bai X, Wang J, Ye D, Dou L, Yang Z.",,2025,2025-10-31,Y,MED
Q3_amr_core,2026-09-05,38490991,PMC10943186,10.1038/s41467-024-46486-3,Advancing the scale of synthetic biology via cross-species transfer of cellular functions enabled by iModulon engraftment.,"Choe D, Olson CA, Szubin R, Yang H, Sung J, Feist AM, Palsson BO.",,2024,2024-03-15,Y,MED
Q3_amr_core,2026-09-05,38945961,PMC11297344,10.1038/s12276-024-01262-7,Genome-resolved metagenomics: a game changer for microbiome medicine.,"Kim N, Ma J, Kim W, Kim J, Belenky P, Lee I.",,2024,2024-07-01,Y,MED
Q3_amr_core,2026-09-05,39515333,PMC11705764,10.1016/j.crmeth.2024.100896,Exploring protein natural diversity in environmental microbiomes with DeepMetagenome.,"Li X, Zhang J, Ma D, Fan X, Zheng X, Liu YX.",,2024,2024-11-07,Y,MED
Q3_amr_core,2026-09-05,41543189,PMC12829308,10.3892/mmr.2026.13800,"&lt;p&gt;&lt;i&gt;Klebsiella pneumoniae&lt;/i&gt; and pyogenic liver abscess: Emerging clinical threats, virulence mechanisms and therapeutic strategies (Review)&lt;/p&gt;.","Hasan GM, Mohammad T, Zaidi S, Shamsi A, Sohal SS, Hassan MI.",,2026,2026-01-16,Y,MED
Q3_amr_core,2026-09-05,38630611,PMC11092122,10.1099/mgen.0.001231,Deep learning methods in metagenomics: a review.,"Roy G, Prifti E, Belda E, Zucker JD.",,2024,2024-04-01,Y,MED
Q3_amr_core,2026-09-05,35844400,PMC9280306,10.1016/j.sjbs.2022.02.047,Prediction of antimicrobial minimal inhibitory concentrations for <i>Neisseria gonorrhoeae</i> using machine learning models.,"Yasir M, Karim AM, Malik SK, Bajaffer AA, Azhar EI.",,2022,2022-03-04,Y,MED
Q3_amr_core,2026-09-05,40931195,PMC12583710,10.1038/s44320-025-00140-2,Epigenomic landscape of single vascular cells reflects developmental origin and disease risk loci.,"Weldy CS, Kundu S, Monteiro J, Gu W, Pedroza AJ, Dalal AR, Worssam MD, Li D, Palmisano B, Zhao Q, Sharma D, Nguyen T, Kundu R, Fischbein MP, Engreitz J, Kundaje AB, Cheng PP, Quertermous T.",,2025,2025-09-10,Y,MED
Q3_amr_core,2026-09-05,40579430,PMC12690607,10.1038/s41571-025-01049-3,Ecological management of the microbiota in patients with cancer.,Xavier JB.,,2025,2025-06-27,N,MED
Q3_amr_core,2026-09-05,38193658,PMC10846127,10.1128/spectrum.03065-23,Rapid nanopore sequencing and predictive susceptibility testing of positive blood cultures from intensive care patients with sepsis.,"Harris PNA, Bauer MJ, Lüftinger L, Beisken S, Forde BM, Balch R, Cotta M, Schlapbach L, Raman S, Shekar K, Kruger P, Lipman J, Bialasiewicz S, Coin L, Roberts JA, Paterson DL, Irwin AD.",,2024,2024-01-09,Y,MED
Q3_amr_core,2026-09-05,37908022,PMC10619285,10.1186/s40168-023-01662-3,Microbial hitchhikers harbouring antimicrobial-resistance genes in the riverine plastisphere.,"Zadjelovic V, Wright RJ, Borsetto C, Quartey J, Cairns TN, Langille MGI, Wellington EMH, Christie-Oleza JA.",,2023,2023-11-01,Y,MED
Q3_amr_core,2026-09-05,38545601,PMC10972627,10.1093/femsml/uqae003,Multireceptor phage cocktail against <i>Salmonella enterica</i> to circumvent phage resistance.,"Martinez-Soto CE, McClelland M, Kropinski AM, Lin JT, Khursigara CM, Anany H.",,2024,2024-03-21,Y,MED
Q3_amr_core,2026-09-05,40648038,PMC12252194,10.3390/plants14132029,"Revisiting Traditional Medicinal Plants: Integrating Multiomics, In Vitro Culture, and Elicitation to Unlock Bioactive Potential.","Karalija E, Macanović A, Ibragić S.",,2025,2025-07-02,Y,MED
Q3_amr_core,2026-09-05,41253219,PMC12768921,10.1016/j.virusres.2025.199665,"HMPV-TherResDB: Comprehensive human metapneumovirus (HMPV) database for sequence-structure annotations, vaccine resources, and therapeutics research.","Khan A, Mohammad A, Alshabrmi FM, Alatawi EA, Junaid M, Agouni A.",,2026,2025-11-16,Y,MED
Q3_amr_core,2026-09-05,38921549,PMC11205219,10.3390/md22060238,Functional Genomics of a Collection of Gammaproteobacteria Isolated from Antarctica.,"Giovannini M, Vieri W, Bosi E, Riccardi C, Lo Giudice A, Fani R, Fondi M, Perrin E.",,2024,2024-05-23,Y,MED
Q3_amr_core,2026-09-05,33240317,PMC7677515,10.3389/fgene.2020.563975,Current Trends in Experimental and Computational Approaches to Combat Antimicrobial Resistance.,"Imchen M, Moopantakath J, Kumavath R, Barh D, Tiwari S, Ghosh P, Azevedo V.",,2020,2020-11-06,Y,MED
Q3_amr_core,2026-09-05,41101314,PMC12664884,10.1016/j.crmeth.2025.101204,Using spatial proteomics to enhance cell type assignments in histology images.,"Dayao MT, Mayer AT, Trevino AE, Bar-Joseph Z.",,2025,2025-10-15,Y,MED
Q3_amr_core,2026-09-05,42544285,PMC13429052,10.1093/burnst/tkag019,"Spatiotemporal decoding of skin biology: development, aging, disease, and regeneration.","Ding X, Huang R, Li Y, Xia Z, Ji S.",,2026,2026-02-28,Y,MED
Q3_amr_core,2026-09-05,41146034,PMC12560420,10.1186/s12859-025-06261-7,BioSet2Vec: extraction of k-mer dictionaries from multiple sets of biological sequences via big data technologies.,"Galluzzo Y, Giancarlo R, Rombo SE, Utro F.",,2025,2025-10-27,Y,MED
Q3_amr_core,2026-09-05,40002629,PMC11854428,10.3390/diagnostics15040478,Review of Precision Medicine and Diagnosis of Neonatal Illness.,"ELMeneza S, Agaba N, Fawaz RAES, Abd Elgawad SS.",,2025,2025-02-16,Y,MED
Q3_amr_core,2026-09-05,32085478,PMC7072858,10.3390/ijms21041363,Bioinformatics Approaches to the Understanding of Molecular Mechanisms in Antimicrobial Resistance.,"Van Camp PJ, Haslam DB, Porollo A.",,2020,2020-02-18,Y,MED
Q3_amr_core,2026-09-05,41286070,PMC12669691,10.1038/s42003-025-08899-8,Long-term exposure to polyethylene restructures the multi-kingdom soil microbiota in maize fields.,"Shi Z, Xiong L, Li Z, Shah F, Zhou X, Yuan Q, Ma BL, Wu W.",,2025,2025-11-24,Y,MED
Q3_amr_core,2026-09-05,39747692,PMC11849979,10.1038/s41564-024-01887-4,Metagenomic immunoglobulin sequencing reveals IgA coating of microbial strains in the healthy human gut.,"Olm MR, Spencer SP, Takeuchi T, Silva EL, Sonnenburg JL.",,2025,2025-01-02,N,MED
Q3_amr_core,2026-09-05,39532872,PMC11557862,10.1038/s41467-024-54237-7,Microplastic diversity increases the abundance of antibiotic resistance genes in soil.,"Wang YF, Liu YJ, Fu YM, Xu JY, Zhang TL, Cui HL, Qiao M, Rillig MC, Zhu YG, Zhu D.",,2024,2024-11-12,Y,MED
Q3_amr_core,2026-09-05,36713195,PMC9878453,10.3389/fmicb.2022.1039687,"β-LacFamPred: An online tool for prediction and classification of β-lactamase class, subclass, and family.","Pandey D, Singhal N, Kumar M.",,2022,2023-01-12,Y,MED
Q3_amr_core,2026-09-05,41200883,PMC12599360,10.1080/21505594.2025.2569998,It's time to act: Understanding and combating &lt;i&gt;Vibrio vulnificus&lt;/i&gt;.,"Li C, Li G, Li M.",,2025,2025-11-07,Y,MED
Q3_amr_core,2026-09-05,38376378,PMC10926694,10.1099/mgen.0.001180,Exploring the effects of antimicrobial treatment on the gut and oral microbiomes and resistomes from elderly long-term care facility residents via shotgun DNA sequencing.,"Kitamura N, Kajihara T, Volpiano CG, Naung M, Méric G, Hirabayashi A, Yano H, Yamamoto M, Yoshida F, Kobayashi T, Yamanashi S, Kawamura T, Matsunaga N, Okochi J, Sugai M, Yahara K.",,2024,2024-02-01,Y,MED
Q3_amr_core,2026-09-05,,PMC10672838,,Using Machine Learning to Predict Genes Underlying Differentiation of Multipartite and Unipartite Traits in Bacteria,"Almalki F, Sunuwar J, Azad R.",,2023,2023-11-01,Y,PMC
Q3_amr_core,2026-09-05,39236046,PMC11376582,10.1371/journal.ppat.1012478,New approaches to tackle a rising problem: Large-scale methods to study antifungal resistance.,"Després PC, Shapiro RS, Cuomo CA.",,2024,2024-09-05,Y,MED
Q3_amr_core,2026-09-05,,,10.1101/2024.12.27.24319460,"Deleterious coding variation associated with autism is consistent across populations, as exemplified by admixed Latin American populations","Avila MN, Jung S, Satterstrom FK, Fu JM, Levy T, Sloofman LG, Klei L, Pichardo T, Stevens CR, Cusick CM, Ames JL, Campos GS, Cerros H, Chaskel R, Costa CIS, Cuccaro ML, Lopez AdP, Fernandez M, Ferro E, Galeano L, Girardi ACDES, Griswold AJ, Hernandez LC, Lourenço N, Ludena Y, Nuñez DL, Oyama R, Peña",,2025,2025-01-06,Y,PPR
Q3_amr_core,2026-09-05,41750423,PMC12937238,10.3390/antibiotics15020125,Phage-Based Approaches to Chronic &lt;i&gt;Pseudomonas aeruginosa&lt;/i&gt; Lung Infection in Cystic Fibrosis.,"Hwang W, Yong JH, Lenneman BR, Yonker LM.",,2026,2026-01-27,Y,MED
Q3_amr_core,2026-09-05,41136439,PMC12552423,10.1038/s41467-025-64916-8,LorBin: efficient binning of long-read metagenomes by multiscale adaptive clustering and evaluation.,"Xue W, Liu Z, Zhang Y, Raza W, Li Y, Jiang L, Tao Y, Qian J, Alexandre J, Zhao FJ, Xu Y, Sedlazeck F, Shen Q, Jiang G, Wei Z.",,2025,2025-10-24,Y,MED
Q3_amr_core,2026-09-05,37970066,PMC10646344,10.12688/f1000research.139488.1,Scalable and versatile container-based pipelines for de novo genome assembly and bacterial annotation.,"de Almeida FM, de Campos TA, Pappas GJ.",,2023,2023-09-25,Y,MED
Q3_amr_core,2026-09-05,,,10.1101/2022.08.30.505938,Treatment history shapes the evolution of complex carbapenem-resistant phenotypes in  <i>Klebsiella</i>  spp.,"Rosas NC, Wilksch JJ, Barber J, Li J, Wang Y, Sun Z, Rocker A, Webb C, Perlaza-Jiménez L, Stubenrauch C, Vijaykrishna D, Song J, Taiaroa G, Davies M, Strugnell RA, Bao Q, Zhou T, McDonald MJ, Lithgow T.",,2022,2022-08-30,Y,PPR
Q3_amr_core,2026-09-05,,,10.1101/2022.08.23.22279111,Hierarchical machine learning predicts geographical origin of  <i>Salmonella</i>  within four minutes of sequencing,"Bayliss SC, Locke RK, Jenkins C, Chattaway MA, Dallman TJ, Cowley LA.",,2022,2022-08-25,Y,PPR
Q3_amr_core,2026-09-05,41129223,PMC12582341,10.1073/pnas.2523344122,All the world's a phage.,Hatfull GF.,,2025,2025-10-23,Y,MED
Q3_amr_core,2026-09-05,40076700,PMC11901077,10.3390/ijms26052074,Single-Cell Sequencing: Genomic and Transcriptomic Approaches in Cancer Cell Biology.,"Ortega-Batista A, Jaén-Alvarado Y, Moreno-Labrador D, Gómez N, García G, Guerrero EN.",,2025,2025-02-27,Y,MED
Q3_amr_core,2026-09-05,34402777,PMC8549369,10.1099/mgen.0.000616,"The roles of antimicrobial resistance, phage diversity, isolation source and selection in shaping the genomic architecture of <i>Bacillus anthracis</i>.","Bruce SA, Huang YH, Kamath PL, van Heerden H, Turner WC.",,2021,2021-08-01,Y,MED
Q3_amr_core,2026-09-05,37553611,PMC10410870,10.1186/s40246-023-00522-3,The application of long-read sequencing in clinical settings.,"Oehler JB, Wright H, Stark Z, Mallett AJ, Schmitz U.",,2023,2023-08-08,Y,MED
Q3_amr_core,2026-09-05,39063300,PMC11276190,10.3390/foods13142216,Step-by-Step Metagenomics for Food Microbiome Analysis: A Detailed Review.,"Sadurski J, Polak-Berecka M, Staniszewski A, Waśko A.",,2024,2024-07-14,Y,MED
Q3_amr_core,2026-09-05,41299791,PMC12659065,10.1186/s40168-025-02210-x,Enrichment of vitamin B&lt;sub&gt;12&lt;/sub&gt;-producing Porphyrobacter in the phycosphere microbiome promotes microalgal stress adaptation to antibiotic exposure.,"Cheng Q, Ma J, Yang Y, Ma J, Grossart HP, Xu L, Lin H.",,2025,2025-11-26,Y,MED
Q3_amr_core,2026-09-05,40423871,PMC12109379,10.1002/wsbm.70001,Harnessing Noncanonical Proteins for Next-Generation Drug Discovery and Diagnosis.,"Rajinikanth N, Chauhan R, Prabakaran S.",,2025,2025-05-01,Y,MED
Q3_amr_core,2026-09-05,36470885,PMC9722912,10.1038/s41467-022-34862-w,Impact of international travel and diarrhea on gut microbiome and resistome dynamics.,"Boolchandani M, Blake KS, Tilley DH, Cabada MM, Schwartz DJ, Patel S, Morales ML, Meza R, Soto G, Isidean SD, Porter CK, Simons MP, Dantas G.",,2022,2022-12-05,Y,MED
Q3_amr_core,2026-09-05,36936699,PMC10018568,10.1016/j.sjbs.2023.103604,Antimicrobial resistance in methicillin-resistant staphylococcus aureus.,"Ali Alghamdi B, Al-Johani I, Al-Shamrani JM, Musamed Alshamrani H, Al-Otaibi BG, Almazmomi K, Yusnoraini Yusof N.",,2023,2023-02-28,Y,MED
Q3_amr_core,2026-09-05,41869502,PMC12999319,10.1016/j.ese.2026.100683,Hi-C sequencing deciphers phage and plasmid host networks in wastewater biofilms.,"Wang D, Xu X, Liu L, Wang C, Deng Y, Polz MF, Zhang T.",,2026,2026-03-06,Y,MED
Q3_amr_core,2026-09-05,40467767,PMC12137640,10.1038/s42003-025-08270-x,Dietary microbiota-mediated shifts in gut microbial ecology and pathogen interactions in giant pandas (Ailuropoda melanoleuca).,"Yan Z, Yao Y, Xu Q, He X, Zhou X, Wang H.",,2025,2025-06-05,Y,MED
Q3_amr_core,2026-09-05,,,10.21203/rs.3.rs-3378915/v1,Quantitative measurement of antibiotic resistance in Mycobacterium tuberculosis reveals genetic determinants of resistance and susceptibility in a target gene approach,"Carter J, CRyPTIC Consortium.",,2023,2023-10-02,Y,PPR
Q3_amr_core,2026-09-05,37286882,PMC10337747,10.1093/femsre/fuad030,From genotype to phenotype: computational approaches for inferring microbial traits relevant to the food industry.,"Karlsen ST, Rau MH, Sánchez BJ, Jensen K, Zeidan AA.",,2023,2023-07-01,Y,MED
Q3_amr_core,2026-09-05,39459256,PMC11510244,10.3390/molecules29204889,Recent Progress in Terrestrial Biota Derived Antibacterial Agents for Medical Applications.,"Vladkova TG, Smani Y, Martinov BL, Gospodinova DN.",,2024,2024-10-15,Y,MED
Q3_amr_core,2026-09-05,40860431,PMC12371273,10.1002/imt2.70054,Gut microbiota and tuberculosis.,"Liu Y, Yang L, Meskini M, Goel A, Opperman M, Shyamal SS, Manaithiya A, Xiao M, Ni R, An Y, Zhang M, Tian Y, Zhou S, Ye Z, Zhuang L, Li L, Saraswat I, Kar A, Ali SL, Ullah S, Ali SY, Kaushik S, Tian T, Jiao M, Wang S, Ghisleni G, Armanni A, Fumagalli S, Wang W, Cao C, Carpena M, Prieto MA, Bruno A, ",,2025,2025-06-22,Y,MED
Q3_amr_core,2026-09-05,39767237,PMC11674978,10.3390/diagnostics14242876,From Tradition to Innovation: Diverse Molecular Techniques in the Fight Against Infectious Diseases.,"Alsharksi AN, Sirekbasan S, Gürkök-Tan T, Mustapha A.",,2024,2024-12-21,Y,MED
Q3_amr_core,2026-09-05,39045511,PMC11263920,10.2903/j.efsa.2024.8896,Public health aspects of <i>Vibrio</i> spp. related to the consumption of seafood in the EU.,"EFSA Panel on Biological Hazards (BIOHAZ), Koutsoumanis K, Allende A, Alvarez-Ordóñez A, Bolton D, Bover-Cid S, Chemaly M, De Cesare A, Herman L, Hilbert F, Lindqvist R, Nauta M, Nonno R, Peixe L, Ru G, Simmons M, Skandamis P, Baker-Austin C, Hervio-Heath D, Martinez-Urtaza J, Caro ES, Strauch E, Th",,2024,2024-07-23,Y,MED
Q3_amr_core,2026-09-05,40261713,PMC12165799,10.1172/jci185430,Antimicrobial peptide developed with machine learning sequence optimization targets drug resistant Staphylococcus aureus in mice.,"Mishra B, Basu A, Shehadeh F, Felix L, Kollala SS, Chhonker YS, Naik MT, Dellis C, Zhang L, Ganesan N, Murry DJ, Gu J, Sherman MB, Ausubel FM, Sotiriadis PP, Mylonakis E.",,2025,2025-04-22,Y,MED
Q3_amr_core,2026-09-05,42339261,PMC13284156,10.3389/fdmed.2026.1864810,Advances in oral disease models: a mini-review of developments from 2015 to 2025.,"Huang J, Le-Tran J, Kobayashi NS, Kobayashi Y, Shimizu E.",,2026,2026-06-08,Y,MED
Q3_amr_core,2026-09-05,38934605,PMC11302033,10.1128/spectrum.04157-23,"Comparative genomic analysis of an emerging Pseudomonadaceae member, &lt;i&gt;Thiopseudomonas alkaliphila&lt;/i&gt;.",Burcham ZM.,,2024,2024-06-27,Y,MED
Q3_amr_core,2026-09-05,39286062,PMC7616450,10.1109/access.2024.3427410,Bayesian Calibration to Address the Challenge of Antimicrobial Resistance: A Review.,"Rosato C, Green PL, Harris J, Maskell S, Hope W, Gerada A, Howard A.",,2024,2024-01-01,Y,MED
Q3_amr_core,2026-09-05,36160199,PMC9489834,10.3389/fmicb.2022.787856,Selective sweep sites and SNP dense regions differentiate <i>Mycobacterium bovis</i> isolates across scales.,"Legall N, Salvador LCM.",,2022,2022-09-07,Y,MED
Q3_amr_core,2026-09-05,42514041,PMC13414299,10.3390/microorganisms14071536,Rethinking Vaginal Microbiome Resilience: A Conceptual Multi-Omic Framework.,"Cagle-White B, Carpenter RE, Vincent A, Kominek E, Krouse A.",,2026,2026-07-14,Y,MED
Q3_amr_core,2026-09-05,40664869,PMC12264135,10.1038/s44298-025-00139-4,Highly stable bacteriophages PIN1 and PIN2 have hallmarks of flagellotropic phages but infect immotile bacteria.,"Jati A, Li Y, Mu A, Thung TY, Chen H, Steele J, Lee H, Schittenhelm R, Zhou T, Short FL, Dunstan RA, Lithgow T.",,2025,2025-07-16,Y,MED
Q3_amr_core,2026-09-05,38689099,PMC11955098,10.1038/s41592-024-02262-1,Unveiling microbial diversity: harnessing long-read sequencing technology.,"Agustinho DP, Fu Y, Menon VK, Metcalf GA, Treangen TJ, Sedlazeck FJ.",,2024,2024-04-30,N,MED
Q3_amr_core,2026-09-05,39623067,PMC11726442,10.1038/s41564-024-01857-w,Systematic mapping of antibiotic cross-resistance and collateral sensitivity with chemical genetics.,"Sakenova N, Cacace E, Orakov A, Huber F, Varik V, Kritikos G, Michiels J, Bork P, Cossart P, Goemans CV, Typas A.",,2025,2024-12-02,Y,MED
Q3_amr_core,2026-09-05,38812676,PMC11134195,10.3389/fmicb.2024.1401479,Fighting <i>Salmonella</i> Infantis: bacteriophage-driven cleaning and disinfection strategies for broiler farms.,"Sevilla-Navarro S, Torres-Boncompte J, Garcia-Llorens J, Bernabéu-Gimeno M, Domingo-Calap P, Catalá-Gregori P.",,2024,2024-05-15,Y,MED
Q3_amr_core,2026-09-05,40872508,PMC12389134,10.3390/ph18081115,"Bacteriophage Therapy: Discovery, Development, and FDA Approval Pathways.",Niazi SK.,,2025,2025-07-26,Y,MED
Q3_amr_core,2026-09-05,39303684,PMC11450119,10.1016/j.cell.2024.08.028,Modern microbiology: Embracing complexity through integration across scales.,"Eren AM, Banfield JF.",,2024,2024-09-01,N,MED
Q3_amr_core,2026-09-05,39960880,PMC11897426,10.1093/bioinformatics/btaf075,MOSTPLAS: a self-correction multi-label learning model for plasmid host range prediction.,"Zou W, Ji Y, Guan J, Sun Y.",,2025,2025-03-01,Y,MED
Q3_amr_core,2026-09-05,42254967,PMC13237845,10.1016/j.xinn.2025.101252,Organ-on-a-chip toxicology.,"Yang S, Zhang T, Ge Y, Niu Y, Chen M, Yin L, Pu Y, Chen Z, Gu Z, Liang G.",,2026,2026-01-05,Y,MED
Q3_amr_core,2026-09-05,39508585,PMC11619364,10.1128/spectrum.00104-24,"CRISPR spacers acquired from plasmids primarily target backbone genes, making them valuable for predicting potential hosts and host range.","Androsiuk L, Maane S, Tal S.",,2024,2024-11-07,Y,MED
Q3_amr_core,2026-09-05,40284563,PMC12029801,10.3390/microorganisms13040726,Current Risks and Prevention Strategies Against Vector-Borne Diseases in Cyprus.,"Volkan E, Karanis P.",,2025,2025-03-24,Y,MED
Q3_amr_core,2026-09-05,40201444,PMC11975908,10.3389/fmicb.2025.1556827,"Fecal microbiota transplantation: application scenarios, efficacy prediction, and factors impacting donor-recipient interplay.","Liu Y, Li X, Chen Y, Yao Q, Zhou J, Wang X, Meng Q, Ji J, Yu Z, Chen X.",,2025,2025-03-25,Y,MED
Q3_amr_core,2026-09-05,42204538,PMC13411983,10.1186/s12943-026-02698-3,"The mycobiome, virome and archaeome in gastrointestinal cancers: molecular pathogenesis and therapeutic intervention.","Cheng CH, Wong CC.",,2026,2026-05-28,Y,MED
Q3_amr_core,2026-09-05,38912779,PMC11484176,10.1039/d4np00009a,"Advances, opportunities, and challenges in methods for interrogating the structure activity relationships of natural products.","Ancajas CMF, Oyedele AS, Butt CM, Walker AS.",,2024,2024-10-17,N,MED
Q3_amr_core,2026-09-05,41162169,PMC12603381,10.4014/jmb.2507.07048,Drug Repurposing: An Emerging Strategy in &lt;i&gt;Staphylococcus aureus&lt;/i&gt; Infections.,"Li Y, She P, Liu Y, Guo S, Huang G, Xiao D, Wu Y.",,2025,2025-10-29,Y,MED
Q3_amr_core,2026-09-05,35749579,PMC9629502,10.1093/femsre/fuac031,Genomics and pathotypes of the many faces of Escherichia coli.,"Geurtsen J, de Been M, Weerdenburg E, Zomer A, McNally A, Poolman J.",,2022,2022-11-01,Y,MED
Q3_amr_core,2026-09-05,40297587,PMC12035445,10.3389/fimmu.2025.1543817,Host and bacterial urine proteomics might predict treatment outcomes for immunotherapy in advanced non-small cell lung cancer patients.,"Dora D, Revisnyei P, Pasic A, Galffy G, Dulka E, Mihucz A, Roskó B, Szincsak S, Iliuk A, Weiss GJ, Lohinai Z.",,2025,2025-04-14,Y,MED
Q3_amr_core,2026-09-05,34141134,PMC8181582,10.1016/j.csbj.2021.05.034,Antibiotic resistance: Time of synthesis in a post-genomic age.,"Gil-Gil T, Ochoa-Sánchez LE, Baquero F, Martínez JL.",,2021,2021-05-21,Y,MED
Q3_amr_core,2026-09-05,38765059,PMC11100324,10.1021/acsenvironau.3c00074,Toward Characterizing Environmental Sources of Non-tuberculous Mycobacteria (NTM) at the Species Level: A Tutorial Review of NTM Phylogeny and Phylogenetic Classification.,"Zhang L, Lin TY, Liu WT, Ling F.",,2024,2024-02-23,Y,MED
Q3_amr_core,2026-09-05,35989604,PMC9393560,10.1098/rstb.2021.0231,Deep clustering of bacterial tree images.,"Hayati M, Chindelevitch L, Aanensen D, Colijn C.",,2022,2022-08-22,Y,MED
Q3_amr_core,2026-09-05,41568098,PMC12818121,10.1016/j.csbj.2025.12.033,"Machine learning for drug-target interaction prediction: A comprehensive review of models, challenges, and computational strategies.","Ahmad B, Ouahada K, Hamam H.",,2026,2026-01-07,Y,MED
Q3_amr_core,2026-09-05,35016609,PMC8753810,10.1186/s12864-022-08291-4,A modified decision tree approach to improve the prediction and mutation discovery for drug resistance in Mycobacterium tuberculosis.,"Deelder W, Napier G, Campino S, Palla L, Phelan J, Clark TG.",,2022,2022-01-11,Y,MED
Q3_amr_core,2026-09-05,32636251,PMC7343994,10.1128/mbio.01344-20,Improved Prediction of Bacterial Genotype-Phenotype Associations Using Interpretable Pangenome-Spanning Regressions.,"Lees JA, Mai TT, Galardini M, Wheeler NE, Horsfield ST, Parkhill J, Corander J.",,2020,2020-07-07,Y,MED
Q3_amr_core,2026-09-05,35564242,PMC9100974,10.3390/nano12091534,Application of Nanopore Sequencing in the Detection of Foodborne Microorganisms.,"Zhou Y, Ren M, Zhang P, Jiang D, Yao X, Luo Y, Yang Z, Wang Y.",,2022,2022-05-02,Y,MED
Q3_amr_core,2026-09-05,39232160,PMC11390488,10.1038/s41586-024-07891-2,Global marine microbial diversity and its potential in bioprospecting.,"Chen J, Jia Y, Sun Y, Liu K, Zhou C, Liu C, Li D, Liu G, Zhang C, Yang T, Huang L, Zhuang Y, Wang D, Xu D, Zhong Q, Guo Y, Li A, Seim I, Jiang L, Wang L, Lee SMY, Liu Y, Wang D, Zhang G, Liu S, Wei X, Yue Z, Zheng S, Shen X, Wang S, Qi C, Chen J, Ye C, Zhao F, Wang J, Fan J, Li B, Sun J, Jia X, Xia ",,2024,2024-09-04,Y,MED
Q3_amr_core,2026-09-05,41834868,PMC12980891,10.3389/fmicb.2026.1761712,Neonatal jaundice and the infant gut microbiome: an integrated shotgun metagenomics and bidirectional Mendelian randomization study in Xinjiang.,"Niu M, Pan J, Guo Y, Zhang F, Guan H, Yang X, Li H, Xiong H, Zhang Y, Chen Y.",,2026,2026-02-26,Y,MED
Q3_amr_core,2026-09-05,39942653,PMC11820242,10.3390/molecules30030550,Unlocking Antimicrobial Peptides: In Silico Proteolysis and Artificial Intelligence-Driven Discovery from Cnidarian Omics.,"Barroso RA, Agüero-Chapin G, Sousa R, Marrero-Ponce Y, Antunes A.",,2025,2025-01-25,Y,MED
Q3_amr_core,2026-09-05,38796582,PMC11127937,10.1038/s41598-024-62419-y,Structure-aware machine learning strategies for antimicrobial peptide discovery.,"Aguilera-Puga MDC, Plisson F.",,2024,2024-05-25,Y,MED
Q3_amr_core,2026-09-05,35464852,PMC9024110,10.3389/fgene.2022.858252,Genomic Surveillance of COVID-19 Variants With Language Models and Machine Learning.,"Nagpal S, Pal R, Ashima, Tyagi A, Tripathi S, Nagori A, Ahmad S, Mishra HP, Malhotra R, Kutum R, Sethi T.",,2022,2022-04-08,Y,MED
Q3_amr_core,2026-09-05,37322495,PMC10273728,10.1186/s13073-023-01196-1,ReporTree: a surveillance-oriented tool to strengthen the linkage between pathogen genetic clusters and epidemiological data.,"Mixão V, Pinto M, Sobral D, Di Pasquale A, Gomes JP, Borges V.",,2023,2023-06-15,Y,MED
Q3_amr_core,2026-09-05,41419730,PMC12796348,10.1038/s41467-025-67391-3,"MIDAS: rapid, multiplexed molecular profiling for integrated host-pathogen analysis.","Lim YJ, Asadi Tokmedash M, Allen M, Gruich C, Choi JH, Kim C, Falkowski N, Goldsmith B, Stringer KA, Dickson RP, Bong KW, Min J.",,2025,2025-12-19,Y,MED
Q3_amr_core,2026-09-05,39151562,PMC11388672,10.1016/j.virusres.2024.199450,Metagenome sequence data mining for viral interaction studies: Review on progress and prospects.,"Rahimian M, Panahi B.",,2024,2024-08-21,Y,MED
Q3_amr_core,2026-09-05,41301615,PMC12649535,10.3390/antibiotics14111120,Development of New Antimicrobial Peptides by Directional Selection.,"Grafskaia E, Bobrovsky P, Kharlampieva D, Brovina K, Serebrennikova M, Alieva S, Selezneva O, Bessonova E, Lazarev V, Manuvera V.",,2025,2025-11-06,Y,MED
Q3_amr_core,2026-09-05,41652613,PMC12931040,10.1186/s12951-025-04008-3,"Sustainable nanomaterials for precision dental medicine: green synthesis, therapeutic applications, and future directions.","Wadan AS, Ali MH, Ellakwa DE.",,2026,2026-02-06,Y,MED
Q3_amr_core,2026-09-05,41011444,PMC12472320,10.3390/microorganisms13092113,"The Environmental Lifecycle of Antibiotics and Resistance Genes: Transmission Mechanisms, Challenges, and Control Strategies.","Li Z, Tang J, Wang X, Ma X, Yuan H, Gao C, Guo Q, Guo X, Wan J, Dagot C.",,2025,2025-09-10,Y,MED
Q3_amr_core,2026-09-05,35989608,PMC9393556,10.1098/rstb.2021.0230,Genomic population structures of microbial pathogens.,"Holt KE, Aanensen DM, Achtman M.",,2022,2022-08-22,Y,MED
Q3_amr_core,2026-09-05,38193669,PMC10848759,10.1128/aac.00594-23,Increased mutations in lipopolysaccharide biosynthetic genes cause time-dependent development of phage resistance in <i>Salmonella</i>.,"Yu J, Zhang H, Ju Z, Huang J, Lin C, Wu J, Wu Y, Sun S, Wang H, Hao G, Zhang A.",,2024,2024-01-09,N,MED
Q3_amr_core,2026-09-05,39858636,PMC11765342,10.3390/genes16010089,Genome Sequencing Reveals the Potential of <i>Enterobacter</i> sp. Strain UNJFSC003 for Hydrocarbon Bioremediation.,"Castillo G, Contreras-Liza SE, Arbizu CI, Rodriguez-Grados PM.",,2025,2025-01-16,Y,MED
Q3_amr_core,2026-09-05,35477055,PMC10025686,10.1016/j.gpb.2022.02.007,Microbial Dark Matter: from Discovery to Applications.,"Zha Y, Chong H, Yang P, Ning K.",,2022,2022-04-26,Y,MED
Q3_amr_core,2026-09-05,40175414,PMC11965387,10.1038/s41467-025-58527-6,"Machine learning in point-of-care testing: innovations, challenges, and opportunities.","Han GR, Goncharov A, Eryilmaz M, Ye S, Palanisamy B, Ghosh R, Lisi F, Rogers E, Guzman D, Yigci D, Tasoglu S, Di Carlo D, Goda K, McKendry RA, Ozcan A.",,2025,2025-04-02,Y,MED
Q3_amr_core,2026-09-05,40812589,PMC13131408,10.1016/j.jare.2025.08.017,Microbiome-metabolome generated bile acids gatekeep infliximab efficacy in Crohn's disease by licensing M1 suppression and Treg dominance.,"Liu L, Liang L, Liang H, Wang M, Zhou W, Mai G, Yang C, Chen Y.",,2026,2025-08-12,Y,MED
Q3_amr_core,2026-09-05,34461978,PMC8407037,10.1186/s13073-021-00953-4,GenTB: A user-friendly genome-based predictor for tuberculosis resistance powered by machine learning.,"Gröschel MI, Owens M, Freschi L, Vargas R, Marin MG, Phelan J, Iqbal Z, Dixit A, Farhat MR.",,2021,2021-08-30,Y,MED
Q3_amr_core,2026-09-05,41753560,PMC12942677,10.3390/microorganisms14020273,Experimental Evolution of Pathogenic &lt;i&gt;Candida&lt;/i&gt; spp.: Insights into Adaptive Processes and Evolutionary Dynamics.,"Sousa G, Correia I, Bezerra AR.",,2026,2026-01-24,Y,MED
Q3_amr_core,2026-09-05,39198733,PMC11350952,10.1186/s12864-024-10719-y,Sticking together: independent evolution of biofilm formation in different species of staphylococci has occurred multiple times via different pathways.,"Crossman L, Sims L, Dean R, Felgate H, Calvo TD, Hill C, McNamara I, Webber MA, Wain J.",,2024,2024-08-28,Y,MED
Q3_amr_core,2026-09-05,41526444,PMC12855877,10.1038/s41598-026-35434-4,Immunoinformatics-based design and evaluation of a multi-epitope vaccine against Vibrio fluvialis.,"Naveed M, Husnain M, Aziz T, Qadir P, Asim M, Majeed MN, Aloufi AS, Shami A, Alwethynani MS, Tombozara N.",,2026,2026-01-13,Y,MED
Q3_amr_core,2026-09-05,38685074,PMC11057073,10.1186/s40793-024-00569-2,Microbial communities colonising plastics during transition from the wastewater treatment plant to marine waters.,"Tulloch CL, Bargiela R, Williams GB, Chernikova TN, Cotterell BM, Wellington EMH, Christie-Oleza J, Thomas DN, Jones DL, Golyshin PN.",,2024,2024-04-29,Y,MED
Q3_amr_core,2026-09-05,42199501,PMC13199312,10.3389/fped.2026.1758098,"Systems perspectives on pediatric otitis media: environmental exposures, genetic susceptibility, and biomarker-guided interventions.","Yu Y, Yuan R, Zhang J, Wang L, Guo T, Shen H, Xie H.",,2026,2026-05-11,Y,MED
Q3_amr_core,2026-09-05,41692701,PMC12907032,10.1111/1758-2229.70301,Extreme Salinity Change Governs Microbial Community Assembly and Interactions.,"Keneally C, Gaget V, Chilton D, Dornan TN, Hensel J, Keneally AE, Kidd SP, Brookes JD.",,2026,2026-02-01,Y,MED
Q3_amr_core,2026-09-05,39112476,PMC11306580,10.1038/s41467-024-51095-1,"Genetic determinants and phenotypic consequences of blood T-cell proportions in 207,000 diverse individuals.","Poisner H, Faucon A, Cox N, Bick AG.",,2024,2024-08-07,Y,MED
Q3_amr_core,2026-09-05,36140733,PMC9498426,10.3390/genes13091566,Next Generation and Other Sequencing Technologies in Diagnostic Microbiology and Infectious Diseases.,"Hilt EE, Ferrieri P.",,2022,2022-08-31,Y,MED
Q3_amr_core,2026-09-05,37780376,PMC10538299,10.7717/peerj.16161,Classification and prediction of <i>Klebsiella pneumoniae</i> strains with different MLST allelic profiles <i>via</i> SERS spectral analysis.,"Zhang LY, Tian B, Huang YH, Gu B, Ju P, Luo Y, Tang J, Wang L.",,2023,2023-09-25,Y,MED
Q3_amr_core,2026-09-05,40788178,PMC12337757,10.1002/vms3.70557,"Brucellosis in Marine Mammals: Meta-Analysis of Prevalence, Infection Patterns, Host Specificity and Zoonotic Potential.","Tonu NS, Hossain A, Islam S, Debnath BK.",,2025,2025-09-01,Y,MED
Q3_amr_core,2026-09-05,38840832,PMC11152613,10.1016/j.csbj.2024.05.025,A survey of k-mer methods and applications in bioinformatics.,"Moeckel C, Mareboina M, Konnaris MA, Chan CSY, Mouratidis I, Montgomery A, Chantzi N, Pavlopoulos GA, Georgakopoulos-Soares I.",,2024,2024-05-21,Y,MED
Q3_amr_core,2026-09-05,38862735,PMC11310081,10.1038/s41551-024-01201-x,Deep-learning-enabled antibiotic discovery through molecular de-extinction.,"Wan F, Torres MDT, Peng J, de la Fuente-Nunez C.",,2024,2024-06-11,Y,MED
Q3_amr_core,2026-09-05,39742298,PMC11683478,10.1002/imt2.244,Bioprospecting of culturable marine biofilm bacteria for novel antimicrobial peptides.,"Fan S, Qin P, Lu J, Wang S, Zhang J, Wang Y, Cheng A, Cao Y, Ding W, Zhang W.",,2024,2024-10-17,Y,MED
Q3_amr_core,2026-09-05,37856515,PMC10586675,10.1371/journal.pone.0293169,Importance of mobile genetic elements for dissemination of antimicrobial resistance in metagenomic sewage samples across the world.,"Johansson MHK, Aarestrup FM, Petersen TN.",,2023,2023-10-19,Y,MED
Q3_amr_core,2026-09-05,42014413,PMC13284204,10.1038/s41522-026-00972-2,The microbial metabolome: remodeling the therapeutic landscape in hematologic malignancies.,"Zhang L, Soleimani Samarkhazan H, Almajidi Y, Gafarov R.",,2026,2026-04-21,Y,MED
Q3_amr_core,2026-09-05,40943575,PMC12429217,10.3390/ijms26178658,"The Gut Microbiome and Epigenomic Reprogramming: Mechanisms, Interactions, and Implications for Human Health and Disease.","Rubas NC, Torres A, Maunakea AK.",,2025,2025-09-05,Y,MED
Q3_amr_core,2026-09-05,37914524,PMC10802102,10.24272/j.issn.2095-8137.2023.246,Design methods for antimicrobial peptides with improved performance.,"Mwangi J, Kamau PM, Thuku RC, Lai R.",,2023,2023-11-01,Y,MED
Q3_amr_core,2026-09-05,40488463,PMC12211041,10.1128/spectrum.03422-24,Cycloserine resistance among drug-resistant tuberculosis cases in Taiwan.,"Wu S-H, Liu H-Y, Liu K-H, Hsiao H-C, Jou R.",,2025,2025-06-09,Y,MED
Q3_amr_core,2026-09-05,40641871,PMC12241168,10.3389/fmicb.2025.1618177,Multi-omics decodes host-specific and environmental microbiome interactions in sepsis.,"Lu J, Zhang W, He Y, Jiang M, Liu Z, Zhang J, Zheng L, Zhou B, Luo J, He C, Shan Y, Zhang R, Fan K, Fang B, Wan C.",,2025,2025-06-26,Y,MED
Q3_amr_core,2026-09-05,41028902,PMC12484599,10.1038/s44298-025-00150-9,Unlocking the genomic repertoire of a cultivated megaphage.,"Buchan A, Wiedman S, Lambirth K, Bellanger-Perry M, Figueroa JL, Wright ET, Suresh PS, Zhang Q, Thomas JA, Serwer P, White RA.",,2025,2025-09-30,Y,MED
Q3_amr_core,2026-09-05,35164570,PMC8844930,10.1128/mbio.03796-21,"Genome Informatics and Machine Learning-Based Identification of Antimicrobial Resistance-Encoding Features and Virulence Attributes in Escherichia coli Genomes Representing Globally Prevalent Lineages, Including High-Risk Clonal Complexes.","Shaik S, Singh A, Suresh A, Ahmed N.",,2021,2021-02-01,Y,MED
Q3_amr_core,2026-09-05,41128541,PMC12625702,10.1128/msystems.00956-25,Metabolic activity and survival strategies of thermophilic microbiomes during hyperthermophilic composting.,"Liu C, He Y, Zhang H, Zhang D, Ai C, Tang X, Yang Q, Yu Z, Tan S, Friman V-P, Liao H, Zhou S.",,2025,2025-10-23,Y,MED
Q3_amr_core,2026-09-05,35663900,PMC9159295,10.3389/fmicb.2022.914978,Editorial: New Insights Into the Transmission Dynamics and Control of Antimicrobial Resistance to Last-Resort Antibiotics.,"Ling Z, Wang S.",,2022,2022-05-18,Y,MED
Q3_amr_core,2026-09-05,41567175,PMC12817486,10.1155/jdr/2719491,A Review of Emerging Biomarkers Connecting Diabetes and Ischemic Stroke: Implications for Early Detection and Risk Stratification.,"Hussain N, Ramadan A, Al Haddad AHI, Alfahl Z.",,2026,2026-01-20,Y,MED
Q3_amr_core,2026-09-05,37823611,PMC10681720,10.1093/nar/gkad821,The landscape of human SVA retrotransposons.,"Chu C, Lin EW, Tran A, Jin H, Ho NI, Veit A, Cortes-Ciriano I, Burns KH, Ting DT, Park PJ.",,2023,2023-11-01,Y,MED
Q3_amr_core,2026-09-05,41141382,PMC12549375,10.1016/j.btre.2025.e00931,Benchmarking long-read assembly tools and preprocessing strategies for bacterial genomes: A case study on &lt;i&gt;E. coli&lt;/i&gt; DH5α.,"Kumar MS, Krishna MB, Soman KP, Stanley J, Pourmand N, Suravajhala P, Babu TGS.",,2025,2025-10-09,Y,MED
Q3_amr_core,2026-09-05,37630467,PMC10458625,10.3390/microorganisms11081907,"Old Folks, Bad Boon: Antimicrobial Resistance in the Infant Gut Microbiome.","Saturio S, Rey A, Samarra A, Collado MC, Suárez M, Mantecón L, Solís G, Gueimonde M, Arboleya S.",,2023,2023-07-27,Y,MED
Q3_amr_core,2026-09-05,42232081,PMC13223098,10.3389/fbioe.2026.1805294,"Infectious bacteria as biological warfare agents: mechanisms, epidemiological threats, and defense strategies.","Shah K, Khan MI, Guo Y, Adnan M, Wu H.",,2026,2026-05-18,Y,MED
Q3_amr_core,2026-09-05,36748573,PMC9973847,10.1099/mgen.0.000925,Using a combination of short- and long-read sequencing to investigate the diversity in plasmid- and chromosomally encoded extended-spectrum beta-lactamases (ESBLs) in clinical <i>Shigella</i> and <i>Salmonella</i> isolates in Belgium.,"Berbers B, Vanneste K, Roosens NHCJ, Marchal K, Ceyssens PJ, De Keersmaecker SCJ.",,2023,2023-01-01,Y,MED
Q3_amr_core,2026-09-05,42306529,PMC13265335,10.3389/fcimb.2026.1846657,Risk prediction of carbapenem-resistant &lt;i&gt;Pseudomonas aeruginosa&lt;/i&gt; infection in children.,"Qin L, Wei X, Xue M, Chen J, Lin X, Ma X.",,2026,2026-06-01,Y,MED
Q3_amr_core,2026-09-05,41263569,PMC12772321,10.1128/spectrum.02975-25,Impact of carbapenem-resistant &lt;i&gt;Klebsiella pneumoniae&lt;/i&gt; infection on gut microbiota and host immunity: a case-control study.,"Ding W, Ling Z, Liu X, Zhang J, Cheng Y, Zhu Z, Wu L, Xu X, Gao Y, Hu X.",,2026,2025-11-20,Y,MED
Q3_amr_core,2026-09-05,41263575,PMC12713409,10.1128/mmbr.00278-24,Beyond antibiotic resistance: evidence for resistance-nodulation-division (RND) efflux pumps as virulence determinants.,"Detweiler CS, Alav I.",,2025,2025-11-20,N,MED
Q3_amr_core,2026-09-05,39770605,PMC11677538,10.3390/microorganisms12122402,Genomic Insights into &lt;i&gt;Stutzerimonas kunmingensis&lt;/i&gt; TFRC-KFRI-1 Isolated from Manila Clam (&lt;i&gt;Ruditapes philippinarum&lt;/i&gt;): Functional and Phylogenetic Analysis.,"Lee M, Yi S, Choi J, Park Y, Lim C, Kim Y.",,2024,2024-11-23,Y,MED
Q3_amr_core,2026-09-05,33519755,PMC7840696,10.3389/fmicb.2020.607842,Integrative Analysis of Whole Genome Sequencing and Phenotypic Resistance Toward Prediction of Trimethoprim-Sulfamethoxazole Resistance in <i>Staphylococcus aureus</i>.,"Nurjadi D, Zizmann E, Chanthalangsy Q, Heeg K, Boutin S.",,2020,2021-01-14,Y,MED
Q3_amr_core,2026-09-05,41593501,PMC12924265,10.1186/s12865-026-00806-y,"Phylogeny-guided multi-epitope vaccine design targeting conserved and divergent regions of Brucella OMP2, OMP25, and OMP31: an immunoinformatics study.","Doostmohammadi A, Samimi Hashjin A, Shahbazi B, Ahmadi K, Rostamian M, Majidian M, Madanchi H.",,2026,2026-01-28,Y,MED
Q3_amr_core,2026-09-05,41162595,PMC12572204,10.1038/s41598-025-21722-y,Metagenomic next-generation sequencing reveals respiratory flora distribution in COVID-19.,"Wang C, Yang S, Liu Q, Liu H, Wang H, Ma S, Li J, Cui L.",,2025,2025-10-29,Y,MED
Q3_amr_core,2026-09-05,42422733,PMC13344493,10.3389/fmicb.2026.1848796,Convergent GenX biodegradation by genomically designed and functionally screened synthetic bacterial consortia.,"De la Vega-Camarillo E, Arreola-Vargas J, Mathur SK, Singla R, Shankar S, Klemasevich C, Antony-Babu S, Shim WB.",,2026,2026-06-24,Y,MED
Q3_amr_core,2026-09-05,35098917,PMC8914353,10.1099/mgen.0.000757,"Applied Bioinformatics and Public Health Microbiology: challenges, discoveries and innovations during a pandemic.","Cunningham-Oakes E, Trivett H.",,2022,2022-01-01,Y,MED
Q3_amr_core,2026-09-05,40503882,PMC12239599,10.1128/mbio.01231-25,"Two novel Patescibacteria: &lt;i&gt;Phycocordibacter aenigmaticus&lt;/i&gt; gen. nov. sp. nov. and &lt;i&gt;Minusculum obligatum&lt;/i&gt; gen. nov. sp. nov., both associated with microalgae optimized for carbon dioxide sequestration from flue gas.","Jonas L, Lee Y-Y, Bachvaroff T, Hill RT, Li Y.",,2025,2025-06-12,Y,MED
Q3_amr_core,2026-09-05,40979393,PMC12443109,10.3389/fdsfr.2024.1356405,Artificial intelligence for optimizing benefits and minimizing risks of pharmacological therapies: challenges and opportunities.,"Crisafulli S, Ciccimarra F, Bellitto C, Carollo M, Carrara E, Stagi L, Triola R, Capuano A, Chiamulera C, Moretti U, Santoro E, Tozzi AE, Recchia G, Trifirò G.",,2024,2024-03-18,Y,MED
Q3_amr_core,2026-09-05,40727271,PMC12302508,10.3389/fvets.2025.1628457,Multi-omics insights into Chinese herbal medicine additives for mutton flavor enhancement: epigenetic and microbial mechanisms.,"Quan K, Shi H, Han H, Liu K, Cui Q, Wang H, Jin M, Sun W, Wei C, Jiang Y, Li J.",,2025,2025-07-14,Y,MED
Q3_amr_core,2026-09-05,41359036,PMC12807729,10.1093/nar/gkaf1172,"Database resources of the National Genomics Data Center, China National Center for Bioinformation in 2026.","CNCB–NGDC Members and Partners
.",,2026,2026-01-01,Y,MED
Q3_amr_core,2026-09-05,38628245,PMC11020249,10.2147/idr.s457308,Identification of <i>Mycobacterium tuberculosis</i> Resistance to Common Antibiotics: An Overview of Current Methods and Techniques.,"Xiong XS, Zhang XD, Yan JW, Huang TT, Liu ZZ, Li ZK, Wang L, Li F.",,2024,2024-04-12,Y,MED
Q3_amr_core,2026-09-05,40548716,PMC12326980,10.1128/aac.01918-24,Active site loops of membrane-anchored metallo-β-lactamases from environmental bacteria determine cephalosporinase activity.,"Carnevale MC, Palacios AR, Hinchliffe P, Delmonti J, Drusin SI, Moreno DM, Bonomo RA, Spencer J, Vila AJ.",,2025,2025-06-23,Y,MED
Q3_amr_core,2026-09-05,39404010,PMC11523124,10.1093/molbev/msae209,Machine Learning Reveals the Diversity of Human 3D Chromatin Contact Patterns.,"Gilbertson EN, Brand CM, McArthur E, Rinker DC, Kuang S, Pollard KS, Capra JA.",,2024,2024-10-01,Y,MED
Q3_amr_core,2026-09-05,41542075,PMC12800368,10.1016/j.csbj.2025.10.047,MethylomeMiner: A novel tool for high-resolution analysis of bacterial methylation patterns from nanopore sequencing.,"Jakubickova M, Sabatova K, Zbudilova M, Bezdicek M, Lengerova M, Vitkova H.",,2025,2025-10-24,Y,MED
Q3_amr_core,2026-09-05,38721585,PMC11076269,10.1016/j.csbj.2024.04.058,A mini-review on perturbation modelling across single-cell omic modalities.,"Gavriilidis GI, Vasileiou V, Orfanou A, Ishaque N, Psomopoulos F.",,2024,2024-04-25,Y,MED
Q3_amr_core,2026-09-05,41227463,PMC12609278,10.3390/ani15213132,"Technologies in Biomarker Discovery for Animal Diseases: Mechanisms, Classification, and Diagnostic Applications.","Eman S, Mohai Ud Din R, Zafar MH, Zhang M, Wen X, Ma J, Saleh AA, Husien HM, Wang M, Guo X.",,2025,2025-10-29,Y,MED
Q3_amr_core,2026-09-05,34504303,PMC8429579,10.1038/s42003-021-02586-0,Accelerating antibiotic discovery through artificial intelligence.,"Melo MCR, Maasch JRMA, de la Fuente-Nunez C.",,2021,2021-09-09,Y,MED
Q3_amr_core,2026-09-05,41912535,PMC13194674,10.1038/s41467-026-71206-4,Deep homology and design of proteasome chaperone proteins in Candidozyma auris.,"Rapala JR, Siddiq M, Wittkopp PJ, O'Meara MJ, O'Meara TR.",,2026,2026-03-30,Y,MED
Q3_amr_core,2026-09-05,40944356,PMC12599244,10.1042/bst20253080,Structural and evolutionary insights into understudied bacterial serine-threonine pseudokinase families.,"O'Boyle B, Bhowmik DR, Eyers PA, Byrne DP, Kannan N.",,2025,2025-10-01,Y,MED
Q3_amr_core,2026-09-05,39077042,PMC11262289,10.1016/j.soh.2023.100045,Innovative applications of artificial intelligence in zoonotic disease management.,"Guo W, Lv C, Guo M, Zhao Q, Yin X, Zhang L.",,2023,2023-11-03,Y,MED
Q3_amr_core,2026-09-05,42072390,PMC13113533,10.3390/biomedicines14040849,A Longitudinal Exploratory Study of SARS-CoV-2 Antibody Dynamics in Young Adults in Bogotá: Lessons from Natural Infection and Post-Vaccination Memory.,"Naranjo-Ortíz MF, Parada-Rubio L, Fuentes-Montoya J, Poveda JCV, Torres-Suarez FE, Martínez-Díaz HC, Ortiz LDA, Velosa-Porras J, Jaramillo L, Castillo JA, Jaime J, Roa NS, Corredor-Figueroa AP.",,2026,2026-04-08,Y,MED
Q3_amr_core,2026-09-05,38282738,PMC10810988,10.3389/fmicb.2023.1331233,ProkBERT family: genomic language models for microbiome applications.,"Ligeti B, Szepesi-Nagy I, Bodnár B, Ligeti-Nagy N, Juhász J.",,2023,2024-01-12,Y,MED
Q3_amr_core,2026-09-05,39101574,PMC11299111,10.1093/gbe/evae160,Lessons from Extremophiles: Functional Adaptations and Genomic Innovations across the Eukaryotic Tree of Life.,"Rappaport HB, Oliverio AM.",,2024,2024-08-01,Y,MED
Q3_amr_core,2026-09-05,37052589,PMC10210962,10.1099/mgen.0.000981,Single nucleotide variants in <i>Pseudomonas aeruginosa</i> populations from sputum correlate with baseline lung function and predict disease progression in individuals with cystic fibrosis.,"Saber MM, Donner J, Levade I, Acosta N, Parkins MD, Boyle B, Levesque RC, Nguyen D, Shapiro BJ.",,2023,2023-04-01,Y,MED
Q3_amr_core,2026-09-05,39386776,PMC11462253,10.1016/j.heliyon.2024.e38079,Unveiling mechanisms of antimicrobial peptide: Actions beyond the membranes disruption.,"K R G, Balenahalli Narasingappa R, Vishnu Vyas G.",,2024,2024-09-20,Y,MED
Q3_amr_core,2026-09-05,39172750,PMC11385596,10.1093/molbev/msae177,"Insertions and Deletions: Computational Methods, Evolutionary Dynamics, and Biological Applications.","Redelings BD, Holmes I, Lunter G, Pupko T, Anisimova M.",,2024,2024-09-01,Y,MED
Q3_amr_core,2026-09-05,38792818,PMC11123702,10.3390/microorganisms12050988,"Forensic Microbiology: When, Where and How.","Nodari R, Arghittu M, Bailo P, Cattaneo C, Creti R, D'Aleo F, Saegeman V, Franceschetti L, Novati S, Fernández-Rodríguez A, Verzeletti A, Farina C, Bandi C, ESCMID Study Group of Forensic and Post-Mortem Microbiology (ESGFOR) and the AMCLI Forensic Microbiology Study Group (GLAMIFO).",,2024,2024-05-14,Y,MED
Q3_amr_core,2026-09-05,34758735,PMC8579557,10.1186/s12859-021-04459-z,PangenomeNet: a pan-genome-based network reveals functional modules on antimicrobial resistome for Escherichia coli strains.,"Her HL, Lin PT, Wu YW.",,2021,2021-11-10,Y,MED
Q3_amr_core,2026-09-05,41882358,PMC13083265,10.1038/s41586-026-10264-6,Androgen activity in the male embryonic hindbrain drives lethal PFA ependymoma.,"Zhang J, Ong W, Rasnitsyn A, Gonzalez RD, Lopez Gutierrez R, Balin P, Saadeldin A, Wu X, Vladoiu MC, Santa-Maria Lopez V, Gonzalez-Salinas F, Yadav N, Mohanakrishnan D, Boosi Narayana Rao K, Mooli RGR, Najem H, Pacheco S, Kharas K, Richman C, Przelicki D, Wang EY, Su H, Curry RN, Yang R, Kameda-Smit",,2026,2026-03-25,Y,MED
Q3_amr_core,2026-09-05,32048461,PMC7059009,10.15252/emmm.201910264,Predicting antimicrobial resistance in Pseudomonas aeruginosa with machine learning-enabled molecular diagnostics.,"Khaledi A, Weimann A, Schniederjans M, Asgari E, Kuo TH, Oliver A, Cabot G, Kola A, Gastmeier P, Hogardt M, Jonas D, Mofrad MR, Bremges A, McHardy AC, Häussler S.",,2020,2020-02-12,Y,MED
Q3_amr_core,2026-09-05,38809084,PMC11332340,10.1128/mmbr.00170-22,CRISPRi functional genomics in bacteria and its application to medical and industrial research.,"Enright AL, Heelan WJ, Ward RD, Peters JM.",,2024,2024-05-29,N,MED
Q3_amr_core,2026-09-05,35756053,PMC9226621,10.3389/fmicb.2022.804627,One Day in Denmark: Comparison of Phenotypic and Genotypic Antimicrobial Susceptibility Testing in Bacterial Isolates From Clinical Settings.,"Rebelo AR, Bortolaia V, Leekitcharoenphon P, Hansen DS, Nielsen HL, Ellermann-Eriksen S, Kemp M, Røder BL, Frimodt-Møller N, Søndergaard TS, Coia JE, Østergaard C, Westh H, Aarestrup FM.",,2022,2022-06-10,Y,MED
Q3_amr_core,2026-09-05,41770016,PMC13042306,10.1093/gigascience/giag024,HYMET: a hybrid metagenomic pipeline for accurate and efficient taxonomic classification.,"Silva JM, Martins I, Almeida JR.",,2026,2026-01-01,Y,MED
Q3_amr_core,2026-09-05,39259188,PMC11453101,10.1093/ismejo/wrae169,Protist predation promotes antimicrobial resistance spread through antagonistic microbiome interactions.,"Liu C, Wang Y, Zhou Z, Wang S, Wei Z, Ravanbakhsh M, Shen Q, Xiong W, Kowalchuk GA, Jousset A.",,2024,2024-01-01,Y,MED
Q3_amr_core,2026-09-05,38704577,PMC11070108,10.1186/s12941-024-00689-0,Genomic epidemiology reveals multiple mechanisms of linezolid resistance in clinical enterococci in China.,"Wang Z, Liu D, Zhang J, Liu L, Zhang Z, Liu C, Hu S, Wu L, He Z, Sun H.",,2024,2024-05-04,Y,MED
Q3_amr_core,2026-09-05,33727393,PMC8546970,10.1128/msystems.00177-21,Patient and Microbial Genomic Factors Associated with Carbapenem-Resistant Klebsiella pneumoniae Extraintestinal Colonization and Infection.,"Lapp Z, Han JH, Wiens J, Goldstein EJC, Lautenbach E, Snitkin ES.",,2021,2021-03-16,Y,MED
Q3_amr_core,2026-09-05,38357663,PMC10865408,10.1016/j.isci.2024.109025,Integrative analysis of multimodal patient data identifies personalized predictors of tuberculosis treatment prognosis.,"Sambarey A, Smith K, Chung C, Arora HS, Yang Z, Agarwal PP, Chandrasekaran S.",,2024,2024-01-29,Y,MED
Q3_amr_core,2026-09-05,40128535,PMC11933696,10.1038/s41467-025-57957-6,Benchmarking metagenomic binning tools on real datasets across sequencing platforms and binning modes.,"Han H, Wang Z, Zhu S.",,2025,2025-03-24,Y,MED
Q3_amr_core,2026-09-05,40027489,PMC11865343,10.1002/imt2.70001,EasyMetagenome: A user-friendly and flexible pipeline for shotgun metagenomic analysis in microbiome research.,"Bai D, Chen T, Xun J, Ma C, Luo H, Yang H, Cao C, Cao X, Cui J, Deng YP, Deng Z, Dong W, Dong W, Du J, Fang Q, Fang W, Fang Y, Fu F, Fu M, Fu YT, Gao H, Ge J, Gong Q, Gu L, Guo P, Guo Y, Hai T, Liu H, He J, He ZY, Hou H, Huang C, Ji S, Jiang C, Jiang GL, Jiang L, Jin LN, Kan Y, Kang D, Kou J, Lam KL",,2025,2025-02-14,Y,MED
Q3_amr_core,2026-09-05,41752837,PMC12941721,10.3390/life16020199,"Synthetic Integration of an FCS into Coronaviruses-Hype or an Unresolved Biorisk? An Integrative Analysis of DNA Repair, Cancer Research, Drug Development, and Escape Mutant Traits.",Mueller S.,,2026,2026-01-25,Y,MED
Q3_amr_core,2026-09-05,40055373,PMC11889249,10.1038/s41525-025-00479-3,Discovery of ancestry-specific variants associated with clopidogrel response among Caribbean Hispanics.,"Yang G, González P, Moneró M, Carrasquillo K, Renta JY, Hernandez-Suarez DF, Botton MR, Melin K, Scott SA, Ruaño G, Roche-Lima A, Alarcon C, Ritchie MD, Perera MA, Duconge J.",,2025,2025-03-07,Y,MED
Q3_amr_core,2026-09-05,42049755,PMC13332234,10.1038/s41467-026-72028-0,V- and V&lt;sub&gt;L&lt;/sub&gt;-scores unveil viral signatures and origins of protein families.,"Zhou K, Kosmopoulos JC, Colón ED, Badciong PJ, Anantharaman K.",,2026,2026-04-28,Y,MED
Q3_amr_core,2026-09-05,40948329,PMC12477775,10.1080/22221751.2025.2562053,Post-COVID-19 disruption of the respiratory microbiome modulates &lt;i&gt;Mycoplasma pneumoniae&lt;/i&gt;: a multi-center retrospective investigation study.,"Huang S, Li S, Zhao R, Yang H, Liu Y, Wang X, Zhang J, Shen C, Li F, Xu H, Guo C, Ni X, Li H, Cao Q, Zhou Z.",,2025,2025-09-25,Y,MED
Q3_amr_core,2026-09-05,37763971,PMC10537193,10.3390/microorganisms11092127,The Silent Threat: Antimicrobial-Resistant Pathogens in Food-Producing Animals and Their Impact on Public Health.,"Almansour AM, Alhadlaq MA, Alzahrani KO, Mukhtar LE, Alharbi AL, Alajel SM.",,2023,2023-08-22,Y,MED
Q3_amr_core,2026-09-05,39920259,PMC11805985,10.1038/s41598-025-86638-z,Prediction of inhibitory peptides against E.coli with desired MIC value.,"Bajiya N, Kumar N, Raghava GPS.",,2025,2025-02-08,Y,MED
Q3_amr_core,2026-09-05,34055480,PMC8142932,10.7717/peerj.11376,"ProkEvo: an automated, reproducible, and scalable framework for high-throughput bacterial population genomics analyses.","Pavlovikj N, Gomes-Neto JC, Deogun JS, Benson AK.",,2021,2021-05-21,Y,MED
Q3_amr_core,2026-09-05,37152761,PMC10160630,10.3389/fmicb.2023.1147469,Comparative genomic analyses of the clinically-derived <i>Winkia</i> strain NY0527: the reassignment of <i>W. neuii</i> subsp. <i>neuii</i> and <i>W. neuii</i> subsp. <i>antitratus</i> into two separate species and insights into their virulence characteristics.,"Cai X, Peng Y, Li M, Qiu Y, Wang Y, Xu L, Hou Q.",,2023,2023-04-21,Y,MED
Q3_amr_core,2026-09-05,39498494,PMC11701628,10.1093/nar/gkae1030,StreptomeDB 4.0: a comprehensive database of streptomycetes natural products enriched with protein interactions and interactive spectral visualization.,"Feng Y, Qaseem A, Moumbock AFA, Pan S, Kirchner PA, Simoben CV, Malange YI, Babiaka SB, Gao M, Günther S.",,2025,2025-01-01,Y,MED
Q3_amr_core,2026-09-05,42100955,PMC13237505,10.47717/turkjsurg.2026.2025-8-3,Re-arming checkpoint blockade in MSS colorectal cancer: A precision-microbiome playbook from mechanisms to clinic.,"Alsheikh ZSA, Qingsong T, Qinjie L, Youkun C.",,2026,2026-05-08,Y,MED
Q3_amr_core,2026-09-05,39950776,PMC11915829,10.1128/jvi.01901-24,Characterization and therapeutic potential of newly isolated bacteriophages against &lt;i&gt;Staphylococcus&lt;/i&gt; species in bovine mastitis.,"Cho J-h, Lee GM, Ko S, Kim Y, Kim D.",,2025,2025-02-14,Y,MED
Q3_amr_core,2026-09-05,36761957,PMC9905815,10.3389/fonc.2023.1065402,"Role of artificial intelligence in risk prediction, prognostication, and therapy response assessment in colorectal cancer: current state and future directions.","Mansur A, Saleem Z, Elhakim T, Daye D.",,2023,2023-01-25,Y,MED
Q3_amr_core,2026-09-05,35332832,PMC8959533,10.1080/19490976.2022.2055944,"Good microbes, bad genes? The dissemination of antimicrobial resistance in the human microbiome.","Crits-Christoph A, Hallowell HA, Koutouvalis K, Suez J.",,2022,2022-01-01,Y,MED
Q3_amr_core,2026-09-05,38123686,PMC10866013,10.1038/s41586-023-06887-8,Discovery of a structural class of antibiotics with explainable deep learning.,"Wong F, Zheng EJ, Valeri JA, Donghia NM, Anahtar MN, Omori S, Li A, Cubillos-Ruiz A, Krishnan A, Jin W, Manson AL, Friedrichs J, Helbig R, Hajian B, Fiejtek DK, Wagner FF, Soutter HH, Earl AM, Stokes JM, Renner LD, Collins JJ.",,2024,2023-12-20,N,MED
Q3_amr_core,2026-09-05,41583339,PMC12824592,10.2903/j.efsa.2026.9824,Update of the list of qualified presumption of safety (QPS) recommended microbiological agents intentionally added to food or feed as notified to EFSA 23: Suitability of taxonomic units notified to EFSA until September 2025.,"EFSA Panel on Biological Hazards (BIOHAZ), Allende A, Alvarez-Ordóñez A, Bortolaia V, Bover-Cid S, De Cesare A, Dohmen W, Guillier L, Jacxsens L, Nauta M, Mughini-Gras L, Ottoson J, Peixe L, Perez-Rodriguez F, Skandamis P, Suffredini E, Chemaly M, Cocconcelli PS, Fernández Escámez PS, Maradona MP, Q",,2026,2026-01-22,Y,MED
Q3_amr_core,2026-09-05,41677879,PMC12901295,10.1007/s00394-026-03900-4,Soy and the gut microbiome: a bi-directional relationship shaping nutrition and health.,"Nolan L, O'Toole PW.",,2026,2026-02-12,Y,MED
Q3_amr_core,2026-09-05,39217658,PMC11648527,10.1016/j.gde.2024.102256,Massively parallel approaches for characterizing noncoding functional variation in human evolution.,"Rong S, Root E, Reilly SK.",,2024,2024-08-31,N,MED
Q3_amr_core,2026-09-05,42156772,PMC13381875,10.1038/s41467-026-73193-y,Mapping the canine gut microbiome: insights from the Dog Aging Project.,"Bamberger T, Muller E, Algavi YM, Greenier A, Adjangba C, Slikas E, Brassington L, Mariner B, McCoy B, Harrison BR, Partida-Aguilar M, Marye A, Harris A, Rout E, DAP Consortium, Avery A, Promislow DEL, Snyder-Mackler N, Borenstein E.",,2026,2026-05-19,Y,MED
Q3_amr_core,2026-09-05,33925758,PMC8146755,10.3390/microorganisms9050947,Re-Emergence of Salmonellosis in Hog Farms: Outbreak and Bacteriological Characterization.,"Meneguzzi M, Pissetti C, Rebelatto R, Trachsel J, Kuchiishi SS, Reis AT, Guedes RMC, Leão JA, Reichen C, Kich JD.",,2021,2021-04-27,Y,MED
Q3_amr_core,2026-09-05,40882916,PMC12493201,10.1016/j.jbc.2025.110634,A biosynthetic pathway for ornithine lipid formation dependent on a GH3 (Gretchen Hagen 3)-like enzyme in planctomycetes.,"Rivera-Najera LY, Cruz-Aguilar EM, Vences-Guzmán MÁ, Rivas-Marin E, Valdez IRV, Escobedo-Hinojosa W, Guan Z, Farias-Rico JA, Devos DP, Sohlenkamp C.",,2025,2025-08-27,Y,MED
Q3_amr_core,2026-09-05,38884260,PMC11317153,10.1093/nar/gkae515,Enhancing insights into diseases through horizontal gene transfer event detection from gut microbiome.,"Wang S, Jiang Y, Che L, Wang RH, Li SC.",,2024,2024-08-01,Y,MED
Q3_amr_core,2026-09-05,40654514,PMC12254948,10.1093/femsml/uqaf014,"""French Phage Network"" annual conference: ninth meeting report.","Clavijo-Coppens F, Crepin DM, Croizet H, Planche A, Plumet L, Sar J, Traore K.",,2025,2025-07-03,Y,MED
Q3_amr_core,2026-09-05,42341030,PMC13327520,10.1371/journal.pbio.3003872,Normative assembly rule reveals fairness in microbial communities.,"Kuosmanen T, Rantanen J, Kičiatovas D, Pausio S, Friman VP, Hiltunen T, Mustonen V.",,2026,2026-06-24,Y,MED
Q3_amr_core,2026-09-05,40799907,PMC12341532,10.1016/j.csbj.2025.07.048,Diosgenin producing &lt;i&gt;Bacillus&lt;/i&gt; sp. strain IRMC27M2 as a genome-mined weapon against multidrug-resistant &lt;i&gt;Candidozyma (Candida) auris&lt;/i&gt;.,"Alquwaie R, Almandil NB, AlJindan R, Mahmoud N, Almofty S, Almohazey D, Alqudihi HH, Hunachagi S, Dhas TS, Sowmiya P, AbdulAzeez S, Borgio JF.",,2025,2025-07-30,Y,MED
Q3_amr_core,2026-09-05,42327734,PMC13275727,10.3389/fimmu.2026.1835523,High resolution immunoinformatic profiling of Zonula occludens toxin reveals a conserved multiepitope vaccine candidate in &lt;i&gt;Acinetobacter baumannii&lt;/i&gt;.,Benyamini P.,,2026,2026-06-04,Y,MED
Q3_amr_core,2026-09-05,36658630,PMC9854196,10.1186/s13071-022-05604-0,Matrix-assisted laser desorption/ionization time-of-flight mass spectrometry for differential identification of adult Schistosoma worms.,"Ebersbach JC, Sato MO, de Araújo MP, Sato M, Becker SL, Sy I.",,2023,2023-01-19,Y,MED
Q3_amr_core,2026-09-05,38414813,PMC10899000,10.1093/jacamr/dlae032,Scoping review of risk-scoring tools for early prediction of bloodstream infections caused by carbapenem-resistant Enterobacterales: do we really have a reliable risk-scoring tool?,"Aslan AT, Ezure Y, Harris PNA, Paterson DL.",,2024,2024-02-27,Y,MED
Q3_amr_core,2026-09-05,34125583,PMC11163839,10.1128/ecosalplus.esp-0008-2020,Salmonella Genomics in Public Health and Food Safety.,"Brown EW, Bell R, Zhang G, Timme R, Zheng J, Hammack TS, Allard MW.",,2021,2021-06-14,Y,MED
Q3_amr_core,2026-09-05,41862790,PMC13126983,10.1186/s12866-026-04966-0,Seasonal diet shifts alter the gut microbiome and resistome of captive geriatric giant pandas (Ailuropoda melanoleuca).,"Amir A, Zhong J, Yao Y, Chen T, Li M, Yan H.",,2026,2026-03-20,Y,MED
Q3_amr_core,2026-09-05,41133153,PMC12540454,10.3389/fmed.2025.1629008,"Unraveling brucellosis: advances in pathogenesis, diagnostic strategies, therapeutic innovations, and public health perspectives.","Almuzaini AM, Elbehiry A.",,2025,2025-10-08,Y,MED
Q3_amr_core,2026-09-05,34940513,PMC8708150,10.3390/jox11040013,Review on Multiple Facets of Drug Resistance: A Rising Challenge in the 21st Century.,"Saha M, Sarkar A.",,2021,2021-12-13,Y,MED
Q3_amr_core,2026-09-05,42514066,PMC13414033,10.3390/microorganisms14071561,"Small Regulatory RNAs in Prokaryotes: Key Features, Identification, Environmental Roles, and Applications.","Nawaz MA, Nawaz MZ, Haider SZ, Alghamdi HA, Yan W.",,2026,2026-07-16,Y,MED
Q3_amr_core,2026-09-05,40271815,PMC12203177,10.1093/jmicro/dfaf020,Live-cell omics with Raman spectroscopy.,"Kamei KF, Wakamoto Y.",,2025,2025-06-01,Y,MED
Q3_amr_core,2026-09-05,41750453,PMC12937358,10.3390/antibiotics15020155,"Bacteriophage-Based Control of Methicillin-Resistant &lt;i&gt;Staphylococcus aureus&lt;/i&gt;: Anti-Biofilm Activity, Surface-Active Formulation Compatibility, and Genomic Context.","Chopjitt P, Kanha W, Sachit A, Thongkam J, Kanthain P, Pradabsri P, Paiboon S, Thananchai S, Khankhum S, Kerdsin A, Sunthamala N.",,2026,2026-02-02,Y,MED
Q3_amr_core,2026-09-05,37759191,PMC10523801,10.1186/s12864-023-09643-4,The NIH Comparative Genomics Resource: addressing the promises and challenges of comparative genomics on human health.,"Bornstein K, Gryan G, Chang ES, Marchler-Bauer A, Schneider VA.",,2023,2023-09-27,Y,MED
Q3_amr_core,2026-09-05,40586574,PMC12345256,10.1128/mbio.00694-25,An exciting future for microbial molecular biology and physiology.,"Bridges AA, Guthrie L, Lehman M, Kellogg EH, Miranda SW, Pountain A, Shiver AL, Varble A, Molecular Biology and Physiology Community of the Council on Microbial Sciences, Kaplan HB, Shank EA, Storz G.",,2025,2025-06-30,N,MED
Q3_amr_core,2026-09-05,39203578,PMC11357538,10.3390/microorganisms12081736,Viral Diversity and Ecological Impact of DNA Viruses in Dominant Tick Species in China.,"Yan Y, Shi Z, Wang C, Jin Z, Yin J, Zhu G.",,2024,2024-08-22,Y,MED
Q3_amr_core,2026-09-05,42138174,PMC13316988,10.1021/acs.jnatprod.6c00112,Proteotoxic Stress Bioreporter Enables Mechanism-Informed Antibiotic Discovery.,"Schubert J, Geibel C, Berscheid A, Wex KW, Vitale GA, Hughes CC, Petras D, Brötz-Oesterhelt H.",,2026,2026-05-15,Y,MED
Q3_amr_core,2026-09-05,41273090,PMC12807727,10.1093/nar/gkaf1251,EcoDrug PLUS: an advanced database for drug target conservation analysis and environmental risk assessment.,"Legehar A, Monaghan S, Briand M, Niemelä A, Ghemtio L, Tanoli Z, Brown AR, Tyler CR, Xhaard H.",,2026,2026-01-01,Y,MED
Q3_amr_core,2026-09-05,39439434,PMC11494020,10.1111/eva.70011,Epigenetic Diversity and the Evolutionary Potential of Wild Populations.,"Baltazar-Soares M, Balard A, Heckwolf MJ.",,2024,2024-10-21,Y,MED
Q3_amr_core,2026-09-05,40321516,PMC12044489,10.1021/acsomega.5c01344,"Strategies for Actinobacteria Isolation, Cultivation, and Metabolite Production that Are Biologically Important.","Koech SC, Plechatá M, Pathom-Aree W, Kamenik Z, Jaisi A.",,2025,2025-04-18,Y,MED
Q3_amr_core,2026-09-05,40859318,PMC12382185,10.1186/s12967-025-06986-2,Airway microbiota and immunity associated with chronic obstructive pulmonary disease severity.,"Lin Z, Jiang Y, Liu H, Yang J, Yang B, Zhang K, Tang P, Xiang B, Sun B.",,2025,2025-08-26,Y,MED
Q3_amr_core,2026-09-05,36960290,PMC10027697,10.3389/fmicb.2023.1060891,The &lt;i&gt;K&lt;/i&gt;-mer antibiotic resistance gene variant analyzer (KARGVA).,"Marini S, Boucher C, Noyes N, Prosperi M.",,2023,2023-03-07,Y,MED
Q3_amr_core,2026-09-05,37954239,PMC10637782,10.3389/fmicb.2023.1258775,Microclimate shapes the phylosymbiosis of rodent gut microbiota in Jordan's Great Rift Valley.,"Al-Khlifeh E, Khadem S, Hausmann B, Berry D.",,2023,2023-10-26,Y,MED
Q3_amr_core,2026-09-05,38898104,PMC11186824,10.1038/s41522-024-00522-8,Temporal turnover of viral biodiversity and functional potential in intertidal wetlands.,"Ji M, Li Y, Zhou J, Song W, Zhou Y, Ma K, Wang M, Liu X, Li Y, Gong X, Tu Q.",,2024,2024-06-19,Y,MED
Q3_amr_core,2026-09-05,34829296,PMC8621691,10.3390/diagnostics11111949,Investigation of MALDI-TOF Mass Spectrometry for Assessing the Molecular Diversity of <i>Campylobacter jejuni</i> and Comparison with MLST and cgMLST: A Luxembourg One-Health Study.,"Feucherolles M, Nennig M, Becker SL, Martiny D, Losch S, Penny C, Cauchie HM, Ragimbeau C.",,2021,2021-10-20,Y,MED
Q3_amr_core,2026-09-05,41754548,PMC12945004,10.3390/v18020205,A Systematic Review of Methodological Approaches to SARS-CoV-2 Wastewater Surveillance.,"Deák G, Lupu L, Prangate R.",,2026,2026-02-04,Y,MED
Q3_amr_core,2026-09-05,36752380,PMC10025432,10.1093/bib/bbad035,HGTphyloDetect: facilitating the identification and phylogenetic analysis of horizontal gene transfer.,"Yuan L, Lu H, Li F, Nielsen J, Kerkhoven EJ.",,2023,2023-03-01,Y,MED
Q3_amr_core,2026-09-05,41396345,PMC12705933,10.1186/s43556-025-00376-2,Intratumoral microbiome: a crucial regulating factor in development and progression of colorectal cancer.,"Fan Y, Gu X, Yang H, Chen Y, Fang C, Deng H, Dai L.",,2025,2025-12-15,Y,MED
Q3_amr_core,2026-09-05,35944069,PMC9363010,10.1371/journal.pbio.3001721,"A data compendium associating the genomes of 12,289 Mycobacterium tuberculosis isolates with quantitative resistance phenotypes to 13 antibiotics.",The CRyPTIC Consortium.,,2022,2022-08-09,Y,MED
Q3_amr_core,2026-09-05,40877975,PMC12392511,10.1186/s40168-025-02180-0,Mobilome-mediated transcriptional activation of biosynthetic gene clusters and its impact on strain competitiveness in food fermentation microbiomes.,"Xu L, Jiao JY, Ling C, Du RB, Wu Q, Xu Y, Li WJ.",,2025,2025-08-28,Y,MED
Q3_amr_core,2026-09-05,35382558,PMC9040769,10.1128/msystems.01180-21,PlasmidHostFinder: Prediction of Plasmid Hosts Using Random Forest.,"Aytan-Aktug D, Clausen PTLC, Szarvas J, Munk P, Otani S, Nguyen M, Davis JJ, Lund O, Aarestrup FM.",,2022,2022-04-06,Y,MED
Q3_amr_core,2026-09-05,36069451,PMC9600348,10.1128/msystems.00191-22,Global Distribution and Diversity of Prevalent Sewage Water Plasmidomes.,"Teudt F, Otani S, Aarestrup FM.",,2022,2022-09-07,Y,MED
Q3_amr_core,2026-09-05,39658041,PMC11701706,10.1093/nar/gkae1220,The 2025 Nucleic Acids Research database issue and the online molecular biology database collection.,"Rigden DJ, Fernández XM.",,2025,2025-01-01,Y,MED
Q3_amr_core,2026-09-05,37828586,PMC10571392,10.1186/s13059-023-03056-y,Metagenome-wide analysis uncovers gut microbial signatures and implicates taxon-specific functions in end-stage renal disease.,"Zhang P, Wang X, Li S, Cao X, Zou J, Fang Y, Shi Y, Xiang F, Shen B, Li Y, Fang B, Zhang Y, Guo R, Lv Q, Zhang L, Lu Y, Wang Y, Yu J, Xie Y, Wang R, Chen X, Yu J, Zhang Z, He J, Zhan J, Lv W, Nie Y, Cai J, Xu X, Hu J, Zhang Q, Gao T, Jiang X, Tan X, Xue N, Wang Y, Ren Y, Wang L, Zhang H, Ning Y, Che",,2023,2023-10-12,Y,MED
Q3_amr_core,2026-09-05,35272051,PMC9801046,10.1016/j.gpb.2022.02.003,PHISDetector: A Tool to Detect Diverse In Silico Phage-host Interaction Signals for Virome Studies.,"Zhou F, Gan R, Zhang F, Ren C, Yu L, Si Y, Huang Z.",,2022,2022-03-08,Y,MED
Q3_amr_core,2026-09-05,41423676,PMC12909810,10.1038/s41522-025-00891-8,Microbiome dysbiosis and chemotherapy resistance in acute myeloid leukemia (AML).,"Tian M, Soleimani Samarkhazan H, Alemohammad SS, Manesh MF, Tavakoli F, Shams A, Zeynalabadi A.",,2025,2025-12-22,Y,MED
Q3_amr_core,2026-09-05,41799213,PMC12964132,10.7150/thno.124716,"Panoramic description of ROS-based nanotechnology for osteomyelitis therapy: Challenges, opportunities, and prospects.","Wang W, Kong X, Shi J, Wang T.",,2026,2026-02-11,Y,MED
Q3_amr_core,2026-09-05,38930512,PMC11205618,10.3390/microorganisms12061130,Rodent Gut Bacteria Coexisting with an Insect Gut Virus in Tapeworm Parasitic Cysts: Metagenomic Evidence of Microbial Selection in Extra-Intestinal Clinical Niches.,"Ammar A, Singh V, Ilic S, Samiksha F, Marsh A, Rodriguez-Palacios A.",,2024,2024-05-31,Y,MED
Q3_amr_core,2026-09-05,41499216,PMC12777707,10.1093/bib/bbaf707,Cross-ancestry information transfer framework improves protein abundance prediction and protein-trait association identification.,"Zhai W, Sun L, Fang W, Dong Y, Cheng C, Liu Y, Zhou Y, Ji J, Wu L, Pan A, Gamazon ER, Pan XF, Zhou D.",,2026,2026-01-01,Y,MED
Q3_amr_core,2026-09-05,39109298,PMC11301040,10.3762/bjoc.20.159,"Discovery of antimicrobial peptides clostrisin and cellulosin from Clostridium: insights into their structures, co-localized biosynthetic gene clusters, and antibiotic activity.","Alejo Hernandez MA, Villavicencio Sánchez KP, Sánchez Morales R, Hernández-Magro Gil KG, Moreno-Gutiérrez DS, Sanchez-Rueda EG, Teresa-Cruz Y, Choi B, Hernández Garcia A, Romero-Rodríguez A, Juárez O, Martínez-Caballero S, Figueroa M, Ceapă CD.",,2024,2024-07-30,Y,MED
Q3_amr_core,2026-09-05,41600815,PMC12846521,10.3390/v18010050,"Elements of Viral Outbreak Preparedness: Lessons, Strategies, and Future Directions.","Hamza IA, Mao K, Gao C, Hamza H, Zhang H.",,2025,2025-12-29,Y,MED
Q3_amr_core,2026-09-05,39498510,PMC11701616,10.1093/nar/gkae1057,GCM and gcType in 2024: comprehensive resources for microbial strains and genomic data.,"Fan G, Sun Q, Sun Y, Liu D, Li S, Li M, Chen Q, Wang F, Moriya O, Itoh T, Kawasaki H, Yu Y, Cai M, Kim SG, Lee JS, Ma J, Wu L.",,2025,2025-01-01,Y,MED
Q3_amr_core,2026-09-05,39979834,PMC11841226,10.1186/s12866-025-03785-z,Therapeutic potential of a newly isolated bacteriophage against multi-drug resistant Enterococcus faecalis infections: in vitro and in vivo characterization.,"Ali Z, Abdelkader K, Abdel-Fattah MM, Azmy AF, El-Gendy AO, Dishisha T.",,2025,2025-02-20,Y,MED
Q3_amr_core,2026-09-05,35353009,PMC9040873,10.1128/msystems.01456-21,Computational Network Inference for Bacterial Interactomics.,"James K, Muñoz-Muñoz J.",,2022,2022-03-30,Y,MED
Q3_amr_core,2026-09-05,39604394,PMC11603027,10.1038/s41467-024-54797-8,Multi-biome analysis identifies distinct gut microbial signatures and their crosstalk in ulcerative colitis and Crohn's disease.,"Akiyama S, Nishijima S, Kojima Y, Kimura M, Ohsugi M, Ueki K, Mizokami M, Hattori M, Tsuchiya K, Uemura N, Kawai T, Bork P, Nagata N.",,2024,2024-11-27,Y,MED
Q3_amr_core,2026-09-05,38560471,PMC10981890,10.7717/peerj.17194,"Antibiotic susceptibility and resistance genes profiles of <i>Vagococcus salmoninarum</i> in a rainbow trout (<i>Oncorhyncus mykiss</i>, Walbaum) farm.","Yilmaz M, Arslan T, Atalay Oral M, Kubilay A.",,2024,2024-03-28,Y,MED
Q3_amr_core,2026-09-05,41959736,PMC13058969,10.1016/j.gendis.2025.101976,Molecular mastery: Harnessing DNA technology for disease prevention.,"Dornadula GR, Chilakala R, Shaik SB, Meriga PK, Chintha L, Gurugari Y, D KK, Shaik SF, Cheong SH.",,2026,2025-12-11,Y,MED
Q3_amr_core,2026-09-05,40696437,PMC12281769,10.1186/s40168-025-02125-7,Interplay between the gut microbiome and typhoid fever: insights from endemic countries and a controlled human infection model.,"Ashton PM, Mageiros L, Meiring JE, Chunga-Chirambo A, Khanam F, Dongol S, Banda H, Karkey A, Preciado-Llanes L, Thomaides-Brears H, Gibani M, Rajib NH, Rahman N, Biswas PK, Bhuiyan MAI, Kay S, Auger K, Seret O, Thomson NR, Pollard AJ, Baker S, Basnyat B, Clemens JD, Dolecek C, Dunstan SJ, Dougan G, ",,2025,2025-07-22,Y,MED
Q3_amr_core,2026-09-05,41036838,PMC12655869,10.1161/circulationaha.125.074971,Characterizing the Immune Response in Pig-to-Human Heart Xenografts Using a Multimodal Diagnostic System.,"Giarraputo A, Morgand E, Stern J, Mezine F, Coutance G, Goutaudier V, Sannier A, Certain A, Hauet T, Giraud S, Kerforne T, Allain G, Ayares D, Khalil K, Kim J, Mehta S, Narula N, Reyentovich A, Smith D, Tissier R, Saraon T, Kadosh B, Divita M, Goldberg R, Pass H, Mangiola M, Bruneval P, Griesemer A,",,2025,2025-10-02,Y,MED
Q3_amr_core,2026-09-05,,,10.1101/2024.03.01.582901,Sticking together: Independent evolution of biofilm formation in different species of staphylococci has occurred multiple times via different pathways,"Crossman L, Sims L, Dean R, Felgate H, Calvo TD, Hill C, McNamara I, Webber MA, Wain J.",,2024,2024-03-02,Y,PPR
Q3_amr_core,2026-09-05,33240320,PMC7680996,10.3389/fgene.2020.566080,Comparative Genome Analysis Reveals the Molecular Basis of Niche Adaptation of <i>Staphylococcus epidermidis</i> Strains.,"Su F, Tian R, Yang Y, Li H, Sun G, Li Y, Han B, Xu X, Chen X, Zhao G, Cui H, Xu H.",,2020,2020-11-09,Y,MED
Q3_amr_core,2026-09-05,39731916,PMC11717617,10.1016/j.chom.2024.12.002,Commensal-pathogen dynamics structure disease outcomes during Clostridioides difficile colonization.,"Fishbein SRS, DeVeaux AL, Khanna S, Ferreiro AL, Liao J, Agee W, Ning J, Mahmud B, Wallace MJ, Hink T, Reske KA, Cass C, Guruge J, Leekha S, Rengarajan S, Dubberke ER, Dantas G.",,2025,2024-12-27,N,MED
Q3_amr_core,2026-09-05,37701635,PMC10494321,10.1016/j.crfs.2023.100579,"A comprehensive review on genomic resources in medicinally and industrially important major spices for future breeding programs: Status, utility and challenges.","Das P, Chandra T, Negi A, Jaiswal S, Iquebal MA, Rai A, Kumar D.",,2023,2023-08-29,Y,MED
Q3_amr_core,2026-09-05,40871394,PMC12388848,10.3390/microorganisms13081890,Investigating the Alleviating Effects of Dihydromyricetin on Subclinical Mastitis in Dairy Cows: Insights from Gut Microbiota and Metabolomic Analysis.,"Yu J, Ao Y, Chen H, Deng T, Liu C, Wang D, Wan P, Xiang M, Cheng L.",,2025,2025-08-13,Y,MED
Q3_amr_core,2026-09-05,33014966,PMC7493718,10.3389/fpubh.2020.00451,Bacterial Genome Wide Association Studies (bGWAS) and Transcriptomics Identifies Cryptic Antimicrobial Resistance Mechanisms in <i>Acinetobacter baumannii</i>.,"Roe C, Williamson CHD, Vazquez AJ, Kyger K, Valentine M, Bowers JR, Phillips PD, Harrison V, Driebe E, Engelthaler DM, Sahl JW.",,2020,2020-09-02,Y,MED
Q3_amr_core,2026-09-05,40432237,PMC12116938,10.1002/2211-5463.70030,"FEBS-IUBMB-ENABLE 3&lt;sup&gt;rd&lt;/sup&gt; International Molecular Biosciences PhD and Postdoc Conference, ARTIFICIAL INTELLIGENCE Reshaping biomedical and healthcare research, 4-6 December 2024, Lee Kong Chian School of Medicine (LKCMedicine), Nanyang Technological University, Singapore.",,,2025,2025-05-01,N,MED
Q3_amr_core,2026-09-05,38132917,PMC10744425,10.3390/medsci11040076,Bioinformatics Analysis of Global Diversity in Meningococcal Vaccine Antigens over the Past 10 Years: Vaccine Efficacy Prognosis.,"Savitskaya VY, Dolinnaya NG, Strekalovskikh VV, Peskovatskova ES, Snyga VG, Trefilov VS, Monakhova MV, Kubareva EA.",,2023,2023-12-01,Y,MED
Q3_amr_core,2026-09-05,36756618,PMC9901506,10.3389/fcimb.2023.1077995,"Characterization and comprehensive genome analysis of novel bacteriophage, vB_Kpn_ZCKp20p, with lytic and anti-biofilm potential against clinical multidrug-resistant <i>Klebsiella pneumoniae</i>.","Zaki BM, Fahmy NA, Aziz RK, Samir R, El-Shibiny A.",,2023,2023-01-23,Y,MED
Q3_amr_core,2026-09-05,38216576,PMC10786857,10.1038/s41467-023-44325-5,Quantitative measurement of antibiotic resistance in Mycobacterium tuberculosis reveals genetic determinants of resistance and susceptibility in a target gene approach.,CRyPTIC Consortium.,,2024,2024-01-12,Y,MED
Q3_amr_core,2026-09-05,40063366,PMC11901428,10.1080/19490976.2025.2476570,Integrating multi-omics data to reveal the host-microbiota interactome in inflammatory bowel disease.,"Su F, Su M, Wei W, Wu J, Chen L, Sun X, Liu M, Sun S, Mao R, Bourgonje AR, Hu S.",,2025,2025-03-10,Y,MED
Q3_amr_core,2026-09-05,33375502,PMC7823326,10.3390/microorganisms9010052,Plasmid Identification and Plasmid-Mediated Antimicrobial Gene Detection in Norwegian Isolates.,"Khezri A, Avershina E, Ahmad R.",,2020,2020-12-27,Y,MED
Q3_amr_core,2026-09-05,39456792,PMC11507014,10.3390/ijms252011009,Reporter Alleles in hiPSCs: Visual Cues on Development and Disease.,"Cotta GC, Teixeira Dos Santos RC, Costa GMJ, Lacerda SMDSN.",,2024,2024-10-13,Y,MED
Q3_amr_core,2026-09-05,31929521,PMC7015433,10.1371/journal.pcbi.1007511,VAMPr: VAriant Mapping and Prediction of antibiotic resistance via explainable features and machine learning.,"Kim J, Greenberg DE, Pifer R, Jiang S, Xiao G, Shelburne SA, Koh A, Xie Y, Zhan X.",,2020,2020-01-13,Y,MED
Q3_amr_core,2026-09-05,38419630,PMC10900530,10.3389/fmicb.2024.1343572,"A comprehensive overview of microbiome data in the light of machine learning applications: categorization, accessibility, and future directions.","Kumar B, Lorusso E, Fosso B, Pesole G.",,2024,2024-02-13,Y,MED
Q3_amr_core,2026-09-05,41751767,PMC12941056,10.3390/ijms27041632,Yeast as a Model for Human Disease.,"Zieniuk B, Wierzchowska K, Jasińska K, Kobus J, Piotrowicz A, Uğur Ş, Fabiszewska A.",,2026,2026-02-07,Y,MED
Q3_amr_core,2026-09-05,39007592,PMC11247404,10.1093/bib/bbae319,Highly accurate classification and discovery of microbial protein-coding gene functions using FunGeneTyper: an extensible deep learning framework.,"Zhang G, Wang H, Zhang Z, Zhang L, Guo G, Yang J, Yuan F, Ju F.",,2024,2024-05-01,Y,MED
Q3_amr_core,2026-09-05,41310913,PMC12660056,10.1002/mbo3.70177,Infectious Triggers and Immune Dynamics in Guillain-Barré Syndrome: Revisiting Campylobacter jejuni and the Silent Role of Haemophilus influenzae.,"Ramesh A, Subbarayan R, Srinivasan D, Balakrishnan R, Shrestha R, Chauhan A.",,2025,2025-12-01,Y,MED
Q3_amr_core,2026-09-05,33215194,PMC7936518,10.1093/jamia/ocaa233,An explainable machine learning platform for pyrazinamide resistance prediction and genetic feature identification of Mycobacterium tuberculosis.,"Zhang A, Teng L, Alterovitz G.",,2021,2021-03-01,N,MED
Q3_amr_core,2026-09-05,40885731,PMC12398602,10.1038/s41541-025-01258-y,"AI-driven epitope prediction: a system review, comparative analysis, and practical guide for vaccine development.","Villanueva-Flores F, Sanchez-Villamil JI, Garcia-Atutxa I.",,2025,2025-08-30,Y,MED
Q3_amr_core,2026-09-05,40763921,PMC12369633,10.1021/acs.biochem.5c00165,Considering Metabolic Context in Enzyme Evolution and Design.,"Dokwal D, Brown PM, Filipowska K, Reynolds KA.",,2025,2025-08-05,Y,MED
Q3_amr_core,2026-09-05,41605541,PMC12873656,10.1183/16000617.0174-2025,Host- and pathogen-related determinants of pulmonary &lt;i&gt;versus&lt;/i&gt; extrapulmonary tuberculosis.,"Tulu B, Brehm TT, van Crevel R, Dallenga T, DiNardo AR, Dheda K, Eggeling J, Enbiale W, Gröschel MI, Hao J, Kumar V, van Laarhoven A, Londt R, Prosser G, Randall P, Reiling N, Rybniker J, Schaible UE, Schurr E, Suarez I, Theobald SJ, Wilkinson RJ, Lange C.",,2026,2026-01-28,Y,MED
Q3_amr_core,2026-09-05,42548903,PMC13430161,10.1002/imt2.70152,The plant microbiome: From ecological foundations to precision microbial engineering for sustainable agriculture.,"Wei M, Lian T, Chen L, Wang L, Ye J, Yao X, Duan S, Lu Z, Tu J, Li H, Xu XY, Zhou J, He J, Zhu F, Bonfante P, Tran LP, Pang Z, Zhou X, Xu Z, Zhang L, Wang M, Wang X, Tian CF, Liu YX, Sun K, Wang E, Xie X.",,2026,2026-08-02,Y,MED
Q3_amr_core,2026-09-05,36630500,PMC9833677,10.1126/sciadv.adc9130,Machine learning enables prediction of metabolic system evolution in bacteria.,"Konno N, Iwasaki W.",,2023,2023-01-11,Y,MED
Q3_amr_core,2026-09-05,36789031,PMC9918863,10.1093/nargab/lqad012,HyperVR: a hybrid deep ensemble learning approach for simultaneously predicting virulence factors and antibiotic resistance genes.,"Ji B, Pi W, Liu W, Liu Y, Cui Y, Zhang X, Peng S.",,2023,2023-02-11,Y,MED
Q3_amr_core,2026-09-05,42298249,PMC13337890,10.1007/s40259-026-00787-9,Monoclonal Antibodies Targeting Bacterial Infections: A Broad Review of the Field.,"Slarve MJ, Tkaczyk C, Doyle MP, Break TJ, Smith AB, Alter G, Luna B, Spellberg B, DiGiandomenico A.",,2026,2026-06-15,Y,MED
Q3_amr_core,2026-09-05,36748517,PMC9837566,10.1099/mgen.0.000913,Characterization of a P1-bacteriophage-like plasmid (phage-plasmid) harbouring <i>bla</i> <sub>CTX-M-15</sub> in <i>Salmonella enterica</i> serovar Typhi.,"Greig DR, Bird MT, Chattaway MA, Langridge GC, Waters EV, Ribeca P, Jenkins C, Nair S.",,2022,2022-12-01,Y,MED
Q3_amr_core,2026-09-05,40998989,PMC12462467,10.1038/s41746-025-01954-y,Ophthalmic drug discovery and development using artificial intelligence and digital health technologies.,"Cheng H, Wong JLY, Quek CWN, Goldberg JL, Mahajan VB, Wong TY, Mehta JS, Ting DSW, Ting DSJ.",,2025,2025-09-25,Y,MED
Q3_amr_core,2026-09-05,41603026,PMC13276650,10.24272/j.issn.2095-8137.2025.373,"Bacterial defense systems: Mechanisms, homology to eukaryotic immune systems, and applications.","Li GZ, Liang ZQ, Liang CY, Xu ZL, Yang J, Liu JH.",,2026,2026-01-01,Y,MED
Q3_amr_core,2026-09-05,39921416,PMC11892035,10.1080/20477724.2025.2463417,"The Jubilee: prepared for pilgrims, but are we ready for pathogens?","Branda F, Ciccozzi M, Scarpa F.",,2024,2024-10-01,N,MED
Q3_amr_core,2026-09-05,38868508,PMC10989175,10.1002/imt2.175,Wekemo Bioincloud: A user-friendly platform for meta-omics data analyses.,"Gao Y, Zhang G, Jiang S, Liu YX.",,2024,2024-02-13,Y,MED
Q3_amr_core,2026-09-05,38767202,PMC11138229,10.1080/22221751.2024.2356143,"Climate change, its impact on emerging infectious diseases and new technologies to combat the challenge.","Liao H, Lyon CJ, Ying B, Hu T.",,2024,2024-05-29,Y,MED
Q3_amr_core,2026-09-05,33075053,PMC7595632,10.1371/journal.pcbi.1008319,Predicting antimicrobial resistance using conserved genes.,"Nguyen M, Olson R, Shukla M, VanOeffelen M, Davis JJ.",,2020,2020-10-19,Y,MED
Q3_amr_core,2026-09-05,40894227,PMC12391133,10.3389/fphar.2025.1630038,Exploring &lt;i&gt;murE&lt;/i&gt; protein inhibitors of &lt;i&gt;Tropheryma whipplei&lt;/i&gt; through pharmacoinformatic approaches incorporating solubility-enhancing formulation insights.,"Basharat Z, Wei CR, Islam M, Ahmed I, Ogaly HA, Al-Zahrani FAM, Waheed Y, Kim S.",,2025,2025-08-14,Y,MED
Q3_amr_core,2026-09-05,38920380,PMC11265448,10.1128/msystems.00520-24,The giant panda gut harbors a high diversity of lactic acid bacteria revealed by a novel culturomics pipeline.,"Zhang W, Zheng L, Xie J, Su X, Zhang M, Huang H, Schmitz-Esser S, Du S, Yang Y, Xie J, Zhang Q, Yu S, Guo Q, Wang H, Zhang L, Yang K, Hou R.",,2024,2024-06-26,Y,MED
Q3_amr_core,2026-09-05,,,10.1101/2021.05.25.445601,Genomic Surveillance of COVID-19 Variants with Language Models and Machine Learning,"Nagpal S, Pal R, Ashima, Tyagi A, Tripathi S, Nagori A, Ahmad S, Mishra HP, Malhotra R, Kutum R, Sethi T.",,2021,2021-05-25,Y,PPR
Q3_amr_core,2026-09-05,36864029,PMC9981903,10.1038/s41467-023-36633-7,Population-level impacts of antibiotic usage on the human gut microbiome.,"Lee K, Raguideau S, Sirén K, Asnicar F, Cumbo F, Hildebrand F, Segata N, Cha CJ, Quince C.",,2023,2023-03-02,Y,MED
Q3_amr_core,2026-09-05,41820589,PMC12982605,10.1038/s44184-026-00197-3,"A multi-omics analysis of gut bacteriome, virome, and serum metabolome in bipolar depression.","Kong L, Zhuang Y, Zhu B, Wang H, Chen Y, Shen Y, Feng X, Hu S, Lai J.",,2026,2026-03-12,Y,MED
Q3_amr_core,2026-09-05,33349664,PMC8018540,10.1038/s41564-020-00836-1,Stepwise evolution of Salmonella Typhimurium ST313 causing bloodstream infection in Africa.,"Pulford CV, Perez-Sepulveda BM, Canals R, Bevington JA, Bengtsson RJ, Wenner N, Rodwell EV, Kumwenda B, Zhu X, Bennett RJ, Stenhouse GE, Malaka De Silva P, Webster HJ, Bengoechea JA, Dumigan A, Tran-Dien A, Prakash R, Banda HC, Alufandika L, Mautanga MP, Bowers-Barnard A, Beliavskaia AY, Predeus AV,",,2021,2020-12-21,Y,MED
Q3_amr_core,2026-09-05,38109938,PMC10849945,10.1038/s41586-023-06955-z,Functional and evolutionary significance of unknown genes from uncultivated taxa.,"Rodríguez Del Río Á, Giner-Lamia J, Cantalapiedra CP, Botas J, Deng Z, Hernández-Plaza A, Munar-Palmer M, Santamaría-Hernando S, Rodríguez-Herva JJ, Ruscheweyh HJ, Paoli L, Schmidt TSB, Sunagawa S, Bork P, López-Solanilla E, Coelho LP, Huerta-Cepas J.",,2024,2023-12-18,Y,MED
Q3_amr_core,2026-09-05,41006202,PMC12475131,10.1038/s41467-025-63312-6,"Polygenic architecture of brain structure and function, behaviors, and psychopathologies in children.","Joo YY, Kim BG, Kim G, Lee E, Seo J, Cha J.",,2025,2025-09-26,Y,MED
Q3_amr_core,2026-09-05,40022070,PMC11871620,10.1186/s12941-025-00783-x,"Characterization, genomic analysis and preclinical evaluation of the lytic Staphylococcus bacteriophage PSK against methicillin-resistant Staphylococcus aureus wound isolate.","Zanaty AA, Dishisha T, El-Sayed-Ahmed MAE, Abdel-Fattah MM, Ahmed KA, Abdelkader K.",,2025,2025-02-28,Y,MED
Q3_amr_core,2026-09-05,36576129,PMC9795481,10.1093/gigascience/giac119,Accurate and fast clade assignment via deep learning and frequency chaos game representation.,"Avila Cartes J, Anand S, Ciccolella S, Bonizzoni P, Bonizzoni P, Della Vedova G.",,2022,2022-12-01,Y,MED
Q3_amr_core,2026-09-05,39883228,PMC11740847,10.1007/s44307-024-00034-8,Mining microbial and metabolic dark matter in extreme environments: a roadmap for harnessing the power of multi-omics data.,"Han JR, Li S, Li WJ, Dong L.",,2024,2024-08-05,Y,MED
Q3_amr_core,2026-09-05,40215176,PMC11991705,10.7554/elife.91245,Developing a crop- wild-reservoir pathogen system to understand pathogen evolution and emergence.,"McMullan M, Percival-Alwyn L, Kaithakottil GG, Gardiner LJ, Hill R, Yvanne H, Grey M, Sawford K, Ward SJ, Low R, Warring SD, Heavens D, Peel N, Kroboth J, Stevens M, Swarbreck D, Clark MD, Hall N.",,2025,2025-04-11,Y,MED
Q3_amr_core,2026-09-05,38649301,PMC11034027,10.1093/gigascience/giae017,Large-scale genomic survey with deep learning-based method reveals strain-level phage specificity determinants.,"Yang Y, Dufault-Thompson K, Yan W, Cai T, Xie L, Jiang X.",,2024,2024-01-01,N,MED
Q3_amr_core,2026-09-05,40748940,PMC12316311,10.1371/journal.pone.0327805,Analysis and comparison of the bacterial σ54 regulon: Evidence of phylogenetic trends in gene regulation.,"Carrera-Reyna M, Cruz-Flores E, Merino E.",,2025,2025-08-01,Y,MED
Q3_amr_core,2026-09-05,35091743,PMC8921649,10.1093/bib/bbac005,Ontology-aware neural network: a general framework for pattern mining from microbiome data.,"Zha Y, Ning K.",,2022,2022-03-01,Y,MED
Q3_amr_core,2026-09-05,40542420,PMC12180220,10.1186/s40168-025-02144-4,Metagenomic analysis reveals gut phage diversity across three mammalian models.,"Yu M, Chu Y, Wang Y, Mo L, Tan X, Guo S, Yuan S, Ma Y.",,2025,2025-06-20,Y,MED
Q3_amr_core,2026-09-05,40521196,PMC12160019,10.7150/thno.111765,Extrachromosomal circular DNA drives dynamic genome plasticity: emerging roles in disease progression and clinical potential.,"Shi B, Yang P, Qiao H, Yu D, Zhang S.",,2025,2025-05-25,Y,MED
Q3_amr_core,2026-09-05,33897984,PMC8060595,10.1016/j.csbj.2021.03.027,AMR-Diag: Neural network based genotype-to-phenotype prediction of resistance towards β-lactams in &lt;i&gt;Escherichia coli&lt;/i&gt; and &lt;i&gt;Klebsiella pneumoniae&lt;/i&gt;.,"Avershina E, Sharma P, Taxt AM, Singh H, Frye SA, Paul K, Kapil A, Naseer U, Kaur P, Ahmad R.",,2021,2021-03-29,Y,MED
Q3_amr_core,2026-09-05,42516919,PMC13402426,10.3389/frph.2026.1817416,Global research landscape and trends of single-cell sequencing in sexually transmitted infections: a comprehensive bibliometric analysis from 2015 to 2025.,"Wu C, Guo Y, Cui N, Gao Y, Jiang L, Tang H, Liang Q, Tang L.",,2026,2026-07-13,Y,MED
Q3_amr_core,2026-09-05,39767657,PMC11673561,10.3390/biomedicines12122750,"Revolutionizing Personalized Medicine: Synergy with Multi-Omics Data Generation, Main Hurdles, and Future Perspectives.","Molla G, Bitew M.",,2024,2024-11-30,Y,MED
Q3_amr_core,2026-09-05,41924422,PMC13036498,10.3389/fcimb.2026.1767224,Systems analysis of the HPV-microbiome-biofilm triad.,"Nazarova V, Kamzayeva N, Ukybassova T, Kozhakhmetov S, Kushugulova A.",,2026,2026-03-17,Y,MED
Q3_amr_core,2026-09-05,32849463,PMC7422695,10.3389/fmicb.2020.01883,Analytical Performance Validation of Next-Generation Sequencing Based Clinical Microbiology Assays Using a K-mer Analysis Workflow.,"Lepuschitz S, Weinmaier T, Mrazek K, Beisken S, Weinberger J, Posch AE.",,2020,2020-08-05,Y,MED
Q3_amr_core,2026-09-05,37330560,PMC10276880,10.1038/s41467-023-39264-0,A data-driven approach for predicting the impact of drugs on the human microbiome.,"Algavi YM, Borenstein E.",,2023,2023-06-17,Y,MED
Q3_amr_core,2026-09-05,39684372,PMC11641655,10.3390/ijms252312660,Characterization and Safety Evaluation of Autoclaved Gut Commensal <i>Parabacteroides goldsteinii</i> RV-01.,"Lin TL, Chen WJ, Hung CM, Wong YL, Lu CC, Lai HC.",,2024,2024-11-25,Y,MED
Q3_amr_core,2026-09-05,41940160,PMC12973395,10.1016/j.abiote.2025.100018,Deep learning-driven protein binder design for crop improvement.,"Iqbal MS, Bahitwa R, Azam AA, Xu H, Wang H.",,2026,2025-12-13,Y,MED
Q3_amr_core,2026-09-05,35909954,PMC9329510,10.3389/fcimb.2022.933006,"Characterization and Comparative Genomic Analysis of a Highly Colistin-Resistant &lt;i&gt;Chryseobacterium gallinarum&lt;/i&gt;: a Rare, Uncommon Pathogen.","Gaur M, Dey S, Sahu A, Dixit S, Sarathbabu S, Zothanzama J, Sahoo RK, Behera DU, Monika, Subudhi E.",,2022,2022-07-14,Y,MED
Q3_amr_core,2026-09-05,,PMC12022203,,"Abstracts of the papers presented in the international conference of Indian Virological Society, VIROCON 2024 on “Emerging viruses: pandemic and biosecurity perspectives” held during 11–13 November, 2024 at Defence Research and Development Establishment (DRDE), DRDO, Ministry of Defence, Gwalior, India",,,2025,2025-03-01,N,PMC
Q3_amr_core,2026-09-05,36970678,PMC10030586,10.3389/fmicb.2023.1101357,Rapid discrimination of <i>Shigella</i> spp. and <i>Escherichia coli via</i> label-free surface enhanced Raman spectroscopy coupled with machine learning algorithms.,"Liu W, Tang JW, Mou JY, Lyu JW, Di YW, Liao YL, Luo YF, Li ZK, Wu X, Wang L.",,2023,2023-03-08,Y,MED
Q3_amr_core,2026-09-05,40896167,PMC12392278,10.3389/phrs.2025.1608039,Strengthening Outbreak Detection in Africa to Achieve the 7-1-7 Global Framework: Challenges and Opportunities.,"Jean Louis F, Nichols L, de la Torre C, Dahourou AG.",,2025,2025-08-14,Y,MED
Q3_amr_core,2026-09-05,41411654,PMC12931694,10.1080/19490976.2024.2443117,Impacts of COVID-19 pandemic on early life gut microbiome.,"Zhang L, Xu W, Meng HYH, Ching JYL, Liu Y, Wang S, Yan S, Lin L, Cheong PK, Ip KL, Peng Y, Zhu J, Cheung CP, Leung TF, Leung ASY, Tam WH, Leung TY, Chan PKS, Chang EB, Rubin DT, Claud EC, Wu WKK, Tun HM, Chan FKL, Ng SC.",,2025,2024-12-31,Y,MED
Q3_amr_core,2026-09-05,40275408,PMC12023590,10.1186/s40793-025-00703-8,Unveiling plasmid diversity and functionality in pristine groundwater.,"Pérez-Carrascal OM, Pratama AA, Sullivan MB, Küsel K.",,2025,2025-04-24,Y,MED
Q3_amr_core,2026-09-05,41513995,PMC12872448,10.1038/s41564-025-02217-y,Large-scale testing of antimicrobial lethality at single-cell resolution predicts mycobacterial infection outcomes.,"Jovanovic A, Bright FK, Sadeghi A, Wicki B, Caño Muñiz SE, Giannini GC, Toprak S, Sauteur L, Rodoni A, Wüst A, Lupien A, Borrell S, Grogono DM, Wheeler NE, Dehio P, Nemeth J, Pargger H, Thomson R, Bell SC, Gagneux S, Bryant JM, Peng T, Diacon AH, Floto RA, Abanto M, Boeck L.",,2026,2026-01-09,Y,MED
Q3_amr_core,2026-09-05,42291305,PMC13253442,10.3389/fcimb.2026.1833650,Fluoroquinolones as the linchpin of tuberculosis therapy: contrasting efficacy and resistance profiles in &lt;i&gt;Mycobacterium tuberculosis&lt;/i&gt; versus &lt;i&gt;Mycobacterium abscessus&lt;/i&gt;.,"Kuzioła M, Korycka-Machała M, Zygała-Pytlos D, Dziadek B, Kawka M, Pawełczyk J, Odolczyk N, Zielenkiewicz P, Słomka M, Dziadek J.",,2026,2026-05-28,Y,MED
Q3_amr_core,2026-09-05,40619813,PMC12229991,10.1093/bib/bbaf323,Integrative systems biology approaches for analyzing microbiome dysbiosis and species interactions.,"Sabih Ur Rehman S, Nasar MI, Mesquita CS, Al Khodor S, Notebaart RA, Ott S, Mundra S, Arasardanam RP, Muhammad K, Alam MT.",,2025,2025-07-01,Y,MED
Q3_amr_core,2026-09-05,41736897,PMC12926466,10.3389/fragi.2025.1731621,The gut and circulating virome: emerging players in aging and longevity.,"Badillo-Pazmay GV, Fortunato C, Cianfruglia L, Novazzi F, Spezia PG, Rosa L, Limongi D, Prezioso C, D'Argenio V, Scudiero O, Bevilacqua L, Malavolta M, Russo P, Maggi F, Balietti M, Giacconi R.",,2025,2026-02-09,Y,MED
Q3_amr_core,2026-09-05,,,10.1101/2025.08.28.25334684,Enhancer-targeting CRISPR screens at coronary artery disease loci suggest shared mechanisms of disease risk,"Ramste M, Weldy C, Kundu S, Zhao Q, Li D, Brand K, Sharma D, Ramste A, Jagoda E, Ray J, Caceres RD, Galante J, Gschwind AR, Lahtinen N, Nguyen T, Amrute JM, Park CY, Kim JB, Kaikkonen MU, Stitziel NO, Steinmetz L, Kundaje A, Engreitz JM, Quertermous T.",,2025,2025-09-02,Y,PPR
Q3_amr_core,2026-09-05,,,10.1101/2022.04.03.22273290,The mobilome associated with Gram-negative bloodstream infections: A large-scale observational hybrid sequencing based study,"Lipworth S, Matlock W, Shaw L, Vihta K, Rodger G, Chau K, Barker L, George S, Kavanagh J, Davies T, Vaughan A, Andersson M, Jeffery K, Oakley S, Morgan M, Hopkins S, Peto T, Crook D, Walker AS, Stoesser N.",,2022,2022-04-04,Y,PPR
Q3_amr_core,2026-09-05,41423459,PMC12859096,10.1038/s41467-025-67910-2,Staphylococcus aureus fatty acid metabolism governs saeRS-mediated aggregation in joint infections.,"Yu J, Li M, Wang C, Hamushan M, Hu Y, Yang Y, Jiang F, Yan J, Wang B, Chen X, Tang J, Guo G, Han P, Shen H.",,2025,2025-12-21,Y,MED
Q3_amr_core,2026-09-05,41958967,PMC13057343,10.3389/frabi.2026.1766594,Antimicrobial peptides: emerging next-generation strategy for sustainable plant disease management.,"Das D, Khan T, Kalita J, Rustagi S, Panda SK, Singh N, Mohanta YK.",,2026,2026-03-25,Y,MED
Q3_amr_core,2026-09-05,,PMC7776437,,152. rapid Ultra-high Enrichment of Bacterial Pathogens at Low Concentration from Blood for Species ID and AMR Prediction Using Nanopore Sequencing,"Tsui C, Cunden L, Billings N, Nanayakkara I, Herriott I, Kumcu M, Martin R, Chen M, Pangestu F, Knysh P, Maddux C, Munro Z, Huntley M.",,2020,2020-10-01,Y,PMC
Q3_amr_core,2026-09-05,40920735,PMC12416667,10.1371/journal.pone.0330523,Exploring extreme environments in Türkiye for novel P450s through metagenomic analysis.,"Mumcu H, Zaugg J, Keles I, Kayrav A, Balci N, Nelson DR, Hugenholtz P, Gillam EMJ, Gul Karaguler N.",,2025,2025-09-08,Y,MED
Q3_amr_core,2026-09-05,34316397,PMC8288115,10.7717/peerj.11732,Dairy management practices associated with multi-drug resistant fecal commensals and <i>Salmonella</i> in cull cows: a machine learning approach.,"Pandit PS, Williams DR, Rossitto P, Adaska JM, Pereira R, Lehenbauer TW, Byrne BA, Li X, Atwill ER, Aly SS.",,2021,2021-07-16,Y,MED
Q3_amr_core,2026-09-05,38193680,PMC10846162,10.1128/spectrum.03400-23,Predicting fungal secondary metabolite activity from biosynthetic gene cluster data using machine learning.,"Riedling O, Walker AS, Rokas A.",,2024,2024-01-09,Y,MED
Q3_amr_core,2026-09-05,40868034,PMC12383231,10.3390/antibiotics14080840,A Practical Framework for Environmental Antibiotic Resistance Monitoring in Freshwater Ecosystems.,"Beltrán de Heredia I, Alkorta I, Garbisu C, Ruiz-Romera E.",,2025,2025-08-19,Y,MED
Q3_amr_core,2026-09-05,35634548,PMC9131584,10.2903/j.efsa.2022.e200404,Microbiota analysis for risk assessment: evaluation of hazardous dietary substances and its potential role on the gut microbiome variability and dysbiosis.,"Cerk K, Aguilera-Gómez M.",,2022,2022-05-25,Y,MED
Q3_amr_core,2026-09-05,41168175,PMC12575707,10.1038/s41467-025-64933-7,Discovery of obesity genes through cross-ancestry analysis.,"Banerjee D, Girirajan S.",,2025,2025-10-30,Y,MED
Q3_amr_core,2026-09-05,41078362,PMC12507853,10.3389/fcimb.2025.1662442,New antifungal strategies and drug development against WHO critical priority fungal pathogens.,"Li Y, Liu Y, Jiang Y, Yang Y, Ni W, Zhang W, Tan L.",,2025,2025-09-25,Y,MED
Q3_amr_core,2026-09-05,,PMC7776705,,153. pilot Study of a Novel Whole-genome Sequencing Based Rapid Bacterial Identification Assay in Patients with Bacteremia,"Asundi A, Billings N, Rogers Z, Roche S, Bombard J, Kumcu M, Cunden L, Nanayakkara I, Tsui C, Knysh P, Maddux C, Munro Z, Herriott I, Huntley M, Lin N.",,2020,2020-10-01,Y,PMC
Q3_amr_core,2026-09-05,36350631,PMC9825582,10.1093/nar/gkac1003,"Introducing the Bacterial and Viral Bioinformatics Resource Center (BV-BRC): a resource combining PATRIC, IRD and ViPR.","Olson RD, Assaf R, Brettin T, Conrad N, Cucinell C, Davis JJ, Dempsey DM, Dickerman A, Dietrich EM, Kenyon RW, Kuscuoglu M, Lefkowitz EJ, Lu J, Machi D, Macken C, Mao C, Niewiadomska A, Nguyen M, Olsen GJ, Overbeek JC, Parrello B, Parrello V, Porter JS, Pusch GD, Shukla M, Singh I, Stewart L, Tan G,",,2023,2023-01-01,N,MED
Q3_amr_core,2026-09-05,42197004,PMC13209768,10.3390/nu18101544,FMT from Exercise and Konjac Glucomannan Preconditioned Donors Rescues Antibiotic-Induced Dysbiosis with Enhanced Ecological Restoration in Mice.,"Wang M, Lyu Y, Zhang J, Wang Y, Yang Y, Mao YH.",,2026,2026-05-13,Y,MED
Q3_amr_core,2026-09-05,41313551,PMC13198517,10.1007/s11030-025-11404-2,Interpretable Quantitative Structure-Activity Relationship (QSAR) for identification of potent antifungal activity agents towards Candida albicans ATCC 2091.,"Zapadka M, Łączkowski KZ, Budzyńska A, Maciejewski M, Dekowski P, Kupcewicz B.",,2026,2025-11-28,Y,MED
Q3_amr_core,2026-09-05,35862809,PMC9426533,10.1128/msystems.00378-22,"Forecasting Staphylococcus aureus Infections Using Genome-Wide Association Studies, Machine Learning, and Transcriptomic Approaches.","Sassi M, Bronsard J, Pascreau G, Emily M, Donnio PY, Revest M, Felden B, Wirth T, Augagneur Y.",,2022,2022-07-05,Y,MED
Q3_amr_core,2026-09-05,38674013,PMC11050019,10.3390/ijms25084425,Moving toward the Inclusion of Epigenomics in Bacterial Genome Evolution: Perspectives and Challenges.,"Passeri I, Vaccaro F, Mengoni A, Fagorzi C.",,2024,2024-04-17,Y,MED
Q3_amr_core,2026-09-05,39770830,PMC11677201,10.3390/microorganisms12122628,"Genomic and Phenotypic Characterization of <i>Streptomyces sirii</i> sp. nov., Amicetin-Producing Actinobacteria Isolated from Bamboo Rhizospheric Soil.","Zakalyukina YV, Alferova VA, Nikandrova AA, Kiriy AR, Chernyshova AP, Kabilov MR, Baturina OA, Biryukov MV, Sergiev PV, Lukianov DA.",,2024,2024-12-19,Y,MED
Q3_amr_core,2026-09-05,38996110,PMC11245197,10.1097/md.0000000000038834,"Harnessing technology for infectious disease response in conflict zones: Challenges, innovations, and policy implications.","Ugwu OP, Alum EU, Ugwu JN, Eze VHU, Ugwu CN, Ogenyi FC, Okon MB.",,2024,2024-07-01,Y,MED
Q3_amr_core,2026-09-05,42366621,PMC13310775,10.1093/bib/bbag336,"Evaluating completeness, coherence, and consistency of genome-scale function annotations.","Tawfiq R, Kulmanov M, Hoehndorf R.",,2026,2026-05-01,Y,MED
Q3_amr_core,2026-09-05,36090102,PMC9449513,10.3389/fmicb.2022.928153,Genomic insights from <i>Paraclostridium bifermentans</i> HD0315_2: General features and pathogenic potential.,"Zhao H, Wang J, Peng Y, Cai X, Liu Y, Huang W, Huang H, Nie Y.",,2022,2022-08-24,Y,MED
Q3_amr_core,2026-09-05,36000891,PMC9602359,10.1128/spectrum.01296-22,Estimated Roles of the Carrier and the Bacterial Strain When Methicillin-Resistant Staphylococcus aureus Decolonization Fails: a Case-Control Study.,"Holm MKA, Jørgensen KM, Bagge K, Worning P, Pedersen M, Westh H, Monk JM, Bartels MD.",,2022,2022-08-24,Y,MED
Q3_amr_core,2026-09-05,37272825,PMC10358154,10.1128/jcm.00223-23,Getting the Most Out of Your Genome-Wide Association Study Using Polygenic Risk Scores.,"Maggioncalda E, Snitkin E.",,2023,2023-06-05,Y,MED
Q3_amr_core,2026-09-05,,,10.1101/2021.03.26.437296,Machine learning prediction of resistance to sub-inhibitory antimicrobial concentrations from  <i>Escherichia coli</i>  genomes,"Benkwitz-Bedford S, Palm M, Demirtas TY, Mustonen V, Farewell A, Warringer J, Moradigaravand D, Parts L.",,2021,2021-03-28,N,PPR
Q3_amr_core,2026-09-05,40824256,PMC12363447,10.1097/hc9.0000000000000788,Bioartificial liver: Where lies the path ahead-A review.,"Jiang Q, Jiang Q, Su Y, Cao X, Zhang H, Zhang J, Li L.",,2025,2025-08-15,Y,MED
Q3_amr_core,2026-09-05,39972521,PMC11841253,10.1186/s42522-024-00133-5,Developing a one health data integration framework focused on real-time pathogen surveillance and applied genomic epidemiology.,"Oltean HN, Lipton B, Black A, Snekvik K, Haman K, Buswell M, Baines AE, Rabinowitz PM, Russell SL, Shadomy S, Ghai RR, Rekant S, Lindquist S, Baseman JG.",,2025,2025-02-20,Y,MED
Q3_amr_core,2026-09-05,42393775,PMC13325606,10.1186/s13054-026-05916-y,45th International Symposium on Intensive Care &amp; Emergency Medicine.,,,2026,2026-07-02,Y,MED
Q3_amr_core,2026-09-05,37735266,PMC11324519,10.1038/s41587-023-01953-y,Identification of mobile genetic elements with geNomad.,"Camargo AP, Roux S, Schulz F, Babinski M, Xu Y, Hu B, Chain PSG, Nayfach S, Kyrpides NC.",,2024,2023-09-21,Y,MED
Q3_amr_core,2026-09-05,37184409,PMC10308912,10.1128/msystems.00734-22,Identification of a Specific Biomarker of Acinetobacter baumannii Global Clone 1 by Machine Learning and PCR Related to Metabolic Fitness of ESKAPE Pathogens.,"Álvarez VE, Quiroga MP, Centrón D.",,2023,2023-05-15,Y,MED
Q3_amr_core,2026-09-05,40634108,PMC12360209,10.1261/rna.080633.125,Pseudouridine reprogramming in the human T-cell epitranscriptome: from primary to immortalized states.,"Fanari O, Bloch D, Qiu Y, Meseonznik M, Boyko D, Makhamreh A, Wanunu M, Rouhanifard SH.",,2025,2025-08-18,Y,MED
Q3_amr_core,2026-09-05,33347430,PMC7785249,10.1371/journal.pcbi.1008518,Robust detection of point mutations involved in multidrug-resistant Mycobacterium tuberculosis in the presence of co-occurrent resistance markers.,"Libiseller-Egger J, Phelan J, Campino S, Mohareb F, Clark TG.",,2020,2020-12-21,Y,MED
Q3_amr_core,2026-09-05,37176910,PMC10180744,10.3390/plants12091852,Artificial Intelligence: A Promising Tool in Exploring the Phytomicrobiome in Managing Disease and Promoting Plant Health.,"Zhao L, Walkowiak S, Fernando WGD.",,2023,2023-04-30,Y,MED
Q3_amr_core,2026-09-05,38472999,PMC10931124,10.3390/diagnostics14050528,Artificial Intelligence in the Diagnosis of Colorectal Cancer: A Literature Review.,"Uchikov P, Khalid U, Kraev K, Hristov B, Kraeva M, Tenchev T, Chakarov D, Sandeva M, Dragusheva S, Taneva D, Batashki A.",,2024,2024-03-01,Y,MED
Q3_amr_core,2026-09-05,35521547,PMC9052061,10.1016/j.csbj.2022.04.014,Scalable in-memory processing of omics workflows.,"Elisseev V, Gardiner LJ, Krishna R.",,2022,2022-04-20,Y,MED
Q3_amr_core,2026-09-05,39388235,PMC11466455,10.7554/elife.98300,Benchmarking reveals superiority of deep learning variant callers on bacterial nanopore sequence data.,"Hall MB, Wick RR, Judd LM, Nguyen AN, Steinig EJ, Xie O, Davies M, Seemann T, Stinear TP, Coin L.",,2024,2024-10-10,Y,MED
Q3_amr_core,2026-09-05,32213251,PMC7276708,10.1099/mgen.0.000359,"Genomic epidemiology and population structure of <i>Neisseria gonorrhoeae</i> in Norway, 2016-2017.","Alfsnes K, Eldholm V, Olsen AO, Brynildsrud OB, Bohlin J, Steinbakk M, Caugant DA.",,2020,2020-03-19,Y,MED
Q3_amr_core,2026-09-05,40013797,PMC11915821,10.1128/msystems.01444-24,Comparative metagenome-associated analysis of gut microbiota and antibiotic resistance genes in acute gastrointestinal injury patients with the risk of in-hospital mortality.,"Bai Y, Hu Y, Chen X, Hu L, Wu K, Liang S, Zheng J, Gänzle MG, Chen C.",,2025,2025-02-27,Y,MED
Q3_amr_core,2026-09-05,38126125,PMC11970743,10.1080/21541264.2023.2293523,Targeting bacterial transcription factors for infection control: opportunities and challenges.,"Al-Tohamy A, Grove A.",,2025,2023-12-21,N,MED
Q3_amr_core,2026-09-05,39493856,PMC11528214,10.3389/fmicb.2024.1425437,Current methodologies available to evaluate the virulence potential among <i>Listeria monocytogenes</i> clonal complexes.,"Sousa M, Magalhães R, Ferreira V, Teixeira P.",,2024,2024-10-10,Y,MED
Q3_amr_core,2026-09-05,38531172,PMC10987885,10.1016/j.ebiom.2024.105085,Identifying local foci of tuberculosis transmission in Moldova using a spatial multinomial logistic regression model.,"Lan Y, Crudu V, Ciobanu N, Codreanu A, Chitwood MH, Sobkowiak B, Warren JL, Cohen T.",,2024,2024-03-26,Y,MED
Q3_amr_core,2026-09-05,32843552,PMC7448275,10.1128/mbio.01527-20,A Genome-Based Model to Predict the Virulence of Pseudomonas aeruginosa Isolates.,"Pincus NB, Ozer EA, Allen JP, Nguyen M, Davis JJ, Winter DR, Chuang CH, Chiu CH, Zamorano L, Oliver A, Hauser AR.",,2020,2020-08-25,Y,MED
Q3_amr_core,2026-09-05,36714139,PMC9878129,10.3389/fmed.2022.1043589,Research frontiers and trends in the application of artificial intelligence to sepsis: A bibliometric analysis.,"Tang M, Mu F, Cui C, Zhao JY, Lin R, Sun KX, Guan Y, Wang JW.",,2022,2023-01-12,Y,MED
Q3_amr_core,2026-09-05,36882861,PMC9990230,10.1186/s13099-023-00535-2,In-silico computational approaches to study microbiota impacts on diseases and pharmacotherapy.,"Shokri Garjan H, Omidi Y, Poursheikhali Asghari M, Ferdousi R.",,2023,2023-03-07,Y,MED
Q3_amr_core,2026-09-05,,,10.1101/2025.06.27.660518,"Hybrid-metagenomics reveal off-target effects of albendazole, ivermectin-albendazole and moxidectin-albendazole on the human gut bacteria","Dommann J, Sprecher VP, Beisel C, Ballmer D, Hürlimann E, Coulibaly JT, Keiser J, Schneeberger PHH.",,2025,2025-06-27,Y,PPR
Q3_amr_core,2026-09-05,39138557,PMC11323692,10.1186/s12864-024-10692-6,A novel hierarchical network-based approach to unveil the complexity of functional microbial genome.,"Lu Y, Li Q, Li T.",,2024,2024-08-14,Y,MED
Q3_amr_core,2026-09-05,39160564,PMC11331721,10.1186/s13059-024-03363-y,Melon: metagenomic long-read-based taxonomic identification and quantification using marker genes.,"Chen X, Yin X, Shi X, Yan W, Yang Y, Liu L, Zhang T.",,2024,2024-08-19,Y,MED
Q3_amr_core,2026-09-05,37752080,PMC11841734,10.1097/shk.0000000000002227,ADVANCING THE UNDERSTANDING OF CLINICAL SEPSIS USING GENE EXPRESSION-DRIVEN MACHINE LEARNING TO IMPROVE PATIENT OUTCOMES.,"Rashid A, Al-Obeidat F, Hafez W, Benakatti G, Malik RA, Koutentis C, Sharief J, Brierley J, Quraishi N, Malik ZA, Anwary A, Alkhzaimi H, Zaki SA, Khilnani P, Kadwa R, Phatak R, Schumacher M, Shaikh MG, Al-Dubai A, Hussain A.",,2024,2023-09-22,Y,MED
Q3_amr_core,2026-09-05,42394848,PMC13327627,10.1002/mlf2.70088,Harnessing microbial power to degrade hydrocarbon-based plastics.,"Li H, Tao X, Sun L, Zhou A, Zhou J.",,2026,2026-06-19,Y,MED
Q3_amr_core,2026-09-05,41554351,PMC12994596,10.1016/j.phrs.2026.108104,Gene modification: Exploring the potential in treating kidney diseases.,"Ekperikpe US, Zhao S, Daehn IS.",,2026,2026-01-17,Y,MED
Q3_amr_core,2026-09-05,41297543,PMC12985365,10.1016/j.xgen.2025.101075,Polygenic scores capture genetic modification of the adiposity-cardiometabolic risk factor relationship.,"Westerman KE, Gervis JE, O'Connor LJ, Udler MS, Manning AK.",,2026,2025-11-25,Y,MED
Q3_amr_core,2026-09-05,33294134,PMC7683289,10.1016/j.csbj.2020.10.017,Combining structure and genomics to understand antimicrobial resistance.,"Tunstall T, Portelli S, Phelan J, Clark TG, Ascher DB, Furnham N.",,2020,2020-10-29,Y,MED
Q3_amr_core,2026-09-05,40863943,PMC12389969,10.3390/toxics13080667,A Review on the Degradation of Antibiotic Resistance Genes During Composting of Livestock Manure.,"Zhao E, Li Y, Zhang J, Geng B.",,2025,2025-08-08,Y,MED
Q3_amr_core,2026-09-05,40603299,PMC12223202,10.1038/s41467-025-61202-5,Universal rules govern plasmid copy number.,"Ramiro-Martínez P, de Quinto I, Lanza VF, Gama JA, Rodríguez-Beltrán J.",,2025,2025-07-02,Y,MED
Q3_amr_core,2026-09-05,36839496,PMC9966477,10.3390/pathogens12020223,"Evaluation of Genomic Typing Methods in the <i>Salmonella</i> Reference Laboratory in Public Health, England, 2012-2020.","Chattaway MA, Painset A, Godbole G, Gharbia S, Jenkins C.",,2023,2023-01-31,Y,MED
Q3_amr_core,2026-09-05,41184906,PMC12581504,10.1186/s12951-025-03712-4,Smart hybrid nanomaterials for chronic infections: microbiome-responsive and sustainable therapeutic platforms.,"Singh H, Balusamy SR, Sukweenadhi J, Saravanan M, Aruchamy M, Mijakovic I, Singh P.",,2025,2025-11-03,Y,MED
Q3_amr_core,2026-09-05,42075988,PMC13118375,10.3390/molecules31081310,Computational Investigation of Novel pUL56 Ligands Using Docking and Molecular Dynamics with Preliminary Cytotoxicity Evaluation: An Early-Stage Study.,"Feoktistova V, Afolabi SO, Klabukov AM, Shtro AA, Kolobov AV, Baichurin RI, Skorb EV, Shityakov S.",,2026,2026-04-17,Y,MED
Q3_amr_core,2026-09-05,40732273,PMC12298131,10.3390/ph18070981,From Lab to Clinic: How Artificial Intelligence (AI) Is Reshaping Drug Discovery Timelines and Industry Outcomes.,"Dermawan D, Alotaiq N.",,2025,2025-06-30,Y,MED
Q3_amr_core,2026-09-05,37736834,PMC10517023,10.1038/s42003-023-05352-6,Improving genetic risk prediction across diverse population by disentangling ancestry representations.,"Gyawali PK, Le Guen Y, Liu X, Belloy ME, Tang H, Zou J, He Z.",,2023,2023-09-22,Y,MED
Q3_amr_core,2026-09-05,38049420,PMC10696028,10.1038/s41598-023-47748-8,Gut microbiomes of agropastoral children from the Adadle region of Ethiopia reflect their unique dietary habits.,"Yersin S, Garneau JR, Schneeberger PHH, Osman KA, Cercamondi CI, Muhummed AM, Tschopp R, Zinsstag J, Vonaesch P.",,2023,2023-12-01,Y,MED
Q3_amr_core,2026-09-05,33903652,PMC8076188,10.1038/s41598-021-88318-0,Whole genome-based characterisation of antimicrobial resistance and genetic diversity in Campylobacter jejuni and Campylobacter coli from ruminants.,"Ocejo M, Oporto B, Lavín JL, Hurtado A.",,2021,2021-04-26,Y,MED
Q3_amr_core,2026-09-05,40993375,PMC12579659,10.1007/s00239-025-10262-8,Co-evolution of alpha-helical transmembrane protein residues: large-scale variant profiling and complete mutational landscape of 2277 known PDB entries representing 504 unique human protein sequences.,"Karagöl T, Karagöl A, Zhang S.",,2025,2025-09-24,Y,MED
Q3_amr_core,2026-09-05,41064537,PMC12501426,10.1093/nsr/nwaf374,Eco-evolutionary strategies drive viral diversification in nutrient-poor soils across elevation gradients.,"Lin D, Wang J, Ye YQ, Zhang TL, Sun MM, Kong WD, Ding LJ, Gillings MR, Makhalanyane TP, Ye M, Zhu D, Zhu YG.",,2025,2025-09-08,Y,MED
Q3_amr_core,2026-09-05,39567044,PMC11989931,10.1016/j.jacc.2024.06.052,"Associations of Self-Reported Race, Social Determinants of Health, and Polygenic Risk With Coronary Heart Disease.","Norland K, Schaid DJ, Naderian M, Na J, Kullo IJ.",,2024,2024-11-01,N,MED
Q3_amr_core,2026-09-05,42199375,PMC13199644,10.34133/csbj.0098,Optimized Quantitative Bacterial Two-Hybrid (qB2H) for Protein-Protein Interaction Assessment.,"Guyot A, Maillard E, Ferreira-Pinto K, Plançon-Arnould L, Nadaradjane AA, Guérois R, Ochsenbein F, Martin L, Ramos OHP.",,2026,2026-05-25,Y,MED
Q3_amr_core,2026-09-05,39380680,PMC11459464,10.3389/fmicb.2024.1433224,Navigating the archaeal frontier: insights and projections from bioinformatic pipelines.,"Karavaeva V, Sousa FL.",,2024,2024-09-23,Y,MED
Q3_amr_core,2026-09-05,34876224,PMC8650288,10.1186/s13099-021-00468-8,"Genome insights of Enterococcus raffinosus CX012922, isolated from the feces of a Crohn's disease patient.","Zhao H, Peng Y, Cai X, Zhou Y, Zhou Y, Huang H, Xu L, Xu L, Nie Y.",,2021,2021-12-07,Y,MED
Q3_amr_core,2026-09-05,36136696,PMC9503504,10.3390/vetsci9090480,Current Insights Regarding the Role of Farm Animals in the Spread of Antimicrobial Resistance from a One Health Perspective.,"Rhouma M, Soufi L, Cenatus S, Archambault M, Butaye P.",,2022,2022-09-05,Y,MED
Q3_amr_core,2026-09-05,36303799,PMC9580932,10.3389/fbinf.2021.805338,MycoVarP: Mycobacterium Variant and Drug Resistance Prediction Pipeline for Whole-Genome Sequence Data Analysis.,"Swargam S, Kumari I, Kumar A, Pradhan D, Alam A, Singh H, Jain A, Devi KR, Trivedi V, Sarma J, Hanif M, Narain K, Ehtesham NZ, Hasnain SE, Ahmad S.",,2021,2022-06-03,Y,MED
Q3_amr_core,2026-09-05,36077000,PMC9455953,10.3390/ijms23179601,"""Omic"" Approaches to Bacteria and Antibiotic Resistance Identification.","Janiszewska D, Szultka-Młyńska M, Pomastowski P, Buszewski B.",,2022,2022-08-24,Y,MED
Q3_amr_core,2026-09-05,38755267,PMC11099050,10.1038/s41598-024-61549-7,"Identification of Mycobacterium abscessus using the peaks of ribosomal protein L29, L30 and hemophore-related protein by MALDI-MS proteotyping.","Takei S, Teramoto K, Sekiguchi Y, Ihara H, Tohya M, Iwamoto S, Tanaka K, Khasawneh A, Horiuchi Y, Misawa S, Naito T, Kirikae T, Tada T, Tabe Y.",,2024,2024-05-16,Y,MED
Q3_amr_core,2026-09-05,38356658,PMC10864759,10.1016/j.csbj.2024.01.023,"Enhancing Mass spectrometry-based tumor immunopeptide identification: machine learning filter leveraging HLA binding affinity, aliphatic index and retention time deviation.","Wei F, Kouro T, Nakamura Y, Ueda H, Iiizumi S, Hasegawa K, Asahina Y, Kishida T, Morinaga S, Himuro H, Horaguchi S, Tsuji K, Mano Y, Nakamura N, Kawamura T, Sasada T.",,2024,2024-02-03,Y,MED
Q3_amr_core,2026-09-05,41301539,PMC12650184,10.3390/biom15111621,Circulating microRNAs and Plasma Gelsolin as Biomarkers of Sepsis: Molecular Insights and Prospects for Precision Medicine.,"Stoian M, Azamfirei L, Bandila SR, Stoian A, Babă DF, Bănescu C.",,2025,2025-11-18,Y,MED
Q3_amr_core,2026-09-05,37928215,PMC10624599,10.1029/2023gh000877,Local and Environmental Reservoirs of <i>Salmonella enterica</i> After Hurricane Florence Flooding.,"Mao Y, Zeineldin M, Usmani M, Jutla A, Shisler JL, Whitaker RJ, Nguyen TH.",,2023,2023-11-03,Y,MED
Q3_amr_core,2026-09-05,39215402,PMC11364511,10.1111/1751-7915.70004,Improving the odds: Artificial intelligence and the great plate count anomaly.,Sipkema D.,,2024,2024-09-01,Y,MED
Q3_amr_core,2026-09-05,38726363,PMC11079468,10.1016/j.isci.2024.109790,Nucleus-forming jumbophage PhiKZ therapeutically outcompetes non-nucleus-forming jumbophage Callisto.,"Naknaen A, Samernate T, Saeju P, Nonejuie P, Chaikeeratisak V.",,2024,2024-04-18,Y,MED
Q3_amr_core,2026-09-05,38046097,PMC10689668,10.1093/bioadv/vbad165,TaxaHFE: a machine learning approach to collapse microbiome datasets using taxonomic structure.,"Oliver A, Kay M, Lemay DG.",,2023,2023-11-28,N,MED
Q3_amr_core,2026-09-05,41384994,PMC12701166,10.1007/s00432-025-06393-6,"Phage therapy and the microbiome in hematologic malignancies: opportunities, mechanisms, and early evidence.","Zhang J, Liu J, Bayani A.",,2025,2025-12-12,Y,MED
Q3_amr_core,2026-09-05,35685616,PMC9122625,10.1039/d0ra01484b,Antibiotic resistance: bioinformatics-based understanding as a functional strategy for drug design.,"Ndagi U, Falaki AA, Abdullahi M, Lawal MM, Soliman ME.",,2020,2020-05-14,Y,MED
Q3_amr_core,2026-09-05,33416461,PMC8115898,10.1099/mgen.0.000500,Identifying novel β-lactamase substrate activity through <i>in silico</i> prediction of antimicrobial resistance.,"Tsang KK, Maguire F, Zubyk HL, Chou S, Edalatmand A, Wright GD, Beiko RG, McArthur AG.",,2021,2021-01-01,Y,MED
Q3_amr_core,2026-09-05,41661138,PMC12892361,10.1093/femsre/fuaf067,Spatial structure: shaping the ecology and evolution of microbial communities.,"Bäcker M, Doekes HM, Garza DR, Meijer J, van Vliet S, Allen RJ, Hogeweg P, Dutilh BE, van Dijk B.",,2026,2026-01-01,Y,MED
Q3_amr_core,2026-09-05,40134796,PMC11932517,10.1089/phage.2023.0019,"Isolation and Complete Genome Sequencing of NS-I, a Lytic Bacteriophage Infecting Fish Pathogenic Strains of &lt;i&gt;Nocardia seriolae&lt;/i&gt;.","Akmal M, Araki K, Nishiki I, Yoshida T.",,2023,2023-12-14,N,MED
Q3_amr_core,2026-09-05,38531599,PMC10965241,10.1093/database/baae022,ESKtides: a comprehensive database and mining method for ESKAPE phage-derived antimicrobial peptides.,"Wu H, Chen R, Li X, Zhang Y, Zhang J, Yang Y, Wan J, Zhou Y, Chen H, Li J, Li R, Zou G.",,2024,2024-03-01,Y,MED
Q3_amr_core,2026-09-05,33789754,PMC8011122,10.1186/s13756-021-00931-w,Surveillance of antimicrobial resistance in low- and middle-income countries: a scattered picture.,"Iskandar K, Molinier L, Hallit S, Sartelli M, Hardcastle TC, Haque M, Lugova H, Dhingra S, Sharma P, Islam S, Mohammed I, Naina Mohamed I, Hanna PA, Hajj SE, Jamaluddin NAH, Salameh P, Roques C.",,2021,2021-03-31,Y,MED
Q3_amr_core,2026-09-05,38443576,PMC10914615,10.1038/s41564-024-01610-3,Diverse plasmid systems and their ecology across human gut metagenomes revealed by PlasX and MobMess.,"Yu MK, Fogarty EC, Eren AM.",,2024,2024-03-04,Y,MED
Q3_amr_core,2026-09-05,37527248,PMC10393143,10.1371/journal.pbio.3002225,Towards a post-pandemic future for global pathogen genome sequencing.,"Ladner JT, Sahl JW.",,2023,2023-08-01,Y,MED
Q3_amr_core,2026-09-05,,,10.1101/2022.01.04.22268645,Modern lineages of <i>Mycobacterium tuberculosis</i> were recently introduced in western India and demonstrate increased transmissibility,"Dixit A, Kagal A, Ektefaie Y, Freschi L, Karyakarte R, Lokhande R, Groschel M, Tornheim JA, Gupte N, Pradhan NN, Paradkar MS, Deshmukh S, Kadam D, Schito M, Engelthaler DM, Gupta A, Golub J, Mave V, Farhat M.",,2022,2022-01-05,N,PPR
Q3_amr_core,2026-09-05,40662566,PMC12269683,10.1080/21505594.2025.2533414,A systematic survey of type I secretion systems and their substrate proteins in &lt;i&gt;Salmonella&lt;/i&gt;.,"Yu M, Chen Y, Cao X, Chen Z, Su S, Wu J, Sun L, Lu Q, Zhang C, Deng Z, Li J, Zhong J, Wang Y.",,2025,2025-07-15,Y,MED
Q3_amr_core,2026-09-05,33536414,PMC7858641,10.1038/s41467-021-20988-w,Genome evolution and the emergence of pathogenicity in avian Escherichia coli.,"Mageiros L, Méric G, Bayliss SC, Pensar J, Pascoe B, Mourkas E, Calland JK, Yahara K, Murray S, Wilkinson TS, Williams LK, Hitchings MD, Porter J, Kemmett K, Feil EJ, Jolley KA, Williams NJ, Corander J, Sheppard SK.",,2021,2021-02-03,Y,MED
Q3_amr_core,2026-09-05,36760505,PMC9905122,10.3389/fmicb.2023.1037845,Metagenome-assembled genomes indicate that antimicrobial resistance genes are highly prevalent among urban bacteria and multidrug and glycopeptide resistances are ubiquitous in most taxa.,"Magnúsdóttir S, Saraiva JP, Bartholomäus A, Soheili M, Toscan RB, Zhang J, Nunes da Rocha U, CLUE-TERRA consortium.",,2023,2023-01-25,Y,MED
Q3_amr_core,2026-09-05,40807307,PMC12348365,10.3390/molecules30153132,"Synthetic and Functional Engineering of Bacteriophages: Approaches for Tailored Bactericidal, Diagnostic, and Delivery Platforms.","Alessa O, Aiba Y, Arbaah M, Hidaka Y, Watanabe S, Miyanaga K, Wannigama DL, Cui L.",,2025,2025-07-25,Y,MED
Q3_amr_core,2026-09-05,34133895,PMC8769739,10.1128/jcm.00646-21,"Nanopore Sequencing for Mycobacterium tuberculosis: a Critical Review of the Literature, New Developments, and Future Opportunities.","Dippenaar A, Goossens SN, Grobbelaar M, Oostvogels S, Cuypers B, Laukens K, Meehan CJ, Warren RM, van Rie A.",,2022,2021-06-16,Y,MED
Q3_amr_core,2026-09-05,,PMC13421919,,Posters,,,2026,2026-07-01,N,PMC
Q3_amr_core,2026-09-05,40863340,PMC12387628,10.3390/jox15040133,Harnessing Engineered Microbial Consortia for Xenobiotic Bioremediation: Integrating Multi-Omics and AI for Next-Generation Wastewater Treatment.,"Renganathan P, Gaysina LA, García Gutiérrez C, Rueda Puente EO, Sainz-Hernández JC.",,2025,2025-08-19,Y,MED
Q3_amr_core,2026-09-05,36868398,PMC10073340,10.1016/j.jmb.2023.168036,In Silico Approaches for Prediction of Anti-CRISPR Proteins.,"Makarova KS, Wolf YI, Koonin EV.",,2023,2023-03-01,N,MED
Q3_amr_core,2026-09-05,40511936,PMC12282090,10.1128/msystems.00323-25,Trade-off between resistance and persistence in high cell density cultures.,"Beulig F, Bafna-Rührer J, Jensen PE, Kim SH, Patel A, Kandasamy V, Steffen C, Decker K, Zielinski D, Yang L, Özdemir E, Sudarsan S, Palsson B.",,2025,2025-06-13,Y,MED
Q3_amr_core,2026-09-05,41476722,PMC12750765,10.1016/j.jpha.2025.101310,Virulence arresting drug discovery by strategies targeting bacterial virulence: Mainly focusing on quorum-sensing interference and biofilm inhibition.,"Lu L, Yu T, Wang H, Zhu X, Liao L, Zhu J, Wang X, Yang A, Yang C, Zhang Y, Zhang Y, Zou K, Yang X, Li M.",,2025,2025-04-12,Y,MED
Q3_amr_core,2026-09-05,37641148,PMC10464022,10.1186/s40168-023-01635-6,Multi-omics reveal microbial determinants impacting the treatment outcome of antidepressants in major depressive disorder.,"Wang Y, Zhou J, Ye J, Sun Z, He Y, Zhao Y, Ren S, Zhang G, Liu M, Zheng P, Wang G, Yang J.",,2023,2023-08-28,Y,MED
Q3_amr_core,2026-09-05,39502941,PMC11536399,10.1177/11769343241294153,Comparative Phylogenetic Analysis and Protein Prediction Reveal the Taxonomy and Diverse Distribution of Virulence Factors in Foodborne <i>Clostridium</i> Strains.,"Zhang M, Yin Z.",,2024,2024-11-04,Y,MED
Q3_amr_core,2026-09-05,39078126,PMC11337816,10.1128/aem.00695-24,Viral and thermal lysis facilitates transmission of antibiotic resistance genes during composting.,"Ai C, Cui P, Liu C, Wu J, Xu Y, Liang X, Yang Q, Tang X, Zhou S, Liao H, Friman V-P.",,2024,2024-07-30,Y,MED
Q3_amr_core,2026-09-05,37237798,PMC10215601,10.3390/antibiotics12050896,Understanding Antimicrobial Resistance Using Genome-Scale Metabolic Modeling.,"Alonso-Vásquez T, Fondi M, Perrin E.",,2023,2023-05-11,Y,MED
Q3_amr_core,2026-09-05,41497495,PMC12767191,10.1016/j.synbio.2025.08.002,Development and application of synthetic biology tools for improved production of human breast milk components.,"Zhu M, Xu X, Bi X, Cui S, Liu Y, Du G, Lv X, Liu L, Li J.",,2025,2025-08-07,Y,MED
Q3_amr_core,2026-09-05,41655251,PMC12970293,10.1002/advs.202524172,Programming Next-Generation Synthetic Biosensors by Genetic Circuit Design.,"Gao Y, Huang C, Deng J, Wang L, Wang B.",,2026,2026-02-08,Y,MED
Q3_amr_core,2026-09-05,40572188,PMC12195238,10.3390/microorganisms13061300,"Overview of Microorganisms: Bacterial Microbiome, Mycobiome, Virome Identified Using Next-Generation Sequencing, and Their Application to Ophthalmic Diseases.","Asao K, Hashida N.",,2025,2025-06-03,Y,MED
Q3_amr_core,2026-09-05,36997841,PMC10061793,10.1186/s12866-023-02820-1,Characterization of host and escherichia coli strains causing recurrent urinary tract infections based on molecular typing.,"Kao CY, Zhang YZ, Yang DC, Chen PK, Teng CH, Lin WH, Wang MC.",,2023,2023-03-30,Y,MED
Q3_amr_core,2026-09-05,39394482,PMC12439118,10.1038/s41587-024-02422-w,Model-directed generation of artificial CRISPR-Cas13a guide RNA sequences improves nucleic acid detection.,"Mantena S, Pillai PP, Petros BA, Welch NL, Myhrvold C, Sabeti PC, Metsky HC.",,2025,2024-10-11,N,MED
Q3_amr_core,2026-09-05,35233560,PMC8210740,10.1007/s43657-021-00016-z,Molecular Determinants of Antibiotic Resistance in the Costa Rican <i>Pseudomonas aeruginosa </i>AG1 by a Multi-omics Approach: A Review of 10 Years of Study.,"Molina-Mora JA, García F.",,2021,2021-06-17,Y,MED
Q3_amr_core,2026-09-05,37424042,PMC10502870,10.1002/advs.202301980,Tackling Soil ARG-Carrying Pathogens with Global-Scale Metagenomics.,"Wang B, Xu J, Wang Y, Stirling E, Zhao K, Lu C, Tan X, Kong D, Yan Q, He Z, Ruan Y, Ma B.",,2023,2023-07-09,Y,MED
Q3_amr_core,2026-09-05,37577944,PMC10540179,10.1017/s0950268823001309,Animal sources of antimicrobial-resistant bacterial infections in humans: a systematic review.,"Fastl C, De Carvalho Ferreira HC, Babo Martins S, Sucena Afonso J, di Bari C, Venkateswaran N, Pires SM, Mughini-Gras L, Huntington B, Rushton J, Pigott D, Devleesschauwer B.",,2023,2023-08-14,Y,MED
Q3_amr_core,2026-09-05,39261665,PMC11390475,10.1038/s41588-024-01898-1,Disease prediction with multi-omics and biomarkers empowers case-control genetic discoveries in the UK Biobank.,"Garg M, Karpinski M, Matelska D, Middleton L, Burren OS, Hu F, Wheeler E, Smith KR, Fabre MA, Mitchell J, O'Neill A, Ashley EA, Harper AR, Wang Q, Dhindsa RS, Petrovski S, Vitsios D.",,2024,2024-09-11,Y,MED
Q3_amr_core,2026-09-05,35980272,PMC9603415,10.1128/spectrum.00770-22,Geochemistry and Multiomics Data Differentiate Streams in Pennsylvania Based on Unconventional Oil and Gas Activity.,"Campa MF, Chen See JR, Unverdorben LV, Wright OG, Roth KA, Niles JM, Ressler D, Macatugal EMS, Putt AD, Techtmann SM, Righetti TL, Hazen TC, Lamendella R.",,2022,2022-08-18,Y,MED
Q3_amr_core,2026-09-05,38226780,PMC10832538,10.1111/1751-7915.14408,Microbial evolution through horizontal gene transfer by mobile genetic elements.,"Tokuda M, Shintani M.",,2024,2024-01-16,Y,MED
Q3_amr_core,2026-09-05,38002987,PMC10670969,10.3390/genes14112044,Machine Learning Suggests That Small Size Helps Broaden Plasmid Host Range.,"Wang B, Finazzo M, Artsimovitch I.",,2023,2023-11-05,Y,MED
Q3_amr_core,2026-09-05,42450062,PMC13361824,10.3390/ijms27135789,Deferoxamine Exhibits Antimicrobial and Immunomodulatory Activity Against &lt;i&gt;Mycobacterium abscessus&lt;/i&gt;: Integrated In Silico and In Vitro Evidence.,"Lira RLS, Mendes FB, Roxo PLBT, Teixeira JTAMMM, de Azevedo CCS, Vidigal AA, Gimenes ECM, Dos Santos RSS, Filho RL, Nascimento CEC, Nunes FDO, Marques MCP, Pereira-Filho JL, Campos CDL, Monteiro-Neto V, Carvalho RC, Sousa EM.",,2026,2026-06-26,Y,MED
Q3_amr_core,2026-09-05,40893472,PMC12396413,10.1016/j.synbio.2025.07.006,Gene Surfing: An efficient and versatile tool for targeted enzyme mining in metagenomics.,"Xu T, Huang D, Huang T, Wang Y, Chen W, Chen S, Qian Y, Yue H.",,2025,2025-07-21,Y,MED
Q3_amr_core,2026-09-05,38532808,PMC10964447,10.1177/11769343241239463,Large-scale Pan Genomic Analysis of <i>Mycobacterium tuberculosis</i> Reveals Key Insights Into Molecular Evolutionary Rate of Specific Processes and Functions.,"Bundhoo E, Ghoorah AW, Jaufeerally-Fakim Y.",,2024,2024-03-25,Y,MED
Q3_amr_core,2026-09-05,36108023,PMC10777373,10.1126/science.abm7759,Codiversification of gut microbiota with humans.,"Suzuki TA, Fitzstevens JL, Schmidt VT, Enav H, Huus KE, Mbong Ngwese M, Grießhammer A, Pfleiderer A, Adegbite BR, Zinsou JF, Esen M, Velavan TP, Adegnika AA, Song LH, Spector TD, Muehlbauer AL, Marchi N, Kang H, Maier L, Blekhman R, Ségurel L, Ko G, Youngblut ND, Kremsner P, Ley RE.",,2022,2022-09-15,N,MED
Q3_amr_core,2026-09-05,39858869,PMC11767573,10.3390/microorganisms13010101,Data Mining Models in Prediction of Vancomycin-Intermediate <i>Staphylococcus aureus</i> in Methicillin-Resistant <i>S. aureus</i> (MRSA) Bacteremia Patients in a Clinical Care Setting.,"Chen WC, Wang JL, Chang CC, Lin YE.",,2025,2025-01-07,Y,MED
Q3_amr_core,2026-09-05,38725545,PMC11076205,10.1007/s40588-024-00219-8,Emerging Antifungal Resistance in Fungal Pathogens.,"Hui ST, Gifford H, Rhodes J.",,2024,2024-03-18,Y,MED
Q3_amr_core,2026-09-05,40838740,PMC12411854,10.1093/ismejo/wraf116,Individual-based modeling unravels spatial and social interactions in bacterial communities.,"Wang J, Hashem I, Bhonsale S, F M Van Impe J.",,2025,2025-01-01,Y,MED
Q3_amr_core,2026-09-05,39770618,PMC11677931,10.3390/microorganisms12122415,Effects of Increasing Temperature on Bacterial Community Diversity in Mixed Stands of <i>Artemisia argyi</i> and <i>Solidago canadensis</i> in Eastern China.,"Yu H, Ren G, Huang Z, Qi S, Zhao B, Fan X, Zhu Z, Dai Z, Du D.",,2024,2024-11-25,Y,MED
Q3_amr_core,2026-09-05,38062105,PMC10703772,10.1038/s41598-023-48929-1,Rapid monitoring of SARS-CoV-2 variants of concern through high-resolution melt analysis.,"Diotallevi A, Buffi G, Barocci S, Ceccarelli M, Bencardino D, Andreoni F, Orlandi C, Ferri M, Vandini D, Menzo S, Carlotti E, Casabianca A, Magnani M, Galluzzi L.",,2023,2023-12-07,Y,MED
Q3_amr_core,2026-09-05,40901999,PMC12407101,10.1093/nar/gkaf836,Deciphering enzymatic potential in metagenomic reads through DNA language models.,"Prabakaran R, Bromberg Y.",,2025,2025-08-01,Y,MED
Q3_amr_core,2026-09-05,35630480,PMC9144164,10.3390/microorganisms10051038,Preclinical Safety Assessment of <i>Bacillus subtilis</i> BS50 for Probiotic and Food Applications.,"Brutscher LM, Borgmeier C, Garvey SM, Spears JL.",,2022,2022-05-17,Y,MED
Q3_amr_core,2026-09-05,37927440,PMC10625009,10.1016/j.lanepe.2023.100737,"Treatment of bacterial sexually transmitted infections in Europe: gonorrhoea, <i>Mycoplasma genitalium</i>, and syphilis.","Mitjà O, Suñer C, Giacani L, Vall-Mayans M, Tiplica GS, Ross JDC, Bradshaw CS.",,2023,2023-10-26,Y,MED
Q3_amr_core,2026-09-05,39711273,PMC11804846,10.1002/adhm.202403129,Rethinking Biomedical Titanium Alloy Design: A Review of Challenges from Biological and Manufacturing Perspectives.,"Rabbitt D, Villapún VM, Carter LN, Man K, Lowther M, O'Kelly P, Knowles AJ, Mottura A, Tang YT, Luerti L, Reed RC, Cox SC.",,2025,2024-12-23,Y,MED
Q3_amr_core,2026-09-05,40439429,PMC12188703,10.1128/msphere.00027-25,Application of a high-resolution melt assay for monitoring SARS-CoV-2 variants in Burkina Faso and Kenya.,"Greenland-Bews C, Shah S, Achieng M, Badoum ES, Bah Y, Barsosio HC, Brazal-Monzó H, Canizales J, Drabko A, Fraser AJ, Hannan L, Jarju S, Kaboré J-M, Kujabi MA, Leggio C, Lesosky M, Manneh J, Marlais T, Matthewman J, Nebié I, Onyango E, Ouedraogo A, Otieno K, Serme SS, Sirima S, Soulama B, Tangara B,",,2025,2025-05-29,Y,MED
Q3_amr_core,2026-09-05,40132411,PMC13262938,10.1016/j.talanta.2025.127991,Volatile organic compounds (VOCs) detection for the identification of bacterial infections in clinical wound samples.,"Azimzadeh M, Khashayar P, Mousazadeh M, Daneshpour M, Rostami M, Goodlett DR, Manji K, Fardindoost S, Akbari M, Hoorfar M.",,2025,2025-03-19,Y,MED
Q3_amr_core,2026-09-05,37325804,PMC10266578,10.1093/emph/eoad012,The evolution of antibiotic resistance in an incurable and ultimately fatal infection: A retrospective case study.,"Woods RJ, Woods RJ, Barbosa C, Koepping L, Raygoza JA, Mwangi M, Read AF.",,2023,2023-05-06,Y,MED
Q3_amr_core,2026-09-05,41143416,PMC12671143,10.1128/spectrum.02142-25,Synergistic activity of a KL51-depolymerase and a &lt;i&gt;Sugarlandvirus&lt;/i&gt; bacteriophage against ST16 &lt;i&gt;Klebsiella pneumoniae&lt;/i&gt;.,"Roch M, Sierra R, Panis G, Martins WB, Andrey D.",,2025,2025-10-27,Y,MED
Q3_amr_core,2026-09-05,39756573,PMC12627871,10.1016/j.jare.2025.01.005,Unveiling novel antimicrobial peptides from the ruminant gastrointestinal microbiomes: A deep learning-driven approach yields an anti-MRSA candidate.,"Shen H, Li Y, Pi Q, Tian J, Xu X, Huang Z, Huang J, Pian C, Mao S.",,2025,2025-01-03,Y,MED
Q3_amr_core,2026-09-05,39657785,PMC11724313,10.1093/nar/gkae1171,"Exploring the diversity of anti-defense systems across prokaryotes, phages and mobile genetic elements.","Tesson F, Huiting E, Wei L, Ren J, Johnson M, Planel R, Cury J, Feng Y, Bondy-Denomy J, Bernheim A.",,2025,2025-01-01,Y,MED
Q3_amr_core,2026-09-05,39806455,PMC11730135,10.1186/s40168-024-02005-6,Growth of microbes in competitive lifestyles promotes increased ARGs in soil microbiota: insights based on genetic traits.,"Liu Z, Yao X, Chen C, Zhao Y, Dong C, Sun L, Zhao J, Zhang B, Yu Z, Cheng D, Zhu L, Hu B.",,2025,2025-01-13,Y,MED
Q3_amr_core,2026-09-05,38859767,PMC11165163,10.1093/bib/bbae264,Multi-omic analysis tools for microbial metabolites prediction.,"Wu S, Zhou H, Chen D, Lu Y, Li Y, Qiao J.",,2024,2024-05-01,Y,MED
Q3_amr_core,2026-09-05,40407188,PMC12687937,10.1093/ismejo/wraf107,Distinguishing among evolutionary and ecological processes shaping microbiome dynamics.,"Batarseh TN, Koskella B.",,2025,2025-01-01,Y,MED
Q3_amr_core,2026-09-05,41227298,PMC12609305,10.3390/cells14211653,A Focus on Inflammatory and Bacterial Biomarkers in Secondary Peritonitis.,"Bezzerri V, Putignani L, Mantuano E, Polini A, Navarini L, Vomero M, Corberi E, Miacci V, Papuc PE, Schiavone V, Costa G.",,2025,2025-10-22,Y,MED
Q3_amr_core,2026-09-05,40113903,PMC12283123,10.1038/s41588-025-02129-x,A likelihood-based framework for demographic inference from genealogical trees.,"Fan C, Cahoon JL, Dinh BL, Ortega-Del Vecchyo D, Huber CD, Edge MD, Mancuso N, Chiang CWK.",,2025,2025-03-20,N,MED
Q3_amr_core,2026-09-05,39971349,PMC12079786,10.1146/annurev-biophys-081624-030543,Soft Modes as a Predictive Framework for Low-Dimensional Biological Systems Across Scales.,"Russo CJ, Husain K, Murugan A.",,2025,2025-02-19,N,MED
Q3_amr_core,2026-09-05,40740325,PMC12309495,10.3389/fmicb.2025.1625765,Revisiting phage tail spike architecture: evidence for undetected receptor-binding proteins in &lt;i&gt;Caudoviricetes&lt;/i&gt; with non-contractile tails.,"Matusiak R, Antczak M, Kawa A, Paszkiewicz M, Witaszewska J, Kazimierczak J, Wójcik EA.",,2025,2025-07-16,Y,MED
Q3_amr_core,2026-09-05,33455849,PMC8187264,10.1016/j.tim.2020.12.002,Forest and Trees: Exploring Bacterial Virulence with Genome-wide Association Studies and Machine Learning.,"Allen JP, Snitkin E, Pincus NB, Hauser AR.",,2021,2021-01-14,N,MED
Q3_amr_core,2026-09-05,34355212,PMC8336923,10.3389/fdgth.2021.583468,Digital Insights Into Nucleotide Metabolism and Antibiotic Treatment Failure.,"Lopatkin AJ, Yang JH.",,2021,2021-03-03,Y,MED
Q3_amr_core,2026-09-05,35814236,PMC9260690,10.3389/fphar.2022.915355,Optimizing Antimicrobial Therapy by Integrating Multi-Omics With Pharmacokinetic/Pharmacodynamic Models and Precision Dosing.,"Yow HY, Govindaraju K, Lim AH, Abdul Rahim N.",,2022,2022-06-23,Y,MED
Q3_amr_core,2026-09-05,37049457,PMC10097093,10.3390/nu15071616,Metagenomic Sequencing Identified Specific Bacteriophage Signature Discriminating between Healthy and Diarrheal Neonatal Piglets.,"Wang Z, Li J, Ma L, Liu X, Wei H, Xiao Y, Tao S.",,2023,2023-03-27,Y,MED
Q3_amr_core,2026-09-05,35203785,PMC8868473,10.3390/antibiotics11020182,Antibiotic Discovery and Resistance: The Chase and the Race.,"Iskandar K, Murugaiyan J, Hammoudi Halat D, Hage SE, Chibabhai V, Adukkadukkam S, Roques C, Molinier L, Salameh P, Van Dongen M.",,2022,2022-01-30,Y,MED
Q3_amr_core,2026-09-05,42266678,PMC13243287,10.3389/fimmu.2026.1761834,Microbiome-orchestrated cross-organ immunity in autoimmunity: from metabolites to therapeutic targets.,"Rao X, Zou L, Cai X, Yao Y, Zhong L.",,2026,2026-05-25,Y,MED
Q3_amr_core,2026-09-05,42488628,PMC13388197,10.3389/fimmu.2026.1873110,Gut microbiota and osteoarthritis: mechanisms and translation.,"Tian X, Qu Z, Cao Y, Wang Y, Zhang B.",,2026,2026-07-08,Y,MED
Q3_amr_core,2026-09-05,40733315,PMC12299695,10.3390/molecules30143049,Identification and Differentiation of Non-Hemolytic &lt;i&gt;Listeria monocytogenes&lt;/i&gt; from Food Processing Environments Using MALDI-TOF MS.,Szymczak B.,,2025,2025-07-21,Y,MED
Q3_amr_core,2026-09-05,,PMC7776234,,154. comparative Genomics Reveals Extra-hospital Transmission Networks of Carbapenem-resistant acinetobacter Baumannii sustained over Multiple Years in a US Midwest City,"Calix J, de Almeida M, Potter R, Wallace M, Burnham C, Dantas G.",,2020,2020-10-01,Y,PMC
Q3_amr_core,2026-09-05,34201152,PMC8227524,10.3390/ijms22126184,Bioinformatics Accelerates the Major Tetrad: A Real Boost for the Pharmaceutical Industry.,"Behl T, Kaur I, Sehgal A, Singh S, Bhatia S, Al-Harrasi A, Zengin G, Babes EE, Brisc C, Stoicescu M, Toma MM, Sava C, Bungau SG.",,2021,2021-06-08,Y,MED
Q3_amr_core,2026-09-05,35052969,PMC8773016,10.3390/antibiotics11010092,NDM-1 Introduction in Portugal through a ST11 KL105 <i>Klebsiella pneumoniae</i> Widespread in Europe.,"Novais Â, Ferraz RV, Viana M, da Costa PM, Peixe L.",,2022,2022-01-12,Y,MED
Q3_amr_core,2026-09-05,32518231,PMC7283322,10.1038/s41598-020-65981-3,BacEffluxPred: A two-tier system to predict and categorize bacterial efflux mediated antibiotic resistance proteins.,"Pandey D, Kumari B, Singhal N, Kumar M.",,2020,2020-06-09,Y,MED
Q3_amr_core,2026-09-05,41893015,PMC13027759,10.3390/jpm16030146,"Global Burden of Deep Neck Space Abscesses: Epidemiology, Challenges, and Outcomes.","Maniaci A, Chiari F, Guarino P, La Via L, Lentini M, Lavalle S, Boscolo-Rizzo P, Vaira LA, Lechien JR.",,2026,2026-03-03,Y,MED
Q3_amr_core,2026-09-05,38285950,PMC10861889,10.1073/pnas.2308895121,In vivo functional phenotypes from a computational epistatic model of evolution.,"Alvarez S, Nartey CM, Mercado N, de la Paz JA, Huseinbegovic T, Morcos F.",,2024,2024-01-29,Y,MED
Q3_amr_core,2026-09-05,36363727,PMC9698236,10.3390/microorganisms10112135,"MALDI-TOF MS Limits for the Identification of Mediterranean Sandflies of the Subgenus <i>Larroussius</i>, with a Special Focus on the <i>Phlebotomus perniciosus</i> Complex.","Huguenin A, Pesson B, Kaltenbach ML, Diarra AZ, Parola P, Depaquit J, Randrianambinintsoa FJ.",,2022,2022-10-28,Y,MED
Q3_amr_core,2026-09-05,32221315,PMC7101424,10.1038/s41598-020-62371-7,Genomic Epidemiology of Vancomycin-Resistant Enterococcus faecium (VREfm) in Latin America: Revisiting The Global VRE Population Structure.,"Rios R, Reyes J, Carvajal LP, Rincon S, Panesso D, Echeverri AM, Dinh A, Kolokotronis SO, Narechania A, Tran TT, Munita JM, Murray BE, Planet PJ, Arias CA, Diaz L.",,2020,2020-03-27,Y,MED
Q3_amr_core,2026-09-05,42416012,PMC13337690,10.3389/fmicb.2026.1856043,"Effects of licorice crude extract on serum biochemistry, antioxidant capacity, immune function, rumen fermentation parameters, microbiota, and gastrointestinal enzyme activities in karakul sheep.","Yang S, Ji R, Ren X, Chen X, Chaudhry AS, Shan A, Wang L, Zhang S.",,2026,2026-06-23,Y,MED
Q3_amr_core,2026-09-05,41403704,PMC12704437,10.1093/ismeco/ycaf215,The adaptability of grassland soil microbiomes to resource and stress shifts is mainly accomplished by niche conservatism under nitrogen deposition.,"Yu QY, Liu X, Yao H, Lü PP, Yang GJ, Lü XT, Han XG, Guo LD, Huang Y.",,2025,2025-01-01,Y,MED
Q3_amr_core,2026-09-05,38144289,PMC10746442,10.1016/j.heliyon.2023.e23040,Altered salivary microbiota profile in patients with abdominal aortic aneurysm.,"Lin WZ, Chen BY, Qiu P, Zhou LJ, Li YL, Du LJ, Liu Y, Wang YL, Zhu H, Wu XY, Liu X, Duan SZ, Zhu YQ.",,2023,2023-11-29,Y,MED
Q3_amr_core,2026-09-05,38770215,PMC11104016,10.1038/s44294-024-00019-x,Data-driven insights can transform women's reproductive health.,"Oskotsky TT, Yin O, Khan U, Arnaout L, Sirota M.",,2024,2024-05-14,Y,MED
Q3_amr_core,2026-09-05,41657900,PMC12876234,10.3389/fmicb.2026.1712752,Research progress on the current status of respiratory pathogen infections and their detection methods.,"Zhu F, Peng M, Chen A, Zhu QY.",,2026,2026-01-23,Y,MED
Q3_amr_core,2026-09-05,41156772,PMC12566107,10.3390/microorganisms13102312,Research Progress in the Development of Vaccines Against &lt;i&gt;Riemerella anatipestifer&lt;/i&gt;.,"Lan J, Wu S, Zhao L, Li F, Xing D, Li F, Tian H, Yang X, Sun S, Wang M.",,2025,2025-10-06,Y,MED
Q3_amr_core,2026-09-05,33737920,PMC7962872,10.3389/fmicb.2021.634511,"Applications of Machine Learning in Human Microbiome Studies: A Review on Feature Selection, Biomarker Identification, Disease Prediction and Treatment.","Marcos-Zambrano LJ, Karaduzovic-Hadziabdic K, Loncar Turukalo T, Przymus P, Trajkovik V, Aasmets O, Berland M, Gruca A, Hasic J, Hron K, Klammsteiner T, Kolev M, Lahti L, Lopes MB, Moreno V, Naskinova I, Org E, Paciência I, Papoutsoglou G, Shigdel R, Stres B, Vilne B, Yousef M, Zdravevski E, Tsamard",,2021,2021-02-19,Y,MED
Q3_amr_core,2026-09-05,40397889,PMC12140426,10.1371/journal.ppat.1013155,Unique growth and morphology properties of Clade 5 Clostridioides difficile strains revealed by single-cell time-lapse microscopy.,"Ribis JW, Nieto C, DiBenedetto NV, Mehra A, Kuhn P, Dong Q, Nagawa I, El Meouche I, Aldridge BB, Dunlop MJ, Tamayo R, Singh A, Shen A.",,2025,2025-05-21,Y,MED
Q3_amr_core,2026-09-05,,,10.21203/rs.3.rs-2292121/v1,Hospital Antimicrobial Stewardship: Non-Bacterial Saliva Microbiome Emerges as a Biomarker of COVID-19 Severity,"Buendia P, Fernandez K, Raley C, Rahnavard A, Crandall K, Castro JG.",,2022,2022-12-01,Y,PPR
Q3_amr_core,2026-09-05,42530966,PMC13421915,10.1002/2211-5463.70290,"Supplement: Biochemistry for the next 50 years, 50th FEBS Congress, 4-8 July 2026, Maastricht, The Netherlands.",,,2026,2026-07-01,N,MED
Q3_amr_core,2026-09-05,38153528,PMC11293218,10.17305/bb.2023.9934,Oral microbiome-driven virulence factors: A novel approach to pancreatic cancer diagnosis.,"Zeng X, Ren D, Liu R, Zhang Q, Yan X, Yuan X.",,2023,2023-12-28,Y,MED
Q3_amr_core,2026-09-05,33920372,PMC8070361,10.3390/antibiotics10040419,Combining Functional Genomics and Whole-Genome Sequencing to Detect Antibiotic Resistance Genes in Bacterial Strains Co-Occurring Simultaneously in a Brazilian Hospital.,"Borelli TC, Lovate GL, Scaranello AFT, Ribeiro LF, Zaramela L, Pereira-Dos-Santos FM, Silva-Rocha R, Guazzaroni ME.",,2021,2021-04-11,Y,MED
Q3_amr_core,2026-09-05,40469520,PMC12130557,10.1002/imt2.70043,Gut-derived &lt;i&gt;Lactobacillus&lt;/i&gt; from exceptional responders mitigates chemoradiotherapy-induced intestinal injury through methionine-driven epigenetic modulation.,"Yu L, Chen Z, Yin S, Guo Q, Chen Y, Li J, Wang Y, Liu X, Xu Z, Zhang Y, Zhang Y, Zheng Z, Chen K, Ding Y, Fan H, Liu Z, Ding Y.",,2025,2025-05-14,Y,MED
Q3_amr_core,2026-09-05,36367012,PMC9650708,10.2807/1560-7917.es.2022.27.45.2200104,"Antibiotic resistance surveillance of <i>Klebsiella pneumoniae</i> complex is affected by refined MALDI-TOF identification, Swiss data, 2017 to 2022.","Voellmy IK, Lang C, Gasser M, Kronenberg A, Swiss Centre for Antibiotic Resistance (ANRESIS).",,2022,2022-11-01,Y,MED
Q3_amr_core,2026-09-05,37283932,PMC10239823,10.3389/fmicb.2023.1130446,Metagenomic analysis reveals gut plasmids as diagnosis markers for colorectal cancer.,"Cai Z, Li P, Zhu W, Wei J, Lu J, Song X, Li K, Li S, Li M.",,2023,2023-05-22,Y,MED
Q3_amr_core,2026-09-05,41345980,PMC12781464,10.1186/s40168-025-02273-w,Deciphering the personalized functional redundancy hierarchy in the gut microbiome.,"Jiang Y, Che L, Li SC.",,2025,2025-12-04,Y,MED
Q3_amr_core,2026-09-05,36795668,PMC9934365,10.1371/journal.pone.0277575,GAMBIT (Genomic Approximation Method for Bacterial Identification and Tracking): A methodology to rapidly leverage whole genome sequencing of bacterial isolates for clinical identification.,"Lumpe J, Gumbleton L, Gorzalski A, Libuit K, Varghese V, Lloyd T, Tadros F, Arsimendi T, Wagner E, Stephens C, Sevinsky J, Hess D, Pandori M.",,2023,2023-02-16,Y,MED
Q3_amr_core,2026-09-05,41741653,PMC13190303,10.1038/s41586-026-10207-1,A membrane-bound nuclease directly cleaves phage DNA during genome injection.,"Saxton DS, DeWeirdt PC, Doering CR, Roney IJ, Laub MT.",,2026,2026-02-25,Y,MED
Q3_amr_core,2026-09-05,39088850,PMC12051474,10.1146/annurev-genet-111523-102413,De Novo Genes.,"Zhao L, Svetec N, Begun DJ.",,2024,2024-11-14,Y,MED
Q3_amr_core,2026-09-05,41278477,PMC12631333,10.3389/fcimb.2025.1717696,Gut microbiome and its metabolites in liver cirrhosis: mechanisms and clinical implications.,"Chang L, Liu Y, Li H, Yan J, Wu W, Chen N, Ma C, Zhao X, Chen J, Zhang J.",,2025,2025-11-06,Y,MED
Q3_amr_core,2026-09-05,39589438,PMC11590114,10.1093/gigascience/giae086,AltaiR: a C toolkit for alignment-free and temporal analysis of multi-FASTA data.,"Silva JM, Pinho AJ, Pratas D.",,2024,2024-01-01,Y,MED
Q3_amr_core,2026-09-05,41139797,PMC12557985,10.1186/s40104-025-01264-z,Practical microalgal supplementation: reducing ammonia emission from manure in commercial layer production.,"Yu Z, Ma X, Long T, Li H, Xie S, Deng Y, Deng W, Liao X, Xing S, Chen J.",,2025,2025-10-27,Y,MED
Q3_amr_core,2026-09-05,34414415,PMC8575050,10.1093/bib/bbab299,An end-to-end heterogeneous graph attention network for Mycobacterium tuberculosis drug-resistance prediction.,"Yang Y, Walker TM, Kouchaki S, Wang C, Peto TEA, Crook DW, CRYPTIC Consortium, Clifton DA.",,2021,2021-11-01,Y,MED
Q3_amr_core,2026-09-05,38882494,PMC11170968,10.1002/imt2.169,"Infant age inversely correlates with gut carriage of resistance genes, reflecting modifications in microbial carbohydrate metabolism during early life.","Xu X, Feng Q, Zhang T, Gao Y, Cheng Q, Zhang W, Wu Q, Xu K, Li Y, Nguyen N, Taft DH, Mills DA, Lemay DG, Zhu W, Mao S, Zhang A, Xu K, Liu J.",,2024,2024-01-31,Y,MED
Q3_amr_core,2026-09-05,41746998,PMC12944783,10.1371/journal.pone.0342426,Immunoinformatics-driven design of multi-epitope vaccine targeting antibiotic-resistant Salmonella typhimurium.,"Khan A, Ahmad A, Badshah F, Ali M, Khan MS, Naz W, Ibánez-Arancibia E, De Los Ríos-Escalante PR, Yassin MT.",,2026,2026-02-26,Y,MED
Q3_amr_core,2026-09-05,33857456,PMC9069394,10.1053/j.gastro.2021.04.013,Impact of Antibiotic Resistance Genes in Gut Microbiome of Patients With Cirrhosis.,"Shamsaddini A, Gillevet PM, Acharya C, Fagan A, Gavis E, Sikaroodi M, McGeorge S, Khoruts A, Albhaisi S, Fuchs M, Sterling RK, Bajaj JS.",,2021,2021-04-20,N,MED
Q3_amr_core,2026-09-05,40094037,PMC11910332,10.1016/j.jpi.2024.100408,"Advancements in pathology: Digital transformation, precision medicine, and beyond.","Ahuja S, Zaheer S.",,2025,2024-11-19,Y,MED
Q3_amr_core,2026-09-05,41146290,PMC12557918,10.1186/s13059-025-03839-5,CarpeDeam: a de novo metagenome assembler for heavily damaged ancient datasets.,"Kraft L, Söding J, Steinegger M, Jochheim A, Wad Sackett P, Fernandez-Guerra A, Renaud G.",,2025,2025-10-27,Y,MED
Q3_amr_core,2026-09-05,40923594,PMC12419801,10.7554/elife.108061,"The lipocone superfamily, a unifying theme in metabolism of lipids, peptidoglycan and exopolysaccharides, inter-organismal conflicts and immunity.","Burroughs AM, Nicastro GG, Aravind L.",,2025,2025-09-09,Y,MED
Q3_amr_core,2026-09-05,35171290,PMC8963328,10.1093/molbev/msac040,Phylodynamic Inference of Bacterial Outbreak Parameters Using Nanopore Sequencing.,"Steinig E, Duchêne S, Aglua I, Greenhill A, Ford R, Yoannes M, Jaworski J, Drekore J, Urakoko B, Poka H, Wurr C, Ebos E, Nangen D, Manning L, Laman M, Firth C, Smith S, Pomat W, Tong SYC, Coin L, McBryde E, Horwood P.",,2022,2022-03-01,Y,MED
Q3_amr_core,2026-09-05,40941745,PMC12427965,10.3390/diagnostics15172258,A Novel Knowledge Fusion Ensemble for Diagnostic Differentiation of Pediatric Pneumonia and Acute Bronchitis.,"Dabakoğlu E, Yiğit ÖE, Topal Y.",,2025,2025-09-06,Y,MED
Q3_amr_core,2026-09-05,41754428,PMC12943674,10.3390/pathogens15020176,Mechanisms and Therapeutic Potential of Nutritional Immunity.,"Ugwu CE, Akinsulie OC, Ayandokun TF, Ajibade FA, Shahzad S, Aliyu VA, Oladoye MJ, Idris I, Obasi KO, Edeh JK, Olojede AA, Ukauwa CB, Adeyemi MI, Ugwu CC, Ugorji LC.",,2026,2026-02-05,Y,MED
Q3_amr_core,2026-09-05,35052943,PMC8772955,10.3390/antibiotics11010066,Quantifying the Relationship between Antibiotic Use in Food-Producing Animals and Antibiotic Resistance in Humans.,"Emes D, Naylor N, Waage J, Knight G.",,2022,2022-01-06,Y,MED
Q3_amr_core,2026-09-05,41640608,PMC12865372,10.3748/wjg.v32.i3.112437,Interplay between viral infections and gut microbiota dysbiosis: Mechanisms and therapeutic potential.,"Velikova T, Ali H, Batselova H, Chervenkov L, Miteva D, Peruhova M, Gulinac M, Tomov L, Mitova-Mineva Y, Velev V.",,2026,2026-01-01,Y,MED
Q3_amr_core,2026-09-05,41602759,PMC12833883,10.3389/fmicb.2025.1741449,Pathogenic mechanisms and vaccine development for <i>Mycoplasma gallisepticum</i> in chickens.,"Chen J, Liu P, Chen Y.",,2025,2026-01-12,Y,MED
Q3_amr_core,2026-09-05,40352355,PMC12062136,10.3389/fbioe.2025.1529655,&lt;i&gt;In situ&lt;/i&gt; intein-mediated multiprotein assembly via engineered cross-species consortia.,"Wang H, Kang J, Gao H.",,2025,2025-04-25,Y,MED
Q3_amr_core,2026-09-05,40351310,PMC12062998,10.3389/fmicb.2025.1558006,Characterization of mycobacteria isolated from the Brazilian Atlantic Forest: a public health and bioprospection perspective.,"Emmerick LS, Schwarz MGA, Corrêa PR, Piñero SL, Gomes LHF, Almeida AMM, Valente RH, Degrave WMS, Mendonça-Lima L.",,2025,2025-04-25,Y,MED
Q3_amr_core,2026-09-05,36293339,PMC9604146,10.3390/ijms232012486,Insights into Carbapenem Resistance in <i>Vibrio</i> Species: Current Status and Future Perspectives.,"Goh JXH, Tan LT, Law JW, Khaw KY, Ab Mutalib NS, He YW, Goh BH, Chan KG, Lee LH, Letchumanan V.",,2022,2022-10-18,Y,MED
Q3_amr_core,2026-09-05,40556977,PMC12183558,10.18699/vjgb-25-37,From cytogenetics to proteogenomics: new horizons in the study of aneuploidies.,"Zadesenets KS, Rubtsov NB.",,2025,2025-06-01,Y,MED
Q3_amr_core,2026-09-05,38901146,PMC11245942,10.1016/j.ebiom.2024.105204,A computational framework to improve cross-platform implementation of transcriptomics signatures.,"Kreitmann L, D'Souza G, Miglietta L, Vito O, Jackson HR, Habgood-Coote D, Levin M, Holmes A, Kaforou M, Rodriguez-Manzano J.",,2024,2024-06-19,Y,MED
Q3_amr_core,2026-09-05,41872204,PMC13172314,10.1038/s41467-026-70995-y,Cross-order detection of bacteriophage transduction in microbial communities using RNA barcoding.,"LaTurner ZW, Dysart MJ, Schwartz SK, Zeng E, Chappell J, Silberg JJ, Stadler LB.",,2026,2026-03-23,Y,MED
Q3_amr_core,2026-09-05,42010947,PMC13244313,10.20892/j.issn.2095-3941.2025.0686,Tumor-resident bacteria in gastrointestinal cancers: from regulatory mechanisms to clinical implications.,"Zhang Y, Tan B, Zhou Q, Xu L, Zhou L.",,2026,2026-04-01,Y,MED
Q3_amr_core,2026-09-05,37537271,PMC10400643,10.1038/s42003-023-05174-6,Extensive screening reveals previously undiscovered aminoglycoside resistance genes in human pathogens.,"Lund D, Coertze RD, Parras-Moltó M, Berglund F, Flach CF, Johnning A, Larsson DGJ, Kristiansson E.",,2023,2023-08-03,Y,MED
Q3_amr_core,2026-09-05,35565065,PMC9104914,10.3390/ijerph19095671,Characterisation of <i>Salmonella</i> Enteritidis ST11 and ST1925 Associated with Human Intestinal and Extra-Intestinal Infections in Singapore.,"Aung KT, Khor WC, Ong KH, Tan WL, Wong ZN, Oh JQ, Wong WK, Tan BZY, Maiwald M, Tee NWS, Barkham T, Koh TH, Dalsgaard A, Chen SL, Schlundt J, Ng LC.",,2022,2022-05-06,Y,MED
Q3_amr_core,2026-09-05,39858924,PMC11767717,10.3390/microorganisms13010156,Aquatic Invertebrate Antimicrobial Peptides in the Fight Against Aquaculture Pathogens.,"Rodrigues T, Guardiola FA, Almeida D, Antunes A.",,2025,2025-01-14,Y,MED
Q3_amr_core,2026-09-05,39018757,PMC11286990,10.1016/j.ebiom.2024.105244,Predicting Clostridioides difficile infection outcomes with explainable machine learning.,"Madden GR, Boone RH, Lee E, Sifri CD, Petri WA.",,2024,2024-07-17,Y,MED
Q3_amr_core,2026-09-05,37441463,PMC10333861,10.1002/mco2.316,Nanopore sequencing technology and its applications.,"Zheng P, Zhou C, Ding Y, Liu B, Lu L, Zhu F, Duan S.",,2023,2023-07-10,Y,MED
Q3_amr_core,2026-09-05,40203832,PMC12120184,10.1016/j.ajhg.2025.03.008,EndoPRS: Incorporating endophenotype information to improve polygenic risk scores for clinical endpoints-A study in asthma.,"Kharitonova EV, Sun Q, Ockerman F, Chen B, Zhou LY, Hysong MR, Tuftin B, Cao H, Mathias RA, Auer PL, Ober C, Raffield LM, Reiner AP, Cox NJ, Kelada SNP, Tao R, Li Y.",,2025,2025-04-08,N,MED
Q3_amr_core,2026-09-05,41538322,PMC12830144,10.1016/j.xpro.2025.104282,Protocol for dual spatial transcriptomic profiling of infected tissues.,"Zhou H, Tyagi A, McClain M, Anguiano E, Abbondante S, Pearlman E, Gadjeva M.",,2026,2026-01-14,Y,MED
Q3_amr_core,2026-09-05,34676470,PMC8531173,10.1186/s13244-021-01102-6,Clinical applications of artificial intelligence and radiomics in neuro-oncology imaging.,"Abdel Razek AAK, Alksas A, Shehata M, AbdelKhalek A, Abdel Baky K, El-Baz A, Helmy E.",,2021,2021-10-21,Y,MED
Q3_amr_core,2026-09-05,35937545,PMC9346568,10.1093/nargab/lqac057,Mining bacterial NGS data vastly expands the complete genomes of temperate phages.,"Zhang X, Wang R, Xie X, Hu Y, Wang J, Sun Q, Feng X, Lin W, Tong S, Yan W, Wen H, Wang M, Zhai S, Sun C, Wang F, Niu Q, Kropinski AM, Cui Y, Jiang X, Peng S, Li S, Tong Y.",,2022,2022-08-03,Y,MED
Q3_amr_core,2026-09-05,40688685,PMC12272231,10.3389/fpls.2025.1554879,Impact of seasonal changes on root-associated microbial communities among phreatophytes of three basins in desert ecosystem.,"Zhang Y, Du Y, Mu Z, Islam W, Zeng F, Gonzalez NCT, Zhang Z.",,2025,2025-07-04,Y,MED
Q3_amr_core,2026-09-05,34039877,PMC9394219,10.1097/qco.0000000000000742,Modeling transmission of pathogens in healthcare settings.,"Stachel A, Keegan LT, Blumberg S, CDC MInD Healthcare Program.",,2021,2021-08-01,N,MED
Q3_amr_core,2026-09-05,41065376,PMC12628693,10.1128/aem.01661-25,Habitat transformation reshapes protistan community composition and assembly processes in coastal wetlands of southeastern China.,"Wang A, Yang P, Ye G, Tong C, Sun L, Feng M, He Z-Y, He J-Z, Lin Y.",,2025,2025-10-09,Y,MED
Q3_amr_core,2026-09-05,37086432,PMC10159655,10.1093/bioinformatics/btad283,HOTSPOT: hierarchical host prediction for assembled plasmid contigs with transformer.,"Ji Y, Shang J, Tang X, Sun Y.",,2023,2023-05-01,Y,MED
Q3_amr_core,2026-09-05,41254584,PMC12625404,10.1186/s12915-025-02445-y,Insights into the molecular determinants of host specificity in Pseudomonas aeruginosa-infecting phages: a structural and functional analysis of tail fibre proteins.,"Zalewska A, Jurczak-Kurek A, Kwiatek M, Myung H, Górniak M.",,2025,2025-11-18,Y,MED
Q3_amr_core,2026-09-05,39680919,PMC11758799,10.1021/acs.chemrev.4c00681,Engineering Phages to Fight Multidrug-Resistant Bacteria.,"Peng H, Chen IA, Qimron U.",,2025,2024-12-16,Y,MED
Q3_amr_core,2026-09-05,38550923,PMC10953755,10.1017/pcm.2023.3,Building a precision medicine infrastructure at a national level: The Swedish experience.,"Edsjö A, Lindstrand A, Gisselsson D, Mölling P, Friedman M, Cavelier L, Johansson M, Ehrencrona H, Fagerqvist T, Strid T, Lovmar L, Jacobsson B, Johansson Å, Engstrand L, Wheelock CE, Sikora P, Wirta V, Fioretos T, Rosenquist R, Genomic Medicine Sweden (GMS).",,2023,2023-02-27,Y,MED
Q3_amr_core,2026-09-05,42324659,PMC13284260,10.1111/pai.70407,Bridging Rare to Common Diseases: Precision Medicine and the Transforming Landscape of Pediatric Allergy and Immunology.,"Castagnoli R, Votto M, Taietti I, Delgado-Dolset MI, Fernández-Santamaría R, Jimenez Freites M, Giovannini M, Kačar M, Karavelia A, Layhadi J, Radzikowska U, Akdis CA, Akdis M, Bloomfield M, Cinetto F, Deschildre A, Hourihane J, Lau S, Nieto-Garcia A, Ogulur I, O'Mahony L, Shamji M, Sokolowska M, To",,2026,2026-06-01,Y,MED
Q3_amr_core,2026-09-05,41607520,PMC12835355,10.3389/fcimb.2025.1697696,The return of a forgotten ally: tabletop scanning electron microscopy in the realm of bacteriology.,"Zmerli O, Boukili M, Bellali S, Bou Khalil J.",,2025,2026-01-13,Y,MED
Q3_amr_core,2026-09-05,39700476,PMC11700891,10.1093/ibd/izae269,Eleven Grand Challenges for Inflammatory Bowel Disease Genetics and Genomics.,"Gibson G, Rioux JD, Cho JH, Haritunians T, Thoutam A, Abreu MT, Brant SR, Kugathasan S, McCauley JL, Silverberg M, McGovern D.",,2025,2025-01-01,N,MED
Q3_amr_core,2026-09-05,42421124,PMC13348615,10.1186/s44342-026-00075-6,Design of a multi-epitope vaccine against Mycobacterium tuberculosis using reverse vaccinology and immunoreactive peptides.,"Noori Goodarzi N, Fereshteh S, Shahbazi B, Rezaie N, Khazani Asforooshani M, Badmasti F.",,2026,2026-07-08,Y,MED
Q3_amr_core,2026-09-05,38918378,PMC11199612,10.1038/s41467-024-49587-1,Discovering type I cis-AT polyketides through computational mass spectrometry and genome mining with Seq2PKS.,"Yan D, Zhou M, Adduri A, Zhuang Y, Guler M, Liu S, Shin H, Kovach T, Oh G, Liu X, Deng Y, Wang X, Cao L, Sherman DH, Schultz PJ, Kersten RD, Clement JA, Tripathi A, Behsaz B, Mohimani H.",,2024,2024-06-25,Y,MED
Q3_amr_core,2026-09-05,35889069,PMC9315967,10.3390/microorganisms10071350,Comparative Genomics and Pan-Genome Driven Prediction of a Reduced Genome of <i>Akkermansia muciniphila</i>.,"Bukhari SAR, Irfan M, Ahmad I, Chen L.",,2022,2022-07-04,Y,MED
Q3_amr_core,2026-09-05,32511244,PMC7302871,10.1371/journal.pgen.1008850,Evolution of Salmonella enterica serotype Typhimurium driven by anthropogenic selection and niche adaptation.,"Bawn M, Alikhan NF, Thilliez G, Kirkwood M, Wheeler NE, Petrovska L, Dallman TJ, Adriaenssens EM, Hall N, Kingsley RA.",,2020,2020-06-08,Y,MED
Q3_amr_core,2026-09-05,40207272,PMC11977359,10.20517/mrr.2024.51,Mobile genetic elements: the hidden puppet masters underlying infant gut microbiome assembly?,"Kreuze K, Friman VP, Vatanen T.",,2025,2024-11-09,Y,MED
Q3_amr_core,2026-09-05,38638909,PMC11024261,10.3389/fmicb.2024.1351678,Integrating biological knowledge for mechanistic inference in the host-associated microbiome.,"Santangelo BE, Apgar M, Colorado ASB, Martin CG, Sterrett J, Wall E, Joachimiak MP, Hunter LE, Lozupone CA.",,2024,2024-04-04,Y,MED
Q3_amr_core,2026-09-05,38454015,PMC10920655,10.1038/s42003-024-05940-0,"Identification and characterization of CIM-1, a carbapenemase that adds to the family of resistance factors against last resort antibiotics.","Wang Y, Sapula SA, Whittall JJ, Blaikie JM, Lomovskaya O, Venter H.",,2024,2024-03-07,Y,MED
Q3_amr_core,2026-09-05,41316447,PMC12661794,10.1186/s13040-025-00499-w,Bioinformatics analysis of Rickettsia typhi autoimmune associations and screening of Streptomyces-derived inhibitors.,"Basharat Z, Ogaly HA, Al-Zahrani FAM, Wei CR, Hassan SS, Salman M, Islam M, Ahmed I, Waheed Y, Kim S.",,2025,2025-11-28,Y,MED
Q3_amr_core,2026-09-05,38975759,PMC11334466,10.1128/msystems.00786-24,Gut community structure as a risk factor for infection in &lt;i&gt;Klebsiella pneumoniae&lt;/i&gt;-colonized patients.,"Vornhagen J, Rao K, Bachman MA.",,2024,2024-07-08,Y,MED
Q3_amr_core,2026-09-05,37809128,PMC10559259,10.7759/cureus.44825,Predicting Future Pandemics and Formulating Prevention Strategies: The Role of ChatGPT.,"Jana PK, Majumdar A, Dutta S.",,2023,2023-09-07,Y,MED
Q3_amr_core,2026-09-05,41420838,PMC12915082,10.1002/advs.202514750,Principles for Rigorous Design and Application of Synthetic Microbial Communities.,"Zhang Y, Jing M, Lyu L, Nie L, Xu X, Sun R, Xu X, Chen S, He S, Zhang Y, Huang P, Luo W, Liang J, Gao G, Fan K, Yang T, Zhang L, Fu X, Allard SM, Gilbert JA, Zhang J, Chu H.",,2026,2025-12-20,Y,MED
Q3_amr_core,2026-09-05,35070166,PMC8760478,10.1016/j.csbj.2021.12.030,Using metagenomic data to boost protein structure prediction and discovery.,"Hou Q, Pucci F, Pan F, Xue F, Rooman M, Feng Q.",,2022,2022-01-03,Y,MED
Q3_amr_core,2026-09-05,42272755,PMC13246641,10.3389/fcimb.2026.1844116,"Multilayer regulation of CRISPR systems: integrating anti-CRISPR proteins, CRISPRi/a, and quorum sensing networks.","Shan C, Liu C, Jin C, Tian D.",,2026,2026-05-26,Y,MED
Q3_amr_core,2026-09-05,32119670,PMC7067475,10.1371/journal.pcbi.1007608,Machine learning with random subspace ensembles identifies antimicrobial resistance determinants from pan-genomes of three pathogens.,"Hyun JC, Kavvas ES, Monk JM, Palsson BO.",,2020,2020-03-02,Y,MED
Q3_amr_core,2026-09-05,33863705,PMC8174759,10.1128/aem.00485-21,"High-Resolution Genomic Comparisons within <i>Salmonella enterica</i> Serotypes Derived from Beef Feedlot Cattle: Parsing the Roles of Cattle Source, Pen, Animal, Sample Type, and Production Period.","Levent G, Schlochtermeier A, Ives SE, Norman KN, Lawhon SD, Loneragan GH, Anderson RC, Vinasco J, den Bakker HC, Scott HM.",,2021,2021-05-26,N,MED
Q3_amr_core,2026-09-05,39235252,PMC11466087,10.1128/spectrum.03838-23,"TolRad, a model for predicting radiation tolerance using Pfam annotations, identifies novel radiosensitive bacterial species from reference genomes and MAGs.","Sweet P, Burroughs M, Jang S, Contreras L.",,2024,2024-09-05,Y,MED
Q3_amr_core,2026-09-05,39231165,PMC11404842,10.1371/journal.pcbi.1012393,HyperTraPS-CT: Inference and prediction for accumulation pathways with flexible data and model structures.,"Aga ONL, Brun M, Dauda KA, Diaz-Uriarte R, Giannakis K, Johnston IG.",,2024,2024-09-04,Y,MED
Q3_amr_core,2026-09-05,40557100,PMC12184459,10.5455/ovj.2025.v15.i5.6,Current trends and challenges in the management of foot and mouth disease in Saudi Arabia: A review.,Al-Hammadi MA.,,2025,2025-05-31,Y,MED
Q3_amr_core,2026-09-05,35711777,PMC9196628,10.3389/fmicb.2022.925454,Machine Learning Advances in Microbiology: A Review of Methods and Applications.,"Jiang Y, Luo J, Huang D, Liu Y, Li DD.",,2022,2022-05-26,Y,MED
Q3_amr_core,2026-09-05,41517151,PMC12785719,10.3390/foods15010085,"One Health Approaches to Ethical, Secure, and Sustainable Food Systems and Ecosystems: Plant-Based Diets and Livestock in the African Context.","Hosseini E, Tsegay ZT, Smaoui S, Elfalleh W, Antoniadou M, Varzakas T, Caraher M.",,2025,2025-12-26,Y,MED
Q3_amr_core,2026-09-05,40870551,PMC12386371,10.3390/insects16080750,Black Soldier Fly: A Keystone Species for the Future of Sustainable Waste Management and Nutritional Resource Development: A Review.,"Tariq MR, Liu S, Wang F, Wang H, Mo Q, Zhuang Z, Zheng C, Liang Y, Liu Y, Ur Rehman K, Helvaci M, Qin J, Li C.",,2025,2025-07-22,Y,MED
Q3_amr_core,2026-09-05,38843834,PMC11666328,10.1016/j.cell.2024.05.013,Discovery of antimicrobial peptides in the global microbiome with machine learning.,"Santos-Júnior CD, Torres MDT, Duan Y, Rodríguez Del Río Á, Schmidt TSB, Chong H, Fullam A, Kuhn M, Zhu C, Houseman A, Somborski J, Vines A, Zhao XM, Bork P, Huerta-Cepas J, de la Fuente-Nunez C, Coelho LP.",,2024,2024-06-05,N,MED
Q3_amr_core,2026-09-05,38232731,PMC7617976,10.1016/j.cub.2023.12.056,Consistent effects of independent domestication events on the plant microbiota.,"Soldan R, Fusi M, Cardinale M, Homma F, Santos LG, Wenzl P, Bach-Pages M, Bitocchi E, Chacon Sanchez MI, Daffonchio D, Preston GM.",,2024,2024-01-16,Y,MED
Q3_amr_core,2026-09-05,35471145,PMC9453078,10.1099/mgen.0.000815,"Transmission, distribution and drug resistance-conferring mutations of extensively drug-resistant tuberculosis in the Western Cape Province, South Africa.","Oostvogels S, Ley SD, Heupink TH, Dippenaar A, Streicher EM, De Vos E, Meehan CJ, Dheda K, Warren R, Van Rie A.",,2022,2022-04-01,Y,MED
Q3_amr_core,2026-09-05,35899193,PMC9309552,10.3389/fgene.2022.902804,Whole-Genome Sequencing and Genomic Variant Analysis of Kazakh Individuals.,"Kairov U, Molkenov A, Sharip A, Rakhimova S, Seidualy M, Rhie A, Kozhamkulov U, Zhabagin M, Kim JI, Lee JH, Terwilliger JD, Seo JS, Zhumadilov Z, Akilzhanova A.",,2022,2022-07-11,Y,MED
Q3_amr_core,2026-09-05,37552115,PMC10411317,10.1080/21655979.2023.2243416,A data-driven machine learning approach for discovering potent LasR inhibitors.,"Koh CMM, Ping LSY, Xuan CHH, Theng LB, San HS, Palombo EA, Wezen XC.",,2023,2023-12-01,Y,MED
Q3_amr_core,2026-09-05,33815688,PMC7985215,10.1016/j.csbj.2021.02.020,Nanopore sequencing and its application to the study of microbial communities.,"Ciuffreda L, Rodríguez-Pérez H, Flores C.",,2021,2021-03-07,Y,MED
Q3_amr_core,2026-09-05,37889739,PMC10252109,10.3390/ani13111804,When Everything Becomes Bigger: Big Data for Big Poultry Production.,"Franzo G, Legnardi M, Faustini G, Tucciarone CM, Cecchinato M.",,2023,2023-05-30,Y,MED
Q3_amr_core,2026-09-05,34439032,PMC8388893,10.3390/antibiotics10080982,MALDI-TOF Mass Spectrometry Technology as a Tool for the Rapid Diagnosis of Antimicrobial Resistance in Bacteria.,"Yoon EJ, Jeong SH.",,2021,2021-08-14,Y,MED
Q3_amr_core,2026-09-05,38648506,PMC11032200,10.1093/gbe/evae074,"Genetic and Functional Diversity Help Explain Pathogenic, Weakly Pathogenic, and Commensal Lifestyles in the Genus Xanthomonas.","Pena MM, Bhandari R, Bowers RM, Weis K, Newberry E, Wagner N, Pupko T, Jones JB, Woyke T, Vinatzer BA, Jacques MA, Potnis N.",,2024,2024-04-01,Y,MED
Q3_amr_core,2026-09-05,36242896,PMC9701184,10.1016/j.mib.2022.102222,Strains to go: interactions of the skin microbiome beyond its species.,"Caldwell R, Zhou W, Oh J.",,2022,2022-10-13,N,MED
Q3_amr_core,2026-09-05,38521779,PMC10960800,10.1038/s41467-024-45045-0,Plasmid-mediated phenotypic noise leads to transient antibiotic resistance in bacteria.,"Hernandez-Beltran JCR, Rodríguez-Beltrán J, Aguilar-Luviano OB, Velez-Santiago J, Mondragón-Palomino O, MacLean RC, Fuentes-Hernández A, San Millán A, Peña-Miller R.",,2024,2024-03-23,Y,MED
Q3_amr_core,2026-09-05,38705187,PMC11070263,10.1098/rstb.2023.0120,"Towards holistic insect monitoring: species discovery, description, identification and traits for all insects.","Meier R, Hartop E, Pylatiuk C, Srivathsan A.",,2024,2024-05-06,Y,MED
Q3_amr_core,2026-09-05,40603865,PMC12222811,10.1038/s41467-025-61205-2,Scaling laws of bacterial and archaeal plasmids.,"Maddamsetti R, Shyti I, Wilson ML, Son HI, Baig Y, Zhou Z, Lu J, You L.",,2025,2025-07-02,Y,MED
Q3_amr_core,2026-09-05,,,10.1101/2023.05.05.23289554,"Scalable federated learning for emergency care using low cost microcomputing: Real-world, privacy preserving development and evaluation of a COVID-19 screening test in UK hospitals","Soltan AAS, Thakur A, Yang J, Chauhan A, D’Cruz LG, Dickson P, Soltan MA, Thickett DR, Eyre DW, Zhu T, Clifton DA.",,2023,2023-05-11,Y,PPR
Q3_amr_core,2026-09-05,40927774,PMC12415118,10.2147/ijgm.s539158,Multi-Omics and Clinical Validation Identify Key Glycolysis- and Immune-Related Genes in Sepsis.,"Du H, Dai X, Zhang T, Zhang Z, Xu X, Liu Y, Fan Z.",,2025,2025-09-03,Y,MED
Q3_amr_core,2026-09-05,38616247,PMC11017571,10.1186/s12859-024-05680-2,Designing and delivering bioinformatics project-based learning in East Africa.,"Kibet CK, Entfellner JD, Jjingo D, de Villiers EP, de Villiers S, Wambui K, Kinyanjui S, Masiga D.",,2024,2024-04-14,Y,MED
Q3_amr_core,2026-09-05,33750782,PMC7943827,10.1038/s41467-021-21749-5,Apparent nosocomial adaptation of Enterococcus faecalis predates the modern hospital era.,"Pöntinen AK, Top J, Arredondo-Alonso S, Tonkin-Hill G, Freitas AR, Novais C, Gladstone RA, Pesonen M, Meneses R, Pesonen H, Lees JA, Jamrozy D, Bentley SD, Lanza VF, Torres C, Peixe L, Coque TM, Parkhill J, Schürch AC, Willems RJL, Corander J.",,2021,2021-03-09,Y,MED
Q3_amr_core,2026-09-05,35311574,PMC9199400,10.1128/mmbr.00004-21,Computational Tools for the Analysis of Uncultivated Phage Genomes.,"Andrade-Martínez JS, Camelo Valera LC, Chica Cárdenas LA, Forero-Junco L, López-Leal G, Moreno-Gallego JL, Rangel-Pineros G, Reyes A.",,2022,2022-03-21,N,MED
Q3_amr_core,2026-09-05,39132911,PMC11491154,10.1093/eurheartj/ehae474,The AORTA Gene score for detection and risk stratification of ascending aortic dilation.,"Pirruccello JP, Khurshid S, Lin H, Weng LC, Zamirpour S, Kany S, Raghavan A, Koyama S, Vasan RS, Benjamin EJ, Lindsay ME, Ellinor PT.",,2024,2024-10-01,N,MED
Q3_amr_core,2026-09-05,41420111,PMC12863721,10.1038/s41380-025-03392-4,"A multi-ancestry meta genome-wide association study of migraine among veterans: associations with traumatic brain injury, depression, and post-traumatic stress disorder.","Gasperi M, Rosenthal SB, Maihofer AX, Gerstenberger A, Dochtermann D, Choquet H, Pressman A, Panizzon MS, Stein MB, Schuster NM, Pyarajan S, VA Million Veteran Program, Afari N, Nievergelt CM.",,2026,2025-12-19,Y,MED
Q3_amr_core,2026-09-05,34519526,PMC8547452,10.1128/msystems.00194-21,Genomic Features Associated with the Degree of Phenotypic Resistance to Carbapenems in Carbapenem-Resistant Klebsiella pneumoniae.,"Bulman ZP, Krapp F, Pincus NB, Wenzler E, Murphy KR, Qi C, Ozer EA, Hauser AR.",,2021,2021-09-14,Y,MED
Q3_amr_core,2026-09-05,39893253,PMC11787392,10.1038/s42003-025-07595-x,Selective inhibition of TGF-β-induced epithelial-mesenchymal transition overcomes chemotherapy resistance in high-risk lung squamous cell carcinoma.,"Sun L, Wang J, Yu H, Zhu X, Zhang J, Hu J, Yan Y, Zhang X, Zhu Y, Jiang G, Ding M, Zhang P, Zhang L.",,2025,2025-02-01,Y,MED
Q3_amr_core,2026-09-05,36707725,PMC9882747,10.1038/s41579-023-00852-y,Staphylococcus aureus host interactions and adaptation.,"Howden BP, Giulieri SG, Wong Fok Lung T, Baines SL, Sharkey LK, Lee JYH, Hachani A, Monk IR, Stinear TP.",,2023,2023-01-27,Y,MED
Q3_amr_core,2026-09-05,37043380,PMC10210944,10.1099/mgen.0.000979,Comparing genomic variant identification protocols for &lt;i&gt;Candida auris&lt;/i&gt;.,"Li X, Muñoz JF, Gade L, Argimon S, Bougnoux ME, Bowers JR, Chow NA, Cuesta I, Farrer RA, Maufrais C, Monroy-Nieto J, Pradhan D, Uehling J, Vu D, Yeats CA, Aanensen DM, d'Enfert C, Engelthaler DM, Eyre DW, Fisher MC, Hagen F, Meyer W, Singh G, Alastruey-Izquierdo A, Litvintseva AP, Cuomo CA.",,2023,2023-04-01,Y,MED
Q3_amr_core,2026-09-05,34328412,PMC8477402,10.1099/mgen.0.000506,Phylogeography and resistome of pneumococcal meningitis in West Africa before and after vaccine introduction.,"Senghore M, Tientcheu PE, Worwui AK, Jarju S, Okoi C, Suso SMS, Foster-Nyarko E, Ebruke C, Sonko M, Kourna MH, Agossou J, Tsolenyanu E, Renner LA, Ansong D, Sanneh B, Cisse CB, Boula A, Miwanda B, Lo SW, Gladstone RA, Schwartz S, Hawkins P, McGee L, Klugman KP, Breiman RF, Bentley SD, Mwenda JM, Kwa",,2021,2021-07-01,Y,MED
Q3_amr_core,2026-09-05,33446856,PMC7809048,10.1038/s41598-021-81063-4,Predicting bacteriophage hosts based on sequences of annotated receptor-binding proteins.,"Boeckaerts D, Stock M, Criel B, Gerstmans H, De Baets B, Briers Y.",,2021,2021-01-14,Y,MED
Q3_amr_core,2026-09-05,42317459,PMC13272130,10.3389/fvets.2026.1837977,"Multidimensional regulatory mechanisms of chicken immunity: focus on viral infection, intestinal microbiota and heat stress.","Wang Y, Yang M, Zhao J, Wu H, Wang K, Sun D, Zhang R, Xu Z, Cao Z, Ge C, Jia J, Liu L, Jian Z, Dou T, Zi X.",,2026,2026-06-03,Y,MED
Q3_amr_core,2026-09-05,38958473,PMC11346456,10.1042/bcj20220062,Integrating bacterial molecular genetics with chemical biology for renewed antibacterial drug discovery.,"Parkhill SL, Johnson EO.",,2024,2024-07-01,Y,MED
Q3_amr_core,2026-09-05,33293535,PMC7722865,10.1038/s41467-020-19612-0,A machine learning toolkit for genetic engineering attribution to facilitate biosecurity.,"Alley EC, Turpin M, Liu AB, Kulp-McDowall T, Swett J, Edison R, Von Stetina SE, Church GM, Esvelt KM.",,2020,2020-12-08,Y,MED
Q3_amr_core,2026-09-05,32858260,PMC8519184,10.1016/j.diagmicrobio.2020.115149,Predicting β-lactam resistance using whole genome sequencing in Klebsiella pneumoniae: the challenge of β-lactamase inhibitors.,"Hujer AM, Long SW, Olsen RJ, Taracila MA, Rojas LJ, Musser JM, Bonomo RA.",,2020,2020-07-25,N,MED
Q3_amr_core,2026-09-05,38250499,PMC10797485,10.2903/j.efsa.2024.8521,Persistence of microbiological hazards in food and feed production and processing environments.,"EFSA Panel on Biological Hazards (BIOHAZ), Koutsoumanis K, Allende A, Bolton D, Bover-Cid S, Chemaly M, De Cesare A, Herman L, Hilbert F, Lindqvist R, Nauta M, Nonno R, Peixe L, Ru G, Simmons M, Skandamis P, Suffredini E, Fox E, Gosling RB, Gil BM, Møretrø T, Stessl B, da Silva Felício MT, Messens W",,2024,2024-01-19,Y,MED
Q3_amr_core,2026-09-05,39526137,PMC11544545,10.3389/fmicb.2024.1473666,Culturomics- and metagenomics-based insights into the soil microbiome preservation and application for sustainable agriculture.,"Clagnan E, Costanzo M, Visca A, Di Gregorio L, Tabacchioni S, Colantoni E, Sevi F, Sbarra F, Bindo A, Nolfi L, Magarelli RA, Trupo M, Ambrico A, Bevivino A.",,2024,2024-10-24,Y,MED
Q3_amr_core,2026-09-05,38877573,PMC11179227,10.1186/s40168-024-01824-x,Metagenomic approach revealed the mobility and co-occurrence of antibiotic resistomes between non-intensive aquaculture environment and human.,"Tian L, Fang G, Li G, Li L, Zhang T, Mao Y.",,2024,2024-06-14,Y,MED
Q3_amr_core,2026-09-05,38276644,PMC10817596,10.3390/md22010006,Bioactive Molecules from the Innate Immunity of Ascidians and Innovative Methods of Drug Discovery: A Computational Approach Based on Artificial Intelligence.,"La Paglia L, Vazzana M, Mauro M, Urso A, Arizza V, Vizzini A.",,2023,2023-12-20,Y,MED
Q3_amr_core,2026-09-05,38378494,PMC10877842,10.1186/s12859-024-05703-y,SNVstory: inferring genetic ancestry from genome sequencing data.,"Bollas AE, Rajkovic A, Ceyhan D, Gaither JB, Mardis ER, White P.",,2024,2024-02-20,Y,MED
Q3_amr_core,2026-09-05,42232722,PMC13224971,10.7717/peerj.21304,Frontiers in aptamer-based diagnostics and therapeutics for zoonotic diseases.,"Wong JY, A Abusalah MAH, Zahari NIN, Yusof W, Lee LH, Yu CY, Ang GY, Zaidah AR, Yean Yean C.",,2026,2026-05-29,Y,MED
Q3_amr_core,2026-09-05,33316921,PMC7763105,10.3390/biology9120453,Literature on Applied Machine Learning in Metagenomic Classification: A Scoping Review.,"Tonkovic P, Kalajdziski S, Zdravevski E, Lameski P, Corizzo R, Pires IM, Garcia NM, Loncar-Turukalo T, Trajkovik V.",,2020,2020-12-09,Y,MED
Q3_amr_core,2026-09-05,38898034,PMC11187135,10.1038/s41467-024-49590-6,Single missense mutations in Vi capsule synthesis genes confer hypervirulence to Salmonella Typhi.,"Lee GY, Song J.",,2024,2024-06-19,Y,MED
Q3_amr_core,2026-09-05,39157462,PMC11327924,10.1093/pnasnexus/pgae317,The dynamics of the midgut microbiome in <i>Aedes aegypti</i> during digestion reveal putative symbionts.,"Salgado JFM, Premkrishnan BNV, Oliveira EL, Vettath VK, Goh FG, Hou X, Drautz-Moses DI, Cai Y, Schuster SC, Junqueira ACM.",,2024,2024-08-01,Y,MED
Q3_amr_core,2026-09-05,41291260,PMC7618864,10.1038/s41559-025-02912-3,Behavioural ecology in the twenty-first century.,"West SA, Dall SRX, Cunningham JP, Alonzo SH, Griffin AS.",,2025,2025-11-25,N,MED
Q3_amr_core,2026-09-05,39194291,PMC11448410,10.1128/spectrum.00254-24,Targeted phage hunting to specific &lt;i&gt;Klebsiella pneumoniae&lt;/i&gt; clinical isolates is an efficient antibiotic resistance and infection control strategy.,"Ferriol-González C, Concha-Eloko R, Bernabéu-Gimeno M, Fernández-Cuenca F, Cañada-García JE, García-Cobos S, Sanjuán R, Domingo-Calap P.",,2024,2024-08-28,Y,MED
Q3_amr_core,2026-09-05,36446041,PMC9812634,10.1200/po.22.00341,Comparison of <i>PIK3CA</i> Mutation Prevalence in Breast Cancer Across Predicted Ancestry Populations.,"Chen JW, Murugesan K, Newberg JY, Sokol ES, Savage HM, Stout TJ, Maund SL, Hutchinson KE.",,2022,2022-11-01,Y,MED
Q3_amr_core,2026-09-05,39065114,PMC11278639,10.3390/microorganisms12071346,The Marine Fish Gut Microbiome as a Source of Novel Bacteriocins.,"Uniacke-Lowe S, Stanton C, Hill C, Ross RP.",,2024,2024-07-01,Y,MED
Q3_amr_core,2026-09-05,,PMC11627198,,Abstracts from the 57th European Society of Human Genetics (ESHG) Conference: Oral Presentations,,,2024,2024-11-01,N,PMC
Q3_amr_core,2026-09-05,40642109,PMC12242132,10.12688/f1000research.129064.3,Progress and challenges for the application of machine learning for neglected tropical diseases.,"Khew C, Akbar R, Mohd-Assaad N.",,2023,2023-01-01,Y,MED
Q3_amr_core,2026-09-05,34554083,PMC8715440,10.1099/mgen.0.000610,A random forest model based on core genome allelic profiles of MRSA for penicillin plus potassium clavulanate susceptibility prediction.,"Zhuang H, Zhu F, Lan P, Ji S, Sun L, Chen Y, Wang Z, Jiang S, Zhang L, Zhu Y, Jiang Y, Chen Y, Yu Y.",,2021,2021-09-01,Y,MED
Q3_amr_core,2026-09-05,36704568,PMC9871577,10.3389/fmicb.2022.1104405,Determination of the ability of matrix-assisted laser desorption ionization time-of-flight mass spectrometry to identify high-biofilm-producing strains.,"Rodríguez-Temporal D, Díez R, Díaz-Navarro M, Escribano P, Guinea J, Muñoz P, Rodríguez-Sánchez B, Guembe M.",,2022,2023-01-10,Y,MED
Q3_amr_core,2026-09-05,37047466,PMC10095273,10.3390/ijms24076491,The Landscape of Global Ocean Microbiome: From Bacterioplankton to Biofilms.,"Lu J, Shu Y, Zhang H, Zhang S, Zhu C, Ding W, Zhang W.",,2023,2023-03-30,Y,MED
Q3_amr_core,2026-09-05,37374901,PMC10305434,10.3390/microorganisms11061398,PHERI-Phage Host ExploRation Pipeline.,"Baláž A, Kajsik M, Budiš J, Szemes T, Turňa J.",,2023,2023-05-26,Y,MED
Q3_amr_core,2026-09-05,36105942,PMC9464899,10.1016/j.jmsacl.2022.09.001,Molecular phenotyping approaches for the detection and monitoring of carbapenem-resistant Enterobacteriaceae by mass spectrometry.,"Dixon B, Ahmed WM, Felton T, Fowler SJ.",,2022,2022-09-06,Y,MED
Q3_amr_core,2026-09-05,39677383,PMC11639067,10.1080/03036758.2024.2345315,The potential of bacteriocins and bacteriophages to control bacterial disease of crops with a focus on <i>Xanthomonas</i> spp.,"Greer SF, Rabiey M, Studholme DJ, Grant M.",,2025,2024-05-23,Y,MED
Q3_amr_core,2026-09-05,35746800,PMC9230537,10.3390/v14061329,Identification of Phage Receptor-Binding Protein Sequences with Hidden Markov Models and an Extreme Gradient Boosting Classifier.,"Boeckaerts D, Stock M, De Baets B, Briers Y.",,2022,2022-06-17,Y,MED
Q3_amr_core,2026-09-05,40454480,PMC12126222,10.1172/jci184323,Present and future of microbiome-targeting therapeutics.,"Lynch LE, Lahowetz R, Maresso C, Terwilliger A, Pizzini J, Melendez Hebib V, Britton RA, Maresso AW, Preidis GA.",,2025,2025-06-02,Y,MED
Q3_amr_core,2026-09-05,40856868,PMC12380882,10.1007/s11274-025-04512-6,Updates on therapeutic targeting of diguanylate cyclase for addressing bacterial infections: A comprehensive review.,"Tawale RM, Ibrahim R, Aranjani JM.",,2025,2025-08-26,Y,MED
Q3_amr_core,2026-09-05,36617463,PMC9851315,10.1093/bib/bbac529,The hitchhikers' guide to RNA sequencing and functional analysis.,"Chen JW, Shrestha L, Green G, Leier A, Marquez-Lago TT.",,2023,2023-01-01,N,MED
Q3_amr_core,2026-09-05,40141036,PMC11942623,10.3390/ijms26062393,Important Role of Bacterial Nucleoid-Associated Proteins in Discovery of Novel Secondary Metabolites.,"Xia X, Zhang J, Zheng J, Liao G, Ding Y, Li Y.",,2025,2025-03-07,Y,MED
Q3_amr_core,2026-09-05,36699379,PMC9710593,10.1093/bioadv/vbac010,KaruBioNet: a network and discussion group for a better collaboration and structuring of bioinformatics in Guadeloupe (French West Indies).,"Couvin D, Dereeper A, Meyer DF, Noroy C, Gaete S, Bhakkan B, Poullet N, Gaspard S, Bezault E, Marcelino I, Pruneau L, Segretier W, Stattner E, Cazenave D, Garnier M, Pot M, Tressières B, Deloumeaux J, Breurec S, Ferdinand S, Gonzalez-Rizzo S, Reynaud Y.",,2022,2022-02-18,Y,MED
Q3_amr_core,2026-09-05,41723420,PMC12925362,10.1186/s12929-026-01230-5,The emerging pathogen Candida auris: host interactions and disease drivers.,"Sanya DRA, Arevalo AV, Onésime D, Nobile CJ.",,2026,2026-02-21,Y,MED
Q3_amr_core,2026-09-05,36551368,PMC9774241,10.3390/antibiotics11121710,Associating Biological Activity and Predicted Structure of Antimicrobial Peptides from Amphibians and Insects.,"Richter A, Sutherland D, Ebrahimikondori H, Babcock A, Louie N, Li C, Coombe L, Lin D, Warren RL, Yanai A, Kotkoff M, Helbing CC, Hof F, Hoang LMN, Birol I.",,2022,2022-11-27,Y,MED
Q3_amr_core,2026-09-05,39707560,PMC11660840,10.1186/s40168-024-01981-z,Complementary insights into gut viral genomes: a comparative benchmark of short- and long-read metagenomes using diverse assemblers and binners.,"Wang H, Sun C, Li Y, Chen J, Zhao XM, Chen WH.",,2024,2024-12-20,Y,MED
Q3_amr_core,2026-09-05,32444610,PMC7244534,10.1038/s41467-020-16310-9,A biochemically-interpretable machine learning classifier for microbial GWAS.,"Kavvas ES, Yang L, Monk JM, Heckmann D, Palsson BO.",,2020,2020-05-22,Y,MED
Q3_amr_core,2026-09-05,36785930,PMC9928423,10.7554/elife.77015,"Ecology, more than antibiotics consumption, is the major predictor for the global distribution of aminoglycoside-modifying enzymes.","Pradier L, Bedhomme S.",,2023,2023-02-14,Y,MED
Q3_amr_core,2026-09-05,41064255,PMC12502082,10.3389/fmicb.2025.1610029,Microbiome engineering: unlocking therapeutic potential in inflammatory bowel disease.,"Kong C, Huang LB, Yang MF, Yue NN, Luo D, Zhang Y, Tian CM, Song Y, Wei DR, Shi RY, Liang YJ, Yao J, Wang LS, Li DF.",,2025,2025-09-23,Y,MED
Q3_amr_core,2026-09-05,41023735,PMC12482621,10.1186/s40001-025-03013-4,Deferoxamine addresses metabolic dysregulation and urinary tract infections in weight-associated gestational diabetes mellitus.,"Zhang M, Wei N, Lin R, Xu Y, Zhang Q, Jia L, Zhang X, Yang X.",,2025,2025-09-29,Y,MED
Q3_amr_core,2026-09-05,34043940,PMC8238498,10.1016/j.cell.2021.05.002,A global metagenomic map of urban microbiomes and antimicrobial resistance.,"Danko D, Bezdan D, Afshin EE, Ahsanuddin S, Bhattacharya C, Butler DJ, Chng KR, Donnellan D, Hecht J, Jackson K, Kuchin K, Karasikov M, Lyons A, Mak L, Meleshko D, Mustafa H, Mutai B, Neches RY, Ng A, Nikolayeva O, Nikolayeva T, Png E, Ryon KA, Sanchez JL, Shaaban H, Sierra MA, Thomas D, Young B, Ab",,2021,2021-05-26,Y,MED
Q3_amr_core,2026-09-05,,,10.1101/2022.09.18.508418,Guild-level microbiome signature associated with COVID-19 severity and prognosis,"Guo M, Wu G, Tan Y, Li Y, Jin X, Qi W, Guo X, Zhang C, Zhu Z, Zhao L.",,2022,2022-09-19,Y,PPR
Q3_amr_core,2026-09-05,35724561,PMC9294419,10.1093/bib/bbac233,Comparative analysis of machine learning algorithms on the microbial strain-specific AMP prediction.,"Vishnepolsky B, Grigolava M, Managadze G, Gabrielian A, Rosenthal A, Hurt DE, Tartakovsky M, Pirtskhalava M.",,2022,2022-07-01,N,MED
Q3_amr_core,2026-09-05,39364593,PMC11450380,10.1111/1751-7915.70014,Artificial intelligence-based prediction of pathogen emergence and evolution in the world of synthetic biology.,Danchin A.,,2024,2024-10-01,Y,MED
Q3_amr_core,2026-09-05,,,10.1101/2024.10.04.616648,Universal rules govern plasmid copy number,"Ramiro-Martínez P, de Quinto I, Lanza VF, Gama JA, Gama JA, Rodríguez-Beltrán J.",,2024,2024-10-04,Y,PPR
Q3_amr_core,2026-09-05,39392836,PMC11580781,10.1111/nyas.15237,Microbes as medicine.,"Daisley BA, Allen-Vercoe E.",,2024,2024-10-11,Y,MED
Q3_amr_core,2026-09-05,33522489,PMC7884073,10.7554/elife.61805,In-host population dynamics of <i>Mycobacterium tuberculosis</i> complex during active disease.,"Vargas R, Freschi L, Marin M, Epperson LE, Smith M, Oussenko I, Durbin D, Strong M, Salfinger M, Farhat MR.",,2021,2021-02-01,Y,MED
Q3_amr_core,2026-09-05,39628842,PMC11610950,10.1016/j.engmic.2022.100021,Genome-scale metabolic modeling in antimicrobial pharmacology.,"Zhu Y, Zhao J, Li J.",,2022,2022-04-23,Y,MED
Q3_amr_core,2026-09-05,37667515,PMC10503653,10.1093/femsre/fuad051,Illuminating the oral microbiome and its host interactions: recent advancements in omics and bioinformatics technologies in the context of oral microbiome research.,Baker JL.,,2023,2023-09-01,Y,MED
Q3_amr_core,2026-09-05,32441616,PMC7258445,10.3201/eid2606.191121,Antimicrobial Resistance in Salmonella enterica Serovar Paratyphi B Variant Java in Poultry from Europe and Latin America.,"Castellanos LR, van der Graaf-van Bloois L, Donado-Godoy P, Veldman K, Duarte F, Acuña MT, Jarquín C, Weill FX, Mevius DJ, Wagenaar JA, Hordijk J, Zomer AL.",,2020,2020-06-01,Y,MED
Q3_amr_core,2026-09-05,36386631,PMC9664935,10.3389/fmicb.2022.997769,Genome-wide association study of <i>Klebsiella pneumoniae</i> identifies variations linked to carbapenems resistance.,"Pei N, Sun W, He J, Li Y, Chen X, Liang T, Kristiansen K, Liu W, Li J.",,2022,2022-11-01,Y,MED
Q3_amr_core,2026-09-05,,,10.1101/2020.04.29.068254,Predicting Antimicrobial Resistance Using Conserved Genes,"Nguyen M, Olson R, Shukla M, VanOeffelen M, Davis JJ.",,2020,2020-04-29,N,PPR
Q3_amr_core,2026-09-05,35471639,PMC9294341,10.1002/hbm.25888,"The sexual brain, genes, and cognition: A machine-predicted brain sex score explains individual differences in cognitive intelligence and genetic influence in young children.","Kim K, Joo YY, Ahn G, Wang HH, Moon SY, Kim H, Ahn WY, Cha J.",,2022,2022-04-26,Y,MED
Q3_amr_core,2026-09-05,35632715,PMC9144528,10.3390/v14050973,The International Virus Bioinformatics Meeting 2022.,"Hufsky F, Beslic D, Boeckaerts D, Duchene S, González-Tortuero E, Gruber AJ, Guo J, Jansen D, Juma J, Kongkitimanon K, Luque A, Ritsch M, Lencioni Lovate G, Nishimura L, Pas C, Domingo E, Hodcroft E, Lemey P, Sullivan MB, Weber F, González-Candelas F, Krautwurst S, Pérez-Cataluña A, Randazzo W, Sánc",,2022,2022-05-05,Y,MED
Q3_amr_core,2026-09-05,32670510,PMC7340972,10.1016/j.csbj.2020.06.031,Assessment of vector-host-pathogen relationships using data mining and machine learning.,"Agany DDM, Pietri JE, Gnimpieba EZ.",,2020,2020-06-25,Y,MED
Q3_amr_core,2026-09-05,41929484,PMC13038551,10.3389/fimmu.2026.1782402,Reinventing malaria control: hierarchical intervention strategies for African settings based on the microbiota-barrier-innate immunity axis.,"Zhu Y, Wu S, Qi Y, Wang J.",,2026,2026-03-18,Y,MED
Q3_amr_core,2026-09-05,34292145,PMC8477392,10.1099/mgen.0.000605,Elucidation of global and national genomic epidemiology of <i>Salmonella enterica</i> serovar Enteritidis through multilevel genome typing.,"Luo L, Payne M, Kaur S, Hu D, Cheney L, Octavia S, Wang Q, Tanaka MM, Sintchenko V, Lan R.",,2021,2021-07-01,Y,MED
Q3_amr_core,2026-09-05,40209062,PMC12090346,10.1021/acssynbio.5c00139,"Innovations, Challenges and Future Directions of T7RNA Polymerase in Microbial Cell Factories.","Effendi SSW, Ng IS.",,2025,2025-04-10,Y,MED
Q3_amr_core,2026-09-05,39101714,PMC11370258,10.1128/spectrum.00592-24,Isolation and characterization of &lt;i&gt;Septuagintavirus&lt;/i&gt;; a novel clade of &lt;i&gt;Escherichia coli&lt;/i&gt; phages within the subfamily &lt;i&gt;Vequintavirinae&lt;/i&gt;.,"Cortés-Martín A, Buttimer C, Pozhydaieva N, Hille F, Shareefdeen H, Bolocan AS, Draper LA, Shkoporov AN, Franz CMAP, Höfer K, Ross RP, Hill C.",,2024,2024-08-05,Y,MED
Q3_amr_core,2026-09-05,40258039,PMC12011222,10.1371/journal.pgph.0004465,Diagnostic yield of nine user-friendly bioinformatics tools for predicting Mycobacterium tuberculosis drug resistance: A systematic review and network meta-analysis.,"Chen YL, He Y, Dahl VN, Yu K, Zhang YA, Guan CP, Wang MS.",,2025,2025-04-21,Y,MED
Q3_amr_core,2026-09-05,39846747,PMC11844821,10.1128/jb.00428-24,Gut phages and their interactions with bacterial and mammalian hosts.,"Godsil M, Ritz NL, Venkatesh S, Meeske AJ.",,2025,2025-01-23,Y,MED
Q3_amr_core,2026-09-05,39900290,PMC12108452,10.1016/j.cct.2025.107834,Effects of fermented and fiber-rich foods on maternal &amp; offspring microbiome study (FeFiFo-MOMS) - Study design and methods.,"Ward CP, Perelman D, Durand LR, Robinson JL, Cunanan KM, Sudakaran S, Sabetan R, Madrigal-Moeller MJ, Dant C, Sonnenburg ED, Sonnenburg JL, Gardner CD.",,2025,2025-02-01,N,MED
Q3_amr_core,2026-09-05,40923788,PMC12505910,10.1128/mbio.01419-25,Epistasis at the cell surface: what is the role of Erg3 loss-of-function in acquired echinocandin resistance?,"Carolus H, Díaz-García J, Biriukov V, Jacobs S, Sofras D, Pageau A, Lobo Romero C, Vinken L, Escribano P, Guinea J, Lagrou K, Landry CR, Gabaldón T, Van Dijck P.",,2025,2025-09-09,Y,MED
Q3_amr_core,2026-09-05,36725215,PMC9960493,10.1093/femsre/fuad003,Elucidating the functional roles of prokaryotic proteins using big data and artificial intelligence.,"Ardern Z, Chakraborty S, Lenk F, Kaster AK.",,2023,2023-01-01,Y,MED
Q3_amr_core,2026-09-05,33068113,PMC7568433,10.1093/gigascience/giaa110,Interpreting k-mer-based signatures for antibiotic resistance prediction.,"Jaillard M, Palmieri M, van Belkum A, Mahé P.",,2020,2020-10-01,Y,MED
Q3_amr_core,2026-09-05,,PMC11133281,,"Abstracts of the papers presented in the international conference of Indian Virological Society, VIROCON 2023 on “Advancements in global virus research towards one health” held during 01–03 December, 2023 at ICAR-National Research Centre for Banana, Tiruchirappalli, Tamil Nadu, India",,,2024,2024-03-01,N,PMC
Q3_amr_core,2026-09-05,33720959,PMC7959382,10.1371/journal.pone.0246287,Machine learning predicts and provides insights into milk acidification rates of Lactococcus lactis.,"Karlsen ST, Vesth TC, Oregaard G, Poulsen VK, Lund O, Henderson G, Bælum J.",,2021,2021-03-15,Y,MED
Q3_amr_core,2026-09-05,40660619,PMC12259498,10.1111/1751-7915.70195,Microbes as Teachers: Rethinking Knowledge in the Anthropocene.,Armstrong R.,,2025,2025-07-01,Y,MED
Q3_amr_core,2026-09-05,39633433,PMC11616347,10.1186/s13073-024-01406-4,Revisiting mutational resistance to ampicillin and cefotaxime in Haemophilus influenzae.,"Diricks M, Petersen S, Bartels L, Lâm TT, Claus H, Bajanca-Lavado MP, Hauswaldt S, Stolze R, Vázquez OJ, Utpatel C, Niemann S, Rupp J, Wohlers I, Merker M.",,2024,2024-12-04,Y,MED
Q3_amr_core,2026-09-05,35718251,PMC10751508,10.1016/j.addr.2022.114400,"Microbiome as an immune regulator in health, disease, and therapeutics.","Juarez VM, Montalbine AN, Singh A.",,2022,2022-06-16,N,MED
Q3_amr_core,2026-09-05,31913111,PMC7067033,10.1099/mgen.0.000324,Using genomics to understand meticillin- and vancomycin-resistant <i>Staphylococcus aureus</i> infections.,"Giulieri SG, Tong SYC, Williamson DA.",,2020,2020-01-01,Y,MED
Q3_amr_core,2026-09-05,41549858,PMC13068362,10.1002/adhm.202503964,"Redefining Therapies for Drug-Resistant Tuberculosis: Synergistic Effects of Antimicrobial Peptides, Nanotechnology, and Computational Design.","Carnero Canales CS, Marquez Cazorla JI, Marquez Cazorla RM, Santos AMD, Lobato Duarte J, Oliveira Catarin Nunes L, Reis TC, Cerazi Salvador L, Santos-Filho NA, Sábio RM, Santos HA, Pavan FR.",,2026,2026-01-19,Y,MED
Q3_amr_core,2026-09-05,40818976,PMC12357943,10.1038/s41522-025-00802-x,Synergistic effects of commensals and phage predation in suppressing colonization by pathogenic Vibrio parahaemolyticus.,"Chen L, Huang Z, Middelboe M, Deng D, Ma Y.",,2025,2025-08-16,Y,MED
Q3_amr_core,2026-09-05,37164985,PMC10170454,10.1038/s41598-023-34643-5,Selecting antibacterial aptamers against the BamA protein in Pseudomonas aeruginosa by incorporating genetic algorithm to optimise computational screening method.,"Selvam R, Lim IHY, Lewis JC, Lim CH, Yap MKK, Tan HS.",,2023,2023-05-10,Y,MED
Q3_amr_core,2026-09-05,42450452,PMC13361655,10.3390/foods15132334,"Acetic Acid Bacteria: Metabolic Potential, Technological Applications and Emerging Probiotic Functions.","Głodo W, Śliżewska K.",,2026,2026-07-01,Y,MED
Q3_amr_core,2026-09-05,36786388,PMC10221578,10.1111/1751-7915.14222,Scientific novelty beyond the experiment.,"Hallsworth JE, Udaondo Z, Pedrós-Alió C, Höfer J, Benison KC, Lloyd KG, Cordero RJB, de Campos CBL, Yakimov MM, Amils R.",,2023,2023-02-14,Y,MED
Q3_amr_core,2026-09-05,33581494,PMC11555765,10.1016/j.vetmic.2021.109006,Genomics accurately predicts antimicrobial resistance in Staphylococcus pseudintermedius collected as part of Vet-LIRN resistance monitoring.,"Tyson GH, Ceric O, Guag J, Nemser S, Borenstein S, Slavic D, Lippert S, McDowell R, Krishnamurthy A, Korosec S, Friday C, Pople N, Saab ME, Fairbrother JH, Janelle I, McMillan D, Bommineni YR, Simon D, Mohan S, Sanchez S, Phillips A, Bartlett P, Naikare H, Watson C, Sahin O, Stinman C, Wang L, Maddo",,2021,2021-02-04,N,MED
Q3_amr_core,2026-09-05,35356528,PMC8959214,10.3389/fmicb.2022.827451,Large-Scale Samples Based Rapid Detection of Ciprofloxacin Resistance in <i>Klebsiella pneumoniae</i> Using Machine Learning Methods.,"Wang C, Wang Z, Wang HY, Chung CR, Horng JT, Lu JJ, Lee TY.",,2022,2022-03-08,Y,MED
Q3_amr_core,2026-09-05,36138798,PMC9495349,10.3390/biology11091319,Whole-Genome Sequencing and Drug-Susceptibility Analysis of Serial <i>Mycobacterium abscessus</i> Isolates from Thai Patients.,"Kaewprasert O, Nonghanphithak D, Chetchotisakd P, Namwat W, Ong RT, Faksri K.",,2022,2022-09-05,Y,MED
Q3_amr_core,2026-09-05,38253824,PMC10803313,10.1038/s42003-024-05816-3,Characterization of phyllosphere endophytic lactic acid bacteria reveals a potential novel route to enhance silage fermentation quality.,"Zhou H, Jia S, Gao Y, Li X, Lin Y, Yang F, Ni K.",,2024,2024-01-22,Y,MED
Q3_amr_core,2026-09-05,42104578,PMC13383918,10.1002/ame2.70195,Porcine kidney xenotransplantation: From primate models to clinical reality.,"Guo Z, Zhang L, Deng S, Qin C.",,2026,2026-05-08,Y,MED
Q3_amr_core,2026-09-05,36179278,PMC9989732,10.1093/jac/dkac239,Characteristics of community-acquired carbapenem-resistant Enterobacterales.,"Shrestha R, Luterbach CL, Dai W, Komarow L, Earley M, Weston G, Herc E, Jacob JT, Salata R, Wong D, Anderson D, Rydell KB, Arias CA, Chen L, van Duin D, MDRO Investigators.",,2022,2022-09-01,N,MED
Q3_amr_core,2026-09-05,41304681,PMC12655933,10.3390/plants14223530,Exogenous Plant Growth-Promoting Rhizobacteria Enhance the Promoting Effect of Polyaspartic Acid on Potato Growth by Improving Rhizosphere Nutrient Availability and Reshaping Microbial Community.,"Zhou X, Zhu X, Fan X, Huang X, Ma H, Cheema HN, Zhang K, Zheng S.",,2025,2025-11-19,Y,MED
Q3_amr_core,2026-09-05,38018967,PMC10734526,10.1128/msystems.00643-23,Natural product biosynthetic potential reflects macroevolutionary diversification within a widely distributed bacterial taxon.,"Silva SG, Nabhan Homsi M, Keller-Costa T, Rocha U, Costa R.",,2023,2023-11-29,Y,MED
Q3_amr_core,2026-09-05,36857587,PMC9997702,10.1093/bioinformatics/btad109,bvnGPS: a generalizable diagnostic model for acute bacterial and viral infection using integrative host transcriptomics and pretrained neural networks.,"Li Q, Zheng X, Xie J, Wang R, Li M, Wong MH, Leung KS, Li S, Geng Q, Cheng L.",,2023,2023-03-01,Y,MED
Q3_amr_core,2026-09-05,37297385,PMC10252221,10.3390/foods12112140,Metagenomics: An Effective Approach for Exploring Microbial Diversity and Functions.,"Nam NN, Do HDK, Loan Trinh KT, Lee NY.",,2023,2023-05-25,Y,MED
Q3_amr_core,2026-09-05,38604127,PMC11019365,10.1016/j.xgen.2024.100539,MUSSEL: Enhanced Bayesian polygenic risk prediction leveraging information across multiple ancestry groups.,"Jin J, Zhan J, Zhang J, Zhao R, O'Connell J, Jiang Y, 23andMe Research Team, Buyske S, Gignoux C, Haiman C, Kenny EE, Kooperberg C, North K, Koelsch BL, Wojcik G, Zhang H, Chatterjee N.",,2024,2024-04-01,Y,MED
Q3_amr_core,2026-09-05,36912660,PMC10100878,10.1128/spectrum.03598-22,Genome Analysis of Two &lt;i&gt;Pseudomonas syringae&lt;/i&gt; pv. &lt;i&gt;aptata&lt;/i&gt; Strains with Different Virulence Capacity Isolated from Sugar Beet: Features of Successful Pathogenicity in the Phyllosphere Microbiome.,"Ranković T, Nikolić I, Berić T, Popović T, Lozo J, Medić O, Stanković S.",,2023,2023-03-13,Y,MED
Q3_amr_core,2026-09-05,38533399,PMC10963427,10.3389/fpls.2024.1331443,Phyllosphere bacterial community dynamics in response to bacterial wildfire disease: succession and interaction patterns.,"Peng D, Wang Z, Tian J, Wang W, Guo S, Dai X, Yin H, Li L.",,2024,2024-03-12,Y,MED
Q3_amr_core,2026-09-05,42558572,PMC13437732,10.1002/imt2.70151,Maternal and infant gut microbiome.,"Wang H, Tin F, Chen H, Jiao F, Wu M, Sun S, Lin L, Li D, Zheng H, Niu Z, Lan M, Yilmaz B, Eriksson JG, Wang M, Macpherson A, Clemente JC, Xu J, Xie RH, Zheng X, Zhou T, Wang J, Shen W, Huang B, Chen X, Li H, He Y.",,2026,2026-08-04,Y,MED
Q3_amr_core,2026-09-05,38695522,PMC11112999,10.1128/jb.00035-24,"Lighting the way: how the <i>Vibrio fischeri</i> model microbe reveals the complexity of Earth's ""simplest"" life forms.","Septer AN, Visick KL.",,2024,2024-05-02,Y,MED
Q3_amr_core,2026-09-05,40718998,PMC12379898,10.1093/plcell/koaf185,Potential and challenges for application of microbiomes in agriculture.,"Copeland C, Schulze-Lefert P, Ma KW.",,2025,2025-08-01,Y,MED
Q3_amr_core,2026-09-05,41300856,PMC12651512,10.3390/diagnostics15222830,Circulating Surfactant Protein-D for Risk Stratification in Paediatric Acute Lung Infections: A Systematic Review.,"Chelcea R, Ciuca IM, Mudireddy NR, Bratosin F, Stanga L, Cozma GV.",,2025,2025-11-07,Y,MED
Q3_amr_core,2026-09-05,37516110,PMC11625410,10.1016/j.chom.2023.07.001,Molecular de-extinction of ancient antimicrobial peptides enabled by machine learning.,"Maasch JRMA, Torres MDT, Melo MCR, de la Fuente-Nunez C.",,2023,2023-07-28,N,MED
Q3_amr_core,2026-09-05,37050054,PMC10097205,10.3390/plants12071428,LSPpred Suite: Tools for Leaderless Secretory Protein Prediction in Plants.,"Lonsdale A, Ceballos-Laita L, Takahashi D, Uemura M, Abadía J, Davis MJ, Bacic A, Doblin MS.",,2023,2023-03-23,Y,MED
Q3_amr_core,2026-09-05,41267740,PMC12627940,10.12688/wellcomeopenres.24031.1,"Pf8: an open dataset of &lt;i&gt;Plasmodium falciparum &lt;/i&gt;genome variation in 33,325 worldwide samples.","Malaria Genomic Epidemiology Network (MalariaGEN), Abdel Hamid MM, Abdelraheem MH, Acheampong DO, Adam I, Aide P, Ajibaye O, Ali M, Almagro-Garcia J, Amambua-Ngwa A, Amenga-Etego L, Aniebo I, Aninagyei E, Ansah F, Apinjoh TO, Ariani CV, Auburn S, Awandare GA, Balmer A, Bejon P, Boene S, Bwire G, Can",,2025,2025-06-30,Y,MED
Q3_amr_core,2026-09-05,38535816,PMC10975883,10.3390/toxins16030150,Diversity and Molecular Evolution of Antimicrobial Peptides in Caecilian Amphibians.,"Benítez-Prián M, Lorente-Martínez H, Agorreta A, Gower DJ, Wilkinson M, Roelants K, San Mauro D.",,2024,2024-03-14,Y,MED
Q3_amr_core,2026-09-05,39801378,PMC11725985,10.1111/1751-7915.70080,Engineered Bacteria for Disease Diagnosis and Treatment Using Synthetic Biology.,"Jin K, Huang Y, Che H, Wu Y.",,2025,2025-01-01,Y,MED
Q3_amr_core,2026-09-05,41473159,PMC12745203,10.3389/fmed.2025.1644800,Identifying sepsis susceptibility genes in post-surgical patients using an artificial intelligence approach.,"Vaquerizo-Villar F, Hernandez-Beeftink T, Heredia-Rodríguez M, Gómez-Sánchez E, Lorenzo-López M, López-Herrero R, Bardaji-Carrillo M, Tamayo-Velasco Á, Martín-Fernández M, Sánchez-de-Prada L, Álvarez-Escudero J, Veiras S, Baluja A, Gonzalo-Benito H, Martínez-Paz P, García-Concejo A, Fernández-Rodríg",,2025,2025-12-15,Y,MED
Q3_amr_core,2026-09-05,36317888,PMC9764980,10.1128/msystems.00467-22,Pan-Genome Analysis of Transcriptional Regulation in Six Salmonella enterica Serovar Typhimurium Strains Reveals Their Different Regulatory Structures.,"Yuan Y, Seif Y, Rychel K, Yoo R, Chauhan S, Poudel S, Al-Bulushi T, Palsson BO, Sastry AV.",,2022,2022-11-01,Y,MED
Q3_amr_core,2026-09-05,34055238,PMC8141697,10.1016/j.csbj.2021.05.037,Prediction of repurposed drugs for Coronaviruses using artificial intelligence and machine learning.,"Rajput A, Thakur A, Mukhopadhyay A, Kamboj S, Rastogi A, Gautam S, Jassal H, Kumar M.",,2021,2021-05-24,Y,MED
Q3_amr_core,2026-09-05,34678056,PMC8535800,10.1126/sciadv.abj5056,Functions predict horizontal gene transfer and the emergence of antibiotic resistance.,"Zhou H, Beltrán JF, Brito IL.",,2021,2021-10-22,Y,MED
Q3_amr_core,2026-09-05,41070121,PMC12505669,10.3389/fmicb.2025.1650631,&lt;i&gt;Poncirus trifoliata&lt;/i&gt; vs. &lt;i&gt;Citrus junos&lt;/i&gt; rootstocks: reshaping lemon rhizosphere microecology through microbial and metabolic reprogramming.,"Long C, Fu X, Wu Q, Wang S, Zhou X, Mao J, Guo L, Shi W, Yang H, Yang T, Du Y, Yue J, Wu D, Liu H.",,2025,2025-09-24,Y,MED
Q3_amr_core,2026-09-05,39488738,PMC11540072,10.1080/19490976.2024.2420771,Symbiotic probiotic communities with multiple targets successfully combat obesity in high-fat-diet-fed mice.,"Guo D, Deng Y, Yang Q, Li M, Wang X, Wan X, He J, Xu Y, Huang W, Lin G, Xu Y, Sun Y, Zhang R, Chen WH, Liu Z.",,2024,2024-01-01,Y,MED
Q3_amr_core,2026-09-05,33112851,PMC7592755,10.1371/journal.pgen.1009065,Major role of iron uptake systems in the intrinsic extra-intestinal virulence of the genus Escherichia revealed by a genome-wide association study.,"Galardini M, Clermont O, Baron A, Busby B, Dion S, Schubert S, Beltrao P, Denamur E.",,2020,2020-10-28,Y,MED
Q3_amr_core,2026-09-05,39194557,PMC11351227,10.3390/biology13080618,Macrogenomics Reveals Effects on Marine Microbial Communities during <i>Oplegnathus punctatus</i> Enclosure Farming.,"Wang L, Lu X, Xing Z, Teng X, Wang S, Liu T, Zheng L, Wang X, Qu J.",,2024,2024-08-15,Y,MED
Q3_amr_core,2026-09-05,,PMC7776543,,"155. Public Health Action-based System for Tracking and Responding to U.S. candida Drug Resistance: AR Lab Network, 2016–2019","Forsberg K, Lyman M, Chaturvedi S, Schneider E, Fischer J, Baynham D, Dunbar D, Plehn M, Podzorski D, Gumbis S, Sievert D, Jackson B, Lockhart S, Berkow E.",,2020,2020-10-01,Y,PMC
Q3_amr_core,2026-09-05,34349740,PMC8327204,10.3389/fmicb.2021.683580,"Applications of Raman Spectroscopy in Bacterial Infections: Principles, Advantages, and Shortcomings.","Wang L, Liu W, Tang JW, Wang JJ, Liu QH, Wen PB, Wang MM, Pan YC, Gu B, Zhang X.",,2021,2021-07-19,Y,MED
Q3_amr_core,2026-09-05,38399743,PMC10892246,10.3390/microorganisms12020339,Diversity and Biological Characteristics of Seed-Borne Bacteria of <i>Achnatherum splendens</i>.,"Yang J, Xie J, Chen H, Zhu S, Hou X, Zhang Z.",,2024,2024-02-06,Y,MED
Q3_amr_core,2026-09-05,,PMC12307964,,Talks,,,2025,2025-07-01,N,PMC
Q3_amr_core,2026-09-05,37633929,PMC10464495,10.1186/s12014-023-09424-x,Mass spectrometry-based proteomics as an emerging tool in clinical laboratories.,Birhanu AG.,,2023,2023-08-26,Y,MED
Q3_amr_core,2026-09-05,41535683,PMC12917264,10.1038/s41467-026-68495-0,Identification of antimicrobial peptides from ancient gut microbiomes.,"Chen S, Yuan Y, Wang Y, Peng Y, Tun HM, Jiang Z, Miao Y, Lee S, Yin X, Shen X, DeLeon O, Chang EB, Chan FKL, Sun Y, Ng SC, Su Q.",,2026,2026-01-14,Y,MED
Q3_amr_core,2026-09-05,33671611,PMC7926440,10.3390/microorganisms9020449,"A Narrative Review of the Molecular Epidemiology and Laboratory Surveillance of Vaccine Preventable Bacterial Meningitis Agents: <i>Streptococcus pneumoniae</i>, <i>Neisseria meningitidis</i>, <i>Haemophilus influenzae</i> and <i>Streptococcus agalactiae</i>.",Tsang RSW.,,2021,2021-02-22,Y,MED
Q3_amr_core,2026-09-05,34713975,PMC8719816,10.1111/1751-7915.13953,The rising dominance of microbiology: what to expect in the next 15 years?,"Kumar R, Sood U, Kaur J, Anand S, Gupta V, Patil KS, Lal R.",,2022,2021-10-29,Y,MED
Q3_amr_core,2026-09-05,37900966,PMC10603826,10.20411/pai.v8i1.597,The Evolution of Diagnostic Techniques in the Paleopathology of Tuberculosis: A Scoping Review.,"Papa V, Galassi FM, Varotto E, Gori A, Vaccarezza M.",,2023,2023-10-18,Y,MED
Q3_amr_core,2026-09-05,39278950,PMC11402979,10.1038/s41467-024-51864-y,An expanded database and analytical toolkit for identifying bacterial virulence factors and their associations with chronic diseases.,"Dong W, Fan X, Guo Y, Wang S, Jia S, Lv N, Yuan T, Pan Y, Xue Y, Chen X, Xiong Q, Yang R, Zhao W, Zhu B.",,2024,2024-09-15,Y,MED
Q3_amr_core,2026-09-05,32159920,PMC7132174,10.15252/embr.202050249,Exploiting antimicrobial resistance: Better knowledge of resistance mechanisms can inform the search for and development of new antibiotics.,"Ouellette M, Bhattacharya A.",,2020,2020-03-11,N,MED
Q3_amr_core,2026-09-05,42193766,PMC13203340,10.3390/ani16101472,Metagenomic and Metabolomic Analysis of Intestinal Excrement Differences Between Natural Hatching and Artificial Peeling out of the Shell in &lt;i&gt;Nipponia nippon&lt;/i&gt;.,"Qiu G, Bai H, Shi J, Xue Y, Wang T, Qin S, Zhou X, He K.",,2026,2026-05-11,Y,MED
Q3_amr_core,2026-09-05,42004950,PMC13083134,10.3389/fimmu.2026.1797726,Host-pathogen interactions in periodontitis: an integrative interkingdom perspective.,"Suarez LJ, Vargas-Sanchez PK, Angelov N, Mylonakis E, Arce RM.",,2026,2026-04-02,Y,MED
Q3_amr_core,2026-09-05,37991384,PMC10746176,10.1128/mbio.02622-23,REC protein family expansion by the emergence of a new signaling pathway.,"Garber ME, Frank V, Kazakov AE, Incha MR, Nava AA, Zhang H, Valencia LE, Keasling JD, Rajeev L, Mukhopadhyay A.",,2023,2023-11-22,Y,MED
