evidence_source_id,pmid,doi,title,pubYear,journalTitle,query_ids,screen_decision,screen_reason,screener,screen_date,notes
EPMC-0001,,,152. rapid Ultra-high Enrichment of Bacterial Pathogens at Low Concentration from Blood for Species ID and AMR Prediction Using Nanopore Sequencing,2020,,Q3_amr_core,pending,,,,
EPMC-0002,,,153. pilot Study of a Novel Whole-genome Sequencing Based Rapid Bacterial Identification Assay in Patients with Bacteremia,2020,,Q3_amr_core,pending,,,,
EPMC-0003,,,154. comparative Genomics Reveals Extra-hospital Transmission Networks of Carbapenem-resistant acinetobacter Baumannii sustained over Multiple Years in a US Midwest City,2020,,Q3_amr_core,pending,,,,
EPMC-0004,,,"155. Public Health Action-based System for Tracking and Responding to U.S. candida Drug Resistance: AR Lab Network, 2016–2019",2020,,Q3_amr_core,pending,,,,
EPMC-0005,32843552,10.1128/mbio.01527-20,A Genome-Based Model to Predict the Virulence of Pseudomonas aeruginosa Isolates.,2020,,Q3_amr_core,pending,,,,
EPMC-0006,32444610,10.1038/s41467-020-16310-9,A biochemically-interpretable machine learning classifier for microbial GWAS.,2020,,Q3_amr_core,pending,,,,
EPMC-0007,33293535,10.1038/s41467-020-19612-0,A machine learning toolkit for genetic engineering attribution to facilitate biosecurity.,2020,,Q3_amr_core,pending,,,,
EPMC-0008,32849463,10.3389/fmicb.2020.01883,Analytical Performance Validation of Next-Generation Sequencing Based Clinical Microbiology Assays Using a K-mer Analysis Workflow.,2020,,Q3_amr_core,pending,,,,
EPMC-0009,35685616,10.1039/d0ra01484b,Antibiotic resistance: bioinformatics-based understanding as a functional strategy for drug design.,2020,,Q3_amr_core,pending,,,,
EPMC-0010,32441616,10.3201/eid2606.191121,Antimicrobial Resistance in Salmonella enterica Serovar Paratyphi B Variant Java in Poultry from Europe and Latin America.,2020,,Q3_amr_core,pending,,,,
EPMC-0011,32670510,10.1016/j.csbj.2020.06.031,Assessment of vector-host-pathogen relationships using data mining and machine learning.,2020,,Q2_block_holdout_focus|Q3_amr_core,pending,,,,
EPMC-0012,32518231,10.1038/s41598-020-65981-3,BacEffluxPred: A two-tier system to predict and categorize bacterial efflux mediated antibiotic resistance proteins.,2020,,Q3_amr_core,pending,,,,
EPMC-0013,33014966,10.3389/fpubh.2020.00451,Bacterial Genome Wide Association Studies (bGWAS) and Transcriptomics Identifies Cryptic Antimicrobial Resistance Mechanisms in <i>Acinetobacter baumannii</i>.,2020,,Q3_amr_core,pending,,,,
EPMC-0014,32085478,10.3390/ijms21041363,Bioinformatics Approaches to the Understanding of Molecular Mechanisms in Antimicrobial Resistance.,2020,,Q3_amr_core,pending,,,,
EPMC-0015,33294134,10.1016/j.csbj.2020.10.017,Combining structure and genomics to understand antimicrobial resistance.,2020,,Q3_amr_core,pending,,,,
EPMC-0016,33240320,10.3389/fgene.2020.566080,Comparative Genome Analysis Reveals the Molecular Basis of Niche Adaptation of <i>Staphylococcus epidermidis</i> Strains.,2020,,Q3_amr_core,pending,,,,
EPMC-0017,33240317,10.3389/fgene.2020.563975,Current Trends in Experimental and Computational Approaches to Combat Antimicrobial Resistance.,2020,,Q3_amr_core,pending,,,,
EPMC-0018,32511244,10.1371/journal.pgen.1008850,Evolution of Salmonella enterica serotype Typhimurium driven by anthropogenic selection and niche adaptation.,2020,,Q3_amr_core,pending,,,,
EPMC-0019,32159920,10.15252/embr.202050249,Exploiting antimicrobial resistance: Better knowledge of resistance mechanisms can inform the search for and development of new antibiotics.,2020,,Q3_amr_core,pending,,,,
EPMC-0020,32221315,10.1038/s41598-020-62371-7,Genomic Epidemiology of Vancomycin-Resistant Enterococcus faecium (VREfm) in Latin America: Revisiting The Global VRE Population Structure.,2020,,Q3_amr_core,pending,,,,
EPMC-0021,32213251,10.1099/mgen.0.000359,"Genomic epidemiology and population structure of <i>Neisseria gonorrhoeae</i> in Norway, 2016-2017.",2020,,Q3_amr_core,pending,,,,
EPMC-0022,32636251,10.1128/mbio.01344-20,Improved Prediction of Bacterial Genotype-Phenotype Associations Using Interpretable Pangenome-Spanning Regressions.,2020,,Q2_block_holdout_focus|Q3_amr_core,pending,,,,
EPMC-0023,33519755,10.3389/fmicb.2020.607842,Integrative Analysis of Whole Genome Sequencing and Phenotypic Resistance Toward Prediction of Trimethoprim-Sulfamethoxazole Resistance in <i>Staphylococcus aureus</i>.,2020,,Q3_amr_core,pending,,,,
EPMC-0024,33068113,10.1093/gigascience/giaa110,Interpreting k-mer-based signatures for antibiotic resistance prediction.,2020,,Q3_amr_core,pending,,,,
EPMC-0025,33316921,10.3390/biology9120453,Literature on Applied Machine Learning in Metagenomic Classification: A Scoping Review.,2020,,Q3_amr_core,pending,,,,
EPMC-0026,32119670,10.1371/journal.pcbi.1007608,Machine learning with random subspace ensembles identifies antimicrobial resistance determinants from pan-genomes of three pathogens.,2020,,Q3_amr_core,pending,,,,
EPMC-0027,33112851,10.1371/journal.pgen.1009065,Major role of iron uptake systems in the intrinsic extra-intestinal virulence of the genus Escherichia revealed by a genome-wide association study.,2020,,Q3_amr_core,pending,,,,
EPMC-0028,33193203,10.3389/fmicb.2020.578795,PARMAP: A Pan-Genome-Based Computational Framework for Predicting Antimicrobial Resistance.,2020,,Q3_amr_core,pending,,,,
EPMC-0029,33375502,10.3390/microorganisms9010052,Plasmid Identification and Plasmid-Mediated Antimicrobial Gene Detection in Norwegian Isolates.,2020,,Q3_amr_core,pending,,,,
EPMC-0030,,10.1101/2020.04.29.068254,Predicting Antimicrobial Resistance Using Conserved Genes,2020,,Q3_amr_core,pending,,,,
EPMC-0031,32048461,10.15252/emmm.201910264,Predicting antimicrobial resistance in Pseudomonas aeruginosa with machine learning-enabled molecular diagnostics.,2020,,Q3_amr_core,pending,,,,
EPMC-0032,33075053,10.1371/journal.pcbi.1008319,Predicting antimicrobial resistance using conserved genes.,2020,,Q3_amr_core,pending,,,,
EPMC-0033,32858260,10.1016/j.diagmicrobio.2020.115149,Predicting β-lactam resistance using whole genome sequencing in Klebsiella pneumoniae: the challenge of β-lactamase inhibitors.,2020,,Q3_amr_core,pending,,,,
EPMC-0034,33347430,10.1371/journal.pcbi.1008518,Robust detection of point mutations involved in multidrug-resistant Mycobacterium tuberculosis in the presence of co-occurrent resistance markers.,2020,,Q3_amr_core,pending,,,,
EPMC-0035,33829127,10.1186/s42522-020-0010-1,Typing methods based on whole genome sequencing data.,2020,,Q3_amr_core,pending,,,,
EPMC-0036,32929164,10.1038/s41598-020-71693-5,Understanding and predicting ciprofloxacin minimum inhibitory concentration in Escherichia coli with machine learning.,2020,,Q3_amr_core,pending,,,,
EPMC-0037,31913111,10.1099/mgen.0.000324,Using genomics to understand meticillin- and vancomycin-resistant <i>Staphylococcus aureus</i> infections.,2020,,Q3_amr_core,pending,,,,
EPMC-0038,31929521,10.1371/journal.pcbi.1007511,VAMPr: VAriant Mapping and Prediction of antibiotic resistance via explainable features and machine learning.,2020,,Q2_block_holdout_focus|Q3_amr_core,pending,,,,
EPMC-0039,33671611,10.3390/microorganisms9020449,"A Narrative Review of the Molecular Epidemiology and Laboratory Surveillance of Vaccine Preventable Bacterial Meningitis Agents: <i>Streptococcus pneumoniae</i>, <i>Neisseria meningitidis</i>, <i>Haemophilus influenzae</i> and <i>Streptococcus agalactiae</i>.",2021,,Q3_amr_core,pending,,,,
EPMC-0040,33875000,10.1186/s13073-021-00858-2,A community-driven resource for genomic epidemiology and antimicrobial resistance prediction of Neisseria gonorrhoeae at Pathogenwatch.,2021,,Q3_amr_core,pending,,,,
EPMC-0041,34379107,10.1093/bib/bbab313,A genomic data resource for predicting antimicrobial resistance from laboratory-derived antimicrobial susceptibility phenotypes.,2021,,Q3_amr_core,pending,,,,
EPMC-0042,34043940,10.1016/j.cell.2021.05.002,A global metagenomic map of urban microbiomes and antimicrobial resistance.,2021,,Q3_amr_core,pending,,,,
EPMC-0043,34554083,10.1099/mgen.0.000610,A random forest model based on core genome allelic profiles of MRSA for penicillin plus potassium clavulanate susceptibility prediction.,2021,,Q3_amr_core,pending,,,,
EPMC-0044,33897984,10.1016/j.csbj.2021.03.027,AMR-Diag: Neural network based genotype-to-phenotype prediction of resistance towards β-lactams in &lt;i&gt;Escherichia coli&lt;/i&gt; and &lt;i&gt;Klebsiella pneumoniae&lt;/i&gt;.,2021,,Q3_amr_core,pending,,,,
EPMC-0045,34504303,10.1038/s42003-021-02586-0,Accelerating antibiotic discovery through artificial intelligence.,2021,,Q2_block_holdout_focus|Q3_amr_core,pending,,,,
EPMC-0046,34414415,10.1093/bib/bbab299,An end-to-end heterogeneous graph attention network for Mycobacterium tuberculosis drug-resistance prediction.,2021,,Q3_amr_core,pending,,,,
EPMC-0047,33215194,10.1093/jamia/ocaa233,An explainable machine learning platform for pyrazinamide resistance prediction and genetic feature identification of Mycobacterium tuberculosis.,2021,,Q2_block_holdout_focus|Q3_amr_core,pending,,,,
EPMC-0048,34141134,10.1016/j.csbj.2021.05.034,Antibiotic resistance: Time of synthesis in a post-genomic age.,2021,,Q3_amr_core,pending,,,,
EPMC-0049,33750782,10.1038/s41467-021-21749-5,Apparent nosocomial adaptation of Enterococcus faecalis predates the modern hospital era.,2021,,Q3_amr_core,pending,,,,
EPMC-0050,33737920,10.3389/fmicb.2021.634511,"Applications of Machine Learning in Human Microbiome Studies: A Review on Feature Selection, Biomarker Identification, Disease Prediction and Treatment.",2021,,Q2_block_holdout_focus|Q3_amr_core,pending,,,,
EPMC-0051,33536291,10.1128/jcm.01260-20,Applications of Machine Learning to the Problem of Antimicrobial Resistance: an Emerging Model for Translational Research.,2021,,Q3_amr_core,pending,,,,
EPMC-0052,34349740,10.3389/fmicb.2021.683580,"Applications of Raman Spectroscopy in Bacterial Infections: Principles, Advantages, and Shortcomings.",2021,,Q3_amr_core,pending,,,,
EPMC-0053,34201152,10.3390/ijms22126184,Bioinformatics Accelerates the Major Tetrad: A Real Boost for the Pharmaceutical Industry.,2021,,Q3_amr_core,pending,,,,
EPMC-0054,34598416,10.37201/req/s01.04.2021,Bioinformatics approaches to the study of antimicrobial resistance.,2021,,Q3_amr_core,pending,,,,
EPMC-0055,34676470,10.1186/s13244-021-01102-6,Clinical applications of artificial intelligence and radiomics in neuro-oncology imaging.,2021,,Q3_amr_core,pending,,,,
EPMC-0056,35250909,10.3389/fmicb.2021.804484,Combination of MALDI-TOF Mass Spectrometry and Machine Learning for Rapid Antimicrobial Resistance Screening: The Case of <i>Campylobacter</i> spp.,2021,,Q2_block_holdout_focus|Q3_amr_core,pending,,,,
EPMC-0057,33920372,10.3390/antibiotics10040419,Combining Functional Genomics and Whole-Genome Sequencing to Detect Antibiotic Resistance Genes in Bacterial Strains Co-Occurring Simultaneously in a Brazilian Hospital.,2021,,Q3_amr_core,pending,,,,
EPMC-0058,34316397,10.7717/peerj.11732,Dairy management practices associated with multi-drug resistant fecal commensals and <i>Salmonella</i> in cull cows: a machine learning approach.,2021,,Q2_block_holdout_focus|Q3_amr_core,pending,,,,
EPMC-0059,33682875,10.1093/bioinformatics/btab147,DeepViral: prediction of novel virus-host interactions from protein sequences and infectious disease phenotypes.,2021,,Q2_block_holdout_focus,pending,,,,
EPMC-0060,34355212,10.3389/fdgth.2021.583468,Digital Insights Into Nucleotide Metabolism and Antibiotic Treatment Failure.,2021,,Q3_amr_core,pending,,,,
EPMC-0061,34292145,10.1099/mgen.0.000605,Elucidation of global and national genomic epidemiology of <i>Salmonella enterica</i> serovar Enteritidis through multilevel genome typing.,2021,,Q3_amr_core,pending,,,,
EPMC-0062,33455849,10.1016/j.tim.2020.12.002,Forest and Trees: Exploring Bacterial Virulence with Genome-wide Association Studies and Machine Learning.,2021,,Q3_amr_core,pending,,,,
EPMC-0063,34678056,10.1126/sciadv.abj5056,Functions predict horizontal gene transfer and the emergence of antibiotic resistance.,2021,,Q3_amr_core,pending,,,,
EPMC-0064,34461978,10.1186/s13073-021-00953-4,GenTB: A user-friendly genome-based predictor for tuberculosis resistance powered by machine learning.,2021,,Q3_amr_core,pending,,,,
EPMC-0065,34550361,10.1093/infdis/jiab456,Genome Dynamics and Evolution of Multiple-Drug-Resistant Bacteria: Implications for Global Infection Control Priorities.,2021,,Q3_amr_core,pending,,,,
EPMC-0066,35164570,10.1128/mbio.03796-21,"Genome Informatics and Machine Learning-Based Identification of Antimicrobial Resistance-Encoding Features and Virulence Attributes in Escherichia coli Genomes Representing Globally Prevalent Lineages, Including High-Risk Clonal Complexes.",2021,,Q3_amr_core,pending,,,,
EPMC-0067,33536414,10.1038/s41467-021-20988-w,Genome evolution and the emergence of pathogenicity in avian Escherichia coli.,2021,,Q3_amr_core,pending,,,,
EPMC-0068,34876224,10.1186/s13099-021-00468-8,"Genome insights of Enterococcus raffinosus CX012922, isolated from the feces of a Crohn's disease patient.",2021,,Q3_amr_core,pending,,,,
EPMC-0069,33993166,10.1097/olq.0000000000001471,Genomic Analysis of the Predominant Strains and Antimicrobial Resistance Determinants Within 1479 Neisseria gonorrhoeae Isolates From the US Gonococcal Isolate Surveillance Project in 2018.,2021,,Q3_amr_core,pending,,,,
EPMC-0070,34519526,10.1128/msystems.00194-21,Genomic Features Associated with the Degree of Phenotypic Resistance to Carbapenems in Carbapenem-Resistant Klebsiella pneumoniae.,2021,,Q3_amr_core,pending,,,,
EPMC-0071,,10.1101/2021.05.25.445601,Genomic Surveillance of COVID-19 Variants with Language Models and Machine Learning,2021,,Q3_amr_core,pending,,,,
EPMC-0072,33581494,10.1016/j.vetmic.2021.109006,Genomics accurately predicts antimicrobial resistance in Staphylococcus pseudintermedius collected as part of Vet-LIRN resistance monitoring.,2021,,Q3_amr_core,pending,,,,
EPMC-0073,33863705,10.1128/aem.00485-21,"High-Resolution Genomic Comparisons within <i>Salmonella enterica</i> Serotypes Derived from Beef Feedlot Cattle: Parsing the Roles of Cattle Source, Pen, Animal, Sample Type, and Production Period.",2021,,Q3_amr_core,pending,,,,
EPMC-0074,33416461,10.1099/mgen.0.000500,Identifying novel β-lactamase substrate activity through <i>in silico</i> prediction of antimicrobial resistance.,2021,,Q3_amr_core,pending,,,,
EPMC-0075,33857456,10.1053/j.gastro.2021.04.013,Impact of Antibiotic Resistance Genes in Gut Microbiome of Patients With Cirrhosis.,2021,,Q3_amr_core,pending,,,,
EPMC-0076,33522489,10.7554/elife.61805,In-host population dynamics of <i>Mycobacterium tuberculosis</i> complex during active disease.,2021,,Q3_amr_core,pending,,,,
EPMC-0077,34829296,10.3390/diagnostics11111949,Investigation of MALDI-TOF Mass Spectrometry for Assessing the Molecular Diversity of <i>Campylobacter jejuni</i> and Comparison with MLST and cgMLST: A Luxembourg One-Health Study.,2021,,Q2_block_holdout_focus|Q3_amr_core,pending,,,,
EPMC-0078,35004362,10.3389/fcimb.2021.809560,Lessons Learnt From Using the Machine Learning Random Forest Algorithm to Predict Virulence in <i>Streptococcus pyogenes</i>.,2021,,Q3_amr_core,pending,,,,
EPMC-0079,34439032,10.3390/antibiotics10080982,MALDI-TOF Mass Spectrometry Technology as a Tool for the Rapid Diagnosis of Antimicrobial Resistance in Bacteria.,2021,,Q3_amr_core,pending,,,,
EPMC-0080,34427505,10.1128/msystems.00346-21,Machine Learning Prediction of Resistance to Subinhibitory Antimicrobial Concentrations from Escherichia coli Genomes.,2021,,Q2_block_holdout_focus|Q3_amr_core,pending,,,,
EPMC-0081,,10.1101/2021.03.26.437296,Machine learning prediction of resistance to sub-inhibitory antimicrobial concentrations from  <i>Escherichia coli</i>  genomes,2021,,Q3_amr_core,pending,,,,
EPMC-0082,33720959,10.1371/journal.pone.0246287,Machine learning predicts and provides insights into milk acidification rates of Lactococcus lactis.,2021,,Q3_amr_core,pending,,,,
EPMC-0083,34662334,10.1371/journal.pgen.1009436,Machine learning to predict the source of campylobacteriosis using whole genome data.,2021,,Q2_block_holdout_focus,pending,,,,
EPMC-0084,34039877,10.1097/qco.0000000000000742,Modeling transmission of pathogens in healthcare settings.,2021,,Q3_amr_core,pending,,,,
EPMC-0085,35233560,10.1007/s43657-021-00016-z,Molecular Determinants of Antibiotic Resistance in the Costa Rican <i>Pseudomonas aeruginosa </i>AG1 by a Multi-omics Approach: A Review of 10 Years of Study.,2021,,Q3_amr_core,pending,,,,
EPMC-0086,36303799,10.3389/fbinf.2021.805338,MycoVarP: Mycobacterium Variant and Drug Resistance Prediction Pipeline for Whole-Genome Sequence Data Analysis.,2021,,Q3_amr_core,pending,,,,
EPMC-0087,33815688,10.1016/j.csbj.2021.02.020,Nanopore sequencing and its application to the study of microbial communities.,2021,,Q3_amr_core,pending,,,,
EPMC-0088,34758735,10.1186/s12859-021-04459-z,PangenomeNet: a pan-genome-based network reveals functional modules on antimicrobial resistome for Escherichia coli strains.,2021,,Q3_amr_core,pending,,,,
EPMC-0089,33727393,10.1128/msystems.00177-21,Patient and Microbial Genomic Factors Associated with Carbapenem-Resistant Klebsiella pneumoniae Extraintestinal Colonization and Infection.,2021,,Q3_amr_core,pending,,,,
EPMC-0090,34328412,10.1099/mgen.0.000506,Phylogeography and resistome of pneumococcal meningitis in West Africa before and after vaccine introduction.,2021,,Q3_amr_core,pending,,,,
EPMC-0091,34128695,10.1128/msystems.00185-21,Predicting Antimicrobial Resistance Using Partial Genome Alignments.,2021,,Q2_block_holdout_focus|Q3_amr_core,pending,,,,
EPMC-0092,33446856,10.1038/s41598-021-81063-4,Predicting bacteriophage hosts based on sequences of annotated receptor-binding proteins.,2021,,Q3_amr_core,pending,,,,
EPMC-0093,34055238,10.1016/j.csbj.2021.05.037,Prediction of repurposed drugs for Coronaviruses using artificial intelligence and machine learning.,2021,,Q3_amr_core,pending,,,,
EPMC-0094,34055480,10.7717/peerj.11376,"ProkEvo: an automated, reproducible, and scalable framework for high-throughput bacterial population genomics analyses.",2021,,Q3_amr_core,pending,,,,
EPMC-0095,34846288,10.1099/mgen.0.000683,RFPlasmid: predicting plasmid sequences from short-read assembly data using machine learning.,2021,,Q2_block_holdout_focus|Q3_amr_core,pending,,,,
EPMC-0096,33925758,10.3390/microorganisms9050947,Re-Emergence of Salmonellosis in Hog Farms: Outbreak and Bacteriological Characterization.,2021,,Q3_amr_core,pending,,,,
EPMC-0097,34940513,10.3390/jox11040013,Review on Multiple Facets of Drug Resistance: A Rising Challenge in the 21st Century.,2021,,Q3_amr_core,pending,,,,
EPMC-0098,34125583,10.1128/ecosalplus.esp-0008-2020,Salmonella Genomics in Public Health and Food Safety.,2021,,Q3_amr_core,pending,,,,
EPMC-0099,33349664,10.1038/s41564-020-00836-1,Stepwise evolution of Salmonella Typhimurium ST313 causing bloodstream infection in Africa.,2021,,Q3_amr_core,pending,,,,
EPMC-0100,33789754,10.1186/s13756-021-00931-w,Surveillance of antimicrobial resistance in low- and middle-income countries: a scattered picture.,2021,,Q3_amr_core,pending,,,,
EPMC-0101,34402777,10.1099/mgen.0.000616,"The roles of antimicrobial resistance, phage diversity, isolation source and selection in shaping the genomic architecture of <i>Bacillus anthracis</i>.",2021,,Q3_amr_core,pending,,,,
EPMC-0102,33903652,10.1038/s41598-021-88318-0,Whole genome-based characterisation of antimicrobial resistance and genetic diversity in Campylobacter jejuni and Campylobacter coli from ruminants.,2021,,Q3_amr_core,pending,,,,
EPMC-0103,34100643,10.1128/msystems.01185-20,Whole-Genome Sequencing and Machine Learning Analysis of Staphylococcus aureus from Multiple Heterogeneous Sources in China Reveals Common Genetic Traits of Antimicrobial Resistance.,2021,,Q3_amr_core,pending,,,,
EPMC-0104,36077000,10.3390/ijms23179601,"""Omic"" Approaches to Bacteria and Antibiotic Resistance Identification.",2022,,Q3_amr_core,pending,,,,
EPMC-0105,35780211,10.1038/s41467-022-31236-0,A convolutional neural network highlights mutations relevant to antimicrobial resistance in Mycobacterium tuberculosis.,2022,,Q3_amr_core,pending,,,,
EPMC-0106,35944069,10.1371/journal.pbio.3001721,"A data compendium associating the genomes of 12,289 Mycobacterium tuberculosis isolates with quantitative resistance phenotypes to 13 antibiotics.",2022,,Q3_amr_core,pending,,,,
EPMC-0107,35016609,10.1186/s12864-022-08291-4,A modified decision tree approach to improve the prediction and mutation discovery for drug resistance in Mycobacterium tuberculosis.,2022,,Q3_amr_core,pending,,,,
EPMC-0108,35583675,10.1093/gigascience/giac029,AMR-meta: a k-mer and metafeature approach to classify antimicrobial resistance from high-throughput short-read metagenomics data.,2022,,Q3_amr_core,pending,,,,
EPMC-0109,36576129,10.1093/gigascience/giac119,Accurate and fast clade assignment via deep learning and frequency chaos game representation.,2022,,Q3_amr_core,pending,,,,
EPMC-0110,35165358,10.1038/s41598-022-06449-4,Accurate and rapid prediction of tuberculosis drug resistance from genome sequence data using traditional machine learning algorithms and CNN.,2022,,Q3_amr_core,pending,,,,
EPMC-0111,35203785,10.3390/antibiotics11020182,Antibiotic Discovery and Resistance: The Chase and the Race.,2022,,Q3_amr_core,pending,,,,
EPMC-0112,36367012,10.2807/1560-7917.es.2022.27.45.2200104,"Antibiotic resistance surveillance of <i>Klebsiella pneumoniae</i> complex is affected by refined MALDI-TOF identification, Swiss data, 2017 to 2022.",2022,,Q3_amr_core,pending,,,,
EPMC-0113,36009948,10.3390/antibiotics11081082,Antimicrobial Resistance and Its Spread Is a Global Threat.,2022,,Q3_amr_core,pending,,,,
EPMC-0114,35163319,10.3390/ijms23031395,Application and Challenge of 3rd Generation Sequencing for Clinical Bacterial Studies.,2022,,Q3_amr_core,pending,,,,
EPMC-0115,35564242,10.3390/nano12091534,Application of Nanopore Sequencing in the Detection of Foodborne Microorganisms.,2022,,Q3_amr_core,pending,,,,
EPMC-0116,35098917,10.1099/mgen.0.000757,"Applied Bioinformatics and Public Health Microbiology: challenges, discoveries and innovations during a pandemic.",2022,,Q3_amr_core,pending,,,,
EPMC-0117,36296187,10.3390/microorganisms10101911,Artificial Intelligence Models for Zoonotic Pathogens: A Survey.,2022,,Q1_protocol_broad|Q3_amr_core,pending,,,,
EPMC-0118,35849321,10.1007/s40744-022-00475-4,Artificial Intelligence in Rheumatoid Arthritis: Current Status and Future Perspectives: A State-of-the-Art Review.,2022,,Q2_block_holdout_focus,pending,,,,
EPMC-0119,35595537,10.1093/bib/bbac191,Artificial intelligence and machine learning approaches using gene expression and variant data for personalized medicine.,2022,,Q2_block_holdout_focus,pending,,,,
EPMC-0120,36551368,10.3390/antibiotics11121710,Associating Biological Activity and Predicted Structure of Antimicrobial Peptides from Amphibians and Insects.,2022,,Q3_amr_core,pending,,,,
EPMC-0121,35536006,10.1128/mbio.00101-22,Association of Diet and Antimicrobial Resistance in Healthy U.S. Adults.,2022,,Q3_amr_core,pending,,,,
EPMC-0122,35126341,10.3389/fmicb.2022.806576,Beyond to the Stable: Role of the Insertion Sequences as Epidemiological Descriptors in <i>Corynebacterium striatum</i>.,2022,,Q3_amr_core,pending,,,,
EPMC-0123,34170311,10.1093/bfgp/elab028,Bioinformatics tools used for whole-genome sequencing analysis of Neisseria gonorrhoeae: a literature review.,2022,,Q3_amr_core,pending,,,,
EPMC-0124,35565065,10.3390/ijerph19095671,Characterisation of <i>Salmonella</i> Enteritidis ST11 and ST1925 Associated with Human Intestinal and Extra-Intestinal Infections in Singapore.,2022,,Q3_amr_core,pending,,,,
EPMC-0125,36179278,10.1093/jac/dkac239,Characteristics of community-acquired carbapenem-resistant Enterobacterales.,2022,,Q3_amr_core,pending,,,,
EPMC-0126,35909954,10.3389/fcimb.2022.933006,"Characterization and Comparative Genomic Analysis of a Highly Colistin-Resistant &lt;i&gt;Chryseobacterium gallinarum&lt;/i&gt;: a Rare, Uncommon Pathogen.",2022,,Q3_amr_core,pending,,,,
EPMC-0127,36748517,10.1099/mgen.0.000913,Characterization of a P1-bacteriophage-like plasmid (phage-plasmid) harbouring <i>bla</i> <sub>CTX-M-15</sub> in <i>Salmonella enterica</i> serovar Typhi.,2022,,Q3_amr_core,pending,,,,
EPMC-0128,36153474,10.1186/s12859-022-04926-1,Clinlabomics: leveraging clinical laboratory data by data mining strategies.,2022,,Q2_block_holdout_focus,pending,,,,
EPMC-0129,36108023,10.1126/science.abm7759,Codiversification of gut microbiota with humans.,2022,,Q3_amr_core,pending,,,,
EPMC-0130,35889069,10.3390/microorganisms10071350,Comparative Genomics and Pan-Genome Driven Prediction of a Reduced Genome of <i>Akkermansia muciniphila</i>.,2022,,Q3_amr_core,pending,,,,
EPMC-0131,35038924,10.1128/mbio.03196-21,Comparative Genomics of Borderline Oxacillin-Resistant Staphylococcus aureus Detected during a Pseudo-outbreak of Methicillin-Resistant S. aureus in a Neonatal Intensive Care Unit.,2022,,Q3_amr_core,pending,,,,
EPMC-0132,35724561,10.1093/bib/bbac233,Comparative analysis of machine learning algorithms on the microbial strain-specific AMP prediction.,2022,,Q3_amr_core,pending,,,,
EPMC-0133,36446041,10.1200/po.22.00341,Comparison of <i>PIK3CA</i> Mutation Prevalence in Breast Cancer Across Predicted Ancestry Populations.,2022,,Q3_amr_core,pending,,,,
EPMC-0134,35353009,10.1128/msystems.01456-21,Computational Network Inference for Bacterial Interactomics.,2022,,Q3_amr_core,pending,,,,
EPMC-0135,35311574,10.1128/mmbr.00004-21,Computational Tools for the Analysis of Uncultivated Phage Genomes.,2022,,Q3_amr_core,pending,,,,
EPMC-0136,,10.1101/2022.11.24.517860,Copiotrophs dominate rhizosphere microbiomes and growth rate potential is a major factor explaining the rhizosphere effect,2022,,Q2_block_holdout_focus,pending,,,,
EPMC-0137,36136696,10.3390/vetsci9090480,Current Insights Regarding the Role of Farm Animals in the Spread of Antimicrobial Resistance from a One Health Perspective.,2022,,Q3_amr_core,pending,,,,
EPMC-0138,35061715,10.1371/journal.pone.0261531,DeLUCS: Deep learning for unsupervised clustering of DNA sequences.,2022,,Q2_block_holdout_focus,pending,,,,
EPMC-0139,36421255,10.3390/antibiotics11111611,Deep Transfer Learning Enables Robust Prediction of Antimicrobial Resistance for Novel Antibiotics.,2022,,Q2_block_holdout_focus|Q3_amr_core,pending,,,,
EPMC-0140,35989604,10.1098/rstb.2021.0231,Deep clustering of bacterial tree images.,2022,,Q3_amr_core,pending,,,,
EPMC-0141,36704568,10.3389/fmicb.2022.1104405,Determination of the ability of matrix-assisted laser desorption ionization time-of-flight mass spectrometry to identify high-biofilm-producing strains.,2022,,Q3_amr_core,pending,,,,
EPMC-0142,35624131,10.1038/s41598-022-12772-7,Differences in composition of interdigital skin microbiota predict sheep and feet that develop footrot.,2022,,Q2_block_holdout_focus,pending,,,,
EPMC-0143,35663900,10.3389/fmicb.2022.914978,Editorial: New Insights Into the Transmission Dynamics and Control of Antimicrobial Resistance to Last-Resort Antibiotics.,2022,,Q3_amr_core,pending,,,,
EPMC-0144,36000891,10.1128/spectrum.01296-22,Estimated Roles of the Carrier and the Bacterial Strain When Methicillin-Resistant Staphylococcus aureus Decolonization Fails: a Case-Control Study.,2022,,Q3_amr_core,pending,,,,
EPMC-0145,35862809,10.1128/msystems.00378-22,"Forecasting Staphylococcus aureus Infections Using Genome-Wide Association Studies, Machine Learning, and Transcriptomic Approaches.",2022,,Q3_amr_core,pending,,,,
EPMC-0146,35890020,10.3390/pathogens11070776,Genome Analysis of ESBL-Producing <i>Escherichia coli</i> Isolated from Pigs.,2022,,Q3_amr_core,pending,,,,
EPMC-0147,36473884,10.1038/s41598-022-25026-3,Genome-resolved insight into the reservoir of antibiotic resistance genes in aquatic microbial community.,2022,,Q3_amr_core,pending,,,,
EPMC-0148,39628842,10.1016/j.engmic.2022.100021,Genome-scale metabolic modeling in antimicrobial pharmacology.,2022,,Q3_amr_core,pending,,,,
EPMC-0149,36386631,10.3389/fmicb.2022.997769,Genome-wide association study of <i>Klebsiella pneumoniae</i> identifies variations linked to carbapenems resistance.,2022,,Q3_amr_core,pending,,,,
EPMC-0150,35177617,10.1038/s41467-022-28540-0,Genome-wide functional screens enable the prediction of high activity CRISPR-Cas9 and -Cas12a guides in Yarrowia lipolytica.,2022,,Q2_block_holdout_focus,pending,,,,
EPMC-0151,35464852,10.3389/fgene.2022.858252,Genomic Surveillance of COVID-19 Variants With Language Models and Machine Learning.,2022,,Q3_amr_core,pending,,,,
EPMC-0152,36090102,10.3389/fmicb.2022.928153,Genomic insights from <i>Paraclostridium bifermentans</i> HD0315_2: General features and pathogenic potential.,2022,,Q3_amr_core,pending,,,,
EPMC-0153,36471447,10.1186/s13099-022-00517-w,Genomic insights into zoonotic transmission and antimicrobial resistance in Campylobacter jejuni from farm to fork: a one health perspective.,2022,,Q3_amr_core,pending,,,,
EPMC-0154,35989608,10.1098/rstb.2021.0230,Genomic population structures of microbial pathogens.,2022,,Q3_amr_core,pending,,,,
EPMC-0155,35749579,10.1093/femsre/fuac031,Genomics and pathotypes of the many faces of Escherichia coli.,2022,,Q3_amr_core,pending,,,,
EPMC-0156,35980272,10.1128/spectrum.00770-22,Geochemistry and Multiomics Data Differentiate Streams in Pennsylvania Based on Unconventional Oil and Gas Activity.,2022,,Q3_amr_core,pending,,,,
EPMC-0157,36069451,10.1128/msystems.00191-22,Global Distribution and Diversity of Prevalent Sewage Water Plasmidomes.,2022,,Q3_amr_core,pending,,,,
EPMC-0158,35332832,10.1080/19490976.2022.2055944,"Good microbes, bad genes? The dissemination of antimicrobial resistance in the human microbiome.",2022,,Q3_amr_core,pending,,,,
EPMC-0159,,10.1101/2022.09.18.508418,Guild-level microbiome signature associated with COVID-19 severity and prognosis,2022,,Q3_amr_core,pending,,,,
EPMC-0160,,10.1101/2022.08.23.22279111,Hierarchical machine learning predicts geographical origin of  <i>Salmonella</i>  within four minutes of sequencing,2022,,Q3_amr_core,pending,,,,
EPMC-0161,,10.21203/rs.3.rs-2292121/v1,Hospital Antimicrobial Stewardship: Non-Bacterial Saliva Microbiome Emerges as a Biomarker of COVID-19 Severity,2022,,Q3_amr_core,pending,,,,
EPMC-0162,36363694,10.3390/microorganisms10112102,"Identification of Novel Antimicrobial Resistance Genes Using Machine Learning, Homology Modeling, and Molecular Docking.",2022,,Q2_block_holdout_focus|Q3_amr_core,pending,,,,
EPMC-0163,35746800,10.3390/v14061329,Identification of Phage Receptor-Binding Protein Sequences with Hidden Markov Models and an Extreme Gradient Boosting Classifier.,2022,,Q3_amr_core,pending,,,,
EPMC-0164,36470885,10.1038/s41467-022-34862-w,Impact of international travel and diarrhea on gut microbiome and resistome dynamics.,2022,,Q3_amr_core,pending,,,,
EPMC-0165,36293339,10.3390/ijms232012486,Insights into Carbapenem Resistance in <i>Vibrio</i> Species: Current Status and Future Perspectives.,2022,,Q3_amr_core,pending,,,,
EPMC-0166,36699379,10.1093/bioadv/vbac010,KaruBioNet: a network and discussion group for a better collaboration and structuring of bioinformatics in Guadeloupe (French West Indies).,2022,,Q3_amr_core,pending,,,,
EPMC-0167,35356528,10.3389/fmicb.2022.827451,Large-Scale Samples Based Rapid Detection of Ciprofloxacin Resistance in <i>Klebsiella pneumoniae</i> Using Machine Learning Methods.,2022,,Q3_amr_core,pending,,,,
EPMC-0168,36363727,10.3390/microorganisms10112135,"MALDI-TOF MS Limits for the Identification of Mediterranean Sandflies of the Subgenus <i>Larroussius</i>, with a Special Focus on the <i>Phlebotomus perniciosus</i> Complex.",2022,,Q3_amr_core,pending,,,,
EPMC-0169,35711777,10.3389/fmicb.2022.925454,Machine Learning Advances in Microbiology: A Review of Methods and Applications.,2022,,Q3_amr_core,pending,,,,
EPMC-0170,35359727,10.3389/fmicb.2022.811495,Machine Learning and Deep Learning Applications in Metagenomic Taxonomy and Functional Annotation.,2022,,Q3_amr_core,pending,,,,
EPMC-0171,35612324,10.1128/cmr.00179-21,"Machine Learning for Antimicrobial Resistance Prediction: Current Practice, Limitations, and Clinical Perspective.",2022,,Q3_amr_core,pending,,,,
EPMC-0172,35966173,10.1002/widm.1451,Machine learning in postgenomic biology and personalized medicine.,2022,,Q2_block_holdout_focus,pending,,,,
EPMC-0173,35970993,10.1038/s41598-022-16170-x,Metagenomic features of bioburden serve as outcome indicators in combat extremity wounds.,2022,,Q3_amr_core,pending,,,,
EPMC-0174,36532424,10.3389/fmicb.2022.1066995,Metagenomic-based surveillance systems for antibiotic resistance in non-clinical settings.,2022,,Q2_block_holdout_focus,pending,,,,
EPMC-0175,35477055,10.1016/j.gpb.2022.02.007,Microbial Dark Matter: from Discovery to Applications.,2022,,Q3_amr_core,pending,,,,
EPMC-0176,35718251,10.1016/j.addr.2022.114400,"Microbiome as an immune regulator in health, disease, and therapeutics.",2022,,Q3_amr_core,pending,,,,
EPMC-0177,36531267,10.2903/j.efsa.2022.e200915,"Microbiota analysis for risk assessment of xenobiotics: toxicomicrobiomics, incorporating the gut microbiome in the risk assessment of xenobiotics and identifying beneficial components for One Health.",2022,,Q2_block_holdout_focus,pending,,,,
EPMC-0178,35634548,10.2903/j.efsa.2022.e200404,Microbiota analysis for risk assessment: evaluation of hazardous dietary substances and its potential role on the gut microbiome variability and dysbiosis.,2022,,Q3_amr_core,pending,,,,
EPMC-0179,35937545,10.1093/nargab/lqac057,Mining bacterial NGS data vastly expands the complete genomes of temperate phages.,2022,,Q3_amr_core,pending,,,,
EPMC-0180,,10.1101/2022.01.04.22268645,Modern lineages of <i>Mycobacterium tuberculosis</i> were recently introduced in western India and demonstrate increased transmissibility,2022,,Q3_amr_core,pending,,,,
EPMC-0181,36105942,10.1016/j.jmsacl.2022.09.001,Molecular phenotyping approaches for the detection and monitoring of carbapenem-resistant Enterobacteriaceae by mass spectrometry.,2022,,Q3_amr_core,pending,,,,
EPMC-0182,35039534,10.1038/s41598-022-04773-3,Multimodal deep learning applied to classify healthy and disease states of human microbiome.,2022,,Q2_block_holdout_focus,pending,,,,
EPMC-0183,35052969,10.3390/antibiotics11010092,NDM-1 Introduction in Portugal through a ST11 KL105 <i>Klebsiella pneumoniae</i> Widespread in Europe.,2022,,Q3_amr_core,pending,,,,
EPMC-0184,34133895,10.1128/jcm.00646-21,"Nanopore Sequencing for Mycobacterium tuberculosis: a Critical Review of the Literature, New Developments, and Future Opportunities.",2022,,Q3_amr_core,pending,,,,
EPMC-0185,36140733,10.3390/genes13091566,Next Generation and Other Sequencing Technologies in Diagnostic Microbiology and Infectious Diseases.,2022,,Q3_amr_core,pending,,,,
EPMC-0186,35756053,10.3389/fmicb.2022.804627,One Day in Denmark: Comparison of Phenotypic and Genotypic Antimicrobial Susceptibility Testing in Bacterial Isolates From Clinical Settings.,2022,,Q3_amr_core,pending,,,,
EPMC-0187,35091743,10.1093/bib/bbac005,Ontology-aware neural network: a general framework for pattern mining from microbiome data.,2022,,Q3_amr_core,pending,,,,
EPMC-0188,35814236,10.3389/fphar.2022.915355,Optimizing Antimicrobial Therapy by Integrating Multi-Omics With Pharmacokinetic/Pharmacodynamic Models and Precision Dosing.,2022,,Q3_amr_core,pending,,,,
EPMC-0189,35272051,10.1016/j.gpb.2022.02.003,PHISDetector: A Tool to Detect Diverse In Silico Phage-host Interaction Signals for Virome Studies.,2022,,Q3_amr_core,pending,,,,
EPMC-0190,36317888,10.1128/msystems.00467-22,Pan-Genome Analysis of Transcriptional Regulation in Six Salmonella enterica Serovar Typhimurium Strains Reveals Their Different Regulatory Structures.,2022,,Q3_amr_core,pending,,,,
EPMC-0191,35225687,10.1128/spectrum.02134-21,Phenotypic and Genotypic Characterization of a Hypervirulent Carbapenem-Resistant Klebsiella pneumoniae ST17-KL38 Clinical Isolate Harboring the Carbapenemase IMP-4.,2022,,Q3_amr_core,pending,,,,
EPMC-0192,35171290,10.1093/molbev/msac040,Phylodynamic Inference of Bacterial Outbreak Parameters Using Nanopore Sequencing.,2022,,Q3_amr_core,pending,,,,
EPMC-0193,35382558,10.1128/msystems.01180-21,PlasmidHostFinder: Prediction of Plasmid Hosts Using Random Forest.,2022,,Q2_block_holdout_focus|Q3_amr_core,pending,,,,
EPMC-0194,35630480,10.3390/microorganisms10051038,Preclinical Safety Assessment of <i>Bacillus subtilis</i> BS50 for Probiotic and Food Applications.,2022,,Q3_amr_core,pending,,,,
EPMC-0195,36016866,10.1177/11779322221118335,Prediction of Bacterial sRNAs Using Sequence-Derived Features and Machine Learning.,2022,,Q2_block_holdout_focus,pending,,,,
EPMC-0196,35844400,10.1016/j.sjbs.2022.02.047,Prediction of antimicrobial minimal inhibitory concentrations for <i>Neisseria gonorrhoeae</i> using machine learning models.,2022,,Q2_block_holdout_focus|Q3_amr_core,pending,,,,
EPMC-0197,34613360,10.1093/bioinformatics/btab681,Prediction of antimicrobial resistance based on whole-genome sequencing and machine learning.,2022,,Q3_amr_core,pending,,,,
EPMC-0198,35052943,10.3390/antibiotics11010066,Quantifying the Relationship between Antibiotic Use in Food-Producing Animals and Antibiotic Resistance in Humans.,2022,,Q3_amr_core,pending,,,,
EPMC-0199,36348706,10.5334/aogh.3770,Research and Innovation Opportunities to Improve Epidemiological Knowledge and Control of Environmentally Driven Zoonoses.,2022,,Q2_block_holdout_focus,pending,,,,
EPMC-0200,36714139,10.3389/fmed.2022.1043589,Research frontiers and trends in the application of artificial intelligence to sepsis: A bibliometric analysis.,2022,,Q3_amr_core,pending,,,,
EPMC-0201,35108089,10.1128/aem.01979-21,Salmonella enterica Serovar Typhimurium Isolates from Wild Birds in the United States Represent Distinct Lineages Defined by Bird Type.,2022,,Q3_amr_core,pending,,,,
EPMC-0202,,,Scalable Pathogen Detection from Next Generation DNA Sequencing with Deep Learning,2022,,Q2_block_holdout_focus,pending,,,,
EPMC-0203,35521547,10.1016/j.csbj.2022.04.014,Scalable in-memory processing of omics workflows.,2022,,Q3_amr_core,pending,,,,
EPMC-0204,36160199,10.3389/fmicb.2022.787856,Selective sweep sites and SNP dense regions differentiate <i>Mycobacterium bovis</i> isolates across scales.,2022,,Q3_amr_core,pending,,,,
EPMC-0205,36377945,10.1128/spectrum.02641-22,"SourceFinder: a Machine-Learning-Based Tool for Identification of Chromosomal, Plasmid, and Bacteriophage Sequences from Assemblies.",2022,,Q3_amr_core,pending,,,,
EPMC-0206,36242896,10.1016/j.mib.2022.102222,Strains to go: interactions of the skin microbiome beyond its species.,2022,,Q3_amr_core,pending,,,,
EPMC-0207,36292799,10.3390/genes13101914,Supervised Machine Learning Enables Geospatial Microbial Provenance.,2022,,Q3_amr_core,pending,,,,
EPMC-0208,35966878,10.3389/fmed.2022.935080,The Application of Artificial Intelligence in the Diagnosis and Drug Resistance Prediction of Pulmonary Tuberculosis.,2022,,Q3_amr_core,pending,,,,
EPMC-0209,35632715,10.3390/v14050973,The International Virus Bioinformatics Meeting 2022.,2022,,Q3_amr_core,pending,,,,
EPMC-0210,,10.1101/2022.04.03.22273290,The mobilome associated with Gram-negative bloodstream infections: A large-scale observational hybrid sequencing based study,2022,,Q3_amr_core,pending,,,,
EPMC-0211,34713975,10.1111/1751-7915.13953,The rising dominance of microbiology: what to expect in the next 15 years?,2022,,Q3_amr_core,pending,,,,
EPMC-0212,35471639,10.1002/hbm.25888,"The sexual brain, genes, and cognition: A machine-predicted brain sex score explains individual differences in cognitive intelligence and genetic influence in young children.",2022,,Q3_amr_core,pending,,,,
EPMC-0213,36144387,10.3390/microorganisms10091785,Towards Efficient and Accurate SARS-CoV-2 Genome Sequence Typing Based on Supervised Learning Approaches.,2022,,Q2_block_holdout_focus,pending,,,,
EPMC-0214,35212354,10.1093/bib/bbac020,Towards routine employment of computational tools for antimicrobial resistance determination via high-throughput sequencing.,2022,,Q2_block_holdout_focus|Q3_amr_core,pending,,,,
EPMC-0215,35471145,10.1099/mgen.0.000815,"Transmission, distribution and drug resistance-conferring mutations of extensively drug-resistant tuberculosis in the Western Cape Province, South Africa.",2022,,Q3_amr_core,pending,,,,
EPMC-0216,,10.1101/2022.08.30.505938,Treatment history shapes the evolution of complex carbapenem-resistant phenotypes in  <i>Klebsiella</i>  spp.,2022,,Q3_amr_core,pending,,,,
EPMC-0217,35176257,10.1016/j.bjid.2022.102332,Tuberculosis drug resistance profiling based on machine learning: A literature review.,2022,,Q2_block_holdout_focus|Q3_amr_core,pending,,,,
EPMC-0218,35070166,10.1016/j.csbj.2021.12.030,Using metagenomic data to boost protein structure prediction and discovery.,2022,,Q3_amr_core,pending,,,,
EPMC-0219,36138798,10.3390/biology11091319,Whole-Genome Sequencing and Drug-Susceptibility Analysis of Serial <i>Mycobacterium abscessus</i> Isolates from Thai Patients.,2022,,Q3_amr_core,pending,,,,
EPMC-0220,35899193,10.3389/fgene.2022.902804,Whole-Genome Sequencing and Genomic Variant Analysis of Kazakh Individuals.,2022,,Q3_amr_core,pending,,,,
EPMC-0221,35333870,10.1371/journal.pcbi.1010018,"Whole-genome sequencing and gene sharing network analysis powered by machine learning identifies antibiotic resistance sharing between animals, humans and environment in livestock farming.",2022,,Q2_block_holdout_focus|Q3_amr_core,pending,,,,
EPMC-0222,36713195,10.3389/fmicb.2022.1039687,"β-LacFamPred: An online tool for prediction and classification of β-lactamase class, subclass, and family.",2022,,Q3_amr_core,pending,,,,
EPMC-0223,,,966. Large-Scale Evaluation of AST Prediction using Resistance Marker Presence/Absence vs. Machine Learning on WGS Data,2023,,Q2_block_holdout_focus,pending,,,,
EPMC-0224,36980853,10.3390/genes14030582,A Grid Search-Based Multilayer Dynamic Ensemble System to Identify DNA N4-Methylcytosine Using Deep Learning Approach.,2023,,Q2_block_holdout_focus,pending,,,,
EPMC-0225,37529327,10.3389/fmicb.2023.1232295,A comprehensive review for machine learning based human papillomavirus detection in forensic identification with multiple medical samples.,2023,,Q2_block_holdout_focus,pending,,,,
EPMC-0226,37701635,10.1016/j.crfs.2023.100579,"A comprehensive review on genomic resources in medicinally and industrially important major spices for future breeding programs: Status, utility and challenges.",2023,,Q3_amr_core,pending,,,,
EPMC-0227,37330560,10.1038/s41467-023-39264-0,A data-driven approach for predicting the impact of drugs on the human microbiome.,2023,,Q3_amr_core,pending,,,,
EPMC-0228,37552115,10.1080/21655979.2023.2243416,A data-driven machine learning approach for discovering potent LasR inhibitors.,2023,,Q3_amr_core,pending,,,,
EPMC-0229,38075858,10.3389/fmicb.2023.1250806,A toolbox of machine learning software to support microbiome analysis.,2023,,Q3_amr_core,pending,,,,
EPMC-0230,37077815,10.3389/fphar.2023.1152915,Advances in computational frameworks in the fight against TB: The way forward.,2023,,Q3_amr_core,pending,,,,
EPMC-0231,37513961,10.3390/ph16071050,Advances in the Applications of Bioinformatics and Chemoinformatics.,2023,,Q3_amr_core,pending,,,,
EPMC-0232,37860132,10.3389/fmicb.2023.1225438,"Advancing tuberculosis management: the role of predictive, preventive, and personalized medicine.",2023,,Q3_amr_core,pending,,,,
EPMC-0233,38144289,10.1016/j.heliyon.2023.e23040,Altered salivary microbiota profile in patients with abdominal aortic aneurysm.,2023,,Q3_amr_core,pending,,,,
EPMC-0234,37616210,10.1371/journal.pone.0290473,An accurate and interpretable model for antimicrobial resistance in pathogenic Escherichia coli from livestock and companion animal species.,2023,,Q2_block_holdout_focus|Q3_amr_core,pending,,,,
EPMC-0235,36881677,10.1093/bfgp/elad005,An integrated complete-genome sequencing and systems biology approach to predict antimicrobial resistance genes in the virulent bacterial strains of Moraxella catarrhalis.,2023,,Q3_amr_core,pending,,,,
EPMC-0236,37577944,10.1017/s0950268823001309,Animal sources of antimicrobial-resistant bacterial infections in humans: a systematic review.,2023,,Q3_amr_core,pending,,,,
EPMC-0237,36936699,10.1016/j.sjbs.2023.103604,Antimicrobial resistance in methicillin-resistant staphylococcus aureus.,2023,,Q3_amr_core,pending,,,,
EPMC-0238,37316877,10.1186/s42836-023-00195-2,Application of machine learning in the prevention of periprosthetic joint infection following total knee arthroplasty: a systematic review.,2023,,Q2_block_holdout_focus|Q3_amr_core,pending,,,,
EPMC-0239,36978390,10.3390/antibiotics12030523,Artificial Intelligence for Antimicrobial Resistance Prediction: Challenges and Opportunities towards Practical Implementation.,2023,,Q1_protocol_broad|Q3_amr_core,pending,,,,
EPMC-0240,37443789,10.3390/cells12131755,Artificial Intelligence-Assisted Diagnostic Cytology and Genomic Testing for Hematologic Disorders.,2023,,Q2_block_holdout_focus,pending,,,,
EPMC-0241,37176910,10.3390/plants12091852,Artificial Intelligence: A Promising Tool in Exploring the Phytomicrobiome in Managing Disease and Promoting Plant Health.,2023,,Q3_amr_core,pending,,,,
EPMC-0242,37697042,10.1038/s41573-023-00774-7,Artificial intelligence for natural product drug discovery.,2023,,Q2_block_holdout_focus|Q3_amr_core,pending,,,,
EPMC-0243,37631008,10.3390/ph16081093,Associations between Nutrigenomic Effects and Incidences of Microbial Resistance against Novel Antibiotics.,2023,,Q3_amr_core,pending,,,,
EPMC-0244,37014210,10.1128/jcm.01049-22,Automatic Discrimination of Species within the Enterobacter cloacae Complex Using Matrix-Assisted Laser Desorption Ionization-Time of Flight Mass Spectrometry and Supervised Algorithms.,2023,,Q2_block_holdout_focus|Q3_amr_core,pending,,,,
EPMC-0245,37301916,10.1038/s41698-023-00406-8,Bayesian risk prediction model for colorectal cancer mortality through integration of clinicopathologic and genomic data.,2023,,Q2_block_holdout_focus,pending,,,,
EPMC-0246,38276644,10.3390/md22010006,Bioactive Molecules from the Innate Immunity of Ascidians and Innovative Methods of Drug Discovery: A Computational Approach Based on Artificial Intelligence.,2023,,Q3_amr_core,pending,,,,
EPMC-0247,38132917,10.3390/medsci11040076,Bioinformatics Analysis of Global Diversity in Meningococcal Vaccine Antigens over the Past 10 Years: Vaccine Efficacy Prognosis.,2023,,Q3_amr_core,pending,,,,
EPMC-0248,38550923,10.1017/pcm.2023.3,Building a precision medicine infrastructure at a national level: The Swedish experience.,2023,,Q3_amr_core,pending,,,,
EPMC-0249,36756618,10.3389/fcimb.2023.1077995,"Characterization and comprehensive genome analysis of novel bacteriophage, vB_Kpn_ZCKp20p, with lytic and anti-biofilm potential against clinical multidrug-resistant <i>Klebsiella pneumoniae</i>.",2023,,Q3_amr_core,pending,,,,
EPMC-0250,36997841,10.1186/s12866-023-02820-1,Characterization of host and escherichia coli strains causing recurrent urinary tract infections based on molecular typing.,2023,,Q3_amr_core,pending,,,,
EPMC-0251,38093816,10.3389/fchem.2023.1292027,Cheminformatics and artificial intelligence for accelerating agrochemical discovery.,2023,,Q2_block_holdout_focus,pending,,,,
EPMC-0252,36651726,10.1128/aem.01167-22,Chicken Production and Human Clinical <i>Escherichia coli</i> Isolates Differ in Their Carriage of Antimicrobial Resistance and Virulence Factors.,2023,,Q3_amr_core,pending,,,,
EPMC-0253,37780376,10.7717/peerj.16161,Classification and prediction of <i>Klebsiella pneumoniae</i> strains with different MLST allelic profiles <i>via</i> SERS spectral analysis.,2023,,Q3_amr_core,pending,,,,
EPMC-0254,37894195,10.3390/microorganisms11102538,Clinical Whole-Genome Sequencing Assay for Rapid <i>Mycobacterium tuberculosis</i> Complex First-Line Drug Susceptibility Testing and Phylogenetic Relatedness Analysis.,2023,,Q3_amr_core,pending,,,,
EPMC-0255,37152761,10.3389/fmicb.2023.1147469,Comparative genomic analyses of the clinically-derived <i>Winkia</i> strain NY0527: the reassignment of <i>W. neuii</i> subsp. <i>neuii</i> and <i>W. neuii</i> subsp. <i>antitratus</i> into two separate species and insights into their virulence characteristics.,2023,,Q3_amr_core,pending,,,,
EPMC-0256,38062354,10.1186/s12864-023-09818-z,Comparative genomic analysis of clinical Enterococcus faecalis distinguishes strains isolated from the bladder.,2023,,Q3_amr_core,pending,,,,
EPMC-0257,38051037,10.1128/msystems.00697-23,Comparative genomics reveals the correlations of stress response genes and bacteriophages in developing antibiotic resistance of &lt;i&gt;Staphylococcus saprophyticus&lt;/i&gt;.,2023,,Q3_amr_core,pending,,,,
EPMC-0258,37598265,10.1038/s43705-023-00293-x,Comparative genomics unveils extensive genomic variation between populations of Listeria species in natural and food-associated environments.,2023,,Q2_block_holdout_focus,pending,,,,
EPMC-0259,37043380,10.1099/mgen.0.000979,Comparing genomic variant identification protocols for &lt;i&gt;Candida auris&lt;/i&gt;.,2023,,Q3_amr_core,pending,,,,
EPMC-0260,37375476,10.3390/pathogens12060786,Comparison of Source Attribution Methodologies for Human Campylobacteriosis.,2023,,Q3_amr_core,pending,,,,
EPMC-0261,41675661,10.15302/j-qb-022-0322,Computational methods for identifying enhancer-promoter interactions.,2023,,Q2_block_holdout_focus,pending,,,,
EPMC-0262,37894458,10.3390/cancers15205091,Computed Tomography-Based Quantitative Texture Analysis and Gut Microbial Community Signatures Predict Survival in Non-Small Cell Lung Cancer.,2023,,Q2_block_holdout_focus,pending,,,,
EPMC-0263,37998782,10.3390/antibiotics12111580,Current Uses and Future Perspectives of Genomic Technologies in Clinical Microbiology.,2023,,Q1_protocol_broad|Q2_block_holdout_focus|Q3_amr_core,pending,,,,
EPMC-0264,37892067,10.3390/diagnostics13203246,Current and Future Technologies for the Detection of Antibiotic-Resistant Bacteria.,2023,,Q3_amr_core,pending,,,,
EPMC-0265,38058296,10.1016/j.csbj.2023.11.025,DNABERT-based explainable lncRNA identification in plant genome assemblies.,2023,,Q2_block_holdout_focus,pending,,,,
EPMC-0266,36214500,10.1093/protein/gzac009,Data-driven enzyme engineering to identify function-enhancing enzymes.,2023,,Q2_block_holdout_focus,pending,,,,
EPMC-0267,38379956,10.3389/fcimb.2023.1306368,Deciphering complex antibiotic resistance patterns in <i>Helicobacter pylori</i> through whole genome sequencing and machine learning.,2023,,Q1_protocol_broad|Q3_amr_core,pending,,,,
EPMC-0268,36683406,10.1093/gbe/evad008,Deep Learning in Population Genetics.,2023,,Q2_block_holdout_focus,pending,,,,
EPMC-0269,38681776,10.55730/1300-0152.2671,Deep learning in bioinformatics.,2023,,Q2_block_holdout_focus,pending,,,,
EPMC-0270,36944780,10.1038/s41598-023-31210-w,DeepGeni: deep generalized interpretable autoencoder elucidates gut microbiota for better cancer immunotherapy.,2023,,Q2_block_holdout_focus,pending,,,,
EPMC-0271,37914524,10.24272/j.issn.2095-8137.2023.246,Design methods for antimicrobial peptides with improved performance.,2023,,Q3_amr_core,pending,,,,
EPMC-0272,37199638,10.1128/jcm.01751-22,Direct Detection of Carbapenemase-Producing Klebsiella pneumoniae by MALDI-TOF Analysis of Full Spectra Applying Machine Learning.,2023,,Q2_block_holdout_focus|Q3_amr_core,pending,,,,
EPMC-0273,37823665,10.1128/jcm.00617-23,Direct prediction of carbapenem resistance in <i>Pseudomonas aeruginosa</i> by whole genome sequencing and metagenomic sequencing.,2023,,Q1_protocol_broad|Q3_amr_core,pending,,,,
EPMC-0274,37721704,10.1007/s10096-023-04665-y,Discrimination between hypervirulent and non-hypervirulent ribotypes of Clostridioides difficile by MALDI-TOF mass spectrometry and machine learning.,2023,,Q2_block_holdout_focus,pending,,,,
EPMC-0275,36151458,10.1038/s41396-022-01315-7,"Dissecting microbial communities and resistomes for interconnected humans, soil, and livestock.",2023,,Q2_block_holdout_focus|Q3_amr_core,pending,,,,
EPMC-0276,37079456,10.1099/mgen.0.000989,"Dissecting the genotypic features of a fluoroquinolone-resistant <i>Pseudomonas aeruginosa</i> ST316 sublineage causing ear infections in Shanghai, China.",2023,,Q3_amr_core,pending,,,,
EPMC-0277,36602317,10.1128/msystems.00576-22,Dynamics of Microbial Community and Potential Microbial Pollutants in Shopping Malls.,2023,,Q3_amr_core,pending,,,,
EPMC-0278,36785930,10.7554/elife.77015,"Ecology, more than antibiotics consumption, is the major predictor for the global distribution of aminoglycoside-modifying enzymes.",2023,,Q3_amr_core,pending,,,,
EPMC-0279,36937306,10.3389/fmicb.2023.1157559,Editorial: Evolution and genomics of the <i>Mycobacterium tuberculosis</i> complex.,2023,,Q3_amr_core,pending,,,,
EPMC-0280,36725215,10.1093/femsre/fuad003,Elucidating the functional roles of prokaryotic proteins using big data and artificial intelligence.,2023,,Q3_amr_core,pending,,,,
EPMC-0281,37392596,10.1016/j.ebiom.2023.104681,Empirically derived sequence similarity thresholds to study the genomic epidemiology of plasmids shared among healthcare-associated bacterial pathogens.,2023,,Q3_amr_core,pending,,,,
EPMC-0282,36839496,10.3390/pathogens12020223,"Evaluation of Genomic Typing Methods in the <i>Salmonella</i> Reference Laboratory in Public Health, England, 2012-2020.",2023,,Q3_amr_core,pending,,,,
EPMC-0283,36738712,10.1016/j.compbiomed.2023.106619,Explainable artificial intelligence model for identifying COVID-19 gene biomarkers.,2023,,Q2_block_holdout_focus,pending,,,,
EPMC-0284,37537271,10.1038/s42003-023-05174-6,Extensive screening reveals previously undiscovered aminoglycoside resistance genes in human pathogens.,2023,,Q3_amr_core,pending,,,,
EPMC-0285,37286882,10.1093/femsre/fuad030,From genotype to phenotype: computational approaches for inferring microbial traits relevant to the food industry.,2023,,Q2_block_holdout_focus|Q3_amr_core,pending,,,,
EPMC-0286,36795668,10.1371/journal.pone.0277575,GAMBIT (Genomic Approximation Method for Bacterial Identification and Tracking): A methodology to rapidly leverage whole genome sequencing of bacterial isolates for clinical identification.,2023,,Q3_amr_core,pending,,,,
EPMC-0287,38085234,10.1093/bioinformatics/btad747,GDmicro: classifying host disease status with GCN and deep adaptation network based on the human gut microbiome data.,2023,,Q2_block_holdout_focus,pending,,,,
EPMC-0288,38008808,10.1007/s11883-023-01170-7,Gene Regulatory Networks in Coronary Artery Disease.,2023,,Q2_block_holdout_focus,pending,,,,
EPMC-0289,37374909,10.3390/microorganisms11061407,Genetic Factors That Contribute to Antibiotic Resistance through Intrinsic and Acquired Bacterial Genes in Urinary Tract Infections.,2023,,Q2_block_holdout_focus|Q3_amr_core,pending,,,,
EPMC-0290,36912660,10.1128/spectrum.03598-22,Genome Analysis of Two &lt;i&gt;Pseudomonas syringae&lt;/i&gt; pv. &lt;i&gt;aptata&lt;/i&gt; Strains with Different Virulence Capacity Isolated from Sugar Beet: Features of Successful Pathogenicity in the Phyllosphere Microbiome.,2023,,Q3_amr_core,pending,,,,
EPMC-0291,37478018,10.1080/01652176.2023.2240389,"Genome analysis of clinical genotype <i>Vibrio vulnificus</i> isolated from seafood in Mangaluru Coast, India provides insights into its pathogenicity.",2023,,Q3_amr_core,pending,,,,
EPMC-0292,38155176,10.1038/s41598-023-49880-x,Genome analysis of triple phages that curtails MDR E. coli with ML based host receptor prediction and its evaluation.,2023,,Q3_amr_core,pending,,,,
EPMC-0293,38138010,10.3390/microorganisms11122866,Genome-Wide Association Studies (GWAS) Approaches for the Detection of Genetic Variants Associated with Antibiotic Resistance: A Systematic Review.,2023,,Q3_amr_core,pending,,,,
EPMC-0294,,10.1101/2023.08.31.23294545,Genomic Epidemiologic Investigation of a Multispecies Hospital Outbreak of NDM-5-Producing Enterobacterales Infections,2023,,Q3_amr_core,pending,,,,
EPMC-0295,37237786,10.3390/antibiotics12050883,Genomic Surveillance of <i>Salmonella</i> from the Comunitat Valenciana (Spain).,2023,,Q3_amr_core,pending,,,,
EPMC-0296,37272825,10.1128/jcm.00223-23,Getting the Most Out of Your Genome-Wide Association Study Using Polygenic Risk Scores.,2023,,Q3_amr_core,pending,,,,
EPMC-0297,36688698,10.1128/spectrum.04069-22,Glacier-Fed Stream Biofilms Harbor Diverse Resistomes and Biosynthetic Gene Clusters.,2023,,Q3_amr_core,pending,,,,
EPMC-0298,38001096,10.1038/s41467-023-43549-9,Global pathogenomic analysis identifies known and candidate genetic antimicrobial resistance determinants in twelve species.,2023,,Q2_block_holdout_focus|Q3_amr_core,pending,,,,
EPMC-0299,38115019,10.1186/s12911-023-02402-1,Gut microbiome-based machine learning for diagnostic prediction of liver fibrosis and cirrhosis: a systematic review and meta-analysis.,2023,,Q2_block_holdout_focus,pending,,,,
EPMC-0300,38049420,10.1038/s41598-023-47748-8,Gut microbiomes of agropastoral children from the Adadle region of Ethiopia reflect their unique dietary habits.,2023,,Q3_amr_core,pending,,,,
EPMC-0301,36752380,10.1093/bib/bbad035,HGTphyloDetect: facilitating the identification and phylogenetic analysis of horizontal gene transfer.,2023,,Q3_amr_core,pending,,,,
EPMC-0302,37086432,10.1093/bioinformatics/btad283,HOTSPOT: hierarchical host prediction for assembled plasmid contigs with transformer.,2023,,Q3_amr_core,pending,,,,
EPMC-0303,37736708,10.1186/s12864-023-09667-w,Harmonization of supervised machine learning practices for efficient source attribution of Listeria monocytogenes based on genomic data.,2023,,Q1_protocol_broad|Q2_block_holdout_focus|Q3_amr_core,pending,,,,
EPMC-0304,37702517,10.1128/msphere.00315-23,High-throughput functional trait testing for bacterial pathogens.,2023,,Q3_amr_core,pending,,,,
EPMC-0305,37125187,10.3389/fmicb.2023.1154620,Highly sensitive quantitative phase microscopy and deep learning aided with whole genome sequencing for rapid detection of infection and antimicrobial resistance.,2023,,Q1_protocol_broad|Q3_amr_core,pending,,,,
EPMC-0306,36789031,10.1093/nargab/lqad012,HyperVR: a hybrid deep ensemble learning approach for simultaneously predicting virulence factors and antibiotic resistance genes.,2023,,Q3_amr_core,pending,,,,
EPMC-0307,37184409,10.1128/msystems.00734-22,Identification of a Specific Biomarker of Acinetobacter baumannii Global Clone 1 by Machine Learning and PCR Related to Metabolic Fitness of ESKAPE Pathogens.,2023,,Q3_amr_core,pending,,,,
EPMC-0308,37676050,10.1002/cam4.6503,Identification of microbial markers associated with lung cancer based on multi-cohort 16 s rRNA analyses: A systematic review and meta-analysis.,2023,,Q2_block_holdout_focus,pending,,,,
EPMC-0309,37553697,10.1186/s40168-023-01604-z,Identification of robust and generalizable biomarkers for microbiome-based stratification in lifestyle interventions.,2023,,Q2_block_holdout_focus,pending,,,,
EPMC-0310,37667515,10.1093/femsre/fuad051,Illuminating the oral microbiome and its host interactions: recent advancements in omics and bioinformatics technologies in the context of oral microbiome research.,2023,,Q3_amr_core,pending,,,,
EPMC-0311,37856515,10.1371/journal.pone.0293169,Importance of mobile genetic elements for dissemination of antimicrobial resistance in metagenomic sewage samples across the world.,2023,,Q3_amr_core,pending,,,,
EPMC-0312,37736834,10.1038/s42003-023-05352-6,Improving genetic risk prediction across diverse population by disentangling ancestry representations.,2023,,Q3_amr_core,pending,,,,
EPMC-0313,37173615,10.1186/s12859-023-05294-0,Improving variant calling using population data and deep learning.,2023,,Q3_amr_core,pending,,,,
EPMC-0314,36868398,10.1016/j.jmb.2023.168036,In Silico Approaches for Prediction of Anti-CRISPR Proteins.,2023,,Q3_amr_core,pending,,,,
EPMC-0315,36882861,10.1186/s13099-023-00535-2,In-silico computational approaches to study microbiota impacts on diseases and pharmacotherapy.,2023,,Q3_amr_core,pending,,,,
EPMC-0316,39077042,10.1016/j.soh.2023.100045,Innovative applications of artificial intelligence in zoonotic disease management.,2023,,Q2_block_holdout_focus|Q3_amr_core,pending,,,,
EPMC-0317,38455360,10.3389/fmolb.2023.1298679,Integrating clinical and cross-cohort metagenomic features: a stable and non-invasive colorectal cancer and adenoma diagnostic model.,2023,,Q2_block_holdout_focus,pending,,,,
EPMC-0318,38933564,10.1016/j.fmre.2022.01.037,Integration of artificial intelligence and multi-omics in kidney diseases.,2023,,Q2_block_holdout_focus,pending,,,,
EPMC-0319,36350631,10.1093/nar/gkac1003,"Introducing the Bacterial and Viral Bioinformatics Resource Center (BV-BRC): a resource combining PATRIC, IRD and ViPR.",2023,,Q3_amr_core,pending,,,,
EPMC-0320,40134796,10.1089/phage.2023.0019,"Isolation and Complete Genome Sequencing of NS-I, a Lytic Bacteriophage Infecting Fish Pathogenic Strains of &lt;i&gt;Nocardia seriolae&lt;/i&gt;.",2023,,Q3_amr_core,pending,,,,
EPMC-0321,37932119,10.1093/cid/ciad539,Knowing and Naming: Phage Annotation and Nomenclature for Phage Therapy.,2023,,Q3_amr_core,pending,,,,
EPMC-0322,37050054,10.3390/plants12071428,LSPpred Suite: Tools for Leaderless Secretory Protein Prediction in Plants.,2023,,Q3_amr_core,pending,,,,
EPMC-0323,37821494,10.1038/s41598-023-44005-w,Large-scale genomic analyses with machine learning uncover predictive patterns associated with fungal phytopathogenic lifestyles and traits.,2023,,Q2_block_holdout_focus,pending,,,,
EPMC-0324,37928215,10.1029/2023gh000877,Local and Environmental Reservoirs of <i>Salmonella enterica</i> After Hurricane Florence Flooding.,2023,,Q3_amr_core,pending,,,,
EPMC-0325,37833777,10.1186/s40168-023-01674-z,MGS2AMR: a gene-centric mining of metagenomic sequencing data for pathogens and their antimicrobial resistance profile.,2023,,Q2_block_holdout_focus,pending,,,,
EPMC-0326,38002987,10.3390/genes14112044,Machine Learning Suggests That Small Size Helps Broaden Plasmid Host Range.,2023,,Q3_amr_core,pending,,,,
EPMC-0327,37630431,10.3390/microorganisms11081872,Machine Learning of the Whole Genome Sequence of <i>Mycobacterium tuberculosis</i>: A Scoping PRISMA-Based Review.,2023,,Q3_amr_core,pending,,,,
EPMC-0328,38274740,10.3389/fmicb.2023.1320312,Machine learning and feature extraction for rapid antimicrobial resistance prediction of <i>Acinetobacter baumannii</i> from whole-genome sequencing data.,2023,,Q1_protocol_broad|Q3_amr_core,pending,,,,
EPMC-0329,37563495,10.1038/s43016-023-00814-w,Machine learning and metagenomics reveal shared antimicrobial resistance profiles across multiple chicken farms and abattoirs in China.,2023,,Q3_amr_core,pending,,,,
EPMC-0330,38124060,10.1186/s12866-023-03147-7,Machine learning and phylogenetic analysis allow for predicting antibiotic resistance in M. tuberculosis.,2023,,Q1_protocol_broad|Q3_amr_core,pending,,,,
EPMC-0331,36630500,10.1126/sciadv.adc9130,Machine learning enables prediction of metabolic system evolution in bacteria.,2023,,Q3_amr_core,pending,,,,
EPMC-0332,38091365,10.1371/journal.pcbi.1011699,Machine learning identification of Pseudomonas aeruginosa strains from colony image data.,2023,,Q2_block_holdout_focus|Q3_amr_core,pending,,,,
EPMC-0333,36573759,10.1111/nyas.14549,Machine learning models for Neisseria gonorrhoeae antimicrobial susceptibility tests.,2023,,Q2_block_holdout_focus|Q3_amr_core,pending,,,,
EPMC-0334,37829445,10.3389/fmicb.2023.1227300,Machine learning strategy for identifying altered gut microbiomes for diagnostic screening in myasthenia gravis.,2023,,Q2_block_holdout_focus,pending,,,,
EPMC-0335,,10.1101/2023.12.05.569565,Machine learning-based meta-analysis reveals gut microbiome alterations associated with Parkinson’s disease,2023,,Q2_block_holdout_focus,pending,,,,
EPMC-0336,36840604,10.1128/jcm.01431-22,Machine-Learning Model for Prediction of Cefepime Susceptibility in Escherichia coli from Whole-Genome Sequencing Data.,2023,,Q3_amr_core,pending,,,,
EPMC-0337,37633929,10.1186/s12014-023-09424-x,Mass spectrometry-based proteomics as an emerging tool in clinical laboratories.,2023,,Q3_amr_core,pending,,,,
EPMC-0338,36658630,10.1186/s13071-022-05604-0,Matrix-assisted laser desorption/ionization time-of-flight mass spectrometry for differential identification of adult Schistosoma worms.,2023,,Q3_amr_core,pending,,,,
EPMC-0339,36760505,10.3389/fmicb.2023.1037845,Metagenome-assembled genomes indicate that antimicrobial resistance genes are highly prevalent among urban bacteria and multidrug and glycopeptide resistances are ubiquitous in most taxa.,2023,,Q3_amr_core,pending,,,,
EPMC-0340,37828586,10.1186/s13059-023-03056-y,Metagenome-wide analysis uncovers gut microbial signatures and implicates taxon-specific functions in end-stage renal disease.,2023,,Q3_amr_core,pending,,,,
EPMC-0341,37870180,10.1002/advs.202303925,Metagenomic Insight into The Global Dissemination of The Antibiotic Resistome.,2023,,Q3_amr_core,pending,,,,
EPMC-0342,37049457,10.3390/nu15071616,Metagenomic Sequencing Identified Specific Bacteriophage Signature Discriminating between Healthy and Diarrheal Neonatal Piglets.,2023,,Q3_amr_core,pending,,,,
EPMC-0343,37283932,10.3389/fmicb.2023.1130446,Metagenomic analysis reveals gut plasmids as diagnosis markers for colorectal cancer.,2023,,Q3_amr_core,pending,,,,
EPMC-0344,37297385,10.3390/foods12112140,Metagenomics: An Effective Approach for Exploring Microbial Diversity and Functions.,2023,,Q3_amr_core,pending,,,,
EPMC-0345,37908022,10.1186/s40168-023-01662-3,Microbial hitchhikers harbouring antimicrobial-resistance genes in the riverine plastisphere.,2023,,Q3_amr_core,pending,,,,
EPMC-0346,37954239,10.3389/fmicb.2023.1258775,Microclimate shapes the phylosymbiosis of rodent gut microbiota in Jordan's Great Rift Valley.,2023,,Q3_amr_core,pending,,,,
EPMC-0347,37516110,10.1016/j.chom.2023.07.001,Molecular de-extinction of ancient antimicrobial peptides enabled by machine learning.,2023,,Q3_amr_core,pending,,,,
EPMC-0348,38019122,10.1099/mgen.0.001140,Molecular epidemiology of &lt;i&gt;Streptococcus agalactiae&lt;/i&gt; in non-pregnant populations: a systematic review.,2023,,Q3_amr_core,pending,,,,
EPMC-0349,37641148,10.1186/s40168-023-01635-6,Multi-omics reveal microbial determinants impacting the treatment outcome of antidepressants in major depressive disorder.,2023,,Q3_amr_core,pending,,,,
EPMC-0350,38189540,10.1093/bib/bbad499,NanoDeep: a deep learning framework for nanopore adaptive sampling on microbial sequencing.,2023,,Q1_protocol_broad|Q2_block_holdout_focus,pending,,,,
EPMC-0351,37441463,10.1002/mco2.316,Nanopore sequencing technology and its applications.,2023,,Q3_amr_core,pending,,,,
EPMC-0352,38052776,10.1038/s41467-023-43516-4,National genomic surveillance integrating standardized quantitative susceptibility testing clarifies antimicrobial resistance in Enterobacterales.,2023,,Q2_block_holdout_focus|Q3_amr_core,pending,,,,
EPMC-0353,38018967,10.1128/msystems.00643-23,Natural product biosynthetic potential reflects macroevolutionary diversification within a widely distributed bacterial taxon.,2023,,Q3_amr_core,pending,,,,
EPMC-0354,37055450,10.1038/s41598-023-32950-5,Neural network based integration of assays to assess pathogenic potential.,2023,,Q2_block_holdout_focus,pending,,,,
EPMC-0355,37508427,10.3390/biology12070997,Next-Generation Sequencing Technology: Current Trends and Advancements.,2023,,Q3_amr_core,pending,,,,
EPMC-0356,38133241,10.3390/vetsci10120690,Next-Generation Sequencing for the Detection of Microbial Agents in Avian Clinical Samples.,2023,,Q3_amr_core,pending,,,,
EPMC-0357,37022167,10.1128/jcm.01805-22,Novel Clinical mNGS-Based Machine Learning Model for Rapid Antimicrobial Susceptibility Testing of Acinetobacter baumannii.,2023,,Q3_amr_core,pending,,,,
EPMC-0358,37630467,10.3390/microorganisms11081907,"Old Folks, Bad Boon: Antimicrobial Resistance in the Infant Gut Microbiome.",2023,,Q3_amr_core,pending,,,,
EPMC-0359,36624355,10.1007/s43440-022-00445-1,Opportunities and challenges in application of artificial intelligence in pharmacology.,2023,,Q2_block_holdout_focus,pending,,,,
EPMC-0360,38153528,10.17305/bb.2023.9934,Oral microbiome-driven virulence factors: A novel approach to pancreatic cancer diagnosis.,2023,,Q3_amr_core,pending,,,,
EPMC-0361,37374901,10.3390/microorganisms11061398,PHERI-Phage Host ExploRation Pipeline.,2023,,Q3_amr_core,pending,,,,
EPMC-0362,37358412,10.1128/spectrum.04073-22,Pan-Genome-Wide Association Study of Serotype 19A Pneumococci Identifies Disease-Associated Genes.,2023,,Q3_amr_core,pending,,,,
EPMC-0363,37348862,10.1093/bioinformatics/btad400,Plasmid permissiveness of wastewater microbiomes can be predicted from 16S rRNA sequences by machine learning.,2023,,Q3_amr_core,pending,,,,
EPMC-0364,37698419,10.1128/spectrum.00609-23,Plasmid-mediated colistin resistance from fresh meat and slaughtered animals in the Czech Republic: nation-wide surveillance 2020-2021.,2023,,Q3_amr_core,pending,,,,
EPMC-0365,37972023,10.1371/journal.pone.0294433,Population structure of community-acquired extended-spectrum beta-lactamase producing Escherichia coli and methicillin resistant Staphylococcus aureus in a French region showed no difference between urban and rural areas.,2023,,Q3_amr_core,pending,,,,
EPMC-0366,36864029,10.1038/s41467-023-36633-7,Population-level impacts of antibiotic usage on the human gut microbiome.,2023,,Q3_amr_core,pending,,,,
EPMC-0367,39077036,10.1016/j.soh.2023.100047,Power of One Health: the first year of <i>Science in One Health</i>.,2023,,Q2_block_holdout_focus,pending,,,,
EPMC-0368,37809128,10.7759/cureus.44825,Predicting Future Pandemics and Formulating Prevention Strategies: The Role of ChatGPT.,2023,,Q3_amr_core,pending,,,,
EPMC-0369,37314210,10.1128/msystems.00058-23,Predicting variable gene content in <i>Escherichia coli</i> using conserved genes.,2023,,Q3_amr_core,pending,,,,
EPMC-0370,37672526,10.1371/journal.pcbi.1011424,Predictive modeling of antibiotic eradication therapy success for new-onset Pseudomonas aeruginosa pulmonary infections in children with cystic fibrosis.,2023,,Q1_protocol_broad|Q3_amr_core,pending,,,,
EPMC-0371,,10.1101/2023.11.23.568453,Predictive phage therapy for  <i>Escherichia coli</i>  urinary tract infections: cocktail selection for therapy based on machine learning models,2023,,Q3_amr_core,pending,,,,
EPMC-0372,40642109,10.12688/f1000research.129064.3,Progress and challenges for the application of machine learning for neglected tropical diseases.,2023,,Q3_amr_core,pending,,,,
EPMC-0373,38282738,10.3389/fmicb.2023.1331233,ProkBERT family: genomic language models for microbiome applications.,2023,,Q3_amr_core,pending,,,,
EPMC-0374,,10.21203/rs.3.rs-3378915/v1,Quantitative measurement of antibiotic resistance in Mycobacterium tuberculosis reveals genetic determinants of resistance and susceptibility in a target gene approach,2023,,Q3_amr_core,pending,,,,
EPMC-0375,37991384,10.1128/mbio.02622-23,REC protein family expansion by the emergence of a new signaling pathway.,2023,,Q3_amr_core,pending,,,,
EPMC-0376,40303720,10.1155/2023/8649429,Rapid Discrimination of &lt;i&gt;Pseudomonas aeruginosa&lt;/i&gt; ST175 Isolates Involved in a Nosocomial Outbreak Using MALDI-TOF Mass Spectrometry and FTIR Spectroscopy Coupled with Machine Learning.,2023,,Q2_block_holdout_focus|Q3_amr_core,pending,,,,
EPMC-0377,38111645,10.3389/fmicb.2023.1297451,Rapid discrimination of <i>Bifidobacterium longum</i> subspecies based on MALDI-TOF MS and machine learning.,2023,,Q2_block_holdout_focus|Q3_amr_core,pending,,,,
EPMC-0378,36970678,10.3389/fmicb.2023.1101357,Rapid discrimination of <i>Shigella</i> spp. and <i>Escherichia coli via</i> label-free surface enhanced Raman spectroscopy coupled with machine learning algorithms.,2023,,Q3_amr_core,pending,,,,
EPMC-0379,37042517,10.7554/elife.84167,Rapid geographical source attribution of <i>Salmonella enterica</i> serovar Enteritidis genomes using hierarchical machine learning.,2023,,Q2_block_holdout_focus|Q3_amr_core,pending,,,,
EPMC-0380,38062105,10.1038/s41598-023-48929-1,Rapid monitoring of SARS-CoV-2 variants of concern through high-resolution melt analysis.,2023,,Q3_amr_core,pending,,,,
EPMC-0381,37322495,10.1186/s13073-023-01196-1,ReporTree: a surveillance-oriented tool to strengthen the linkage between pathogen genetic clusters and epidemiological data.,2023,,Q3_amr_core,pending,,,,
EPMC-0382,38057999,10.1177/15353702231209421,Review of machine learning and deep learning models for toxicity prediction.,2023,,Q2_block_holdout_focus,pending,,,,
EPMC-0383,37515242,10.3390/v15071556,Risk Assessment of the Possible Intermediate Host Role of Pigs for Coronaviruses with a Deep Learning Predictor.,2023,,Q2_block_holdout_focus,pending,,,,
EPMC-0384,36761957,10.3389/fonc.2023.1065402,"Role of artificial intelligence in risk prediction, prognostication, and therapy response assessment in colorectal cancer: current state and future directions.",2023,,Q3_amr_core,pending,,,,
EPMC-0385,,10.1101/2023.05.26.542489,SARS-CoV-2 lineage assignments using phylogenetic placement/UShER are superior to pangoLEARN machine learning method,2023,,Q3_amr_core,pending,,,,
EPMC-0386,37970066,10.12688/f1000research.139488.1,Scalable and versatile container-based pipelines for de novo genome assembly and bacterial annotation.,2023,,Q3_amr_core,pending,,,,
EPMC-0387,,10.1101/2023.05.05.23289554,"Scalable federated learning for emergency care using low cost microcomputing: Real-world, privacy preserving development and evaluation of a COVID-19 screening test in UK hospitals",2023,,Q3_amr_core,pending,,,,
EPMC-0388,36786388,10.1111/1751-7915.14222,Scientific novelty beyond the experiment.,2023,,Q3_amr_core,pending,,,,
EPMC-0389,37164985,10.1038/s41598-023-34643-5,Selecting antibacterial aptamers against the BamA protein in Pseudomonas aeruginosa by incorporating genetic algorithm to optimise computational screening method.,2023,,Q3_amr_core,pending,,,,
EPMC-0390,37998806,10.3390/antibiotics12111604,Silicon versus Superbug: Assessing Machine Learning's Role in the Fight against Antimicrobial Resistance.,2023,,Q1_protocol_broad|Q3_amr_core,pending,,,,
EPMC-0391,37052589,10.1099/mgen.0.000981,Single nucleotide variants in <i>Pseudomonas aeruginosa</i> populations from sputum correlate with baseline lung function and predict disease progression in individuals with cystic fibrosis.,2023,,Q3_amr_core,pending,,,,
EPMC-0392,36707725,10.1038/s41579-023-00852-y,Staphylococcus aureus host interactions and adaptation.,2023,,Q3_amr_core,pending,,,,
EPMC-0393,38113208,10.1371/journal.pcbi.1011705,Statistical prediction of microbial metabolic traits from genomes.,2023,,Q2_block_holdout_focus,pending,,,,
EPMC-0394,37081217,10.1038/s43705-023-00240-w,Swine farm groundwater is a hidden hotspot for antibiotic-resistant pathogenic Acinetobacter.,2023,,Q3_amr_core,pending,,,,
EPMC-0395,37424042,10.1002/advs.202301980,Tackling Soil ARG-Carrying Pathogens with Global-Scale Metagenomics.,2023,,Q3_amr_core,pending,,,,
EPMC-0396,37099616,10.1099/mgen.0.001008,Taking hospital pathogen surveillance to the next level.,2023,,Q3_amr_core,pending,,,,
EPMC-0397,37874143,10.1128/spectrum.02520-23,Targeted metagenomic assessment reflects critical colonization in battlefield injuries.,2023,,Q2_block_holdout_focus|Q3_amr_core,pending,,,,
EPMC-0398,38046097,10.1093/bioadv/vbad165,TaxaHFE: a machine learning approach to collapse microbiome datasets using taxonomic structure.,2023,,Q3_amr_core,pending,,,,
EPMC-0399,37185345,10.1038/s41467-023-38110-7,Teasing out missing reactions in genome-scale metabolic networks through hypergraph learning.,2023,,Q2_block_holdout_focus,pending,,,,
EPMC-0400,37347768,10.1371/journal.pcbi.1011129,Ten simple rules for the sharing of bacterial genotype-Phenotype data on antimicrobial resistance.,2023,,Q3_amr_core,pending,,,,
EPMC-0401,36960290,10.3389/fmicb.2023.1060891,The &lt;i&gt;K&lt;/i&gt;-mer antibiotic resistance gene variant analyzer (KARGVA).,2023,,Q3_amr_core,pending,,,,
EPMC-0402,37900966,10.20411/pai.v8i1.597,The Evolution of Diagnostic Techniques in the Paleopathology of Tuberculosis: A Scoping Review.,2023,,Q3_amr_core,pending,,,,
EPMC-0403,37047466,10.3390/ijms24076491,The Landscape of Global Ocean Microbiome: From Bacterioplankton to Biofilms.,2023,,Q3_amr_core,pending,,,,
EPMC-0404,37367481,10.3390/jdb11020027,The Lost and Found: Unraveling the Functions of Orphan Genes.,2023,,Q2_block_holdout_focus,pending,,,,
EPMC-0405,37759191,10.1186/s12864-023-09643-4,The NIH Comparative Genomics Resource: addressing the promises and challenges of comparative genomics on human health.,2023,,Q2_block_holdout_focus|Q3_amr_core,pending,,,,
EPMC-0406,37576785,10.1177/11769343231191481,The Pan-Genomic Analysis of <i>Corynebacterium striatum</i> Revealed its Genetic Characteristics as an Emerging Multidrug-Resistant Pathogen.,2023,,Q3_amr_core,pending,,,,
EPMC-0407,37763971,10.3390/microorganisms11092127,The Silent Threat: Antimicrobial-Resistant Pathogens in Food-Producing Animals and Their Impact on Public Health.,2023,,Q3_amr_core,pending,,,,
EPMC-0408,37843883,10.1099/mgen.0.001116,The advantage of intergenic regions as genomic features for machine-learning-based host attribution of &lt;i&gt;Salmonella&lt;/i&gt; Typhimurium from the USA.,2023,,Q1_protocol_broad|Q3_amr_core,pending,,,,
EPMC-0409,37553611,10.1186/s40246-023-00522-3,The application of long-read sequencing in clinical settings.,2023,,Q3_amr_core,pending,,,,
EPMC-0410,37531401,10.1371/journal.pgen.1010842,The bacterial genetic determinants of Escherichia coli capacity to cause bloodstream infections in humans.,2023,,Q3_amr_core,pending,,,,
EPMC-0411,37325804,10.1093/emph/eoad012,The evolution of antibiotic resistance in an incurable and ultimately fatal infection: A retrospective case study.,2023,,Q3_amr_core,pending,,,,
EPMC-0412,37410078,10.7554/elife.83107,The evolutionary mechanism of non-carbapenemase carbapenem-resistant phenotypes in &lt;i&gt;Klebsiella&lt;/i&gt; spp.,2023,,Q3_amr_core,pending,,,,
EPMC-0413,36617463,10.1093/bib/bbac529,The hitchhikers' guide to RNA sequencing and functional analysis.,2023,,Q3_amr_core,pending,,,,
EPMC-0414,37823611,10.1093/nar/gkad821,The landscape of human SVA retrotransposons.,2023,,Q3_amr_core,pending,,,,
EPMC-0415,38012349,10.1038/s41746-023-00941-5,"The past, current, and future of neonatal intensive care units with artificial intelligence: a systematic review.",2023,,Q2_block_holdout_focus,pending,,,,
EPMC-0416,37216766,10.1093/infdis/jiad170,Time Required for Nanopore Whole-Genome Sequencing of Neisseria gonorrhoeae for Identification of Phylogenetic Relationships.,2023,,Q3_amr_core,pending,,,,
EPMC-0417,37527248,10.1371/journal.pbio.3002225,Towards a post-pandemic future for global pathogen genome sequencing.,2023,,Q3_amr_core,pending,,,,
EPMC-0418,37927440,10.1016/j.lanepe.2023.100737,"Treatment of bacterial sexually transmitted infections in Europe: gonorrhoea, <i>Mycoplasma genitalium</i>, and syphilis.",2023,,Q3_amr_core,pending,,,,
EPMC-0419,37237798,10.3390/antibiotics12050896,Understanding Antimicrobial Resistance Using Genome-Scale Metabolic Modeling.,2023,,Q3_amr_core,pending,,,,
EPMC-0420,36920617,10.1007/s11356-023-26220-0,Unlocking the microbial studies through computational approaches: how far have we reached?,2023,,Q3_amr_core,pending,,,,
EPMC-0421,36978319,10.3390/antibiotics12030452,Using Machine Learning to Predict Antimicrobial Resistance-A Literature Review.,2023,,Q1_protocol_broad|Q2_block_holdout_focus|Q3_amr_core,pending,,,,
EPMC-0422,,,Using Machine Learning to Predict Genes Underlying Differentiation of Multipartite and Unipartite Traits in Bacteria,2023,,Q3_amr_core,pending,,,,
EPMC-0423,36748573,10.1099/mgen.0.000925,Using a combination of short- and long-read sequencing to investigate the diversity in plasmid- and chromosomally encoded extended-spectrum beta-lactamases (ESBLs) in clinical <i>Shigella</i> and <i>Salmonella</i> isolates in Belgium.,2023,,Q2_block_holdout_focus|Q3_amr_core,pending,,,,
EPMC-0424,36747286,10.1186/s13567-023-01141-5,Using random forest to predict antimicrobial minimum inhibitory concentrations of nontyphoidal Salmonella in Taiwan.,2023,,Q3_amr_core,pending,,,,
EPMC-0425,37080758,10.1093/bib/bbad131,Using traditional machine learning and deep learning methods for on- and off-target prediction in CRISPR/Cas9: a review.,2023,,Q2_block_holdout_focus,pending,,,,
EPMC-0426,36533931,10.1128/aac.01072-22,Validation and Application of Long-Read Whole-Genome Sequencing for Antimicrobial Resistance Gene Detection and Antimicrobial Susceptibility Testing.,2023,,Q3_amr_core,pending,,,,
EPMC-0427,37982596,10.1128/cmr.00148-22,Virulence attributes of successful methicillin-resistant <i>Staphylococcus aureus</i> lineages.,2023,,Q2_block_holdout_focus|Q3_amr_core,pending,,,,
EPMC-0428,37573394,10.1186/s12967-023-04411-0,Weighted gene coexpression network analysis and machine learning reveal oncogenome associated microbiome plays an important role in tumor immunity and prognosis in pan-cancer.,2023,,Q2_block_holdout_focus,pending,,,,
EPMC-0429,37889739,10.3390/ani13111804,When Everything Becomes Bigger: Big Data for Big Poultry Production.,2023,,Q3_amr_core,pending,,,,
EPMC-0430,36857587,10.1093/bioinformatics/btad109,bvnGPS: a generalizable diagnostic model for acute bacterial and viral infection using integrative host transcriptomics and pretrained neural networks.,2023,,Q3_amr_core,pending,,,,
EPMC-0431,39597542,10.3390/microorganisms12112153,"""CLADE-FINDER"": <i>Candida auris</i> Lineage Analysis Determination by Fourier Transform Infrared Spectroscopy and Artificial Neural Networks.",2024,,Q1_protocol_broad|Q3_amr_core,pending,,,,
EPMC-0432,40678421,10.3138/jammi.9.s1.abst,2024 Annual Conference Conférence Annuelle.,2024,,Q3_amr_core,pending,,,,
EPMC-0433,39263320,10.1016/j.onehlt.2024.100880,<i>Klebsiella pneumoniae</i> species complex: From wastewater to the environment.,2024,,Q3_amr_core,pending,,,,
EPMC-0434,38736437,10.2147/idr.s452295,"A Food Poisoning Caused by <i>Salmonella Enterica</i> (<i>S. Enteritidis</i>) ST11 Carrying Multi-Antimicrobial Resistance Genes in 2019, China.",2024,,Q3_amr_core,pending,,,,
EPMC-0435,38672426,10.3390/biom14040409,A Review for Artificial Intelligence Based Protein Subcellular Localization.,2024,,Q2_block_holdout_focus,pending,,,,
EPMC-0436,38419630,10.3389/fmicb.2024.1343572,"A comprehensive overview of microbiome data in the light of machine learning applications: categorization, accessibility, and future directions.",2024,,Q3_amr_core,pending,,,,
EPMC-0437,39735631,10.1016/j.heliyon.2024.e40892,"A comprehensive review on probiotics and their use in aquaculture: Biological control, efficacy, and safety through the genomics and wet methods.",2024,,Q3_amr_core,pending,,,,
EPMC-0438,38901146,10.1016/j.ebiom.2024.105204,A computational framework to improve cross-platform implementation of transcriptomics signatures.,2024,,Q3_amr_core,pending,,,,
EPMC-0439,39471413,10.1093/bib/bbae557,A consensus-based classification workflow to determine genetically inferred ancestry from comprehensive genomic profiling of patients with solid tumors.,2024,,Q3_amr_core,pending,,,,
EPMC-0440,38972904,10.1038/s41392-024-01895-0,A deep learning-driven discovery of berberine derivatives as novel antibacterial against multidrug-resistant Helicobacter pylori.,2024,,Q2_block_holdout_focus,pending,,,,
EPMC-0441,39119181,10.3389/fbinf.2024.1425419,A hybrid approach for predicting transcription factors.,2024,,Q2_block_holdout_focus,pending,,,,
EPMC-0442,39241084,10.1371/journal.pone.0306101,A machine-learning based model for automated recommendation of individualized treatment of rifampicin-resistant tuberculosis.,2024,,Q2_block_holdout_focus|Q3_amr_core,pending,,,,
EPMC-0443,38721585,10.1016/j.csbj.2024.04.058,A mini-review on perturbation modelling across single-cell omic modalities.,2024,,Q2_block_holdout_focus|Q3_amr_core,pending,,,,
EPMC-0444,39516479,10.1038/s41597-024-04068-4,A multi-species benchmark for training and validating mass spectrometry proteomics machine learning models.,2024,,Q2_block_holdout_focus,pending,,,,
EPMC-0445,39138557,10.1186/s12864-024-10692-6,A novel hierarchical network-based approach to unveil the complexity of functional microbial genome.,2024,,Q3_amr_core,pending,,,,
EPMC-0446,38974320,10.3389/fmolb.2024.1395450,A pangenome analysis of ESKAPE bacteriophages: the underrepresentation may impact machine learning models.,2024,,Q1_protocol_broad|Q3_amr_core,pending,,,,
EPMC-0447,38504888,10.3389/fpls.2024.1292054,A review of artificial intelligence-assisted omics techniques in plant defense: current trends and future directions.,2024,,Q2_block_holdout_focus,pending,,,,
EPMC-0448,38840832,10.1016/j.csbj.2024.05.025,A survey of k-mer methods and applications in bioinformatics.,2024,,Q3_amr_core,pending,,,,
EPMC-0449,38879641,10.1038/s41467-024-49444-1,A versatile automated pipeline for quantifying virus infectivity by label-free light microscopy and artificial intelligence.,2024,,Q2_block_holdout_focus,pending,,,,
EPMC-0450,37752080,10.1097/shk.0000000000002227,ADVANCING THE UNDERSTANDING OF CLINICAL SEPSIS USING GENE EXPRESSION-DRIVEN MACHINE LEARNING TO IMPROVE PATIENT OUTCOMES.,2024,,Q2_block_holdout_focus|Q3_amr_core,pending,,,,
EPMC-0451,39432417,10.1099/mgen.0.001308,AMRColab - a user-friendly antimicrobial resistance detection and visualization tool.,2024,,Q1_protocol_broad|Q3_amr_core,pending,,,,
EPMC-0452,38725076,10.1186/s40168-024-01805-0,ARGNet: using deep neural networks for robust identification and classification of antibiotic resistance genes from sequences.,2024,,Q2_block_holdout_focus|Q3_amr_core,pending,,,,
EPMC-0453,,,Abstracts from the 57th European Society of Human Genetics (ESHG) Conference: Oral Presentations,2024,,Q3_amr_core,pending,,,,
EPMC-0454,,,"Abstracts of the papers presented in the international conference of Indian Virological Society, VIROCON 2023 on “Advancements in global virus research towards one health” held during 01–03 December, 2023 at ICAR-National Research Centre for Banana, Tiruchirappalli, Tamil Nadu, India",2024,,Q3_amr_core,pending,,,,
EPMC-0455,39363369,10.1186/s40168-024-01916-8,Adaptation to space conditions of novel bacterial species isolated from the International Space Station revealed by functional gene annotations and comparative genome analysis.,2024,,Q3_amr_core,pending,,,,
EPMC-0456,38792714,10.3390/microorganisms12050884,Addressing Sexually Transmitted Infections Due to <i>Neisseria gonorrhoeae</i> in the Present and Future.,2024,,Q3_amr_core,pending,,,,
EPMC-0457,38799770,10.1155/2024/6612162,Advancements in Predictive Microbiology: Integrating New Technologies for Efficient Food Safety Models.,2024,,Q1_protocol_broad|Q3_amr_core,pending,,,,
EPMC-0458,39831120,10.3389/fmicb.2024.1509117,Advances in multi-omics integrated analysis methods based on the gut microbiome and their applications.,2024,,Q2_block_holdout_focus,pending,,,,
EPMC-0459,38912779,10.1039/d4np00009a,"Advances, opportunities, and challenges in methods for interrogating the structure activity relationships of natural products.",2024,,Q3_amr_core,pending,,,,
EPMC-0460,38490991,10.1038/s41467-024-46486-3,Advancing the scale of synthetic biology via cross-species transfer of cellular functions enabled by iModulon engraftment.,2024,,Q2_block_holdout_focus|Q3_amr_core,pending,,,,
EPMC-0461,39589438,10.1093/gigascience/giae086,AltaiR: a C toolkit for alignment-free and temporal analysis of multi-FASTA data.,2024,,Q3_amr_core,pending,,,,
EPMC-0462,39278950,10.1038/s41467-024-51864-y,An expanded database and analytical toolkit for identifying bacterial virulence factors and their associations with chronic diseases.,2024,,Q3_amr_core,pending,,,,
EPMC-0463,38560471,10.7717/peerj.17194,"Antibiotic susceptibility and resistance genes profiles of <i>Vagococcus salmoninarum</i> in a rainbow trout (<i>Oncorhyncus mykiss</i>, Walbaum) farm.",2024,,Q3_amr_core,pending,,,,
EPMC-0464,39095599,10.1038/s41591-024-03183-4,Antifungal heteroresistance causes prophylaxis failure and facilitates breakthrough Candida parapsilosis infections.,2024,,Q1_protocol_broad|Q3_amr_core,pending,,,,
EPMC-0465,38084949,10.1128/jcm.00981-23,"Antimicrobial resistance in multistate outbreaks of nontyphoidal <i>Salmonella</i> infections linked to animal contact-United States, 2015-2018.",2024,,Q3_amr_core,pending,,,,
EPMC-0466,39417073,10.3389/fmicb.2024.1474078,Application of machine learning based genome sequence analysis in pathogen identification.,2024,,Q1_protocol_broad|Q3_amr_core,pending,,,,
EPMC-0467,38962772,10.3389/fpubh.2024.1410672,Applications and advances in molecular diagnostics: revolutionizing non-tuberculous mycobacteria species and subspecies identification.,2024,,Q1_protocol_broad|Q3_amr_core,pending,,,,
EPMC-0468,39728955,10.3390/vetsci11120616,Applications of Next-Generation Sequencing Technologies and Statistical Tools in Identifying Pathways and Biomarkers for Heat Tolerance in Livestock.,2024,,Q2_block_holdout_focus,pending,,,,
EPMC-0469,38472999,10.3390/diagnostics14050528,Artificial Intelligence in the Diagnosis of Colorectal Cancer: A Literature Review.,2024,,Q3_amr_core,pending,,,,
EPMC-0470,39381621,10.3389/frai.2024.1424012,Artificial intelligence and machine learning applications for cultured meat.,2024,,Q2_block_holdout_focus,pending,,,,
EPMC-0471,39247718,10.1177/17562848241272001,Artificial intelligence and machine learning technologies in ulcerative colitis.,2024,,Q2_block_holdout_focus,pending,,,,
EPMC-0472,39802452,10.1515/jtim-2024-0035,Artificial intelligence for disease X: Progress and challenges.,2024,,Q2_block_holdout_focus,pending,,,,
EPMC-0473,40979393,10.3389/fdsfr.2024.1356405,Artificial intelligence for optimizing benefits and minimizing risks of pharmacological therapies: challenges and opportunities.,2024,,Q3_amr_core,pending,,,,
EPMC-0474,39763611,10.3389/fonc.2024.1486310,"Artificial intelligence in lung cancer: current applications, future perspectives, and challenges.",2024,,Q2_block_holdout_focus,pending,,,,
EPMC-0475,39554812,10.3389/fcimb.2024.1482186,"Artificial intelligence in predicting pathogenic microorganisms' antimicrobial resistance: challenges, progress, and prospects.",2024,,Q1_protocol_broad|Q2_block_holdout_focus|Q3_amr_core,pending,,,,
EPMC-0476,39070267,10.3389/fmicb.2024.1437602,Artificial intelligence tools for the identification of antibiotic resistance genes.,2024,,Q1_protocol_broad|Q2_block_holdout_focus|Q3_amr_core,pending,,,,
EPMC-0477,39364593,10.1111/1751-7915.70014,Artificial intelligence-based prediction of pathogen emergence and evolution in the world of synthetic biology.,2024,,Q3_amr_core,pending,,,,
EPMC-0478,,10.1101/2024.01.31.578169,Assessing computational predictions of antimicrobial resistance phenotypes from microbial genomes,2024,,Q2_block_holdout_focus,pending,,,,
EPMC-0479,38706320,10.1093/bib/bbae206,Assessing computational predictions of antimicrobial resistance phenotypes from microbial genomes.,2024,,Q1_protocol_broad|Q2_block_holdout_focus|Q3_amr_core,pending,,,,
EPMC-0480,39567044,10.1016/j.jacc.2024.06.052,"Associations of Self-Reported Race, Social Determinants of Health, and Polygenic Risk With Coronary Heart Disease.",2024,,Q3_amr_core,pending,,,,
EPMC-0481,38940518,10.1128/msystems.00497-24,Augmenting bacterial similarity measures using a graph-based genome representation.,2024,,Q3_amr_core,pending,,,,
EPMC-0482,39286062,10.1109/access.2024.3427410,Bayesian Calibration to Address the Challenge of Antimicrobial Resistance: A Review.,2024,,Q3_amr_core,pending,,,,
EPMC-0483,39388235,10.7554/elife.98300,Benchmarking reveals superiority of deep learning variant callers on bacterial nanopore sequence data.,2024,,Q3_amr_core,pending,,,,
EPMC-0484,39742298,10.1002/imt2.244,Bioprospecting of culturable marine biofilm bacteria for novel antimicrobial peptides.,2024,,Q3_amr_core,pending,,,,
EPMC-0485,38085058,10.1128/msystems.00943-23,"Blanket antimicrobial resistance gene database with structural information, BOARDS, provides insights on historical landscape of resistance prevalence and effects of mutations in enzyme structure.",2024,,Q2_block_holdout_focus|Q3_amr_core,pending,,,,
EPMC-0486,39597638,10.3390/microorganisms12112249,Bridging Classical Methodologies in <i>Salmonella</i> Investigation with Modern Technologies: A Comprehensive Review.,2024,,Q1_protocol_broad|Q3_amr_core,pending,,,,
EPMC-0487,39508585,10.1128/spectrum.00104-24,"CRISPR spacers acquired from plasmids primarily target backbone genes, making them valuable for predicting potential hosts and host range.",2024,,Q3_amr_core,pending,,,,
EPMC-0488,39619730,10.2147/idr.s494327,"CRISPR-Cas Systems in the Fight Against Antimicrobial Resistance: Current Status, Potentials, and Future Directions.",2024,,Q3_amr_core,pending,,,,
EPMC-0489,38809084,10.1128/mmbr.00170-22,CRISPRi functional genomics in bacteria and its application to medical and industrial research.,2024,,Q2_block_holdout_focus|Q3_amr_core,pending,,,,
EPMC-0490,39684372,10.3390/ijms252312660,Characterization and Safety Evaluation of Autoclaved Gut Commensal <i>Parabacteroides goldsteinii</i> RV-01.,2024,,Q3_amr_core,pending,,,,
EPMC-0491,38253824,10.1038/s42003-024-05816-3,Characterization of phyllosphere endophytic lactic acid bacteria reveals a potential novel route to enhance silage fermentation quality.,2024,,Q3_amr_core,pending,,,,
EPMC-0492,,,Characterization of the prevalence of Salmonella in different retail chicken supply modes using genome-wide and machine-learning analyses,2024,,Q3_amr_core,pending,,,,
EPMC-0493,39059904,10.1016/j.foodres.2024.114654,Characterization of the prevalence of Salmonella in different retail chicken supply modes using genome-wide and machine-learning analyses.,2024,,Q3_amr_core,pending,,,,
EPMC-0494,38439962,10.1016/j.isci.2024.109257,Classification of <i>Neisseria meningitidis</i> genomes with a bag-of-words approach and machine learning.,2024,,Q2_block_holdout_focus|Q3_amr_core,pending,,,,
EPMC-0495,38767202,10.1080/22221751.2024.2356143,"Climate change, its impact on emerging infectious diseases and new technologies to combat the challenge.",2024,,Q2_block_holdout_focus|Q3_amr_core,pending,,,,
EPMC-0496,39347390,10.1016/j.heliyon.2024.e37986,Clinical significance of the genetically variable landscape of the gut microbiome in patients with gestational diabetes mellitus patients.,2024,,Q2_block_holdout_focus,pending,,,,
EPMC-0497,,10.1101/2024.09.19.613871,Clustering large-scale biomedical data to model dynamic accumulation processes in disease progression and anti-microbial resistance evolution,2024,,Q3_amr_core,pending,,,,
EPMC-0498,38232140,10.1126/scitranslmed.adi9711,Commensal antimicrobial resistance mediates microbiome resilience to antibiotic disruption.,2024,,Q3_amr_core,pending,,,,
EPMC-0499,39502941,10.1177/11769343241294153,Comparative Phylogenetic Analysis and Protein Prediction Reveal the Taxonomy and Diverse Distribution of Virulence Factors in Foodborne <i>Clostridium</i> Strains.,2024,,Q3_amr_core,pending,,,,
EPMC-0500,38934605,10.1128/spectrum.04157-23,"Comparative genomic analysis of an emerging Pseudomonadaceae member, &lt;i&gt;Thiopseudomonas alkaliphila&lt;/i&gt;.",2024,,Q3_amr_core,pending,,,,
EPMC-0501,39611092,10.3389/fmicb.2024.1393824,Comparison of three source attribution methods applied to whole genome sequencing data of monophasic and biphasic <i>Salmonella</i> Typhimurium isolates from the British Isles and Denmark.,2024,,Q1_protocol_broad|Q3_amr_core,pending,,,,
EPMC-0502,39707560,10.1186/s40168-024-01981-z,Complementary insights into gut viral genomes: a comparative benchmark of short- and long-read metagenomes using diverse assemblers and binners.,2024,,Q3_amr_core,pending,,,,
EPMC-0503,39130617,10.1007/s13755-024-00300-y,Comprehensive applications of the artificial intelligence technology in new drug research and development.,2024,,Q2_block_holdout_focus,pending,,,,
EPMC-0504,38807085,10.1186/s12864-024-10420-0,Computational approaches and challenges in the analysis of circRNA data.,2024,,Q2_block_holdout_focus,pending,,,,
EPMC-0505,39506676,10.1186/s12880-024-01480-5,Computed tomography enterography radiomics and machine learning for identification of Crohn's disease.,2024,,Q2_block_holdout_focus,pending,,,,
EPMC-0506,39843763,10.1038/s44259-024-00058-z,Conference report of the 2024 Antimicrobial Resistance Meeting.,2024,,Q1_protocol_broad|Q3_amr_core,pending,,,,
EPMC-0507,38232731,10.1016/j.cub.2023.12.056,Consistent effects of independent domestication events on the plant microbiota.,2024,,Q3_amr_core,pending,,,,
EPMC-0508,38182559,10.1038/s41467-023-44272-1,Convergence of resistance and evolutionary responses in Escherichia coli and Salmonella enterica co-inhabiting chicken farms in China.,2024,,Q1_protocol_broad|Q2_block_holdout_focus|Q3_amr_core,pending,,,,
EPMC-0509,39440949,10.1128/aem.01257-24,Convergent reductive evolution in bee-associated lactic acid bacteria.,2024,,Q1_protocol_broad|Q2_block_holdout_focus,pending,,,,
EPMC-0510,39313510,10.1038/s41467-024-52238-0,Core and accessory genomic traits of Vibrio cholerae O1 drive lineage transmission and disease severity.,2024,,Q3_amr_core,pending,,,,
EPMC-0511,38199973,10.24272/j.issn.2095-8137.2023.012,Core and variable antimicrobial resistance genes in the gut microbiomes of Chinese and European pigs.,2024,,Q3_amr_core,pending,,,,
EPMC-0512,39526137,10.3389/fmicb.2024.1473666,Culturomics- and metagenomics-based insights into the soil microbiome preservation and application for sustainable agriculture.,2024,,Q3_amr_core,pending,,,,
EPMC-0513,39493856,10.3389/fmicb.2024.1425437,Current methodologies available to evaluate the virulence potential among <i>Listeria monocytogenes</i> clonal complexes.,2024,,Q3_amr_core,pending,,,,
EPMC-0514,39461939,10.1038/s41522-024-00583-9,DGCNN approach links metagenome-derived taxon and functional information providing insight into global soil organic carbon.,2024,,Q1_protocol_broad|Q2_block_holdout_focus,pending,,,,
EPMC-0515,39281454,10.1016/j.heliyon.2024.e36914,DNA N-gram analysis framework (DNAnamer): A generalized N-gram frequency analysis framework for the supervised classification of DNA sequences.,2024,,Q2_block_holdout_focus,pending,,,,
EPMC-0516,39596745,10.3390/antibiotics13111052,Data-Driven Approaches in Antimicrobial Resistance: Machine Learning Solutions.,2024,,Q2_block_holdout_focus,pending,,,,
EPMC-0517,38770215,10.1038/s44294-024-00019-x,Data-driven insights can transform women's reproductive health.,2024,,Q3_amr_core,pending,,,,
EPMC-0518,39088850,10.1146/annurev-genet-111523-102413,De Novo Genes.,2024,,Q3_amr_core,pending,,,,
EPMC-0519,38746750,10.3389/fmicb.2024.1365011,"Decoding <i>Klebsiella pneumoniae</i> in poultry chain: unveiling genetic landscape, antibiotic resistance, and biocide tolerance in non-clinical reservoirs.",2024,,Q3_amr_core,pending,,,,
EPMC-0520,39565103,10.1128/msystems.01395-24,Deep learning enabled integration of tumor microenvironment microbial profiles and host gene expressions for interpretable survival subtyping in diverse types of cancers.,2024,,Q2_block_holdout_focus,pending,,,,
EPMC-0521,38902329,10.1038/s41598-024-64658-5,Deep learning for predicting 16S rRNA gene copy number.,2024,,Q3_amr_core,pending,,,,
EPMC-0522,39911715,10.3389/fmicb.2024.1516667,Deep learning in microbiome analysis: a comprehensive review of neural network models.,2024,,Q1_protocol_broad|Q3_amr_core,pending,,,,
EPMC-0523,38630611,10.1099/mgen.0.001231,Deep learning methods in metagenomics: a review.,2024,,Q3_amr_core,pending,,,,
EPMC-0524,39460615,10.1093/nar/gkae966,Deep learning revealed the distribution and evolution patterns for invertible promoters across bacterial lineages.,2024,,Q3_amr_core,pending,,,,
EPMC-0525,38862735,10.1038/s41551-024-01201-x,Deep-learning-enabled antibiotic discovery through molecular de-extinction.,2024,,Q3_amr_core,pending,,,,
EPMC-0526,39438078,10.1093/bib/bbae539,DeepCheck: multitask learning aids in assessing microbial genome quality.,2024,,Q2_block_holdout_focus,pending,,,,
EPMC-0527,39905954,10.1093/bib/bbae579,DeepPFP: a multi-task-aware architecture for protein function prediction.,2024,,Q2_block_holdout_focus,pending,,,,
EPMC-0528,39418300,10.1371/journal.pcbi.1012525,DeepPL: A deep-learning-based tool for the prediction of bacteriophage lifecycle.,2024,,Q3_amr_core,pending,,,,
EPMC-0529,38616247,10.1186/s12859-024-05680-2,Designing and delivering bioinformatics project-based learning in East Africa.,2024,,Q3_amr_core,pending,,,,
EPMC-0530,38374151,10.1186/s13073-024-01289-5,Detection of a historic reservoir of bedaquiline/clofazimine resistance-associated variants in Mycobacterium tuberculosis.,2024,,Q3_amr_core,pending,,,,
EPMC-0531,38993480,10.3389/fgene.2024.1409755,Development and evaluation of a chronic kidney disease risk prediction model using random forest.,2024,,Q2_block_holdout_focus,pending,,,,
EPMC-0532,38284762,10.1128/jcm.01211-23,"Development and validation of a quick, automated, and reproducible ATR FT-IR spectroscopy machine-learning model for <i>Klebsiella pneumoniae</i> typing.",2024,,Q2_block_holdout_focus|Q3_amr_core,pending,,,,
EPMC-0533,39695939,10.1186/s12866-024-03687-6,Difference in fecal and oral microbiota between pancreatic cancer and benign/low-grade malignant tumor patients.,2024,,Q2_block_holdout_focus,pending,,,,
EPMC-0534,39565932,10.1093/molbev/msae242,Digital Image Processing to Detect Adaptive Evolution.,2024,,Q2_block_holdout_focus,pending,,,,
EPMC-0535,38918378,10.1038/s41467-024-49587-1,Discovering type I cis-AT polyketides through computational mass spectrometry and genome mining with Seq2PKS.,2024,,Q3_amr_core,pending,,,,
EPMC-0536,38899839,10.1002/advs.202404049,"Discovery of Antimicrobial Lysins from the ""Dark Matter"" of Uncharacterized Phages Using Artificial Intelligence.",2024,,Q3_amr_core,pending,,,,
EPMC-0537,38123686,10.1038/s41586-023-06887-8,Discovery of a structural class of antibiotics with explainable deep learning.,2024,,Q2_block_holdout_focus|Q3_amr_core,pending,,,,
EPMC-0538,39109298,10.3762/bjoc.20.159,"Discovery of antimicrobial peptides clostrisin and cellulosin from Clostridium: insights into their structures, co-localized biosynthetic gene clusters, and antibiotic activity.",2024,,Q3_amr_core,pending,,,,
EPMC-0539,38843834,10.1016/j.cell.2024.05.013,Discovery of antimicrobial peptides in the global microbiome with machine learning.,2024,,Q3_amr_core,pending,,,,
EPMC-0540,38917808,10.1016/j.chom.2024.05.022,Discovery of disease-adapted bacterial lineages in inflammatory bowel diseases.,2024,,Q3_amr_core,pending,,,,
EPMC-0541,39261665,10.1038/s41588-024-01898-1,Disease prediction with multi-omics and biomarkers empowers case-control genetic discoveries in the UK Biobank.,2024,,Q3_amr_core,pending,,,,
EPMC-0542,38146979,10.3201/eid3001.221927,Disease-Associated Streptococcus pneumoniae Genetic Variation.,2024,,Q3_amr_core,pending,,,,
EPMC-0543,38290434,10.1093/genetics/iyae012,Distinct genomic contexts predict gene presence-absence variation in different pathotypes of Magnaporthe oryzae.,2024,,Q2_block_holdout_focus,pending,,,,
EPMC-0544,39266973,10.1186/s12864-024-10786-1,Distribution rules of 8-mer spectra and characterization of evolution state in animal genome sequences.,2024,,Q2_block_holdout_focus|Q3_amr_core,pending,,,,
EPMC-0545,38443576,10.1038/s41564-024-01610-3,Diverse plasmid systems and their ecology across human gut metagenomes revealed by PlasX and MobMess.,2024,,Q3_amr_core,pending,,,,
EPMC-0546,38399743,10.3390/microorganisms12020339,Diversity and Biological Characteristics of Seed-Borne Bacteria of <i>Achnatherum splendens</i>.,2024,,Q3_amr_core,pending,,,,
EPMC-0547,38535816,10.3390/toxins16030150,Diversity and Molecular Evolution of Antimicrobial Peptides in Caecilian Amphibians.,2024,,Q3_amr_core,pending,,,,
EPMC-0548,38531599,10.1093/database/baae022,ESKtides: a comprehensive database and mining method for ESKAPE phage-derived antimicrobial peptides.,2024,,Q3_amr_core,pending,,,,
EPMC-0549,39532933,10.1038/s41598-024-78247-z,Early prediction of Mycobacterium tuberculosis transmission clusters using supervised learning models.,2024,,Q1_protocol_broad|Q3_amr_core,pending,,,,
EPMC-0550,39512798,10.3389/fgene.2024.1490645,"Editorial: Microbial comparative genomics and pangenomics: new tools, approaches and insights into gene and genome evolution.",2024,,Q1_protocol_broad|Q3_amr_core,pending,,,,
EPMC-0551,39770618,10.3390/microorganisms12122415,Effects of Increasing Temperature on Bacterial Community Diversity in Mixed Stands of <i>Artemisia argyi</i> and <i>Solidago canadensis</i> in Eastern China.,2024,,Q3_amr_core,pending,,,,
EPMC-0552,38725545,10.1007/s40588-024-00219-8,Emerging Antifungal Resistance in Fungal Pathogens.,2024,,Q3_amr_core,pending,,,,
EPMC-0553,39062687,10.3390/genes15070908,Emerging Microorganisms and Infectious Diseases: One Health Approach for Health Shared Vision.,2024,,Q2_block_holdout_focus|Q3_amr_core,pending,,,,
EPMC-0554,39769436,10.3390/ijms252413674,Empirical Comparison and Analysis of Artificial Intelligence-Based Methods for Identifying Phosphorylation Sites of SARS-CoV-2 Infection.,2024,,Q2_block_holdout_focus,pending,,,,
EPMC-0555,38356658,10.1016/j.csbj.2024.01.023,"Enhancing Mass spectrometry-based tumor immunopeptide identification: machine learning filter leveraging HLA binding affinity, aliphatic index and retention time deviation.",2024,,Q3_amr_core,pending,,,,
EPMC-0556,38884260,10.1093/nar/gkae515,Enhancing insights into diseases through horizontal gene transfer event detection from gut microbiome.,2024,,Q3_amr_core,pending,,,,
EPMC-0557,38890478,10.1038/s41579-024-01058-6,"Enterococcus faecium: evolution, adaptation, pathogenesis and emerging therapeutics.",2024,,Q3_amr_core,pending,,,,
EPMC-0558,39439434,10.1111/eva.70011,Epigenetic Diversity and the Evolutionary Potential of Wild Populations.,2024,,Q3_amr_core,pending,,,,
EPMC-0559,,10.1101/2024.05.15.24307162,Estimating the effect of antimicrobial resistance genes on minimum inhibitory concentration in<i>Escherichia coli</i>,2024,,Q1_protocol_broad|Q2_block_holdout_focus|Q3_amr_core,pending,,,,
EPMC-0560,39298254,10.1099/mgen.0.001295,Evaluation of &lt;i&gt;Klebsiella pneumoniae&lt;/i&gt; pathogenicity through holistic gene content analysis.,2024,,Q1_protocol_broad|Q3_amr_core,pending,,,,
EPMC-0561,39766587,10.3390/antibiotics13121197,Evaluation of Antibiotic Resistance Mechanisms in Gram-Positive Bacteria.,2024,,Q3_amr_core,pending,,,,
EPMC-0562,39562586,10.1038/s41467-024-54459-9,Evidence of horizontal gene transfer and environmental selection impacting antibiotic resistance evolution in soil-dwelling Listeria.,2024,,Q1_protocol_broad|Q2_block_holdout_focus|Q3_amr_core,pending,,,,
EPMC-0563,39012166,10.1128/aem.00354-24,Evolutionary genomic analyses of canine &lt;i&gt;E. coli&lt;/i&gt; infections identify a relic capsular locus associated with resistance to multiple classes of antimicrobials.,2024,,Q3_amr_core,pending,,,,
EPMC-0564,38167835,10.1111/mmi.15220,Experimental measurement and computational prediction of bacterial Hanks-type Ser/Thr signaling system regulatory targets.,2024,,Q2_block_holdout_focus,pending,,,,
EPMC-0565,38650589,10.1016/j.csbj.2024.04.025,Explainable machine learning model for identifying key gut microbes and metabolites biomarkers associated with myasthenia gravis.,2024,,Q2_block_holdout_focus,pending,,,,
EPMC-0566,39295298,10.1002/yea.3981,Exploring Saccharomycotina Yeast Ecology Through an Ecological Ontology Framework.,2024,,Q2_block_holdout_focus,pending,,,,
EPMC-0567,39515333,10.1016/j.crmeth.2024.100896,Exploring protein natural diversity in environmental microbiomes with DeepMetagenome.,2024,,Q2_block_holdout_focus|Q3_amr_core,pending,,,,
EPMC-0568,39684846,10.3390/ijms252313137,Exploring the Promoter Generation and Prediction of <i>Halomonas</i> spp. Based on GAN and Multi-Model Fusion Methods.,2024,,Q2_block_holdout_focus,pending,,,,
EPMC-0569,38376378,10.1099/mgen.0.001180,Exploring the effects of antimicrobial treatment on the gut and oral microbiomes and resistomes from elderly long-term care facility residents via shotgun DNA sequencing.,2024,,Q3_amr_core,pending,,,,
EPMC-0570,38664636,10.1186/s12864-024-10139-y,"Exploring the resistome, virulome, and mobilome of multidrug-resistant Klebsiella pneumoniae isolates: deciphering the molecular basis of carbapenem resistance.",2024,,Q3_amr_core,pending,,,,
EPMC-0571,39573994,10.1186/s12879-024-10230-5,Federated learning as a smart tool for research on infectious diseases.,2024,,Q3_amr_core,pending,,,,
EPMC-0572,38812676,10.3389/fmicb.2024.1401479,Fighting <i>Salmonella</i> Infantis: bacteriophage-driven cleaning and disinfection strategies for broiler farms.,2024,,Q3_amr_core,pending,,,,
EPMC-0573,38792818,10.3390/microorganisms12050988,"Forensic Microbiology: When, Where and How.",2024,,Q3_amr_core,pending,,,,
EPMC-0574,39640858,10.3389/fmicb.2024.1497377,Fourier transform infrared spectroscopy for <i>Streptococcus pneumoniae</i> capsular serotype classification in pediatric patients with invasive infections.,2024,,Q2_block_holdout_focus,pending,,,,
EPMC-0575,39061343,10.3390/antibiotics13070661,From Species to Genes: A New Diagnostic Paradigm.,2024,,Q1_protocol_broad|Q3_amr_core,pending,,,,
EPMC-0576,39767237,10.3390/diagnostics14242876,From Tradition to Innovation: Diverse Molecular Techniques in the Fight Against Infectious Diseases.,2024,,Q3_amr_core,pending,,,,
EPMC-0577,39763649,10.3389/fimmu.2024.1514977,From multi-omics to predictive biomarker: AI in tumor microenvironment.,2024,,Q2_block_holdout_focus,pending,,,,
EPMC-0578,38921549,10.3390/md22060238,Functional Genomics of a Collection of Gammaproteobacteria Isolated from Antarctica.,2024,,Q3_amr_core,pending,,,,
EPMC-0579,38109938,10.1038/s41586-023-06955-z,Functional and evolutionary significance of unknown genes from uncultivated taxa.,2024,,Q3_amr_core,pending,,,,
EPMC-0580,38500034,10.1186/s12864-024-10214-4,Generalizability of machine learning in predicting antimicrobial resistance in E. coli: a multi-country case study in Africa.,2024,,Q1_protocol_broad|Q2_block_holdout_focus|Q3_amr_core,pending,,,,
EPMC-0581,38648506,10.1093/gbe/evae074,"Genetic and Functional Diversity Help Explain Pathogenic, Weakly Pathogenic, and Commensal Lifestyles in the Genus Xanthomonas.",2024,,Q3_amr_core,pending,,,,
EPMC-0582,39112476,10.1038/s41467-024-51095-1,"Genetic determinants and phenotypic consequences of blood T-cell proportions in 207,000 diverse individuals.",2024,,Q3_amr_core,pending,,,,
EPMC-0583,39483851,10.3389/fgene.2024.1463474,Genetic marker: a genome mapping tool to decode genetic diversity of livestock animals.,2024,,Q3_amr_core,pending,,,,
EPMC-0584,38248460,10.3390/biology13010029,Genetics and Genomics of Infectious Diseases in Key Aquaculture Species.,2024,,Q2_block_holdout_focus,pending,,,,
EPMC-0585,38965470,10.1186/s12879-024-09380-3,"Genome analysis of multidrug resistant Enterococcus faecium and Enterococcus faecalis circulating among hospitalized patients in uMgungundlovu District, KwaZulu-Natal, South Africa.",2024,,Q3_amr_core,pending,,,,
EPMC-0586,39248515,10.1128/spectrum.00493-24,Genome-based model for differentiating between infection and carriage &lt;i&gt;Staphylococcus aureus&lt;/i&gt;.,2024,,Q3_amr_core,pending,,,,
EPMC-0587,38289113,10.1128/spectrum.02918-23,Genome-centric analyses of 165 metagenomes show that mobile genetic elements are crucial for the transmission of antimicrobial resistance genes to pathogens in activated sludge and wastewater.,2024,,Q3_amr_core,pending,,,,
EPMC-0588,39252078,10.1186/s40793-024-00612-2,Genome-centric metagenomes unveiling the hidden resistome in an anchialine cave.,2024,,Q3_amr_core,pending,,,,
EPMC-0589,38945961,10.1038/s12276-024-01262-7,Genome-resolved metagenomics: a game changer for microbiome medicine.,2024,,Q3_amr_core,pending,,,,
EPMC-0590,39770605,10.3390/microorganisms12122402,Genomic Insights into &lt;i&gt;Stutzerimonas kunmingensis&lt;/i&gt; TFRC-KFRI-1 Isolated from Manila Clam (&lt;i&gt;Ruditapes philippinarum&lt;/i&gt;): Functional and Phylogenetic Analysis.,2024,,Q3_amr_core,pending,,,,
EPMC-0591,39770830,10.3390/microorganisms12122628,"Genomic and Phenotypic Characterization of <i>Streptomyces sirii</i> sp. nov., Amicetin-Producing Actinobacteria Isolated from Bamboo Rhizospheric Soil.",2024,,Q3_amr_core,pending,,,,
EPMC-0592,39597676,10.3390/microorganisms12112288,Genomic and Transcriptomic Comparison Between Invasive Non-Typhoidal <i>Salmonella</i> and Non-Invasive Isolates.,2024,,Q3_amr_core,pending,,,,
EPMC-0593,38214338,10.1099/mgen.0.001174,Genomic and clinical characteristics of campylobacteriosis in Australia.,2024,,Q3_amr_core,pending,,,,
EPMC-0594,39419051,10.1016/s2666-5247(24)00169-1,Genomic cluster formation among invasive group A streptococcal infections in the USA: a whole-genome sequencing and population-based surveillance study.,2024,,Q1_protocol_broad|Q2_block_holdout_focus|Q3_amr_core,pending,,,,
EPMC-0595,38524843,10.1016/j.dib.2024.110293,Genomic dataset of a multiple-drug resistant <i>Pseudomonas</i> sp. strain RAC1 isolated from a flacherie infected Nistari race of <i>Bombyx mori</i> L.,2024,,Q1_protocol_broad|Q3_amr_core,pending,,,,
EPMC-0596,38704577,10.1186/s12941-024-00689-0,Genomic epidemiology reveals multiple mechanisms of linezolid resistance in clinical enterococci in China.,2024,,Q3_amr_core,pending,,,,
EPMC-0597,38934681,10.1128/jcm.00203-24,Genomic evolution of ST228 SCCmec-I MRSA 10 years after a major nosocomial outbreak.,2024,,Q3_amr_core,pending,,,,
EPMC-0598,39663376,10.1038/s43856-024-00696-4,Genomic virulence markers are associated with severe outcomes in patients with Pseudomonas aeruginosa bloodstream infection.,2024,,Q3_amr_core,pending,,,,
EPMC-0599,39457310,10.3390/ijerph21101337,Genomics and Bioinformatics in One Health: Transdisciplinary Approaches for Health Promotion and Disease Prevention.,2024,,Q2_block_holdout_focus|Q3_amr_core,pending,,,,
EPMC-0600,39214976,10.1038/s41467-024-51936-z,Giant viruses as reservoirs of antibiotic resistance genes.,2024,,Q3_amr_core,pending,,,,
EPMC-0601,39038849,10.1101/gr.278637.123,Global compositional and functional states of the human gut microbiome in health and disease.,2024,,Q2_block_holdout_focus|Q3_amr_core,pending,,,,
EPMC-0602,39232160,10.1038/s41586-024-07891-2,Global marine microbial diversity and its potential in bioprospecting.,2024,,Q3_amr_core,pending,,,,
EPMC-0603,38819146,10.1128/mbio.00735-24,Guild-level signature of gut microbiome for diabetic kidney disease.,2024,,Q2_block_holdout_focus|Q3_amr_core,pending,,,,
EPMC-0604,38975759,10.1128/msystems.00786-24,Gut community structure as a risk factor for infection in &lt;i&gt;Klebsiella pneumoniae&lt;/i&gt;-colonized patients.,2024,,Q3_amr_core,pending,,,,
EPMC-0605,39539714,10.3389/fmicb.2024.1493803,Gut heavy metal and antibiotic resistome of humans living in the high Arctic.,2024,,Q2_block_holdout_focus|Q3_amr_core,pending,,,,
EPMC-0606,38243343,10.1186/s13073-024-01285-9,Gut microbiome for predicting immune checkpoint blockade-associated adverse events.,2024,,Q2_block_holdout_focus,pending,,,,
EPMC-0607,38997279,10.1038/s41598-024-60768-2,Gut microbiota-based machine-learning signature for the diagnosis of alcohol-associated and metabolic dysfunction-associated steatotic liver disease.,2024,,Q2_block_holdout_focus,pending,,,,
EPMC-0608,39691780,10.1016/j.isci.2024.111442,Gut-microbiota-based ensemble model predicts prognosis of pediatric inflammatory bowel disease.,2024,,Q2_block_holdout_focus,pending,,,,
EPMC-0609,38920343,10.1093/bib/bbae302,HLAIImaster: a deep learning method with adaptive domain knowledge predicts HLA II neoepitope immunogenic responses.,2024,,Q2_block_holdout_focus,pending,,,,
EPMC-0610,39624726,10.3389/fmicb.2024.1510139,Harnessing AI for advancing pathogenic microbiology: a bibliometric and topic modeling approach.,2024,,Q1_protocol_broad|Q3_amr_core,pending,,,,
EPMC-0611,38996110,10.1097/md.0000000000038834,"Harnessing technology for infectious disease response in conflict zones: Challenges, innovations, and policy implications.",2024,,Q3_amr_core,pending,,,,
EPMC-0612,39436239,10.1093/gpbjnl/qzae040,Hidden Links Between Skin Microbiome and Skin Imaging Phenome.,2024,,Q2_block_holdout_focus,pending,,,,
EPMC-0613,39164246,10.1038/s41467-024-51371-0,"High-resolution epidemiological landscape from  ~290,000 SARS-CoV-2 genomes from Denmark.",2024,,Q3_amr_core,pending,,,,
EPMC-0614,39475240,10.1128/mbio.03059-24,High-throughput phenotype-to-genotype testing of meningococcal carriage and disease isolates detects genetic determinants of disease-relevant phenotypic traits.,2024,,Q1_protocol_broad|Q3_amr_core,pending,,,,
EPMC-0615,39007592,10.1093/bib/bbae319,Highly accurate classification and discovery of microbial protein-coding gene functions using FunGeneTyper: an extensible deep learning framework.,2024,,Q3_amr_core,pending,,,,
EPMC-0616,39120145,10.1128/mbio.01360-24,"Holistic understanding of trimethoprim resistance in &lt;i&gt;Streptococcus pneumoniae&lt;/i&gt; using an integrative approach of genome-wide association study, resistance reconstruction, and machine learning.",2024,,Q1_protocol_broad|Q3_amr_core,pending,,,,
EPMC-0617,38476940,10.3389/fmicb.2024.1346762,Hospital antimicrobial stewardship: profiling the oral microbiome after exposure to COVID-19 and antibiotics.,2024,,Q3_amr_core,pending,,,,
EPMC-0618,39231165,10.1371/journal.pcbi.1012393,HyperTraPS-CT: Inference and prediction for accumulation pathways with flexible data and model structures.,2024,,Q3_amr_core,pending,,,,
EPMC-0619,38454015,10.1038/s42003-024-05940-0,"Identification and characterization of CIM-1, a carbapenemase that adds to the family of resistance factors against last resort antibiotics.",2024,,Q3_amr_core,pending,,,,
EPMC-0620,39029061,10.1097/md.0000000000038917,Identification and validation of potential genes for the diagnosis of sepsis by bioinformatics and 2-sample Mendelian randomization study.,2024,,Q3_amr_core,pending,,,,
EPMC-0621,38628245,10.2147/idr.s457308,Identification of <i>Mycobacterium tuberculosis</i> Resistance to Common Antibiotics: An Overview of Current Methods and Techniques.,2024,,Q3_amr_core,pending,,,,
EPMC-0622,38755267,10.1038/s41598-024-61549-7,"Identification of Mycobacterium abscessus using the peaks of ribosomal protein L29, L30 and hemophore-related protein by MALDI-MS proteotyping.",2024,,Q3_amr_core,pending,,,,
EPMC-0623,38414077,10.1186/s13099-024-00606-y,Identification of enterotype and its predictive value for patients with colorectal cancer.,2024,,Q2_block_holdout_focus,pending,,,,
EPMC-0624,37735266,10.1038/s41587-023-01953-y,Identification of mobile genetic elements with geNomad.,2024,,Q3_amr_core,pending,,,,
EPMC-0625,39199333,10.3390/biom14080945,"Identification, Design, and Application of Noncoding Cis-Regulatory Elements.",2024,,Q2_block_holdout_focus,pending,,,,
EPMC-0626,38531172,10.1016/j.ebiom.2024.105085,Identifying local foci of tuberculosis transmission in Moldova using a spatial multinomial logistic regression model.,2024,,Q3_amr_core,pending,,,,
EPMC-0627,39289618,10.1186/s12876-024-03408-3,Improved diagnostic efficiency of CRC subgroups revealed using machine learning based on intestinal microbes.,2024,,Q2_block_holdout_focus,pending,,,,
EPMC-0628,,10.1101/2024.02.06.579067,Improving the generalization of protein expression models with mechanistic sequence information,2024,,Q2_block_holdout_focus,pending,,,,
EPMC-0629,39215402,10.1111/1751-7915.70004,Improving the odds: Artificial intelligence and the great plate count anomaly.,2024,,Q3_amr_core,pending,,,,
EPMC-0630,38203838,10.3390/ijms25010666,In Silico Safety Assessment of <i>Bacillus</i> Isolated from Polish Bee Pollen and Bee Bread as Novel Probiotic Candidates.,2024,,Q3_amr_core,pending,,,,
EPMC-0631,38622529,10.1186/s12866-024-03266-9,In silico analysis of intestinal microbial instability and symptomatic markers in mice during the acute phase of severe burns.,2024,,Q2_block_holdout_focus,pending,,,,
EPMC-0632,38285950,10.1073/pnas.2308895121,In vivo functional phenotypes from a computational epistatic model of evolution.,2024,,Q3_amr_core,pending,,,,
EPMC-0633,38193669,10.1128/aac.00594-23,Increased mutations in lipopolysaccharide biosynthetic genes cause time-dependent development of phage resistance in <i>Salmonella</i>.,2024,,Q3_amr_core,pending,,,,
EPMC-0634,38882494,10.1002/imt2.169,"Infant age inversely correlates with gut carriage of resistance genes, reflecting modifications in microbial carbohydrate metabolism during early life.",2024,,Q3_amr_core,pending,,,,
EPMC-0635,39172750,10.1093/molbev/msae177,"Insertions and Deletions: Computational Methods, Evolutionary Dynamics, and Biological Applications.",2024,,Q3_amr_core,pending,,,,
EPMC-0636,39364168,10.3389/fmicb.2024.1443195,Insights on mining the pangenome of <i>Sphingobacterium thalpophilum</i> NMS02 S296 from the resistant banana cultivar <i>Pisang lilin</i> confirms the antifungal action against <i>Fusarium oxysporum</i> f. sp. <i>cubense</i>.,2024,,Q1_protocol_broad|Q3_amr_core,pending,,,,
EPMC-0637,39525369,10.1007/s40588-024-00236-7,Integrating Genomic Data with the Development of CRISPR-Based Point-of-Care-Testing for Bacterial Infections.,2024,,Q3_amr_core,pending,,,,
EPMC-0638,39338186,10.3390/jpm14090931,Integrating Machine Learning with Multi-Omics Technologies in Geroscience: Towards Personalized Medicine.,2024,,Q2_block_holdout_focus,pending,,,,
EPMC-0639,38958473,10.1042/bcj20220062,Integrating bacterial molecular genetics with chemical biology for renewed antibacterial drug discovery.,2024,,Q3_amr_core,pending,,,,
EPMC-0640,38638909,10.3389/fmicb.2024.1351678,Integrating biological knowledge for mechanistic inference in the host-associated microbiome.,2024,,Q3_amr_core,pending,,,,
EPMC-0641,39614342,10.1186/s12985-024-02578-6,Integrating clinical data and genetic susceptibility to elucidate the relationship between systemic lupus erythematosus and human cytomegalovirus infection.,2024,,Q2_block_holdout_focus,pending,,,,
EPMC-0642,39472617,10.1038/s41598-024-75973-2,Integrating genomic and molecular data to predict antimicrobial minimum inhibitory concentration in Klebsiella pneumoniae.,2024,,Q1_protocol_broad|Q3_amr_core,pending,,,,
EPMC-0643,,10.1101/2024.12.07.627346,Integrating natural language processing and genome analysis enables accurate bacterial phenotype prediction,2024,,Q2_block_holdout_focus,pending,,,,
EPMC-0644,39266570,10.1038/s41522-024-00548-y,Integrating respiratory microbiome and host immune response through machine learning for respiratory tract infection diagnosis.,2024,,Q2_block_holdout_focus|Q3_amr_core,pending,,,,
EPMC-0645,,10.1101/2024.12.17.628241,Integration of metagenome-assembled genomes with clinical isolates reveals genomic signatures of  <i>Klebsiella pneumoniae</i>  in carriage and disease,2024,,Q1_protocol_broad|Q3_amr_core,pending,,,,
EPMC-0646,38357663,10.1016/j.isci.2024.109025,Integrative analysis of multimodal patient data identifies personalized predictors of tuberculosis treatment prognosis.,2024,,Q2_block_holdout_focus|Q3_amr_core,pending,,,,
EPMC-0647,39816336,10.1016/j.heliyon.2024.e34719,Integrative genomics would strengthen AMR understanding through ONE health approach.,2024,,Q1_protocol_broad|Q2_block_holdout_focus|Q3_amr_core,pending,,,,
EPMC-0648,38809044,10.1128/aem.00861-24,Is the persistence of <i>Listeria monocytogenes</i> in food processing facilities and its resistance to pathogen intervention linked to its phylogeny?,2024,,Q3_amr_core,pending,,,,
EPMC-0649,39770458,10.3390/ph17121616,Isolation and Characterization of Lytic Bacteriophages Capable of Infecting Diverse Multidrug-Resistant Strains of <i>Pseudomonas aeruginosa</i>: PaCCP1 and PaCCP2.,2024,,Q3_amr_core,pending,,,,
EPMC-0650,39101714,10.1128/spectrum.00592-24,Isolation and characterization of &lt;i&gt;Septuagintavirus&lt;/i&gt;; a novel clade of &lt;i&gt;Escherichia coli&lt;/i&gt; phages within the subfamily &lt;i&gt;Vequintavirinae&lt;/i&gt;.,2024,,Q3_amr_core,pending,,,,
EPMC-0651,38849863,10.1186/s13073-024-01346-z,Keeping up with the pathogens: improved antimicrobial resistance detection and prediction from Pseudomonas aeruginosa genomes.,2024,,Q3_amr_core,pending,,,,
EPMC-0652,39529172,10.1186/s13073-024-01399-0,KleTy: integrated typing scheme for core genome and plasmids reveals repeated emergence of multi-drug resistant epidemic lineages in Klebsiella worldwide.,2024,,Q2_block_holdout_focus|Q3_amr_core,pending,,,,
EPMC-0653,39178943,10.1016/j.mcpro.2024.100832,LC-SRM Combined With Machine Learning Enables Fast Identification and Quantification of Bacterial Pathogens in Urinary Tract Infections.,2024,,Q2_block_holdout_focus|Q3_amr_core,pending,,,,
EPMC-0654,38247653,10.3390/antibiotics13010094,Laboratory Evolution of Antimicrobial Resistance in Bacteria to Develop Rational Treatment Strategies.,2024,,Q2_block_holdout_focus,pending,,,,
EPMC-0655,38532808,10.1177/11769343241239463,Large-scale Pan Genomic Analysis of <i>Mycobacterium tuberculosis</i> Reveals Key Insights Into Molecular Evolutionary Rate of Specific Processes and Functions.,2024,,Q3_amr_core,pending,,,,
EPMC-0656,38649301,10.1093/gigascience/giae017,Large-scale genomic survey with deep learning-based method reveals strain-level phage specificity determinants.,2024,,Q3_amr_core,pending,,,,
EPMC-0657,39732784,10.1038/s41598-024-82465-w,Large-scale proteogenomics characterization of microproteins in Mycobacterium tuberculosis.,2024,,Q3_amr_core,pending,,,,
EPMC-0658,39101574,10.1093/gbe/evae160,Lessons from Extremophiles: Functional Adaptations and Genomic Innovations across the Eukaryotic Tree of Life.,2024,,Q3_amr_core,pending,,,,
EPMC-0659,39511309,10.1038/s41598-024-77947-w,Leveraging large-scale Mycobacterium tuberculosis whole genome sequence data to characterise drug-resistant mutations using machine learning and statistical approaches.,2024,,Q1_protocol_broad|Q3_amr_core,pending,,,,
EPMC-0660,38695522,10.1128/jb.00035-24,"Lighting the way: how the <i>Vibrio fischeri</i> model microbe reveals the complexity of Earth's ""simplest"" life forms.",2024,,Q3_amr_core,pending,,,,
EPMC-0661,38872894,10.3389/fpls.2024.1402693,Low-density SNP markers with high prediction accuracy of genomic selection for bacterial wilt resistance in tomato.,2024,,Q2_block_holdout_focus,pending,,,,
EPMC-0662,38694798,10.3389/fmicb.2024.1361795,MSDeepAMR: antimicrobial resistance prediction based on deep neural networks and transfer learning.,2024,,Q1_protocol_broad|Q2_block_holdout_focus|Q3_amr_core,pending,,,,
EPMC-0663,38604127,10.1016/j.xgen.2024.100539,MUSSEL: Enhanced Bayesian polygenic risk prediction leveraging information across multiple ancestry groups.,2024,,Q3_amr_core,pending,,,,
EPMC-0664,39404010,10.1093/molbev/msae209,Machine Learning Reveals the Diversity of Human 3D Chromatin Contact Patterns.,2024,,Q3_amr_core,pending,,,,
EPMC-0665,39717623,10.1155/mi/9983323,Machine Learning and Mendelian Randomization Reveal Molecular Mechanisms and Causal Relationships of Immune-Related Biomarkers in Periodontitis.,2024,,Q2_block_holdout_focus,pending,,,,
EPMC-0666,38730317,10.1186/s12859-024-05747-0,Machine learning based DNA melt curve profiling enables automated novel genotype detection.,2024,,Q1_protocol_broad|Q2_block_holdout_focus|Q3_amr_core,pending,,,,
EPMC-0667,39609660,10.1186/s12885-024-13161-1,Machine learning based on alcohol drinking-gut microbiota-liver axis in predicting the occurrence of early-stage hepatocellular carcinoma.,2024,,Q2_block_holdout_focus,pending,,,,
EPMC-0668,37968359,10.1038/s41579-023-00984-1,Machine learning for microbiologists.,2024,,Q1_protocol_broad|Q2_block_holdout_focus|Q3_amr_core,pending,,,,
EPMC-0669,39692815,10.1007/s12672-024-01670-1,Machine learning reveals CAT gene as a novel potential diagnostic and prognostic biomarker in non-small cell lung cancer.,2024,,Q2_block_holdout_focus,pending,,,,
EPMC-0670,39245152,10.1016/j.jinf.2024.106265,Machine learning to attribute the source of Campylobacter infections in the United States: A retrospective analysis of national surveillance data.,2024,,Q1_protocol_broad|Q3_amr_core,pending,,,,
EPMC-0671,38953319,10.1128/msystems.00430-24,Machine learning-based classification reveals distinct clusters of non-coding genomic allelic variations associated with Erm-mediated antibiotic resistance.,2024,,Q3_amr_core,pending,,,,
EPMC-0672,39639222,10.1186/s12879-024-10282-7,Machine learning-based prediction of antibiotic resistance in Mycobacterium tuberculosis clinical isolates from Uganda.,2024,,Q1_protocol_broad|Q3_amr_core,pending,,,,
EPMC-0673,39737570,10.1093/bib/bbae696,"Machine learning-enabled virtual screening indicates the anti-tuberculosis activity of aldoxorubicin and quarfloxin with verification by molecular docking, molecular dynamics simulations, and biological evaluations.",2024,,Q2_block_holdout_focus,pending,,,,
EPMC-0674,39717273,10.3389/fmicb.2024.1507537,Machine learning-enhanced assessment of potential probiotics from healthy calves for the treatment of neonatal calf diarrhea.,2024,,Q1_protocol_broad|Q3_amr_core,pending,,,,
EPMC-0675,39194557,10.3390/biology13080618,Macrogenomics Reveals Effects on Marine Microbial Communities during <i>Oplegnathus punctatus</i> Enclosure Farming.,2024,,Q3_amr_core,pending,,,,
EPMC-0676,39138568,10.1186/s12920-024-01978-5,Major depletion of insulin sensitivity-associated taxa in the gut microbiome of persons living with HIV controlled by antiretroviral drugs.,2024,,Q2_block_holdout_focus,pending,,,,
EPMC-0677,39217658,10.1016/j.gde.2024.102256,Massively parallel approaches for characterizing noncoding functional variation in human evolution.,2024,,Q3_amr_core,pending,,,,
EPMC-0678,39160564,10.1186/s13059-024-03363-y,Melon: metagenomic long-read-based taxonomic identification and quantification using marker genes.,2024,,Q3_amr_core,pending,,,,
EPMC-0679,39085949,10.1186/s13073-024-01364-x,Meta-analysis identifies common gut microbiota associated with multiple sclerosis.,2024,,Q2_block_holdout_focus,pending,,,,
EPMC-0680,39625881,10.1371/journal.pone.0313515,MetaCONNET: A metagenomic polishing tool for long-read assemblies.,2024,,Q2_block_holdout_focus,pending,,,,
EPMC-0681,39151562,10.1016/j.virusres.2024.199450,Metagenome sequence data mining for viral interaction studies: Review on progress and prospects.,2024,,Q3_amr_core,pending,,,,
EPMC-0682,38877573,10.1186/s40168-024-01824-x,Metagenomic approach revealed the mobility and co-occurrence of antibiotic resistomes between non-intensive aquaculture environment and human.,2024,,Q3_amr_core,pending,,,,
EPMC-0683,39710721,10.1186/s42523-024-00364-x,"Metagenomic insights into the resistome, mobilome, and virulome of dogs with diverse lifestyles.",2024,,Q1_protocol_broad|Q3_amr_core,pending,,,,
EPMC-0684,38700829,10.1007/s13258-024-01514-w,MicroPredict: predicting species-level taxonomic abundance of whole-shotgun metagenomic data using only 16S amplicon sequencing data.,2024,,Q2_block_holdout_focus,pending,,,,
EPMC-0685,39392836,10.1111/nyas.15237,Microbes as medicine.,2024,,Q3_amr_core,pending,,,,
EPMC-0686,39704233,10.1177/19160216241304365,Microbial Dysbiosis in Nasopharyngeal Carcinoma: A Pilot Study on Biomarker Potential.,2024,,Q2_block_holdout_focus,pending,,,,
EPMC-0687,38685074,10.1186/s40793-024-00569-2,Microbial communities colonising plastics during transition from the wastewater treatment plant to marine waters.,2024,,Q3_amr_core,pending,,,,
EPMC-0688,38226780,10.1111/1751-7915.14408,Microbial evolution through horizontal gene transfer by mobile genetic elements.,2024,,Q3_amr_core,pending,,,,
EPMC-0689,39373631,10.1093/gbe/evae209,Microbiome Geographic Population Structure (mGPS) Detects Fine-Scale Geography.,2024,,Q2_block_holdout_focus|Q3_amr_core,pending,,,,
EPMC-0690,39313845,10.1186/s42523-024-00338-z,Microbiome signature suggestive of lactose-intolerance in rhesus macaques (Macaca mulatta) with intermittent chronic diarrhea.,2024,,Q2_block_holdout_focus,pending,,,,
EPMC-0691,39438479,10.1038/s41467-024-53567-w,Microbiome-based correction for random errors in nutrient profiles derived from self-reported dietary assessments.,2024,,Q2_block_holdout_focus,pending,,,,
EPMC-0692,39532872,10.1038/s41467-024-54237-7,Microplastic diversity increases the abundance of antibiotic resistance genes in soil.,2024,,Q3_amr_core,pending,,,,
EPMC-0693,39883228,10.1007/s44307-024-00034-8,Mining microbial and metabolic dark matter in extreme environments: a roadmap for harnessing the power of multi-omics data.,2024,,Q3_amr_core,pending,,,,
EPMC-0694,39303684,10.1016/j.cell.2024.08.028,Modern microbiology: Embracing complexity through integration across scales.,2024,,Q3_amr_core,pending,,,,
EPMC-0695,38674013,10.3390/ijms25084425,Moving toward the Inclusion of Epigenomics in Bacterial Genome Evolution: Perspectives and Challenges.,2024,,Q3_amr_core,pending,,,,
EPMC-0696,39604394,10.1038/s41467-024-54797-8,Multi-biome analysis identifies distinct gut microbial signatures and their crosstalk in ulcerative colitis and Crohn's disease.,2024,,Q2_block_holdout_focus|Q3_amr_core,pending,,,,
EPMC-0697,39732799,10.1038/s41598-024-82697-w,Multi-label classification to predict antibiotic resistance from raw clinical MALDI-TOF mass spectrometry data.,2024,,Q1_protocol_broad|Q2_block_holdout_focus|Q3_amr_core,pending,,,,
EPMC-0698,38859767,10.1093/bib/bbae264,Multi-omic analysis tools for microbial metabolites prediction.,2024,,Q2_block_holdout_focus|Q3_amr_core,pending,,,,
EPMC-0699,38605908,10.1007/s43657-023-00125-x,Multimodal Omics Approaches to Aging and Age-Related Diseases.,2024,,Q2_block_holdout_focus,pending,,,,
EPMC-0700,38545601,10.1093/femsml/uqae003,Multireceptor phage cocktail against <i>Salmonella enterica</i> to circumvent phage resistance.,2024,,Q3_amr_core,pending,,,,
EPMC-0701,39380680,10.3389/fmicb.2024.1433224,Navigating the archaeal frontier: insights and projections from bioinformatic pipelines.,2024,,Q3_amr_core,pending,,,,
EPMC-0702,39317638,10.1016/j.ebiom.2024.105312,Neural network-assisted humanisation of COVID-19 hamster transcriptomic data reveals matching severity states in human disease.,2024,,Q2_block_holdout_focus,pending,,,,
EPMC-0703,39540735,10.1128/aac.01446-24,Neural network-based predictions of antimicrobial resistance phenotypes in multidrug-resistant &lt;i&gt;Acinetobacter baumannii&lt;/i&gt; from whole genome sequencing and gene expression.,2024,,Q1_protocol_broad|Q3_amr_core,pending,,,,
EPMC-0704,38298179,10.1016/j.csbj.2023.12.046,NeuralBeds: Neural embeddings for efficient DNA data compression and optimized similarity search.,2024,,Q3_amr_core,pending,,,,
EPMC-0705,39236046,10.1371/journal.ppat.1012478,New approaches to tackle a rising problem: Large-scale methods to study antifungal resistance.,2024,,Q3_amr_core,pending,,,,
EPMC-0706,38726363,10.1016/j.isci.2024.109790,Nucleus-forming jumbophage PhiKZ therapeutically outcompetes non-nucleus-forming jumbophage Callisto.,2024,,Q3_amr_core,pending,,,,
EPMC-0707,39944813,10.18699/vjgb-24-101,Ontologies in modelling and analysing of big genetic data.,2024,,Q2_block_holdout_focus,pending,,,,
EPMC-0708,38529944,10.1099/mgen.0.001222,Optimising machine learning prediction of minimum inhibitory concentrations in &lt;i&gt;Klebsiella pneumoniae&lt;/i&gt;.,2024,,Q1_protocol_broad|Q2_block_holdout_focus|Q3_amr_core,pending,,,,
EPMC-0709,38886447,10.1038/s41467-024-49165-5,Organic fertilization co-selects genetically linked antibiotic and metal(loid) resistance genes in global soil microbiome.,2024,,Q3_amr_core,pending,,,,
EPMC-0710,39833104,10.1093/bib/bbaf017,PHPGAT: predicting phage hosts based on multimodal heterogeneous knowledge graph with graph attention network.,2024,,Q3_amr_core,pending,,,,
EPMC-0711,39193069,10.1093/nargab/lqae112,PRONTO-TK: a user-friendly PROtein Neural neTwOrk tool-kit for accessible protein function prediction.,2024,,Q2_block_holdout_focus,pending,,,,
EPMC-0712,39228791,10.1016/j.isci.2024.110623,PanKA: Leveraging population pangenome to predict antibiotic resistance.,2024,,Q1_protocol_broad|Q3_amr_core,pending,,,,
EPMC-0713,39944752,10.1136/egastro-2023-100006,Pathogenesis and precision medicine for predicting response in inflammatory bowel disease: advances and future directions.,2024,,Q2_block_holdout_focus,pending,,,,
EPMC-0714,39203518,10.3390/microorganisms12081676,Persistence of Daptomycin-Resistant and Vancomycin-Resistant Enterococci in Hospitalized Patients with Underlying Malignancies: A 7-Year Follow-Up Study.,2024,,Q3_amr_core,pending,,,,
EPMC-0715,38250499,10.2903/j.efsa.2024.8521,Persistence of microbiological hazards in food and feed production and processing environments.,2024,,Q3_amr_core,pending,,,,
EPMC-0716,39320317,10.1093/gigascience/giae074,PhageGE: an interactive web platform for exploratory analysis and visualization of bacteriophage genomes.,2024,,Q3_amr_core,pending,,,,
EPMC-0717,38533399,10.3389/fpls.2024.1331443,Phyllosphere bacterial community dynamics in response to bacterial wildfire disease: succession and interaction patterns.,2024,,Q3_amr_core,pending,,,,
EPMC-0718,39513706,10.1128/spectrum.01171-24,Phylogenomics of novel clones of &lt;i&gt;Aeromonas veronii&lt;/i&gt; recovered from a freshwater lake reveals unique biosynthetic gene clusters.,2024,,Q1_protocol_broad|Q3_amr_core,pending,,,,
EPMC-0719,39503522,10.1093/bib/bbae527,Phylogeny-aware linear B-cell epitope predictor detects targets associated with immune response to orthopoxviruses.,2024,,Q2_block_holdout_focus,pending,,,,
EPMC-0720,38521779,10.1038/s41467-024-45045-0,Plasmid-mediated phenotypic noise leads to transient antibiotic resistance in bacteria.,2024,,Q3_amr_core,pending,,,,
EPMC-0721,39445812,10.1128/msystems.00930-24,Pooled analysis of oral microbiome profiles defines robust signatures associated with periodontitis.,2024,,Q2_block_holdout_focus,pending,,,,
EPMC-0722,39227836,10.1186/s12711-024-00927-1,Population structure and breed identification of Chinese indigenous sheep breeds using whole genome SNPs and InDels.,2024,,Q1_protocol_broad|Q3_amr_core,pending,,,,
EPMC-0723,39541192,10.1093/bib/bbae596,Precision DNA methylation typing via hierarchical clustering of Nanopore current signals and attention-based neural network.,2024,,Q2_block_holdout_focus,pending,,,,
EPMC-0724,38200389,10.1007/s13659-023-00426-8,Precision enzyme discovery through targeted mining of metagenomic data.,2024,,Q3_amr_core,pending,,,,
EPMC-0725,39150244,10.1128/msystems.00789-24,Predicting &lt;i&gt;Pseudomonas aeruginosa&lt;/i&gt; drug resistance using artificial intelligence and clinical MALDI-TOF mass spectra.,2024,,Q1_protocol_broad|Q3_amr_core,pending,,,,
EPMC-0726,39018757,10.1016/j.ebiom.2024.105244,Predicting Clostridioides difficile infection outcomes with explainable machine learning.,2024,,Q3_amr_core,pending,,,,
EPMC-0727,38193680,10.1128/spectrum.03400-23,Predicting fungal secondary metabolite activity from biosynthetic gene cluster data using machine learning.,2024,,Q3_amr_core,pending,,,,
EPMC-0728,39386249,10.3389/fvets.2024.1358028,Predicting host species susceptibility to influenza viruses and coronaviruses using genome data and machine learning: a scoping review.,2024,,Q1_protocol_broad|Q2_block_holdout_focus,pending,,,,
EPMC-0729,38401454,10.1016/j.compbiomed.2024.108185,Predicting hosts and cross-species transmission of Streptococcus agalactiae by interpretable machine learning.,2024,,Q2_block_holdout_focus,pending,,,,
EPMC-0730,39448614,10.1038/s41467-024-53565-y,Predicting protein synergistic effect in Arabidopsis using epigenome profiling.,2024,,Q2_block_holdout_focus,pending,,,,
EPMC-0731,,10.1101/2024.08.15.608097,Predicting rifampicin resistance in  <i>M. tuberculosis</i>  using machine learning informed by protein structural and chemical features,2024,,Q3_amr_core,pending,,,,
EPMC-0732,38724920,10.1186/s12859-024-05669-x,Prediction of anticancer drug sensitivity using an interpretable model guided by deep learning.,2024,,Q3_amr_core,pending,,,,
EPMC-0733,39687321,10.3389/fpls.2024.1489116,Prediction of protein interactions between pine and pine wood nematode using deep learning and multi-dimensional feature fusion.,2024,,Q2_block_holdout_focus,pending,,,,
EPMC-0734,38500518,10.1093/jacamr/dlae037,Prediction of pyrazinamide resistance in <i>Mycobacterium tuberculosis</i> using structure-based machine-learning approaches.,2024,,Q3_amr_core,pending,,,,
EPMC-0735,38478693,10.1073/pnas.2313574121,Predictive phage therapy for <i>Escherichia coli</i> urinary tract infections: Cocktail selection for therapy based on machine learning models.,2024,,Q3_amr_core,pending,,,,
EPMC-0736,39046953,10.1371/journal.pone.0307531,Prognosing post-treatment outcomes of head and neck cancer using structured data and machine learning: A systematic review.,2024,,Q2_block_holdout_focus,pending,,,,
EPMC-0737,38747369,10.1002/pro.5015,ProkDBP: Toward more precise identification of prokaryotic DNA binding proteins.,2024,,Q1_protocol_broad|Q3_amr_core,pending,,,,
EPMC-0738,38539119,10.1186/s12866-024-03243-2,"Promiscuous, persistent and problematic: insights into current enterococcal genomics to guide therapeutic strategy.",2024,,Q1_protocol_broad|Q3_amr_core,pending,,,,
EPMC-0739,39333115,10.1038/s41467-024-52450-y,Prophage-encoded antibiotic resistance genes are enriched in human-impacted environments.,2024,,Q3_amr_core,pending,,,,
EPMC-0740,39259188,10.1093/ismejo/wrae169,Protist predation promotes antimicrobial resistance spread through antagonistic microbiome interactions.,2024,,Q3_amr_core,pending,,,,
EPMC-0741,39045511,10.2903/j.efsa.2024.8896,Public health aspects of <i>Vibrio</i> spp. related to the consumption of seafood in the EU.,2024,,Q3_amr_core,pending,,,,
EPMC-0742,39102420,10.1371/journal.pcbi.1012260,Quantitative drug susceptibility testing for Mycobacterium tuberculosis using unassembled sequencing data and machine learning.,2024,,Q2_block_holdout_focus|Q3_amr_core,pending,,,,
EPMC-0743,38216576,10.1038/s41467-023-44325-5,Quantitative measurement of antibiotic resistance in Mycobacterium tuberculosis reveals genetic determinants of resistance and susceptibility in a target gene approach.,2024,,Q3_amr_core,pending,,,,
EPMC-0744,39610906,10.1016/j.csbj.2024.11.015,RNA-protein interaction prediction without high-throughput data: An overview and benchmark of <i>in silico</i> tools.,2024,,Q2_block_holdout_focus,pending,,,,
EPMC-0745,39172545,10.1093/gigascience/giae059,RNAVirHost: a machine learning-based method for predicting hosts of RNA viruses through viral genomes.,2024,,Q2_block_holdout_focus,pending,,,,
EPMC-0746,39506632,10.1186/s12859-024-05967-4,Rapid bacterial identification through volatile organic compound analysis and deep learning.,2024,,Q1_protocol_broad|Q2_block_holdout_focus|Q3_amr_core,pending,,,,
EPMC-0747,38193658,10.1128/spectrum.03065-23,Rapid nanopore sequencing and predictive susceptibility testing of positive blood cultures from intensive care patients with sepsis.,2024,,Q3_amr_core,pending,,,,
EPMC-0748,38373647,10.1016/j.ijid.2024.02.014,Real-time genomic epidemiologic investigation of a multispecies plasmid-associated hospital outbreak of NDM-5-producing Enterobacterales infections.,2024,,Q3_amr_core,pending,,,,
EPMC-0749,39650228,10.2147/aabc.s484321,Recent Applications of Artificial Intelligence in Discovery of New Antibacterial Agents.,2024,,Q1_protocol_broad|Q3_amr_core,pending,,,,
EPMC-0750,39459256,10.3390/molecules29204889,Recent Progress in Terrestrial Biota Derived Antibacterial Agents for Medical Applications.,2024,,Q3_amr_core,pending,,,,
EPMC-0751,39840283,10.3389/fgene.2024.1494474,Recent advances in deep learning and language models for studying the microbiome.,2024,,Q2_block_holdout_focus,pending,,,,
EPMC-0752,38868518,10.1002/imt2.157,Recent advances in the characterization of essential genes and development of a database of essential genes.,2024,,Q2_block_holdout_focus,pending,,,,
EPMC-0753,39456792,10.3390/ijms252011009,Reporter Alleles in hiPSCs: Visual Cues on Development and Disease.,2024,,Q3_amr_core,pending,,,,
EPMC-0754,39406803,10.1038/s41598-024-75044-6,Repurposing MALDI-TOF MS for effective antibiotic resistance screening in Staphylococcus epidermidis using machine learning.,2024,,Q1_protocol_broad|Q2_block_holdout_focus|Q3_amr_core,pending,,,,
EPMC-0755,39402087,10.1038/s41598-024-73917-4,"Resistance patterns, virulence determinants, and biofilm genes of multidrug-resistant Pseudomonas aeruginosa isolated from fish and fish handlers.",2024,,Q3_amr_core,pending,,,,
EPMC-0756,39633433,10.1186/s13073-024-01406-4,Revisiting mutational resistance to ampicillin and cefotaxime in Haemophilus influenzae.,2024,,Q3_amr_core,pending,,,,
EPMC-0757,39767657,10.3390/biomedicines12122750,"Revolutionizing Personalized Medicine: Synergy with Multi-Omics Data Generation, Main Hurdles, and Future Perspectives.",2024,,Q3_amr_core,pending,,,,
EPMC-0758,39562160,10.1093/bib/bbae599,RiceSNP-BST: a deep learning framework for predicting biotic stress-associated SNPs in rice.,2024,,Q2_block_holdout_focus,pending,,,,
EPMC-0759,38930512,10.3390/microorganisms12061130,Rodent Gut Bacteria Coexisting with an Insect Gut Virus in Tapeworm Parasitic Cysts: Metagenomic Evidence of Microbial Selection in Extra-Intestinal Clinical Niches.,2024,,Q2_block_holdout_focus|Q3_amr_core,pending,,,,
EPMC-0760,38361813,10.1093/ve/vead085,SARS-CoV-2 lineage assignments using phylogenetic placement/UShER are superior to pangoLEARN machine-learning method.,2024,,Q3_amr_core,pending,,,,
EPMC-0761,38378494,10.1186/s12859-024-05703-y,SNVstory: inferring genetic ancestry from genome sequencing data.,2024,,Q3_amr_core,pending,,,,
EPMC-0762,38940175,10.1093/bioinformatics/btae243,Scalable de novo classification of antibiotic resistance of Mycobacterium tuberculosis.,2024,,Q1_protocol_broad|Q3_amr_core,pending,,,,
EPMC-0763,38414813,10.1093/jacamr/dlae032,Scoping review of risk-scoring tools for early prediction of bloodstream infections caused by carbapenem-resistant Enterobacterales: do we really have a reliable risk-scoring tool?,2024,,Q3_amr_core,pending,,,,
EPMC-0764,39199298,10.3390/biom14080911,Significance of Artificial Intelligence in the Study of Virus-Host Cell Interactions.,2024,,Q2_block_holdout_focus|Q3_amr_core,pending,,,,
EPMC-0765,39294434,10.1038/s42003-024-06883-2,Simple and accurate genomic classification model for distinguishing between human and pig Staphylococcus aureus.,2024,,Q2_block_holdout_focus|Q3_amr_core,pending,,,,
EPMC-0766,38898034,10.1038/s41467-024-49590-6,Single missense mutations in Vi capsule synthesis genes confer hypervirulence to Salmonella Typhi.,2024,,Q3_amr_core,pending,,,,
EPMC-0767,39063300,10.3390/foods13142216,Step-by-Step Metagenomics for Food Microbiome Analysis: A Detailed Review.,2024,,Q3_amr_core,pending,,,,
EPMC-0768,,10.1101/2024.03.01.582901,Sticking together: Independent evolution of biofilm formation in different species of staphylococci has occurred multiple times via different pathways,2024,,Q3_amr_core,pending,,,,
EPMC-0769,39198733,10.1186/s12864-024-10719-y,Sticking together: independent evolution of biofilm formation in different species of staphylococci has occurred multiple times via different pathways.,2024,,Q3_amr_core,pending,,,,
EPMC-0770,39011006,10.1007/s12088-023-01134-0,Strengthening the Diagnosis of Drug-Resistant Tuberculosis Using NGS-Based Approaches and Bioinformatics Pipelines for Data Analysis in India.,2024,,Q3_amr_core,pending,,,,
EPMC-0771,38796582,10.1038/s41598-024-62419-y,Structure-aware machine learning strategies for antimicrobial peptide discovery.,2024,,Q3_amr_core,pending,,,,
EPMC-0772,39420174,10.1038/s41598-024-73999-0,Supervised machine learning of outbred mouse genotypes to predict hepatic immunological tolerance of individuals.,2024,,Q1_protocol_broad|Q2_block_holdout_focus,pending,,,,
EPMC-0773,39488738,10.1080/19490976.2024.2420771,Symbiotic probiotic communities with multiple targets successfully combat obesity in high-fat-diet-fed mice.,2024,,Q3_amr_core,pending,,,,
EPMC-0774,39607932,10.1126/science.adk9893,Systematic in vitro evolution in &lt;i&gt;Plasmodium falciparum&lt;/i&gt; reveals key determinants of drug resistance.,2024,,Q2_block_holdout_focus,pending,,,,
EPMC-0775,39472442,10.1038/s41467-024-52909-y,Systems biology approaches identify metabolic signatures of dietary lifespan and healthspan across species.,2024,,Q2_block_holdout_focus,pending,,,,
EPMC-0776,38529900,10.1099/mgen.0.001208,Target enrichment improves culture-independent detection of &lt;i&gt;Neisseria gonorrhoeae&lt;/i&gt; and antimicrobial resistance determinants direct from clinical samples with Nanopore sequencing.,2024,,Q3_amr_core,pending,,,,
EPMC-0777,39194291,10.1128/spectrum.00254-24,Targeted phage hunting to specific &lt;i&gt;Klebsiella pneumoniae&lt;/i&gt; clinical isolates is an efficient antibiotic resistance and infection control strategy.,2024,,Q3_amr_core,pending,,,,
EPMC-0778,39820436,10.1093/bib/bbaf015,Techniques for learning and transferring knowledge for microbiome-based classification and prediction: review and assessment.,2024,,Q3_amr_core,pending,,,,
EPMC-0779,38717193,10.1128/spectrum.04084-23,"Temporal dynamics of fecal microbiota community succession in broiler chickens, calves, and piglets under aerobic exposure.",2024,,Q3_amr_core,pending,,,,
EPMC-0780,38898104,10.1038/s41522-024-00522-8,Temporal turnover of viral biodiversity and functional potential in intertidal wetlands.,2024,,Q3_amr_core,pending,,,,
EPMC-0781,39132911,10.1093/eurheartj/ehae474,The AORTA Gene score for detection and risk stratification of ascending aortic dilation.,2024,,Q3_amr_core,pending,,,,
EPMC-0782,39728967,10.3390/vetsci11120627,The Evolution and Role of Molecular Tools in Measuring Diversity and Genomic Selection in Livestock Populations (Traditional and Up-to-Date Insights): A Comprehensive Exploration.,2024,,Q2_block_holdout_focus,pending,,,,
EPMC-0783,39921416,10.1080/20477724.2025.2463417,"The Jubilee: prepared for pilgrims, but are we ready for pathogens?",2024,,Q3_amr_core,pending,,,,
EPMC-0784,39065114,10.3390/microorganisms12071346,The Marine Fish Gut Microbiome as a Source of Novel Bacteriocins.,2024,,Q3_amr_core,pending,,,,
EPMC-0785,39092333,10.7759/cureus.63635,The Role of Artificial Intelligence in Combatting Respiratory Tract Infections.,2024,,Q3_amr_core,pending,,,,
EPMC-0786,39452262,10.3390/antibiotics13100996,The Synergy of Machine Learning and Epidemiology in Addressing Carbapenem Resistance: A Comprehensive Review.,2024,,Q1_protocol_broad|Q2_block_holdout_focus,pending,,,,
EPMC-0787,38970161,10.1111/1751-7915.14510,The antibiotic resistance crisis and the development of new antibiotics.,2024,,Q3_amr_core,pending,,,,
EPMC-0788,38873647,10.1016/j.csbj.2024.05.027,The complete catalog of antimicrobial resistance secondary active transporters in <i>Clostridioides difficile</i>: evolution and drug resistance perspective.,2024,,Q3_amr_core,pending,,,,
EPMC-0789,39157462,10.1093/pnasnexus/pgae317,The dynamics of the midgut microbiome in <i>Aedes aegypti</i> during digestion reveal putative symbionts.,2024,,Q3_amr_core,pending,,,,
EPMC-0790,38920380,10.1128/msystems.00520-24,The giant panda gut harbors a high diversity of lactic acid bacteria revealed by a novel culturomics pipeline.,2024,,Q3_amr_core,pending,,,,
EPMC-0791,38383544,10.1038/s41467-024-45761-7,The plasmidome associated with Gram-negative bloodstream infections: A large-scale observational study using complete plasmid assemblies.,2024,,Q3_amr_core,pending,,,,
EPMC-0792,39235252,10.1128/spectrum.03838-23,"TolRad, a model for predicting radiation tolerance using Pfam annotations, identifies novel radiosensitive bacterial species from reference genomes and MAGs.",2024,,Q3_amr_core,pending,,,,
EPMC-0793,38765059,10.1021/acsenvironau.3c00074,Toward Characterizing Environmental Sources of Non-tuberculous Mycobacteria (NTM) at the Species Level: A Tutorial Review of NTM Phylogeny and Phylogenetic Classification.,2024,,Q3_amr_core,pending,,,,
EPMC-0794,38705187,10.1098/rstb.2023.0120,"Towards holistic insect monitoring: species discovery, description, identification and traits for all insects.",2024,,Q3_amr_core,pending,,,,
EPMC-0795,39144214,10.3389/fmicb.2024.1398886,Toxin-antitoxin system gene mutations driving <i>Mycobacterium tuberculosis</i> transmission revealed by whole genome sequencing.,2024,,Q1_protocol_broad|Q3_amr_core,pending,,,,
EPMC-0796,39240541,10.1093/gpbjnl/qzad008,TransCell: In Silico Characterization of Genomic Landscape and Cellular Responses by Deep Transfer Learning.,2024,,Q2_block_holdout_focus,pending,,,,
EPMC-0797,39338368,10.3390/ph17091206,Transmission Dynamics and Novel Treatments of High Risk Carbapenem-Resistant <i>Klebsiella pneumoniae</i>: The Lens of One Health.,2024,,Q3_amr_core,pending,,,,
EPMC-0798,38856093,10.1093/g3journal/jkae094,Transposase-assisted tagmentation: an economical and scalable strategy for single-worm whole-genome sequencing.,2024,,Q2_block_holdout_focus,pending,,,,
EPMC-0799,39264872,10.1371/journal.ppat.1012418,Turning the needle into the haystack: Culture-independent amplification of complex microbial genomes directly from their native environment.,2024,,Q2_block_holdout_focus|Q3_amr_core,pending,,,,
EPMC-0800,39386059,10.1039/d4md00449c,Understanding the mechanisms of antimicrobial resistance and potential therapeutic approaches against the Gram-negative pathogen &lt;i&gt;Acinetobacter baumannii&lt;/i&gt;.,2024,,Q3_amr_core,pending,,,,
EPMC-0801,39624034,10.3389/fmed.2024.1480257,"Understanding the role of <i>Staphylococcus aureus</i> in atopic dermatitis: strain diversity, microevolution, and prophage influences.",2024,,Q2_block_holdout_focus|Q3_amr_core,pending,,,,
EPMC-0802,38707536,10.1016/j.csbj.2024.04.035,Unitig-centered pan-genome machine learning approach for predicting antibiotic resistance and discovering novel resistance genes in bacterial strains.,2024,,Q1_protocol_broad|Q2_block_holdout_focus|Q3_amr_core,pending,,,,
EPMC-0803,,10.1101/2024.10.04.616648,Universal rules govern plasmid copy number,2024,,Q3_amr_core,pending,,,,
EPMC-0804,38117088,10.1128/mbio.03023-23,Unraveling the evolutionary dynamics of toxin-antitoxin systems in diverse genetic lineages of &lt;i&gt;Escherichia coli&lt;/i&gt; including the high-risk clonal complexes.,2024,,Q3_amr_core,pending,,,,
EPMC-0805,39390673,10.1093/femsre/fuae025,"Unraveling the genomic diversity of the Pseudomonas putida group: exploring taxonomy, core pangenome, and antibiotic resistance mechanisms.",2024,,Q3_amr_core,pending,,,,
EPMC-0806,39591316,10.3390/vetsci11110542,Unravelling Antimicrobial Resistance in <i>Mycoplasma hyopneumoniae</i>: Genetic Mechanisms and Future Directions.,2024,,Q1_protocol_broad|Q3_amr_core,pending,,,,
EPMC-0807,39650519,10.7717/peerj-cs.2443,Unsupervised learning analysis on the proteomes of Zika virus.,2024,,Q2_block_holdout_focus,pending,,,,
EPMC-0808,39409782,10.3390/ani14192833,Unveiling Insights into the Whole Genome Sequencing of <i>Mycobacterium</i> spp. Isolated from Siamese Fighting Fish (<i>Betta splendens</i>).,2024,,Q3_amr_core,pending,,,,
EPMC-0809,39386776,10.1016/j.heliyon.2024.e38079,Unveiling mechanisms of antimicrobial peptide: Actions beyond the membranes disruption.,2024,,Q3_amr_core,pending,,,,
EPMC-0810,38689099,10.1038/s41592-024-02262-1,Unveiling microbial diversity: harnessing long-read sequencing technology.,2024,,Q2_block_holdout_focus|Q3_amr_core,pending,,,,
EPMC-0811,38909293,10.1093/nar/gkae528,"Unveiling the microbial realm with VEBA 2.0: a modular bioinformatics suite for end-to-end genome-resolved prokaryotic, (micro)eukaryotic and viral multi-omics from either short- or long-read sequencing.",2024,,Q3_amr_core,pending,,,,
EPMC-0812,39583096,10.1016/j.jhepr.2024.101209,Use of artificial intelligence for liver diseases: A survey from the EASL congress 2024.,2024,,Q2_block_holdout_focus,pending,,,,
EPMC-0813,39345263,10.3389/fmicb.2024.1460335,Use of whole genome sequencing for surveillance and control of foodborne diseases: <i>status quo</i> and <i>quo vadis</i>.,2024,,Q1_protocol_broad|Q3_amr_core,pending,,,,
EPMC-0814,39775233,10.1371/journal.pcbi.1012579,Using genomic data and machine learning to predict antibiotic resistance: A tutorial paper.,2024,,Q1_protocol_broad|Q2_block_holdout_focus|Q3_amr_core,pending,,,,
EPMC-0815,39413052,10.1371/journal.pdig.0000641,Using interpretable machine learning to predict bloodstream infection and antimicrobial resistance in patients admitted to ICU: Early alert predictors based on EHR data to guide antimicrobial stewardship.,2024,,Q3_amr_core,pending,,,,
EPMC-0816,38539073,10.1186/s12859-024-05648-2,Utilizing genomic signatures to gain insights into the dynamics of SARS-CoV-2 through Machine and Deep Learning techniques.,2024,,Q1_protocol_broad|Q3_amr_core,pending,,,,
EPMC-0817,38644962,10.3389/fcimb.2024.1377225,Vaginal microbiota molecular profiling and diagnostic performance of artificial intelligence-assisted multiplex PCR testing in women with bacterial vaginosis: a single-center experience.,2024,,Q2_block_holdout_focus,pending,,,,
EPMC-0818,38860784,10.1128/spectrum.00143-24,Variation in the response to antibiotics and life-history across the major &lt;i&gt;Pseudomonas aeruginosa&lt;/i&gt; clone type (mPact) panel.,2024,,Q1_protocol_broad|Q2_block_holdout_focus|Q3_amr_core,pending,,,,
EPMC-0819,39203578,10.3390/microorganisms12081736,Viral Diversity and Ecological Impact of DNA Viruses in Dominant Tick Species in China.,2024,,Q3_amr_core,pending,,,,
EPMC-0820,39078126,10.1128/aem.00695-24,Viral and thermal lysis facilitates transmission of antibiotic resistance genes during composting.,2024,,Q3_amr_core,pending,,,,
EPMC-0821,38868508,10.1002/imt2.175,Wekemo Bioincloud: A user-friendly platform for meta-omics data analyses.,2024,,Q3_amr_core,pending,,,,
EPMC-0822,38402870,10.1159/000538002,Whole Genome Sequencing: Applications in Clinical Bacteriology.,2024,,Q1_protocol_broad|Q3_amr_core,pending,,,,
EPMC-0823,39535493,10.1002/advs.202400458,Wise Roles and Future Visionary Endeavors of Current Emperor: Advancing Dynamic Methods for Longitudinal Microbiome Meta-Omics Data in Personalized and Precision Medicine.,2024,,Q3_amr_core,pending,,,,
EPMC-0824,38453959,10.1038/s41467-024-46302-y,bacLIFE: a user-friendly computational workflow for genome analysis and prediction of lifestyle-associated genes in bacteria.,2024,,Q2_block_holdout_focus,pending,,,,
EPMC-0825,39058033,10.1128/msphere.00432-24,mSphere of Influence: Predicting the evolution of pathogen populations.,2024,,Q3_amr_core,pending,,,,
EPMC-0826,38487846,10.1093/bib/bbae085,metaProbiotics: a tool for mining probiotic from metagenomic binning data based on a language model.,2024,,Q2_block_holdout_focus,pending,,,,
EPMC-0827,39230688,10.1093/bioinformatics/btae398,skandiver: a divergence-based analysis tool for identifying intercellular mobile genetic elements.,2024,,Q2_block_holdout_focus|Q3_amr_core,pending,,,,
EPMC-0828,40654514,10.1093/femsml/uqaf014,"""French Phage Network"" annual conference: ninth meeting report.",2025,,Q3_amr_core,pending,,,,
EPMC-0829,40478766,10.1099/mgen.0.001420,&lt;i&gt;Enterococcus lactis&lt;/i&gt; is ecologically and genetically distinct from the major opportunistic pathogen &lt;i&gt;Enterococcus faecium&lt;/i&gt;.,2025,,Q1_protocol_broad|Q2_block_holdout_focus|Q3_amr_core,pending,,,,
EPMC-0830,41300746,10.3390/genes16111294,"&lt;i&gt;FCER1A&lt;/i&gt; Downregulation in Infectious Pneumonia: A Multi-Modal Study Combining Bioinformatics, Animal Models, and Reverse Pharmacology.",2025,,Q2_block_holdout_focus,pending,,,,
EPMC-0831,40352355,10.3389/fbioe.2025.1529655,&lt;i&gt;In situ&lt;/i&gt; intein-mediated multiprotein assembly via engineered cross-species consortia.,2025,,Q3_amr_core,pending,,,,
EPMC-0832,41070121,10.3389/fmicb.2025.1650631,&lt;i&gt;Poncirus trifoliata&lt;/i&gt; vs. &lt;i&gt;Citrus junos&lt;/i&gt; rootstocks: reshaping lemon rhizosphere microecology through microbial and metabolic reprogramming.,2025,,Q3_amr_core,pending,,,,
EPMC-0833,41170168,10.46234/ccdcw2025.226,&lt;i&gt;Salmonella&lt;/i&gt; &lt;i&gt;enterica&lt;/i&gt; ST8333 Was Isolated as Early as July 2015.,2025,,Q1_protocol_broad|Q3_amr_core,pending,,,,
EPMC-0834,40872707,10.3390/vetsci12080757,"&lt;i&gt;Staphylococci&lt;/i&gt; in Livestock: Molecular Epidemiology, Antimicrobial Resistance, and Translational Strategies for One Health Protection.",2025,,Q1_protocol_broad|Q2_block_holdout_focus|Q3_amr_core,pending,,,,
EPMC-0835,40868004,10.3390/antibiotics14080810,"&lt;i&gt;Staphylococcus aureus&lt;/i&gt; in Bovine Mastitis: A Narrative Review of Prevalence, Antimicrobial Resistance, and Advances in Detection Strategies.",2025,,Q1_protocol_broad|Q2_block_holdout_focus|Q3_amr_core,pending,,,,
EPMC-0836,40426537,10.3390/antibiotics14050470,&lt;i&gt;Staphylococcus aureus&lt;/i&gt;: A Review of the Pathogenesis and Virulence Mechanisms.,2025,,Q3_amr_core,pending,,,,
EPMC-0837,40742145,10.1128/cmr.00082-25,"&lt;i&gt;Streptococcus pneumoniae&lt;/i&gt; β-lactam resistance: epidemiological trends, molecular drivers, and innovative control strategies in the post-pandemic era.",2025,,Q1_protocol_broad|Q3_amr_core,pending,,,,
EPMC-0838,40430823,10.3390/pathogens14050504,A Complete Transfer Learning-Based Pipeline for Discriminating Between Select Pathogenic Yeasts from Microscopy Photographs.,2025,,Q2_block_holdout_focus,pending,,,,
EPMC-0839,41301610,10.3390/antibiotics14111115,"A Comprehensive Overview of Antimicrobial Peptides: Broad-Spectrum Activity, Computational Approaches, and Applications.",2025,,Q3_amr_core,pending,,,,
EPMC-0840,40711131,10.3390/toxins17070319,A Comprehensive Review of Detection Methods for &lt;i&gt;Staphylococcus aureus&lt;/i&gt; and Its Enterotoxins in Food: From Traditional to Emerging Technologies.,2025,,Q1_protocol_broad|Q3_amr_core,pending,,,,
EPMC-0841,41440361,10.3390/dj13120603,A Crosstalk Between Periodontal Disease and Human Immunodeficiency Virus: Application of Artificial Intelligence and Machine Learning in Risk Assessment and Diagnosis-A Narrative Review.,2025,,Q1_protocol_broad|Q2_block_holdout_focus|Q3_amr_core,pending,,,,
EPMC-0842,41227298,10.3390/cells14211653,A Focus on Inflammatory and Bacterial Biomarkers in Secondary Peritonitis.,2025,,Q2_block_holdout_focus|Q3_amr_core,pending,,,,
EPMC-0843,39943164,10.3390/ani15030394,A Global Comparative Genomic Analysis of Major Bacterial Pathogens in Bovine Mastitis and Lameness.,2025,,Q1_protocol_broad|Q2_block_holdout_focus|Q3_amr_core,pending,,,,
EPMC-0844,40287855,10.1158/2159-8290.cd-25-0230,A Guide to Extrachromosomal DNA: Cancer's Dynamic Circular Genome.,2025,,Q3_amr_core,pending,,,,
EPMC-0845,40941745,10.3390/diagnostics15172258,A Novel Knowledge Fusion Ensemble for Diagnostic Differentiation of Pediatric Pneumonia and Acute Bronchitis.,2025,,Q3_amr_core,pending,,,,
EPMC-0846,40868034,10.3390/antibiotics14080840,A Practical Framework for Environmental Antibiotic Resistance Monitoring in Freshwater Ecosystems.,2025,,Q3_amr_core,pending,,,,
EPMC-0847,41235667,10.1021/acs.jcim.5c02266,A Review of Topological Data Analysis and Topological Deep Learning in Molecular Sciences.,2025,,Q2_block_holdout_focus|Q3_amr_core,pending,,,,
EPMC-0848,40863943,10.3390/toxics13080667,A Review on the Degradation of Antibiotic Resistance Genes During Composting of Livestock Manure.,2025,,Q3_amr_core,pending,,,,
EPMC-0849,41465521,10.3390/ijms262412095,A Systematic Review of Alternative Artemisinin Production Strategies.,2025,,Q2_block_holdout_focus,pending,,,,
EPMC-0850,40882916,10.1016/j.jbc.2025.110634,A biosynthetic pathway for ornithine lipid formation dependent on a GH3 (Gretchen Hagen 3)-like enzyme in planctomycetes.,2025,,Q3_amr_core,pending,,,,
EPMC-0851,40687886,10.1515/medgen-2025-2024,A clinician's guide to AAV production - How manufacturing platforms shape vector properties.,2025,,Q3_amr_core,pending,,,,
EPMC-0852,41326763,10.1007/s00018-025-05952-x,A comparative review of single-cell atlases: mapping cellular diversity across species and tissues.,2025,,Q2_block_holdout_focus,pending,,,,
EPMC-0853,40562837,10.1038/s41559-025-02752-1,A composite universal DNA signature for the tree of life.,2025,,Q1_protocol_broad|Q2_block_holdout_focus,pending,,,,
EPMC-0854,40764303,10.1038/s41540-025-00568-0,A computational framework for inferring species dynamics and interactions with applications in microbiota ecology.,2025,,Q2_block_holdout_focus,pending,,,,
EPMC-0855,40442190,10.1038/s41597-025-05230-2,A curated benchmark dataset for molecular identification based on genome skimming.,2025,,Q2_block_holdout_focus,pending,,,,
EPMC-0856,39832513,10.1016/s1473-3099(24)00729-1,A framework towards implementation of sequencing for antimicrobial-resistant and other health-care-associated pathogens.,2025,,Q3_amr_core,pending,,,,
EPMC-0857,,10.1101/2025.11.23.690048,A generalizable cross-continent prediction of esophageal squamous cell carcinoma using the oral microbiome,2025,,Q1_protocol_broad|Q2_block_holdout_focus,pending,,,,
EPMC-0858,41044364,10.1038/s41564-025-02114-4,A generative artificial intelligence approach for the discovery of antimicrobial peptides against multidrug-resistant bacteria.,2025,,Q2_block_holdout_focus|Q3_amr_core,pending,,,,
EPMC-0859,40816267,10.1016/j.cell.2025.07.033,A generative deep learning approach to de novo antibiotic design.,2025,,Q2_block_holdout_focus,pending,,,,
EPMC-0860,40096063,10.1371/journal.ppat.1012992,A genomic and phenotypic investigation of pigeon-adaptive Salmonella.,2025,,Q1_protocol_broad|Q3_amr_core,pending,,,,
EPMC-0861,41253804,10.1038/s41467-025-65102-6,A global soil plasmidome resource unveils functional and ecological roles of plasmids in soil microbiomes.,2025,,Q1_protocol_broad|Q3_amr_core,pending,,,,
EPMC-0862,40997149,10.1371/journal.pone.0332794,A graph neural network-based approach for predicting SARS-CoV-2-human protein interactions from multiview data.,2025,,Q2_block_holdout_focus,pending,,,,
EPMC-0863,41030352,10.3389/fpubh.2025.1589562,"A healthcare-associated outbreak of hepatitis C virus infections attributable to tampering injectable anaesthetic opioids, South Germany, 2017-2018.",2025,,Q3_amr_core,pending,,,,
EPMC-0864,40113903,10.1038/s41588-025-02129-x,A likelihood-based framework for demographic inference from genealogical trees.,2025,,Q3_amr_core,pending,,,,
EPMC-0865,41174147,10.1038/s41598-025-22075-2,A machine learning approach to predict strain-specific phage-host interactions.,2025,,Q1_protocol_broad|Q2_block_holdout_focus,pending,,,,
EPMC-0866,40530955,10.7554/elife.99849,A multi-gene predictive model for the radiation sensitivity of nasopharyngeal carcinoma based on machine learning.,2025,,Q2_block_holdout_focus,pending,,,,
EPMC-0867,,10.1101/2025.09.20.677523,"A natural history of AMR in  <i>Klebsiella pneumoniae</i>  : Global diversity, predictors, and predictions of evolutionary pathways",2025,,Q1_protocol_broad|Q3_amr_core,pending,,,,
EPMC-0868,40052785,10.1128/spectrum.01462-24,A nomogram prediction model for embryo implantation outcomes based on the cervical microbiota of the infertile patients during IVF-FET.,2025,,Q2_block_holdout_focus,pending,,,,
EPMC-0869,39929958,10.1038/s41598-025-89148-0,A novel in silico molecular tool for comprehensive differentiation of Mycobacterium species.,2025,,Q3_amr_core,pending,,,,
EPMC-0870,40969553,10.3389/fcimb.2025.1614232,"A one health perspective on multidrug-resistant bacterial infections: integrated approaches for surveillance, policy and innovation.",2025,,Q2_block_holdout_focus,pending,,,,
EPMC-0871,40213269,10.1016/j.csbj.2025.03.024,A review on the applications of Transformer-based language models for nucleotide sequence analysis.,2025,,Q1_protocol_broad|Q2_block_holdout_focus,pending,,,,
EPMC-0872,41023609,10.1186/s12864-025-12039-1,A stacked ensemble classifier for the discovery of prokaryotic efflux proteins based on sequence information.,2025,,Q3_amr_core,pending,,,,
EPMC-0873,41613139,10.3389/fimmu.2025.1711388,A stage specific NETs-related signature in alcoholic steatohepatitis: from molecular subtyping to therapeutic vulnerabilities.,2025,,Q2_block_holdout_focus,pending,,,,
EPMC-0874,40291031,10.3389/fmed.2025.1545678,A systematic review of hypervirulent &lt;i&gt;Klebsiella pneumoniae&lt;/i&gt; research: bibliometric and topic modeling perspectives.,2025,,Q3_amr_core,pending,,,,
EPMC-0875,41635571,10.3389/fgene.2025.1694070,A systematic review on the generative AI applications in human medical genetics.,2025,,Q2_block_holdout_focus|Q3_amr_core,pending,,,,
EPMC-0876,40662566,10.1080/21505594.2025.2533414,A systematic survey of type I secretion systems and their substrate proteins in &lt;i&gt;Salmonella&lt;/i&gt;.,2025,,Q3_amr_core,pending,,,,
EPMC-0877,41331261,10.1038/s41597-025-06319-4,A whole-genome sequencing dataset of nanopore raw signals for bacterial genotyping and methylation analysis.,2025,,Q1_protocol_broad|Q2_block_holdout_focus,pending,,,,
EPMC-0878,40282920,10.3390/medicina61040629,AI and Machine Learning for Precision Medicine in Acute Pancreatitis: A Narrative Review.,2025,,Q3_amr_core,pending,,,,
EPMC-0879,41154856,10.3390/biology14101453,AI and Machine Learning in Biology: From Genes to Proteins.,2025,,Q2_block_holdout_focus,pending,,,,
EPMC-0880,40275402,10.1186/s42523-025-00410-2,AI for rapid identification of major butyrate-producing bacteria in rhesus macaques (Macaca mulatta).,2025,,Q2_block_holdout_focus,pending,,,,
EPMC-0881,41228213,10.3390/cancers17213419,AI-Based Cancer Models in Oncology: From Diagnosis to ADC Drug Prediction.,2025,,Q2_block_holdout_focus,pending,,,,
EPMC-0882,41163310,10.1002/mnfr.70293,"AI-Driven Personalized Nutrition: Integrating Omics, Ethics, and Digital Health.",2025,,Q2_block_holdout_focus,pending,,,,
EPMC-0883,41451278,10.3389/fpls.2025.1718810,AI-driven advances in plant biotechnology: sharpening the edge of plant tissue culture and genome editing.,2025,,Q1_protocol_broad|Q2_block_holdout_focus,pending,,,,
EPMC-0884,40885731,10.1038/s41541-025-01258-y,"AI-driven epitope prediction: a system review, comparative analysis, and practical guide for vaccine development.",2025,,Q2_block_holdout_focus|Q3_amr_core,pending,,,,
EPMC-0885,40715814,10.1038/s41591-025-03788-3,AI-driven multi-omics modeling of myalgic encephalomyelitis/chronic fatigue syndrome.,2025,,Q2_block_holdout_focus,pending,,,,
EPMC-0886,40515956,10.1007/s10238-025-01753-5,"AI-driven techniques for detection and mitigation of SARS-CoV-2 spread: a review, taxonomy, and trends.",2025,,Q2_block_holdout_focus,pending,,,,
EPMC-0887,41602756,10.3389/fmicb.2025.1717859,AI-powered analysis of viral metagenomic sequencing data for rapid outbreak investigation and novel pathogen discovery.,2025,,Q1_protocol_broad|Q3_amr_core,pending,,,,
EPMC-0888,40193250,10.1016/j.xpro.2025.103733,AMRLearn: Protocol for a machine learning pipeline for characterization of antimicrobial resistance determinants in microbial genomic data.,2025,,Q1_protocol_broad|Q3_amr_core,pending,,,,
EPMC-0889,41583462,10.3389/fimmu.2025.1670993,ATOMIC: a graph attention network for atopic dermatitis prediction using human gut microbiome.,2025,,Q2_block_holdout_focus,pending,,,,
EPMC-0890,,,Abstracts from the 8th International Conference on Prevention & Infection Control (ICPIC 2025),2025,,Q3_amr_core,pending,,,,
EPMC-0891,,,"Abstracts of the papers presented in the international conference of Indian Virological Society, VIROCON 2024 on “Emerging viruses: pandemic and biosecurity perspectives” held during 11–13 November, 2024 at Defence Research and Development Establishment (DRDE), DRDO, Ministry of Defence, Gwalior, India",2025,,Q3_amr_core,pending,,,,
EPMC-0892,40185832,10.1038/s41467-025-58576-x,Accurate cross-species 5mC detection for Oxford Nanopore sequencing in plants with DeepPlant.,2025,,Q2_block_holdout_focus,pending,,,,
EPMC-0893,40835707,10.1038/s41598-025-16150-x,Accurate modeling and simulation of the effect of bacterial growth on the pH of culture media using artificial intelligence approaches.,2025,,Q1_protocol_broad|Q2_block_holdout_focus,pending,,,,
EPMC-0894,40300608,10.1016/j.crmeth.2025.101030,Accurate prediction of absolute prokaryotic abundance from DNA concentration.,2025,,Q2_block_holdout_focus,pending,,,,
EPMC-0895,41006282,10.1038/s41467-025-63436-9,Accurate prediction of gene deletion phenotypes with Flux Cone Learning.,2025,,Q1_protocol_broad|Q2_block_holdout_focus,pending,,,,
EPMC-0896,40399812,10.1186/s12864-025-11694-8,Accurate prediction of virulence factors using pre-train protein language model and ensemble learning.,2025,,Q3_amr_core,pending,,,,
EPMC-0897,41021605,10.1371/journal.ppat.1013536,Acinetobacter phages use distinct strategies to breach the capsule barrier.,2025,,Q3_amr_core,pending,,,,
EPMC-0898,40548716,10.1128/aac.01918-24,Active site loops of membrane-anchored metallo-β-lactamases from environmental bacteria determine cephalosporinase activity.,2025,,Q3_amr_core,pending,,,,
EPMC-0899,40142450,10.3390/microorganisms13030557,Advancements in Antibacterial Therapy: Feature Papers.,2025,,Q2_block_holdout_focus|Q3_amr_core,pending,,,,
EPMC-0900,39936709,10.1590/0037-8682-0178-2024,"Advancements in Viral Genomics: Gated Recurrent Unit Modeling of SARS-CoV-2, SARS, MERS, and Ebola viruses.",2025,,Q2_block_holdout_focus,pending,,,,
EPMC-0901,40094037,10.1016/j.jpi.2024.100408,"Advancements in pathology: Digital transformation, precision medicine, and beyond.",2025,,Q3_amr_core,pending,,,,
EPMC-0902,41409779,10.3389/ftox.2025.1667573,"Advancements in the &lt;i&gt;in vitro&lt;/i&gt; culture of human pluripotent stem cells: progress, challenges, and future directions: comprehensive review.",2025,,Q2_block_holdout_focus,pending,,,,
EPMC-0903,41716172,10.14202/vetworld.2025.3788-3805,"Advances and emerging technologies in the diagnosis of viral infections in pigs: Progress, challenges, and One Health perspectives.",2025,,Q2_block_holdout_focus,pending,,,,
EPMC-0904,41303685,10.3390/ijms262211202,Advances in Cytotoxicity Testing: From In Vitro Assays to In Silico Models.,2025,,Q2_block_holdout_focus,pending,,,,
EPMC-0905,41473688,10.1002/ggn2.202500041,Advances in Detecting RNA Modifications Using Direct RNA Nanopore Sequencing.,2025,,Q2_block_holdout_focus,pending,,,,
EPMC-0906,41614840,10.3390/cimb48010009,"Advances in Kiwifruit Postharvest Management: Convergence of Physiological Insights, Omics, and Nondestructive Technologies.",2025,,Q2_block_holdout_focus,pending,,,,
EPMC-0907,41333035,10.2147/jir.s555959,Advances in Necrotizing Fasciitis Animal Models: Current Trends and Future Perspectives.,2025,,Q2_block_holdout_focus|Q3_amr_core,pending,,,,
EPMC-0908,41300871,10.3390/diagnostics15222845,"Advances in Point-of-Care Infectious Disease Diagnostics: Integration of Technologies, Validation, Artificial Intelligence, and Regulatory Oversight.",2025,,Q2_block_holdout_focus|Q3_amr_core,pending,,,,
EPMC-0909,39796227,10.3390/ijms26010372,"Advances in Whole Genome Sequencing: Methods, Tools, and Applications in Population Genomics.",2025,,Q1_protocol_broad|Q2_block_holdout_focus|Q3_amr_core,pending,,,,
EPMC-0910,39891257,10.1186/s12985-025-02640-x,Advances in bioinformatics and multi-omics integration: transforming viral infectious disease research in veterinary medicine.,2025,,Q2_block_holdout_focus,pending,,,,
EPMC-0911,41635682,10.3389/fpls.2025.1747353,Advances in promoter engineering strategies for enhanced recombinant protein expression in plants.,2025,,Q2_block_holdout_focus,pending,,,,
EPMC-0912,41017815,10.1016/j.omtn.2025.102691,Advancing CRISPR with deep learning: A comprehensive review of models and databases.,2025,,Q1_protocol_broad|Q2_block_holdout_focus,pending,,,,
EPMC-0913,40223273,10.4014/jmb.2412.12001,Advancing Gut Microbiome Research: The Shift from Metagenomics to Multi-Omics and Future Perspectives.,2025,,Q3_amr_core,pending,,,,
EPMC-0914,39587856,10.3343/alm.2024.0354,Advancing Laboratory Medicine Practice With Machine Learning: Swift yet Exact.,2025,,Q2_block_holdout_focus,pending,,,,
EPMC-0915,41280731,10.1016/j.soh.2025.100131,Advancing One Health implementation and technological innovation in China: a technology assessment approach.,2025,,Q2_block_holdout_focus|Q3_amr_core,pending,,,,
EPMC-0916,41446414,10.1017/ash.2025.10191,"Advancing infection prevention and control through artificial intelligence: a scoping review of applications, barriers, and a decision-support checklist.",2025,,Q3_amr_core,pending,,,,
EPMC-0917,41455820,10.1038/s41598-025-33878-8,Advancing leprosy risk prediction through identification of a whole blood host transcriptomic biomarker signature including non-coding genes.,2025,,Q2_block_holdout_focus,pending,,,,
EPMC-0918,40721600,10.1038/s41538-025-00527-3,Advancing microbial risk assessment: perspectives from the evolution of detection technologies.,2025,,Q1_protocol_broad|Q3_amr_core,pending,,,,
EPMC-0919,40512301,10.1186/s40635-025-00766-4,Advancing omics technologies in acute respiratory distress syndrome: paving the way for personalized medicine.,2025,,Q2_block_holdout_focus,pending,,,,
EPMC-0920,41321829,10.3389/fmicb.2025.1684366,Advancing time-since-interval estimation for clandestine graves: a forensic ecogenomics perspective into burial and translocation timelines using massively parallel sequencing.,2025,,Q1_protocol_broad|Q2_block_holdout_focus,pending,,,,
EPMC-0921,41088209,10.1186/s12915-025-02374-w,Advancing virulence factor prediction using protein language models.,2025,,Q1_protocol_broad|Q2_block_holdout_focus,pending,,,,
EPMC-0922,40140944,10.1186/s13073-025-01458-0,Advantages of updated WHO mutation catalog combined with existing whole-genome sequencing-based approaches for Mycobacterium tuberculosis resistance prediction.,2025,,Q1_protocol_broad|Q2_block_holdout_focus,pending,,,,
EPMC-0923,40859318,10.1186/s12967-025-06986-2,Airway microbiota and immunity associated with chronic obstructive pulmonary disease severity.,2025,,Q3_amr_core,pending,,,,
EPMC-0924,41129223,10.1073/pnas.2523344122,All the world's a phage.,2025,,Q3_amr_core,pending,,,,
EPMC-0925,40880853,10.3389/fnins.2025.1623165,Altered gut microbial networks and metabolic pathways in multiple system atrophy: a comparative 16S rRNA study.,2025,,Q2_block_holdout_focus,pending,,,,
EPMC-0926,40598389,10.1186/s12915-025-02253-4,AmpHGT: expanding prediction of antimicrobial activity in peptides containing non-canonical amino acids using multi-view constrained heterogeneous graph transformer.,2025,,Q2_block_holdout_focus|Q3_amr_core,pending,,,,
EPMC-0927,40011297,10.1007/s11274-025-04292-z,Amphibian skin bacteria contain a wide repertoire of genes linked to their antifungal capacities.,2025,,Q3_amr_core,pending,,,,
EPMC-0928,40928958,10.1099/mgen.0.001421,AmpliconTyper - a tool for analysing ONT multiplex PCR data from environmental and other complex samples.,2025,,Q1_protocol_broad|Q3_amr_core,pending,,,,
EPMC-0929,,10.1101/2025.01.30.635642,AmpliconTyper – tool for analysing ONT multiplex PCR data from environmental and other mixed sources,2025,,Q3_amr_core,pending,,,,
EPMC-0930,40359007,10.3201/eid3113.241506,An Advanced Molecular Detection Roadmap for Nonlaboratorians.,2025,,Q1_protocol_broad|Q3_amr_core,pending,,,,
EPMC-0931,40733600,10.3390/v17070983,An Update on RNA Virus Discovery: Current Challenges and Future Perspectives.,2025,,Q2_block_holdout_focus,pending,,,,
EPMC-0932,40854916,10.1038/s41598-025-13178-x,An efficient machine-learning framework for predicting protein post-translational modification sites.,2025,,Q1_protocol_broad|Q2_block_holdout_focus,pending,,,,
EPMC-0933,40586574,10.1128/mbio.00694-25,An exciting future for microbial molecular biology and physiology.,2025,,Q3_amr_core,pending,,,,
EPMC-0934,41541062,10.1016/j.bsheal.2025.11.001,An explainable artificial intelligence framework reveals mutations associated with drug resistance in &lt;i&gt;Mycobacterium tuberculosis&lt;/i&gt;.,2025,,Q1_protocol_broad|Q2_block_holdout_focus|Q3_amr_core,pending,,,,
EPMC-0935,39840394,10.1080/20002297.2025.2451921,An oral microbiota-based deep neural network model for risk stratification and prognosis prediction in gastric cancer.,2025,,Q2_block_holdout_focus,pending,,,,
EPMC-0936,41394079,10.1093/bioadv/vbaf222,"An overview of computational methods for gene prediction in eukaryotes: strengths, limitations, and future directions.",2025,,Q1_protocol_broad|Q2_block_holdout_focus,pending,,,,
EPMC-0937,40748940,10.1371/journal.pone.0327805,Analysis and comparison of the bacterial σ54 regulon: Evidence of phylogenetic trends in gene regulation.,2025,,Q3_amr_core,pending,,,,
EPMC-0938,40044971,10.1186/s13568-025-01846-0,Analysis of a novel phage as a promising biological agent targeting multidrug resistant Klebsiella pneumoniae.,2025,,Q3_amr_core,pending,,,,
EPMC-0939,41143420,10.1128/spectrum.03215-24,Analysis of gut microbiota in patients with AVS and identification of potential biomarkers: a cross-sectional study.,2025,,Q1_protocol_broad|Q2_block_holdout_focus,pending,,,,
EPMC-0940,40688383,10.1038/s43586-024-00376-6,Analysis of metagenomic data.,2025,,Q3_amr_core,pending,,,,
EPMC-0941,41982913,10.1016/j.engmic.2025.100208,Analysis of single-cell RNA sequencing data to examine the gastric inflammation-to-cancer transition and evaluation of the effect of probiotic on precancerous lesions.,2025,,Q2_block_holdout_focus,pending,,,,
EPMC-0942,40978070,10.46234/ccdcw2025.200,"Analysis on Cross-Species Transmission of Human-Suidae Zoonotic Viruses - Global, 1882-2022.",2025,,Q2_block_holdout_focus,pending,,,,
EPMC-0943,40698515,10.1002/mbo3.70034,Analyzing the Challenges and Opportunities Associated With Harnessing New Antibiotics From the Fungal Microbiome.,2025,,Q3_amr_core,pending,,,,
EPMC-0944,40138417,10.1126/sciadv.ads4355,Anthropogenic activity and climate change exacerbate the spread of pathogenic bacteria in the environment.,2025,,Q2_block_holdout_focus|Q3_amr_core,pending,,,,
EPMC-0945,41429182,10.1111/1758-2229.70267,Antibiotic Resistance Crisis: From Bacterial Bioprospecting to Artificial Intelligence.,2025,,Q1_protocol_broad|Q3_amr_core,pending,,,,
EPMC-0946,40453710,10.3389/fcimb.2025.1526028,"Antibiotic resistance, virulence gene, phylogenetic group and genetic diversity of &lt;i&gt;Escherichia coli&lt;/i&gt; isolated from Tibetan pig farms in Garze Tibetan Autonomous Prefecture, Sichuan, China.",2025,,Q1_protocol_broad|Q3_amr_core,pending,,,,
EPMC-0947,41316035,10.1186/s12879-025-12180-y,"Antibiotic susceptibility patterns of clinical isolates of salmonella species producing extended spectrum beta lactamases as predictor of multidrug resistance in a tertiary hospital, Southeastern Nigeria.",2025,,Q1_protocol_broad|Q3_amr_core,pending,,,,
EPMC-0948,40872642,10.3390/vetsci12080691,Antimicrobial Resistance in Commensal Bacteria from Large-Scale Chicken Flocks in the Dél-Alföld Region of Hungary.,2025,,Q2_block_holdout_focus|Q3_amr_core,pending,,,,
EPMC-0949,40564260,10.3390/ani15121708,Antimicrobial Resistance in European Companion Animals Practice: A One Health Approach.,2025,,Q2_block_holdout_focus|Q3_amr_core,pending,,,,
EPMC-0950,40014930,10.2460/ajvr.24.10.0314,Antimicrobial minimum inhibitory concentrations can be imputed from phenotypic data using a random forest approach.,2025,,Q1_protocol_broad|Q2_block_holdout_focus|Q3_amr_core,pending,,,,
EPMC-0951,40261713,10.1172/jci185430,Antimicrobial peptide developed with machine learning sequence optimization targets drug resistant Staphylococcus aureus in mice.,2025,,Q3_amr_core,pending,,,,
EPMC-0952,41561088,10.3389/fcimb.2025.1720027,Antimicrobial peptides: natural templates for next-generation therapeutics against antimicrobial resistance.,2025,,Q1_protocol_broad|Q2_block_holdout_focus|Q3_amr_core,pending,,,,
EPMC-0953,40135877,10.1128/aac.01657-24,"Antimicrobial resistance of pet-derived bacteria in China, 2000-2020.",2025,,Q2_block_holdout_focus|Q3_amr_core,pending,,,,
EPMC-0954,41195077,10.3389/fvets.2025.1642910,Antimicrobial susceptibility profiles of &lt;i&gt;Enterococcus&lt;/i&gt; spp. isolates from domestic pigeons in Hungary in 2022.,2025,,Q2_block_holdout_focus,pending,,,,
EPMC-0955,40868941,10.3390/life15081293,"Antioxidant Defense Systems in Plants: Mechanisms, Regulation, and Biotechnological Strategies for Enhanced Oxidative Stress Tolerance.",2025,,Q2_block_holdout_focus,pending,,,,
EPMC-0956,40439429,10.1128/msphere.00027-25,Application of a high-resolution melt assay for monitoring SARS-CoV-2 variants in Burkina Faso and Kenya.,2025,,Q3_amr_core,pending,,,,
EPMC-0957,40547796,10.3389/fmicb.2025.1603986,Application of matrix-assisted laser desorption ionization time-of-flight mass spectrometry in the detection of vancomycin-resistant and-susceptible &lt;i&gt;Enterococcus faecium&lt;/i&gt;.,2025,,Q2_block_holdout_focus|Q3_amr_core,pending,,,,
EPMC-0958,41030550,10.3389/fmicb.2025.1604032,Application of the transposon-associated TnpB system of CRISPR-Cas in bacteria: &lt;i&gt;Deinococcus&lt;/i&gt;.,2025,,Q2_block_holdout_focus,pending,,,,
EPMC-0959,40771479,10.3389/fmed.2025.1630788,Applications and advances of multi-omics technologies in gastrointestinal tumors.,2025,,Q2_block_holdout_focus,pending,,,,
EPMC-0960,41140269,10.1093/jac/dkaf314,Applications and benefits of the British Society for Antimicrobial Chemotherapy Resistance Surveillance Project-legacy and future.,2025,,Q1_protocol_broad|Q3_amr_core,pending,,,,
EPMC-0961,41608688,10.3389/fmicb.2025.1738926,Applications and prospects of artificial intelligence in the auxiliary diagnosis of pediatric pulmonary tuberculosis.,2025,,Q3_amr_core,pending,,,,
EPMC-0962,41304932,10.3390/ph18111687,Applications of Genome Sequencing in Infectious Diseases: From Pathogen Identification to Precision Medicine.,2025,,Q1_protocol_broad|Q2_block_holdout_focus|Q3_amr_core,pending,,,,
EPMC-0963,40209072,10.1093/ije/dyaf032,Applying prospective tree-temporal scan statistics to genomic surveillance data to detect emerging SARS-CoV-2 variants and salmonellosis clusters in New York City.,2025,,Q3_amr_core,pending,,,,
EPMC-0964,39858924,10.3390/microorganisms13010156,Aquatic Invertebrate Antimicrobial Peptides in the Fight Against Aquaculture Pathogens.,2025,,Q2_block_holdout_focus|Q3_amr_core,pending,,,,
EPMC-0965,39670743,10.1128/jvi.01737-24,Aquatic circoviruses: emerging pathogens in global aquaculture - from discovery to disease management.,2025,,Q2_block_holdout_focus|Q3_amr_core,pending,,,,
EPMC-0966,38411602,10.1093/plcell/koae065,Arabidopsis as a model for translational research.,2025,,Q2_block_holdout_focus,pending,,,,
EPMC-0967,40815620,10.1371/journal.pbio.3003323,Archaea appropriate weaponry to breach the bacterial cell wall.,2025,,Q3_amr_core,pending,,,,
EPMC-0968,,10.1101/2025.11.29.691269,Aridity drives global convergence of desert microbiomes and biogeochemical activities,2025,,Q3_amr_core,pending,,,,
EPMC-0969,41463599,10.3390/bioengineering12121302,Artificial Intelligence Driven Innovation: Advancing Mesenchymal Stem Cell Therapies and Intelligent Biomaterials for Regenerative Medicine.,2025,,Q1_protocol_broad|Q2_block_holdout_focus|Q3_amr_core,pending,,,,
EPMC-0970,41153274,10.3390/diagnostics15202602,Artificial Intelligence in Infectious Disease Diagnostic Technologies.,2025,,Q1_protocol_broad|Q2_block_holdout_focus|Q3_amr_core,pending,,,,
EPMC-0971,41487832,10.7759/cureus.98306,Artificial Intelligence in Medicine With Emphasis on Orthopedic Practice.,2025,,Q3_amr_core,pending,,,,
EPMC-0972,40283559,10.3390/jcm14082729,Artificial Intelligence in Thoracic Surgery: A Review Bridging Innovation and Clinical Practice for the Next Generation of Surgical Care.,2025,,Q3_amr_core,pending,,,,
EPMC-0973,41153807,10.3390/biomedicines13102525,"Artificial Intelligence in the Management of Infectious Diseases in Older Adults: Diagnostic, Prognostic, and Therapeutic Applications.",2025,,Q3_amr_core,pending,,,,
EPMC-0974,39843210,10.1101/gr.278413.123,Artificial intelligence and machine learning in cell-free-DNA-based diagnostics.,2025,,Q2_block_holdout_focus,pending,,,,
EPMC-0975,39174307,10.1136/gutjnl-2023-331740,"Artificial intelligence applied to 'omics data in liver disease: towards a personalised approach for diagnosis, prognosis and treatment.",2025,,Q1_protocol_broad|Q2_block_holdout_focus,pending,,,,
EPMC-0976,41291759,10.1186/s12938-025-01487-1,Artificial intelligence at the gut-oral microbiota frontier: mapping machine learning tools for gastric cancer risk prediction.,2025,,Q1_protocol_broad|Q2_block_holdout_focus,pending,,,,
EPMC-0977,41403833,10.1016/j.isci.2025.114044,Artificial intelligence empowers gut microbiota research in neurodegenerative diseases molecular mechanisms and precision therapy.,2025,,Q1_protocol_broad|Q2_block_holdout_focus,pending,,,,
EPMC-0978,39972226,10.1038/s41586-024-08564-w,Artificial intelligence for modelling infectious disease epidemics.,2025,,Q2_block_holdout_focus,pending,,,,
EPMC-0979,40709592,10.7189/jogh.15.04192,Artificial intelligence for tuberculosis control: a scoping review of applications in public health.,2025,,Q2_block_holdout_focus,pending,,,,
EPMC-0980,41244612,10.3389/frai.2025.1681106,"Artificial intelligence-, organoid-, and organ-on-chip-powered models to improve pre-clinical animal testing of vaccines and immunotherapeutics: potential, progress, and challenges.",2025,,Q2_block_holdout_focus,pending,,,,
EPMC-0981,41112241,10.3389/fimmu.2025.1633989,Artificial intelligence-driven analysis of antibody and nucleic acid biomarkers for enhanced disease diagnostics.,2025,,Q2_block_holdout_focus,pending,,,,
EPMC-0982,41049729,10.1016/j.apsb.2025.07.030,"Artificial intelligence-driven multi-omics approaches in Alzheimer's disease: Progress, challenges, and future directions.",2025,,Q2_block_holdout_focus,pending,,,,
EPMC-0983,41274878,10.1038/s41467-025-66497-y,Assembly of the infant gut microbiome and resistome are linked to bacterial strains in mother's milk.,2025,,Q3_amr_core,pending,,,,
EPMC-0984,40807610,10.3390/foods14152672,Assessing Risks and Innovating Traceability in Campania's Illegal Mussel Sale: A One Health Perspective.,2025,,Q3_amr_core,pending,,,,
EPMC-0985,40119500,10.1080/21505594.2025.2481503,Assessment for antibiotic resistance in &lt;i&gt;Helicobacter pylori&lt;/i&gt;: A practical and interpretable machine learning model based on genome-wide genetic variation.,2025,,Q1_protocol_broad|Q2_block_holdout_focus|Q3_amr_core,pending,,,,
EPMC-0986,41310662,10.1186/s12967-025-07483-2,Association of multi-site microbial features with malignancy risk in pulmonary ground-glass nodules and identification of predictive biomarkers: a prospective multicenter cohort study.,2025,,Q1_protocol_broad|Q2_block_holdout_focus,pending,,,,
EPMC-0987,41062543,10.1038/s41598-025-18106-7,Associations of the intestinal microbiota with plasma bile acids and inflammation markers in Crohn's disease and ulcerative colitis.,2025,,Q1_protocol_broad|Q2_block_holdout_focus,pending,,,,
EPMC-0988,40497731,10.1128/jcm.00037-25,Automated identification of &lt;i&gt;Salmonella&lt;/i&gt; serotype using MALDI-TOF mass spectrometry and machine learning techniques.,2025,,Q2_block_holdout_focus|Q3_amr_core,pending,,,,
EPMC-0989,39963938,10.1093/molbev/msaf045,Avian Migration-Mediated Transmission and Recombination Driving the Diversity of Gammacoronaviruses and Deltacoronaviruses.,2025,,Q2_block_holdout_focus,pending,,,,
EPMC-0990,41768933,10.3389/fsysb.2025.1659648,Avian cecal microbiome response and resilience to Newcastle disease are dictated by breed background.,2025,,Q1_protocol_broad|Q3_amr_core,pending,,,,
EPMC-0991,40035424,10.7554/elife.101241,Avian-specific &lt;i&gt;Salmonella&lt;/i&gt; transition to endemicity is accompanied by localized resistome and mobilome interaction.,2025,,Q1_protocol_broad|Q3_amr_core,pending,,,,
EPMC-0992,40794952,10.1093/bib/bbaf401,BPA: a BERT-based priority annotation strategy for assessing the rationality of aquatic algal protein sequences.,2025,,Q2_block_holdout_focus,pending,,,,
EPMC-0993,,10.1101/2025.02.28.640835,"BaGPipe: an automated, reproducible, and flexible pipeline for bacterial genome-wide association studies",2025,,Q1_protocol_broad|Q3_amr_core,pending,,,,
EPMC-0994,41305364,10.3390/pathogens14111127,Bacterial Proteomics and Antibiotic Resistance Identification: Is Single-Cell Analysis a Worthwhile Pursuit?,2025,,Q1_protocol_broad|Q2_block_holdout_focus|Q3_amr_core,pending,,,,
EPMC-0995,41096595,10.3390/ijms26199326,Bacterial Systematic Genetics and Integrated Multi-Omics: Beyond Static Genomics Toward Predictive Models.,2025,,Q1_protocol_broad|Q3_amr_core,pending,,,,
EPMC-0996,40377303,10.1128/aem.02512-24,Bacterial genome-wide association studies: exploring the genetic variation underlying bacterial phenotypes.,2025,,Q3_amr_core,pending,,,,
EPMC-0997,40872508,10.3390/ph18081115,"Bacteriophage Therapy: Discovery, Development, and FDA Approval Pathways.",2025,,Q3_amr_core,pending,,,,
EPMC-0998,41188230,10.1038/s41467-025-65301-1,Basic reproduction number varies markedly between closely related pandemic Escherichia coli clones.,2025,,Q1_protocol_broad|Q3_amr_core,pending,,,,
EPMC-0999,41291260,10.1038/s41559-025-02912-3,Behavioural ecology in the twenty-first century.,2025,,Q3_amr_core,pending,,,,
EPMC-1000,41315262,10.1038/s41467-025-65823-8,Benchmarking DNA foundation models for genomic and genetic tasks.,2025,,Q2_block_holdout_focus,pending,,,,
EPMC-1001,41403881,10.20517/mrr.2025.75,Benchmarking and optimizing microbiome-based bioinformatics workflow for non-invasive detection of intestinal tumors.,2025,,Q1_protocol_broad|Q2_block_holdout_focus,pending,,,,
EPMC-1002,41141382,10.1016/j.btre.2025.e00931,Benchmarking long-read assembly tools and preprocessing strategies for bacterial genomes: A case study on &lt;i&gt;E. coli&lt;/i&gt; DH5α.,2025,,Q3_amr_core,pending,,,,
EPMC-1003,40128535,10.1038/s41467-025-57957-6,Benchmarking metagenomic binning tools on real datasets across sequencing platforms and binning modes.,2025,,Q3_amr_core,pending,,,,
EPMC-1004,,10.1101/2025.10.10.25337750,Benchmarking non-additive genetic effects on polygenic prediction and machine learning-based approaches,2025,,Q1_protocol_broad|Q3_amr_core,pending,,,,
EPMC-1005,40186338,10.1080/19490976.2025.2489074,Best practices for developing microbiome-based disease diagnostic classifiers through machine learning.,2025,,Q1_protocol_broad|Q2_block_holdout_focus,pending,,,,
EPMC-1006,41095966,10.3390/jcm14196886,"Beyond Cultures: The Evolving Role of Molecular Diagnostics, Synovial Biomarkers and Artificial Intelligence in the Diagnosis of Prosthetic Joint Infections.",2025,,Q2_block_holdout_focus|Q3_amr_core,pending,,,,
EPMC-1007,41190272,10.3389/fmicb.2025.1695567,Beyond H37Rv: &lt;i&gt;Mycobacterium tuberculosis&lt;/i&gt; pangenome structure and applications.,2025,,Q1_protocol_broad|Q2_block_holdout_focus|Q3_amr_core,pending,,,,
EPMC-1008,41263575,10.1128/mmbr.00278-24,Beyond antibiotic resistance: evidence for resistance-nodulation-division (RND) efflux pumps as virulence determinants.,2025,,Q3_amr_core,pending,,,,
EPMC-1009,41262455,10.1016/j.bsheal.2025.09.004,Beyond evolution: &lt;i&gt;De novo&lt;/i&gt; designed protein toolkit rewriting the rules of synthetic biology.,2025,,Q2_block_holdout_focus,pending,,,,
EPMC-1010,40864113,10.3390/tropicalmed10080210,Beyond the Usual Suspects: &lt;i&gt;Weeksella virosa&lt;/i&gt; as a Potential Human and Animal Pathogen.,2025,,Q3_amr_core,pending,,,,
EPMC-1011,41401143,10.1371/journal.pbio.3003539,Biased sampling driven by bacterial population structure confounds machine learning prediction of antimicrobial resistance.,2025,,Q1_protocol_broad|Q2_block_holdout_focus|Q3_amr_core,pending,,,,
EPMC-1012,41002013,10.1002/advs.202507564,Big Data and AI-Powered Modeling: A Pathway to Sustainable Precision Animal Nutrition.,2025,,Q2_block_holdout_focus,pending,,,,
EPMC-1013,40118924,10.1038/s41538-025-00394-y,Big data analytics in food industry: a state-of-the-art literature review.,2025,,Q1_protocol_broad|Q2_block_holdout_focus|Q3_amr_core,pending,,,,
EPMC-1014,41310118,10.1038/s42003-025-09111-7,Bile acids segregate metabolic syndrome in a cohort of 100 deeply phenotyped horses.,2025,,Q1_protocol_broad|Q2_block_holdout_focus,pending,,,,
EPMC-1015,40206347,10.1016/j.csbj.2025.03.030,Bile-Liver phenotype: Exploring the microbiota landscape in bile and intratumor of cholangiocarcinoma.,2025,,Q2_block_holdout_focus,pending,,,,
EPMC-1016,41146034,10.1186/s12859-025-06261-7,BioSet2Vec: extraction of k-mer dictionaries from multiple sets of biological sequences via big data technologies.,2025,,Q3_amr_core,pending,,,,
EPMC-1017,40824256,10.1097/hc9.0000000000000788,Bioartificial liver: Where lies the path ahead-A review.,2025,,Q3_amr_core,pending,,,,
EPMC-1018,40833034,10.1021/acs.biochem.5c00338,"Biochemical Applications of Microbial Rare Glycan Biosynthesis, Recognition, and Sequencing.",2025,,Q2_block_holdout_focus,pending,,,,
EPMC-1019,40284607,10.3390/microorganisms13040770,Biocontrol Effect of &lt;i&gt;Bacillus velezensis&lt;/i&gt; D7-8 on Potato Common Scab and Its Complete Genome Sequence Analysis.,2025,,Q1_protocol_broad|Q2_block_holdout_focus,pending,,,,
EPMC-1020,41422133,10.1007/s00248-025-02678-y,Biogeographic and Genomic Signatures of Thermal Adaptation in Facultative Symbionts.,2025,,Q2_block_holdout_focus,pending,,,,
EPMC-1021,40269515,10.1093/bib/bbaf176,Bioinformatic approaches to blood and tissue microbiome analyses: challenges and perspectives.,2025,,Q1_protocol_broad|Q2_block_holdout_focus|Q3_amr_core,pending,,,,
EPMC-1022,41472209,10.3390/v17121538,Bioinformatics Tools and Approaches for Virus Discovery in Genomic Data: A Systematic Review.,2025,,Q1_protocol_broad|Q3_amr_core,pending,,,,
EPMC-1023,41316447,10.1186/s13040-025-00499-w,Bioinformatics analysis of Rickettsia typhi autoimmune associations and screening of Streptomyces-derived inhibitors.,2025,,Q2_block_holdout_focus|Q3_amr_core,pending,,,,
EPMC-1024,41281356,10.3389/fragi.2025.1703698,Biomarker integration and biosensor technologies enabling AI-driven insights into biological aging.,2025,,Q2_block_holdout_focus,pending,,,,
EPMC-1025,41169380,10.3389/fimmu.2025.1681889,Biomimetic strategies of cell membrane vesicles driven by pathogen-host interactions: novel insights into antimicrobial immunotherapy and infection prevention.,2025,,Q2_block_holdout_focus,pending,,,,
EPMC-1026,40941824,10.3390/plants14172654,Biotechnological Test of Plant Growth-Promoting Bacteria Strains for Synthesis of Valorized Wastewater as Biofertilizer for Silvicultural Production of Holm Oak (&lt;i&gt;Quercus ilex&lt;/i&gt; L.).,2025,,Q3_amr_core,pending,,,,
EPMC-1027,41244871,10.3389/fpsyt.2025.1646533,Bipolar disorder integrative staging: incorporating biomarkers into progression across stages (BOARDING-PASS) - rationale and design.,2025,,Q2_block_holdout_focus,pending,,,,
EPMC-1028,40870551,10.3390/insects16080750,Black Soldier Fly: A Keystone Species for the Future of Sustainable Waste Management and Nutritional Resource Development: A Review.,2025,,Q3_amr_core,pending,,,,
EPMC-1029,40606769,10.1016/j.jlb.2025.100305,"Blood and urine-based biomarkers in prostate cancer: Current advances, clinical applications, and future directions.",2025,,Q2_block_holdout_focus,pending,,,,
EPMC-1030,41071609,10.1093/bib/bbaf526,Bottlenecks in advancing and applying multiomic data integration-common data resources as rate-limiting drivers-the high-impact use case of atherosclerotic cardiovascular disease.,2025,,Q2_block_holdout_focus,pending,,,,
EPMC-1031,40016372,10.1038/s44276-025-00129-2,Breaking barriers: we need a multidisciplinary approach to tackle cancer drug resistance.,2025,,Q3_amr_core,pending,,,,
EPMC-1032,41695528,10.3389/fpls.2025.1724403,"Breeding vegetables for whitefly resistance: past, present, and future in the AI era.",2025,,Q2_block_holdout_focus,pending,,,,
EPMC-1033,40708223,10.1093/bib/bbaf357,Bridging artificial intelligence and biological sciences: a comprehensive review of large language models in bioinformatics.,2025,,Q2_block_holdout_focus,pending,,,,
EPMC-1034,40079597,10.1128/aem.01388-24,Broiler litter moisture and trace metals contribute to the persistence of &lt;i&gt;Salmonella&lt;/i&gt; strains that harbor large plasmids carrying siderophores.,2025,,Q1_protocol_broad|Q3_amr_core,pending,,,,
EPMC-1035,40788178,10.1002/vms3.70557,"Brucellosis in Marine Mammals: Meta-Analysis of Prevalence, Infection Patterns, Host Specificity and Zoonotic Potential.",2025,,Q2_block_holdout_focus|Q3_amr_core,pending,,,,
EPMC-1036,40804855,10.3390/diagnostics15151890,Bug Wars: Artificial Intelligence Strikes Back in Sepsis Management.,2025,,Q1_protocol_broad|Q2_block_holdout_focus|Q3_amr_core,pending,,,,
EPMC-1037,41064230,10.2147/dmso.s557119,"CD44, ACAN, PLVAP, and HBEGF Emerged as Potential Biomarkers in Diabetic Retinopathy.",2025,,Q2_block_holdout_focus,pending,,,,
EPMC-1038,41318676,10.1186/s12967-025-07509-9,CD74&lt;sup&gt;+&lt;/sup&gt;CCL5&lt;sup&gt;+&lt;/sup&gt; effector CD8&lt;sup&gt;+&lt;/sup&gt; T cells drive mucosal inflammation and predict biologics response in inflammatory bowel disease.,2025,,Q2_block_holdout_focus,pending,,,,
EPMC-1039,41382144,10.1186/s12896-025-01086-x,CLAP-HMM: a biologically constrained deep learning framework for resistance gene prediction in long DNA sequences.,2025,,Q3_amr_core,pending,,,,
EPMC-1040,40198459,10.1007/s12672-025-02153-7,CLDN9 and hsa-miR-4496 as non-invasive biomarkers for gastric cancer detection.,2025,,Q2_block_holdout_focus,pending,,,,
EPMC-1041,40699706,10.3390/cimb47050307,CRISPR-Cas9 and Its Bioinformatics Tools: A Systematic Review.,2025,,Q2_block_holdout_focus,pending,,,,
EPMC-1042,41387457,10.1038/s41522-025-00882-9,CRISPR-engineered microbiome: living therapeutics revolutionize blood cancer immunotherapy.,2025,,Q2_block_holdout_focus|Q3_amr_core,pending,,,,
EPMC-1043,41473198,10.3389/fnut.2025.1698147,Can artificial intelligence uncover the bioactive peptides' benefits for human health and knowledge? A narrative review.,2025,,Q2_block_holdout_focus|Q3_amr_core,pending,,,,
EPMC-1044,41060905,10.1371/journal.pone.0332481,"Captivity-driven microbiota reshaping: A cross-species analysis of divergent patterns in the gut microbiota of giant pandas (Ailuropoda melanoleuca), red pandas (Ailurus fulgens), and Asiatic black bears (Ursus thibetanus).",2025,,Q2_block_holdout_focus,pending,,,,
EPMC-1045,40732008,10.3390/microorganisms13071501,"Carbapenem Resistance in &lt;i&gt;Acinetobacter baumannii&lt;/i&gt;: Mechanisms, Therapeutics, and Innovations.",2025,,Q1_protocol_broad|Q3_amr_core,pending,,,,
EPMC-1046,40273431,10.1093/bib/bbaf197,Carmna: classification and regression models for nitrogenase activity based on a pretrained large protein language model.,2025,,Q1_protocol_broad|Q2_block_holdout_focus,pending,,,,
EPMC-1047,41146290,10.1186/s13059-025-03839-5,CarpeDeam: a de novo metagenome assembler for heavily damaged ancient datasets.,2025,,Q3_amr_core,pending,,,,
EPMC-1048,41333919,10.1155/mi/6044837,Causal Gene Identification and Biomarker Prioritization in Periodontitis via Integrative Multiomics and Mendelian Randomization.,2025,,Q2_block_holdout_focus,pending,,,,
EPMC-1049,40936181,10.1111/jcmm.70839,Causal Mediation Role of Immune Cells in Gut Microbiota-Pneumonia Associations: A Mendelian Randomisation Study.,2025,,Q2_block_holdout_focus,pending,,,,
EPMC-1050,40826725,10.1097/md.0000000000044009,Causal association between gut microbiota and neonatal digestive system diseases: A Mendelian randomization study.,2025,,Q2_block_holdout_focus,pending,,,,
EPMC-1051,41003835,10.1007/s12672-025-02958-6,Causal relationship between gut microbiota and pituitary neuroendocrine tumors: a bidirectional Mendelian randomization.,2025,,Q2_block_holdout_focus,pending,,,,
EPMC-1052,41471968,10.3390/microorganisms13122766,Cell-to-Cell and Patient-to-Patient Variability in Antimicrobial Resistance.,2025,,Q1_protocol_broad|Q3_amr_core,pending,,,,
EPMC-1053,41433308,10.1371/journal.pone.0329425,Centriflaken: An automated data analysis pipeline for assembly and in silico analyses of foodborne pathogens from metagenomic samples.,2025,,Q1_protocol_broad|Q3_amr_core,pending,,,,
EPMC-1054,41300419,10.3390/biology14111631,"Chagas Disease in the 21st Century: Global Spread, Ecological Shifts, and Research Frontiers.",2025,,Q2_block_holdout_focus,pending,,,,
EPMC-1055,41218129,10.1128/aac.01097-25,Challenges and considerations for whole-genome-based antimicrobial resistance plasmid investigations.,2025,,Q1_protocol_broad|Q3_amr_core,pending,,,,
EPMC-1056,41090355,10.1172/jci191942,Challenges of early detection of pancreatic cancer.,2025,,Q2_block_holdout_focus,pending,,,,
EPMC-1057,40333137,10.3390/pathogens14040371,Change of Heart: Can Artificial Intelligence Transform Infective Endocarditis Management?,2025,,Q1_protocol_broad|Q2_block_holdout_focus|Q3_amr_core,pending,,,,
EPMC-1058,,10.21203/rs.3.rs-7332980/v1,Characterising the microbial and antimicrobial resistance signatures of hospital-acquired pneumonia using nanopore metagenomic sequencing,2025,,Q1_protocol_broad|Q3_amr_core,pending,,,,
EPMC-1059,40240564,10.1007/s00705-025-06282-w,"Characterization and genome analysis of the novel virulent Burkholderia phage Bm1, which is active against pan-drug-resistant Burkholderia multivorans.",2025,,Q3_amr_core,pending,,,,
EPMC-1060,39950776,10.1128/jvi.01901-24,Characterization and therapeutic potential of newly isolated bacteriophages against &lt;i&gt;Staphylococcus&lt;/i&gt; species in bovine mastitis.,2025,,Q3_amr_core,pending,,,,
EPMC-1061,40157986,10.1038/s41598-025-95398-9,Characterization and therapeutic potential of newly isolated bacteriophages targeting the most common Salmonella serovars in Europe.,2025,,Q3_amr_core,pending,,,,
EPMC-1062,40319096,10.1038/s41598-025-00237-6,Characterization of gut dysbiosis and intestinal barrier dysfunction in patients with metabolic dysfunction-associated steatotic liver disease and chronic kidney disease: a comparative study.,2025,,Q2_block_holdout_focus,pending,,,,
EPMC-1063,40351310,10.3389/fmicb.2025.1558006,Characterization of mycobacteria isolated from the Brazilian Atlantic Forest: a public health and bioprospection perspective.,2025,,Q3_amr_core,pending,,,,
EPMC-1064,40291807,10.3389/fmicb.2025.1570665,Characterization of the novel cross-genus phage vB_SmaS_QH3 and evaluation of its antibacterial efficacy against &lt;i&gt;Stenotrophomonas maltophilia&lt;/i&gt;.,2025,,Q2_block_holdout_focus|Q3_amr_core,pending,,,,
EPMC-1065,40969555,10.3389/fcimb.2025.1607798,Characterization of the oral virome in patients with diabetes mellitus.,2025,,Q2_block_holdout_focus,pending,,,,
EPMC-1066,40022070,10.1186/s12941-025-00783-x,"Characterization, genomic analysis and preclinical evaluation of the lytic Staphylococcus bacteriophage PSK against methicillin-resistant Staphylococcus aureus wound isolate.",2025,,Q3_amr_core,pending,,,,
EPMC-1067,41036838,10.1161/circulationaha.125.074971,Characterizing the Immune Response in Pig-to-Human Heart Xenografts Using a Multimodal Diagnostic System.,2025,,Q3_amr_core,pending,,,,
EPMC-1068,39505797,10.1007/s11357-024-01419-2,Characterizing the oral and gastrointestinal microbiome associated with healthy aging: insights from long-lived populations in Northeastern China.,2025,,Q2_block_holdout_focus,pending,,,,
EPMC-1069,41222234,10.1128/jvi.01554-25,Charting the virosphere: computational synergies of AI and bioinformatics in viral discovery and evolution.,2025,,Q1_protocol_broad|Q2_block_holdout_focus,pending,,,,
EPMC-1070,40724854,10.3390/ijms26146605,Chemosensory Receptors in Vertebrates: Structure and Computational Modeling Insights.,2025,,Q2_block_holdout_focus,pending,,,,
EPMC-1071,40681522,10.1038/s41522-025-00768-w,Chinese soy-based microbiome and associated microbial risks: a metagenomic investigation.,2025,,Q2_block_holdout_focus|Q3_amr_core,pending,,,,
EPMC-1072,40469257,10.1155/ghe3/8898076,"Cholera Outbreak in Nigeria: History, Review of Socioeconomic and Meteorological Drivers, Diagnostic Challenges, and Artificial Intelligence Integration.",2025,,Q3_amr_core,pending,,,,
EPMC-1073,40770074,10.1038/s42003-025-08590-y,Chronological age estimation from human microbiomes with transformer-based Robust Principal Component Analysis.,2025,,Q1_protocol_broad|Q2_block_holdout_focus,pending,,,,
EPMC-1074,,10.1101/2025.09.24.678318,Ciprofloxacin resistance in  <i>Klebsiella pneumoniae</i>  : phenotype prediction from genotype and global distribution of resistance determinants,2025,,Q1_protocol_broad|Q2_block_holdout_focus|Q3_amr_core,pending,,,,
EPMC-1075,41300856,10.3390/diagnostics15222830,Circulating Surfactant Protein-D for Risk Stratification in Paediatric Acute Lung Infections: A Systematic Review.,2025,,Q3_amr_core,pending,,,,
EPMC-1076,41301539,10.3390/biom15111621,Circulating microRNAs and Plasma Gelsolin as Biomarkers of Sepsis: Molecular Insights and Prospects for Precision Medicine.,2025,,Q2_block_holdout_focus|Q3_amr_core,pending,,,,
EPMC-1077,41245812,10.1093/jacamr/dlaf210,"Circulation of polyclonal OXA-244-producing &lt;i&gt;Escherichia coli&lt;/i&gt; lineages in Jerusalem, Israel.",2025,,Q1_protocol_broad|Q3_amr_core,pending,,,,
EPMC-1078,40629022,10.1038/s44259-025-00132-0,Citywide metagenomic surveillance of food centres reveals local microbial signatures and antibiotic resistance gene enrichment.,2025,,Q1_protocol_broad|Q3_amr_core,pending,,,,
EPMC-1079,40941864,10.3390/plants14172699,"Climate-Resilient Crops: Integrating AI, Multi-Omics, and Advanced Phenotyping to Address Global Agricultural and Societal Challenges.",2025,,Q2_block_holdout_focus,pending,,,,
EPMC-1080,,10.1101/2025.01.20.25320828,Clinical and bacterial determinants of unfavorable tuberculosis treatment outcomes: an observational study in Georgia,2025,,Q3_amr_core,pending,,,,
EPMC-1081,41239519,10.1186/s13073-025-01555-0,Clinical and bacterial determinants of unfavorable tuberculosis treatment outcomes: an observational study in Georgia.,2025,,Q1_protocol_broad|Q3_amr_core,pending,,,,
EPMC-1082,41169094,10.1002/ctm2.70512,Clinical application of single-cell RNA sequencing in disease and therapy.,2025,,Q3_amr_core,pending,,,,
EPMC-1083,40806657,10.3390/ijms26157529,"Cloning, Heterologous Expression, and Antifungal Activity Evaluation of a Novel Truncated TasA Protein from &lt;i&gt;Bacillus amyloliquefaciens&lt;/i&gt; BS-3.",2025,,Q2_block_holdout_focus,pending,,,,
EPMC-1084,40993375,10.1007/s00239-025-10262-8,Co-evolution of alpha-helical transmembrane protein residues: large-scale variant profiling and complete mutational landscape of 2277 known PDB entries representing 504 unique human protein sequences.,2025,,Q3_amr_core,pending,,,,
EPMC-1085,41257887,10.1038/s41598-025-24298-9,Coevolutionary signals in multiple sequence alignments improve virulence factor prediction with an MSA Transformer.,2025,,Q3_amr_core,pending,,,,
EPMC-1086,41278478,10.3389/fcimb.2025.1691215,Combating &lt;i&gt;Klebsiella pneumoniae&lt;/i&gt;: from antimicrobial resistance mechanisms to phage-based combination therapies.,2025,,Q2_block_holdout_focus|Q3_amr_core,pending,,,,
EPMC-1087,40871373,10.3390/microorganisms13081869,Combating Antimicrobial Resistance: Innovations and Strategies.,2025,,Q1_protocol_broad|Q3_amr_core,pending,,,,
EPMC-1088,40872511,10.3390/ph18081119,"Combating Antimicrobial Resistance: Innovative Strategies Using Peptides, Nanotechnology, Phages, &lt;i&gt;Quorum Sensing&lt;/i&gt; Interference, and CRISPR-Cas Systems.",2025,,Q2_block_holdout_focus,pending,,,,
EPMC-1089,39789158,10.1038/s41598-025-85799-1,Combining machine learning and single-cell sequencing to identify key immune genes in sepsis.,2025,,Q2_block_holdout_focus,pending,,,,
EPMC-1090,40759968,10.1038/s41467-025-62533-z,Combining mucosal microbiome and host multi-omics data shows prognostic potential in paediatric ulcerative colitis.,2025,,Q2_block_holdout_focus,pending,,,,
EPMC-1091,39731916,10.1016/j.chom.2024.12.002,Commensal-pathogen dynamics structure disease outcomes during Clostridioides difficile colonization.,2025,,Q3_amr_core,pending,,,,
EPMC-1092,40269473,10.1111/1758-2229.70088,Community-Level Metabolic Shifts Following Land Use Change in the Amazon Rainforest Identified by a Supervised Machine Leaning Approach.,2025,,Q2_block_holdout_focus,pending,,,,
EPMC-1093,41463758,10.3390/antibiotics14121257,Comparative Evaluation of Sequencing Technologies for Detecting Antimicrobial Resistance in Bloodstream Infections.,2025,,Q1_protocol_broad|Q3_amr_core,pending,,,,
EPMC-1094,41236214,10.1002/mbo3.70147,"Comparative Genomics of Lactococcus spp. From Global Aquaculture Outbreaks Reveals Virulence Determinants, Antibiotic Resistance, and Phage Defence Mechanisms.",2025,,Q1_protocol_broad|Q3_amr_core,pending,,,,
EPMC-1095,39952999,10.1038/s41598-025-90154-5,Comparative analysis of Legionella lytica genome identifies specific metabolic traits and virulence factors.,2025,,Q3_amr_core,pending,,,,
EPMC-1096,39948438,10.1038/s41588-025-02085-6,Comparative analysis of the Mexico City Prospective Study and the UK Biobank identifies ancestry-specific effects on clonal hematopoiesis.,2025,,Q3_amr_core,pending,,,,
EPMC-1097,39901471,10.4142/jvs.24259,Comparative epigenetics of domestic animals: focusing on DNA accessibility and its impact on gene regulation and traits.,2025,,Q2_block_holdout_focus,pending,,,,
EPMC-1098,40099182,10.3389/fmicb.2025.1515576,"Comparative genomic and antimicrobial resistance profiles of &lt;i&gt;Salmonella&lt;/i&gt; strains isolated from pork and human sources in Sichuan, China.",2025,,Q1_protocol_broad|Q2_block_holdout_focus|Q3_amr_core,pending,,,,
EPMC-1099,41466046,10.1038/s41598-025-33824-8,"Comparative genomics of Brucella species reveals key determinants of secondary metabolism, antimicrobial resistance, and virulence.",2025,,Q1_protocol_broad|Q3_amr_core,pending,,,,
EPMC-1100,41183489,10.1093/lambio/ovaf127,Comparative genomics reveals antimicrobial resistance and population structure of chicken-associated Salmonella enterica serotype Typhimurium in the United States.,2025,,Q1_protocol_broad|Q3_amr_core,pending,,,,
EPMC-1101,40547794,10.3389/fmicb.2025.1543610,Comparative genomics reveals key adaptive mechanisms in pathogen host-niche specialization.,2025,,Q1_protocol_broad|Q3_amr_core,pending,,,,
EPMC-1102,40013797,10.1128/msystems.01444-24,Comparative metagenome-associated analysis of gut microbiota and antibiotic resistance genes in acute gastrointestinal injury patients with the risk of in-hospital mortality.,2025,,Q3_amr_core,pending,,,,
EPMC-1103,41940202,10.4103/jisp.jisp_369_24,Comparing gradient boosting and neural networks in the prediction of intersecting genes in gingival epithelial immunity.,2025,,Q1_protocol_broad|Q2_block_holdout_focus,pending,,,,
EPMC-1104,40770294,10.1038/s41598-025-13879-3,Comparison of machine learning models for mucopolysaccharidosis early diagnosis using UAE medical records.,2025,,Q3_amr_core,pending,,,,
EPMC-1105,40522106,10.1128/spectrum.01200-25,Comparison of virulence and resistance genes in &lt;i&gt;Mannheimia haemolytica&lt;/i&gt; and &lt;i&gt;Pasteurella multocida&lt;/i&gt; from dairy cattle with and without bovine respiratory disease.,2025,,Q1_protocol_broad|Q3_amr_core,pending,,,,
EPMC-1106,41445923,10.1017/qpb.2025.10028,Complexity welcome: Pangenome graphs for comprehensive population genomics.,2025,,Q2_block_holdout_focus,pending,,,,
EPMC-1107,40422861,10.1128/spectrum.02540-24,"Comprehensive analysis of extensive drug-resistant &lt;i&gt;Salmonella&lt;/i&gt; Typhi in Gujarat region, India: genomic findings and prospective alternative therapy.",2025,,Q3_amr_core,pending,,,,
EPMC-1108,41356473,10.3389/fmicb.2025.1686402,"Comprehensive analysis of phage genomes from diverse environments reveals their diversity, potential applications, and interactions with hosts and other phages.",2025,,Q3_amr_core,pending,,,,
EPMC-1109,40687812,10.1016/j.isci.2025.112980,Comprehensive application of artificial intelligence in colorectal cancer: A review.,2025,,Q1_protocol_broad|Q2_block_holdout_focus,pending,,,,
EPMC-1110,41356466,10.3389/fmicb.2025.1673983,Comprehensive fecal metagenomic and metabolomic analysis reveals the role of gut microbiota and metabolites in detecting brain metastasis of small cell lung cancer.,2025,,Q1_protocol_broad|Q2_block_holdout_focus,pending,,,,
EPMC-1111,40129981,10.3389/fimmu.2025.1526174,Comprehensive integration of diagnostic biomarker analysis and immune cell infiltration features in sepsis via machine learning and bioinformatics techniques.,2025,,Q3_amr_core,pending,,,,
EPMC-1112,41064518,10.3389/fmed.2025.1569013,"Comprehensive review on COVID-19: etiology, pathogenicity, and treatment.",2025,,Q3_amr_core,pending,,,,
EPMC-1113,41149942,10.3390/jof11100754,Computational Approaches for Discovering Virulence Factors in &lt;i&gt;Coccidioides&lt;/i&gt;.,2025,,Q2_block_holdout_focus,pending,,,,
EPMC-1114,41009770,10.3390/ijms26189206,Computational Metagenomics: State of the Art.,2025,,Q1_protocol_broad|Q2_block_holdout_focus|Q3_amr_core,pending,,,,
EPMC-1115,40845163,10.1093/gpbjnl/qzaf075,Computational Tools and Resources for Long-read Metagenomic Sequencing Using Nanopore and PacBio.,2025,,Q3_amr_core,pending,,,,
EPMC-1116,40155770,10.1038/s41576-025-00822-5,Computational analysis of DNA methylation from long-read sequencing.,2025,,Q2_block_holdout_focus,pending,,,,
EPMC-1117,39828791,10.1038/s41746-025-01435-2,Computational frameworks transform antagonism to synergy in optimizing combination therapies.,2025,,Q2_block_holdout_focus,pending,,,,
EPMC-1118,41052279,10.1093/bib/bbaf533,Computational toxicology in drug discovery: applications of artificial intelligence in ADMET and toxicity prediction.,2025,,Q2_block_holdout_focus,pending,,,,
EPMC-1119,40967208,10.1016/j.crmeth.2025.101181,Computational tracking of cell origins using CellSexID from single-cell transcriptomes.,2025,,Q2_block_holdout_focus,pending,,,,
EPMC-1120,40529181,10.1016/j.csbj.2025.06.011,Computational vaccine development against protozoa.,2025,,Q2_block_holdout_focus,pending,,,,
EPMC-1121,40989663,10.1017/ash.2025.10091,Computerized decision support for antimicrobial prescribing: what every antibiotic steward should know.,2025,,Q3_amr_core,pending,,,,
EPMC-1122,40978072,10.46234/ccdcw2025.197,"Confronting the Antimicrobial Resistance Crisis in China: Emerging Superbugs, Genomic Surveillance, and Innovative Countermeasures.",2025,,Q1_protocol_broad|Q2_block_holdout_focus|Q3_amr_core,pending,,,,
EPMC-1123,39998095,10.3390/toxins17020078,"Conotoxins: Classification, Prediction, and Future Directions in Bioinformatics.",2025,,Q2_block_holdout_focus,pending,,,,
EPMC-1124,41385645,10.1126/sciadv.adw7681,Conservation of cis-regulatory codes over half a billion years of evolution.,2025,,Q2_block_holdout_focus,pending,,,,
EPMC-1125,41391150,10.1016/j.celrep.2025.116714,Conserved HSFA1-dependent chromatin dynamics drive heat stress responses in plants.,2025,,Q2_block_holdout_focus,pending,,,,
EPMC-1126,40763921,10.1021/acs.biochem.5c00165,Considering Metabolic Context in Enzyme Evolution and Design.,2025,,Q3_amr_core,pending,,,,
EPMC-1127,40636504,10.3389/fmicb.2025.1578005,Constructing inflammatory bowel disease diagnostic models based on k-mer and machine learning.,2025,,Q2_block_holdout_focus,pending,,,,
EPMC-1128,40684034,10.1038/s42003-025-08495-w,Construction and phenotypic classification of synthetic dual-pole Escherichia coli cells.,2025,,Q2_block_holdout_focus,pending,,,,
EPMC-1129,41595459,10.3390/genes17010039,Construction of Phylogenetic Relationships Based on 8-mer Spectra Distribution Characteristics of Vertebrate Whole Genome Sequences.,2025,,Q1_protocol_broad|Q2_block_holdout_focus,pending,,,,
EPMC-1130,41377071,10.3389/fnmol.2025.1672374,Construction of a diagnostic prediction model for ischemic stroke using lactylation-related genes.,2025,,Q2_block_holdout_focus,pending,,,,
EPMC-1131,40830794,10.1186/s12967-025-06838-z,Construction of a feature gene and machine prediction model for inflammatory bowel disease based on multichip joint analysis.,2025,,Q1_protocol_broad|Q2_block_holdout_focus,pending,,,,
EPMC-1132,40474179,10.1186/s12903-025-06147-3,Construction of an early childhood caries risk prediction model based on the oral microbiome: a nested case‒control study.,2025,,Q2_block_holdout_focus,pending,,,,
EPMC-1133,41036364,10.5455/ovj.2025.v15.i7.7,Contamination and antimicrobial resistance testing of &lt;i&gt;Staphylococcus aureus&lt;/i&gt; isolates from pork in the traditional market at Central Vietnam.,2025,,Q2_block_holdout_focus,pending,,,,
EPMC-1134,40872408,10.3390/mi16080902,Continuous Monitoring with AI-Enhanced BioMEMS Sensors: A Focus on Sustainable Energy Harvesting and Predictive Analytics.,2025,,Q2_block_holdout_focus,pending,,,,
EPMC-1135,40726964,10.1186/s12302-025-01180-z,Continuous improvement towards environmental protection for pharmaceuticals: advancing a strategy for Europe.,2025,,Q2_block_holdout_focus|Q3_amr_core,pending,,,,
EPMC-1136,41717089,10.3389/fmicb.2025.1733974,Convergent gut microbiome adaptation and pervasive antibiotic resistome in Qinghai-Tibet Plateau passerines.,2025,,Q1_protocol_broad|Q2_block_holdout_focus|Q3_amr_core,pending,,,,
EPMC-1137,40040609,10.1002/advs.202410417,Correlation Between Fecal Microbiota and Corticosteroid Responsiveness in Primary Immune Thrombocytopenia: an Exploratory Study.,2025,,Q2_block_holdout_focus,pending,,,,
EPMC-1138,41041318,10.3389/fimmu.2025.1630781,Correlation does not equal causation: the imperative of causal inference in machine learning models for immunotherapy.,2025,,Q2_block_holdout_focus,pending,,,,
EPMC-1139,40528214,10.1186/s12967-025-06676-z,Cross-cohort analysis identifies shared gut microbial signatures and validates microbial risk scores for colorectal cancer.,2025,,Q2_block_holdout_focus,pending,,,,
EPMC-1140,40284563,10.3390/microorganisms13040726,Current Risks and Prevention Strategies Against Vector-Borne Diseases in Cyprus.,2025,,Q3_amr_core,pending,,,,
EPMC-1141,39935761,10.1093/nargab/lqaf005,Current state and future prospects of Horizontal Gene Transfer detection.,2025,,Q1_protocol_broad|Q2_block_holdout_focus|Q3_amr_core,pending,,,,
EPMC-1142,40557100,10.5455/ovj.2025.v15.i5.6,Current trends and challenges in the management of foot and mouth disease in Saudi Arabia: A review.,2025,,Q3_amr_core,pending,,,,
EPMC-1143,40401131,10.5114/bta/200803,Cutting-edge AI tools revolutionizing scientific research in life sciences.,2025,,Q3_amr_core,pending,,,,
EPMC-1144,40488463,10.1128/spectrum.03422-24,Cycloserine resistance among drug-resistant tuberculosis cases in Taiwan.,2025,,Q3_amr_core,pending,,,,
EPMC-1145,40959114,10.48130/forres-0025-0009,DEFGermplasm: a comprehensive digital platform for forest genomic and phenotype data integration.,2025,,Q2_block_holdout_focus,pending,,,,
EPMC-1146,41206115,10.1093/bib/bbaf579,DMRU: generative deep learning to unravel condition-specific cytosine methylation in plants.,2025,,Q2_block_holdout_focus,pending,,,,
EPMC-1147,40303473,10.3389/fmicb.2025.1524703,DNA metabarcode analyses reveal similarities and differences in plant microbiomes of industrial hemp and medicinal &lt;i&gt;Cannabis&lt;/i&gt; in China.,2025,,Q2_block_holdout_focus,pending,,,,
EPMC-1148,40265190,10.3389/fmed.2025.1503229,"DNA sequence analysis landscape: a comprehensive review of DNA sequence analysis task types, databases, datasets, word embedding methods, and language models.",2025,,Q2_block_holdout_focus|Q3_amr_core,pending,,,,
EPMC-1149,41595447,10.3390/genes17010027,DNABERT2-CAMP: A Hybrid Transformer-CNN Model for &lt;i&gt;E. coli&lt;/i&gt; Promoter Recognition.,2025,,Q1_protocol_broad|Q2_block_holdout_focus,pending,,,,
EPMC-1150,40055840,10.1186/s40168-025-02055-4,DRAMMA: a multifaceted machine learning approach for novel antimicrobial resistance gene detection in metagenomic data.,2025,,Q1_protocol_broad|Q2_block_holdout_focus|Q3_amr_core,pending,,,,
EPMC-1151,39858869,10.3390/microorganisms13010101,Data Mining Models in Prediction of Vancomycin-Intermediate <i>Staphylococcus aureus</i> in Methicillin-Resistant <i>S. aureus</i> (MRSA) Bacteremia Patients in a Clinical Care Setting.,2025,,Q3_amr_core,pending,,,,
EPMC-1152,40183900,10.1007/s11046-025-00942-w,De Novo Genome Assembly and Comparative Genome Analysis of the Novel Human Fungal Pathogen Trichosporon austroamericanum Type-Strain CBS 17435.,2025,,Q3_amr_core,pending,,,,
EPMC-1153,40613715,10.1093/nar/gkaf611,De novo design of insulated cis-regulatory elements based on deep learning-predicted fitness landscape.,2025,,Q2_block_holdout_focus,pending,,,,
EPMC-1154,40246993,10.1038/s42003-025-07678-9,De novo virulence feature discovery and risk assessment in Klebsiella pneumoniae based on microbial genome vectorization.,2025,,Q1_protocol_broad|Q3_amr_core,pending,,,,
EPMC-1155,40901999,10.1093/nar/gkaf836,Deciphering enzymatic potential in metagenomic reads through DNA language models.,2025,,Q3_amr_core,pending,,,,
EPMC-1156,40037530,10.1098/rsob.240231,Deciphering respiratory viral infections by harnessing organ-on-chip technology to explore the gut-lung axis.,2025,,Q2_block_holdout_focus,pending,,,,
EPMC-1157,40226917,10.1093/nar/gkaf305,Deciphering the biosynthetic potential of microbial genomes using a BGC language processing neural network model.,2025,,Q1_protocol_broad|Q3_amr_core,pending,,,,
EPMC-1158,41131637,10.1186/s44342-025-00052-5,"Deciphering the linguistic blueprint of DNA: context-sensitive structures, statistical patterns, and regulatory implications.",2025,,Q2_block_holdout_focus,pending,,,,
EPMC-1159,41345980,10.1186/s40168-025-02273-w,Deciphering the personalized functional redundancy hierarchy in the gut microbiome.,2025,,Q2_block_holdout_focus|Q3_amr_core,pending,,,,
EPMC-1160,40902506,10.1016/j.identj.2025.103879,Decoding Epigenetic Enhancer-Promoter Interactions in Periodontitis via Transformer-GAN: A Deep Learning Framework for Inflammatory Gene Regulation and Biomarker Discovery.,2025,,Q2_block_holdout_focus,pending,,,,
EPMC-1161,40868091,10.3390/biomedicines13081836,Decoding Immunodeficiencies with Artificial Intelligence: A New Era of Precision Medicine.,2025,,Q3_amr_core,pending,,,,
EPMC-1162,39981029,10.1039/d4cb00282b,Decoding allosteric landscapes: computational methodologies for enzyme modulation and drug discovery.,2025,,Q2_block_holdout_focus,pending,,,,
EPMC-1163,41128777,10.1093/ismejo/wraf236,Decoding emergent properties of microbial community functions through subcommunity observations and interpretable machine learning.,2025,,Q2_block_holdout_focus,pending,,,,
EPMC-1164,40736339,10.1093/ismejo/wraf156,Decoding the SCFA-CpxAR-OMP axis as a dietary checkpoint against antimicrobial resistance transmission across gut-environment interfaces.,2025,,Q3_amr_core,pending,,,,
EPMC-1165,40339579,10.1016/j.cels.2025.101292,Decoding the role of the arginine dihydrolase pathway in shaping human gut community assembly and health-relevant metabolites.,2025,,Q2_block_holdout_focus|Q3_amr_core,pending,,,,
EPMC-1166,39745367,10.1128/msphere.00532-24,Decomposition of the pangenome matrix reveals a structure in gene distribution in the &lt;i&gt;Escherichia coli&lt;/i&gt; species.,2025,,Q3_amr_core,pending,,,,
EPMC-1167,40468633,10.1002/smtd.202500122,Deep Learning Based Models for CRISPR/Cas Off-Target Prediction.,2025,,Q2_block_holdout_focus,pending,,,,
EPMC-1168,40796684,10.1038/s41564-025-02061-0,Deep learning reveals antibiotics in the archaeal proteome.,2025,,Q3_amr_core,pending,,,,
EPMC-1169,40470315,10.1016/j.csbj.2025.04.032,Deep learning-guided structural analysis of a novel bacteriophage KPP105 against multidrug-resistant &lt;i&gt;Klebsiella pneumoniae&lt;/i&gt;.,2025,,Q1_protocol_broad|Q2_block_holdout_focus|Q3_amr_core,pending,,,,
EPMC-1170,40292191,10.1016/j.mex.2025.103319,Deep recurrent neural network with fractional addax optimization algorithm for influenza virus host prediction.,2025,,Q2_block_holdout_focus,pending,,,,
EPMC-1171,41250240,10.1186/s13059-025-03861-7,DeepCOI: a large language model-driven framework for fast and accurate taxonomic assignment in animal metabarcoding.,2025,,Q2_block_holdout_focus,pending,,,,
EPMC-1172,39909853,10.1093/bioinformatics/btaf053,DeepES: deep learning-based enzyme screening to identify orphan enzyme genes.,2025,,Q2_block_holdout_focus,pending,,,,
EPMC-1173,40914968,10.1093/bib/bbaf450,DeepMobilome: predicting mobile genetic elements using sequencing reads of microbiomes.,2025,,Q2_block_holdout_focus|Q3_amr_core,pending,,,,
EPMC-1174,41023735,10.1186/s40001-025-03013-4,Deferoxamine addresses metabolic dysregulation and urinary tract infections in weight-associated gestational diabetes mellitus.,2025,,Q3_amr_core,pending,,,,
EPMC-1175,,10.1101/2024.12.27.24319460,"Deleterious coding variation associated with autism is consistent across populations, as exemplified by admixed Latin American populations",2025,,Q3_amr_core,pending,,,,
EPMC-1176,40175093,10.1136/bmjgast-2024-001597,Derivation and validation of lifestyle-based and microbiota-based models for colorectal adenoma risk evaluation and self-prediction.,2025,,Q2_block_holdout_focus,pending,,,,
EPMC-1177,41113632,10.3389/fmicb.2025.1673343,"Detecting antibiotic resistance: classical, molecular, advanced bioengineering, and AI-enhanced approaches.",2025,,Q1_protocol_broad|Q3_amr_core,pending,,,,
EPMC-1178,41590421,10.3390/jof12010009,Detection of Fluconazole Resistance in <i>Candida parapsilosis</i> Clinical Isolates with MALDI-TOF Analysis: A Proof-of-Concept Preliminary Study.,2025,,Q1_protocol_broad|Q2_block_holdout_focus|Q3_amr_core,pending,,,,
EPMC-1179,41164228,10.3389/fvets.2025.1689589,Detection of antimicrobial peptides from fecal samples of FMT donors using deep learning.,2025,,Q1_protocol_broad|Q3_amr_core,pending,,,,
EPMC-1180,40215176,10.7554/elife.91245,Developing a crop- wild-reservoir pathogen system to understand pathogen evolution and emergence.,2025,,Q3_amr_core,pending,,,,
EPMC-1181,39972521,10.1186/s42522-024-00133-5,Developing a one health data integration framework focused on real-time pathogen surveillance and applied genomic epidemiology.,2025,,Q3_amr_core,pending,,,,
EPMC-1182,41497495,10.1016/j.synbio.2025.08.002,Development and application of synthetic biology tools for improved production of human breast milk components.,2025,,Q3_amr_core,pending,,,,
EPMC-1183,41214675,10.1186/s12967-025-07265-w,Development and multi-center validation of machine learning models based on targeted metabolomics for rheumatoid arthritis.,2025,,Q2_block_holdout_focus,pending,,,,
EPMC-1184,41337937,10.1016/j.ebiom.2025.106046,Development and validation of a bronchoalveolar lavage genomic classifier for acute cellular rejection.,2025,,Q3_amr_core,pending,,,,
EPMC-1185,41383853,10.3389/fcimb.2025.1679272,Development and validation of a nomogram-based prediction model for hospital-acquired carbapenem-resistant Acinetobacter baumannii in critically ill patients: a multicenter retrospective cohort study.,2025,,Q3_amr_core,pending,,,,
EPMC-1186,41301615,10.3390/antibiotics14111120,Development of New Antimicrobial Peptides by Directional Selection.,2025,,Q3_amr_core,pending,,,,
EPMC-1187,41373821,10.3390/ijms262311673,Development of Plasma Protein Classification Models for Alzheimer's Disease Using Multiple Machine Learning Approaches.,2025,,Q2_block_holdout_focus,pending,,,,
EPMC-1188,41009952,10.3390/genes16091005,Diagnosis of Periodontitis via Neutrophil Degranulation Signatures Identified by Integrated scRNA-Seq and Deep Learning.,2025,,Q1_protocol_broad|Q2_block_holdout_focus,pending,,,,
EPMC-1189,40969435,10.3389/fmicb.2025.1665685,"Diagnosis of nontuberculous mycobacterial infections using genomics and artificial intelligence-machine learning approaches: scope, progress and challenges.",2025,,Q1_protocol_broad|Q2_block_holdout_focus|Q3_amr_core,pending,,,,
EPMC-1190,40258039,10.1371/journal.pgph.0004465,Diagnostic yield of nine user-friendly bioinformatics tools for predicting Mycobacterium tuberculosis drug resistance: A systematic review and network meta-analysis.,2025,,Q3_amr_core,pending,,,,
EPMC-1191,40467767,10.1038/s42003-025-08270-x,Dietary microbiota-mediated shifts in gut microbial ecology and pathogen interactions in giant pandas (Ailuropoda melanoleuca).,2025,,Q2_block_holdout_focus|Q3_amr_core,pending,,,,
EPMC-1192,41372160,10.1038/s41467-025-66413-4,Differential gut transmission of IncP plasmid clades involving hypervirulent Klebsiella pneumoniae reveals plasmid-specific ecological adaptation.,2025,,Q1_protocol_broad|Q3_amr_core,pending,,,,
EPMC-1193,40861397,10.1093/bioadv/vbaf181,Diffusion model for imputing time-series gut microbiome profiles using phylogenetic information and metadata integration.,2025,,Q1_protocol_broad|Q2_block_holdout_focus,pending,,,,
EPMC-1194,40799907,10.1016/j.csbj.2025.07.048,Diosgenin producing &lt;i&gt;Bacillus&lt;/i&gt; sp. strain IRMC27M2 as a genome-mined weapon against multidrug-resistant &lt;i&gt;Candidozyma (Candida) auris&lt;/i&gt;.,2025,,Q3_amr_core,pending,,,,
EPMC-1195,40055373,10.1038/s41525-025-00479-3,Discovery of ancestry-specific variants associated with clopidogrel response among Caribbean Hispanics.,2025,,Q3_amr_core,pending,,,,
EPMC-1196,41168175,10.1038/s41467-025-64933-7,Discovery of obesity genes through cross-ancestry analysis.,2025,,Q3_amr_core,pending,,,,
EPMC-1197,40560760,10.7554/elife.102253,Distinct adaptation and epidemiological success of different genotypes within &lt;i&gt;Salmonella enterica&lt;/i&gt; serovar Dublin.,2025,,Q1_protocol_broad|Q3_amr_core,pending,,,,
EPMC-1198,41068590,10.1186/s12866-025-04420-7,Distinct lung microbiota community states are associated with pulmonary nontuberculous mycobacterial disease prognosis.,2025,,Q2_block_holdout_focus,pending,,,,
EPMC-1199,41025426,10.1002/ctm2.70490,"Distinct molecular subtypes of KRAS&lt;sup&gt;G12C&lt;/sup&gt;-mutant lung adenocarcinoma: Insights into clinical outcomes, tumour microenvironments and therapeutic strategies.",2025,,Q2_block_holdout_focus,pending,,,,
EPMC-1200,40407188,10.1093/ismejo/wraf107,Distinguishing among evolutionary and ecological processes shaping microbiome dynamics.,2025,,Q3_amr_core,pending,,,,
EPMC-1201,40681598,10.1038/s41598-025-11699-z,Distribution patterns of N6-methyladenine in the rye genome.,2025,,Q2_block_holdout_focus,pending,,,,
EPMC-1202,40691159,10.1038/s41467-025-61835-6,Diversity and transmission and zoonotic potential of microbes in true insectivores.,2025,,Q2_block_holdout_focus,pending,,,,
EPMC-1203,40788141,10.1128/mra.00452-25,Draft genome sequence of &lt;i&gt;Enterobacter hormaechei&lt;/i&gt; HKEH-1 isolated from a diabetic patient's blood.,2025,,Q1_protocol_broad|Q3_amr_core,pending,,,,
EPMC-1204,41162169,10.4014/jmb.2507.07048,Drug Repurposing: An Emerging Strategy in &lt;i&gt;Staphylococcus aureus&lt;/i&gt; Infections.,2025,,Q2_block_holdout_focus|Q3_amr_core,pending,,,,
EPMC-1205,38819323,10.1093/infdis/jiae240,Drug Resistance and Epidemiological Success of Modern Mycobacterium tuberculosis Lineages in Western India.,2025,,Q3_amr_core,pending,,,,
EPMC-1206,41446807,10.1016/j.csbj.2025.11.067,Drug response in the era of precision medicine: A methodological review.,2025,,Q1_protocol_broad|Q2_block_holdout_focus,pending,,,,
EPMC-1207,41354993,10.1038/s41598-025-25645-6,Dynamics of the gut microbiome and resistome in response to prophylactic antibiotic treatment in post-surgical giant pandas.,2025,,Q1_protocol_broad|Q3_amr_core,pending,,,,
EPMC-1208,41024987,10.4291/wjgp.v16.i3.108058,Dynamics of tissue and fecal microbiota in active Crohn's disease and their ability to predict disease state.,2025,,Q1_protocol_broad|Q2_block_holdout_focus,pending,,,,
EPMC-1209,40027489,10.1002/imt2.70001,EasyMetagenome: A user-friendly and flexible pipeline for shotgun metagenomic analysis in microbiome research.,2025,,Q3_amr_core,pending,,,,
EPMC-1210,41064537,10.1093/nsr/nwaf374,Eco-evolutionary strategies drive viral diversification in nutrient-poor soils across elevation gradients.,2025,,Q3_amr_core,pending,,,,
EPMC-1211,39794474,10.1038/s41564-024-01912-6,Ecological dynamics of Enterobacteriaceae in the human gut microbiome across global populations.,2025,,Q1_protocol_broad|Q3_amr_core,pending,,,,
EPMC-1212,40579430,10.1038/s41571-025-01049-3,Ecological management of the microbiota in patients with cancer.,2025,,Q2_block_holdout_focus|Q3_amr_core,pending,,,,
EPMC-1213,41473770,10.3389/fcimb.2025.1755233,"Editorial: Advances in vaginal microbiome and metabolite research: genetics, evolution, and clinical perspectives.",2025,,Q3_amr_core,pending,,,,
EPMC-1214,41624882,10.3389/fimmu.2025.1749184,Editorial: Data-driven vaccine design for microbial-associated diseases.,2025,,Q2_block_holdout_focus|Q3_amr_core,pending,,,,
EPMC-1215,40568702,10.3389/fcimb.2025.1633037,Editorial: Drug repurposing to fight resistant fungal species: Recent developments as novel therapeutic strategies.,2025,,Q2_block_holdout_focus|Q3_amr_core,pending,,,,
EPMC-1216,40182290,10.3389/fmicb.2025.1587450,"Editorial: Microbial co-cultures: a new era of synthetic biology and metabolic engineering, volume II.",2025,,Q2_block_holdout_focus,pending,,,,
EPMC-1217,39783932,10.1002/advs.202407664,Effective Gene Expression Prediction and Optimization from Protein Sequences.,2025,,Q2_block_holdout_focus,pending,,,,
EPMC-1218,40985758,10.1093/genetics/iyaf192,Effectiveness of CRISPR-Cas in sensitizing bacterial populations with plasmid-encoded antimicrobial resistance.,2025,,Q3_amr_core,pending,,,,
EPMC-1219,39754220,10.1186/s40168-024-01996-6,Effects of data transformation and model selection on feature importance in microbiome classification data.,2025,,Q1_protocol_broad|Q2_block_holdout_focus,pending,,,,
EPMC-1220,39900290,10.1016/j.cct.2025.107834,Effects of fermented and fiber-rich foods on maternal &amp; offspring microbiome study (FeFiFo-MOMS) - Study design and methods.,2025,,Q3_amr_core,pending,,,,
EPMC-1221,41600815,10.3390/v18010050,"Elements of Viral Outbreak Preparedness: Lessons, Strategies, and Future Directions.",2025,,Q3_amr_core,pending,,,,
EPMC-1222,39700476,10.1093/ibd/izae269,Eleven Grand Challenges for Inflammatory Bowel Disease Genetics and Genomics.,2025,,Q3_amr_core,pending,,,,
EPMC-1223,41098273,10.7759/cureus.92296,Emerging Non-Invasive Biomarkers for Early Detection of Gastrointestinal Cancers.,2025,,Q2_block_holdout_focus,pending,,,,
EPMC-1224,40298543,10.3390/antibiotics14040394,Emerging Trends in Antimicrobial Resistance in Polar Aquatic Ecosystems.,2025,,Q3_amr_core,pending,,,,
EPMC-1225,40600656,10.1080/17460913.2025.2525717,Employing machine learning for identifying antifungal compounds against &lt;i&gt;Candida albicans&lt;/i&gt;.,2025,,Q2_block_holdout_focus,pending,,,,
EPMC-1226,40102762,10.1186/s12866-025-03865-0,"Enable, empower, succeed: a bioinformatics workshop Harnessing open web-based tools for surveillance of bacterial antimicrobial resistance.",2025,,Q3_amr_core,pending,,,,
EPMC-1227,40203832,10.1016/j.ajhg.2025.03.008,EndoPRS: Incorporating endophenotype information to improve polygenic risk scores for clinical endpoints-A study in asthma.,2025,,Q3_amr_core,pending,,,,
EPMC-1228,39801378,10.1111/1751-7915.70080,Engineered Bacteria for Disease Diagnosis and Treatment Using Synthetic Biology.,2025,,Q3_amr_core,pending,,,,
EPMC-1229,41522435,10.3934/microbiol.2025042,"Engineered bacteria as living therapeutics: Next-generation precision tools for health, industry, environment, and agriculture.",2025,,Q2_block_holdout_focus,pending,,,,
EPMC-1230,39680919,10.1021/acs.chemrev.4c00681,Engineering Phages to Fight Multidrug-Resistant Bacteria.,2025,,Q3_amr_core,pending,,,,
EPMC-1231,40988919,10.3389/frai.2025.1512003,Enhanced deep Convolutional Neural Network for SARS-CoV-2 variants classification.,2025,,Q1_protocol_broad|Q2_block_holdout_focus,pending,,,,
EPMC-1232,40133304,10.1038/s41467-025-58214-6,Enhanced diagnosis of multi-drug-resistant microbes using group association modeling and machine learning.,2025,,Q1_protocol_broad|Q3_amr_core,pending,,,,
EPMC-1233,40919010,10.1016/j.jmsacl.2025.04.011,Enhanced identification of &lt;i&gt;Morganella&lt;/i&gt; spp. using MALDI-TOF mass spectrometry.,2025,,Q1_protocol_broad|Q2_block_holdout_focus|Q3_amr_core,pending,,,,
EPMC-1234,40933132,10.3389/fmicb.2025.1626002,Enhanced metagenomic strategies for elucidating the complexities of gut microbiota: a review.,2025,,Q1_protocol_broad|Q3_amr_core,pending,,,,
EPMC-1235,,10.1101/2025.08.28.25334684,Enhancer-targeting CRISPR screens at coronary artery disease loci suggest shared mechanisms of disease risk,2025,,Q3_amr_core,pending,,,,
EPMC-1236,40302920,10.3389/fcimb.2025.1550933,Enhancing fever of unknown origin diagnosis: machine learning approaches to predict metagenomic next-generation sequencing positivity.,2025,,Q1_protocol_broad|Q2_block_holdout_focus,pending,,,,
EPMC-1237,40155693,10.1038/s42003-025-07902-6,Enhancing nucleotide sequence representations in genomic analysis with contrastive optimization.,2025,,Q3_amr_core,pending,,,,
EPMC-1238,41048502,10.3389/fmicb.2025.1634194,Enhancing pathogen identification through AI-assisted metagenomic sequencing.,2025,,Q1_protocol_broad|Q3_amr_core,pending,,,,
EPMC-1239,40151642,10.1016/j.isci.2025.112162,Enriched pathways in gut microbiome predict response to immune checkpoint inhibitor treatment across demographic regions and various cancer types.,2025,,Q2_block_holdout_focus,pending,,,,
EPMC-1240,41299791,10.1186/s40168-025-02210-x,Enrichment of vitamin B&lt;sub&gt;12&lt;/sub&gt;-producing Porphyrobacter in the phycosphere microbiome promotes microalgal stress adaptation to antibiotic exposure.,2025,,Q2_block_holdout_focus|Q3_amr_core,pending,,,,
EPMC-1241,40676575,10.1186/s12903-025-06590-2,Ensemble learning for microbiome-based caries diagnosis: multi-group modeling and biological interpretation from salivary and plaque metagenomic data.,2025,,Q1_protocol_broad|Q2_block_holdout_focus,pending,,,,
EPMC-1242,40966180,10.1080/21505594.2025.2563018,Enterobactin: A key player in bacterial iron acquisition and virulence and its implications for vaccine development and antimicrobial strategies.,2025,,Q2_block_holdout_focus,pending,,,,
EPMC-1243,40501200,10.1002/tpg2.70057,Environment ensemble models for genomic prediction in common bean (Phaseolus vulgaris L.).,2025,,Q2_block_holdout_focus,pending,,,,
EPMC-1244,40784938,10.1186/s12915-025-02361-1,Environmental adaptations in metagenomes revealed by deep learning.,2025,,Q2_block_holdout_focus,pending,,,,
EPMC-1245,40189545,10.1186/s40168-025-02086-x,Environmental drivers of the resistome across the Baltic Sea.,2025,,Q3_amr_core,pending,,,,
EPMC-1246,41114005,10.1093/ismeco/ycaf164,Environmental gradients shape viral-host dynamics in the Pearl River estuary.,2025,,Q2_block_holdout_focus,pending,,,,
EPMC-1247,41459164,10.3389/fcimb.2025.1658476,Epidemiological shifts and advances in research on early diagnosis of invasive fungal infection in critically ill patients.,2025,,Q1_protocol_broad|Q2_block_holdout_focus|Q3_amr_core,pending,,,,
EPMC-1248,40624570,10.1186/s13567-025-01561-5,Epidemiology and economics of foot-and-mouth disease: current understanding and knowledge gaps.,2025,,Q2_block_holdout_focus|Q3_amr_core,pending,,,,
EPMC-1249,40931195,10.1038/s44320-025-00140-2,Epigenomic landscape of single vascular cells reflects developmental origin and disease risk loci.,2025,,Q3_amr_core,pending,,,,
EPMC-1250,40941626,10.3390/diagnostics15172138,Episode- and Hospital-Level Modeling of Pan-Resistant Healthcare-Associated Infections (2020-2024) Using TabTransformer and Attention-Based LSTM Forecasting.,2025,,Q1_protocol_broad|Q2_block_holdout_focus|Q3_amr_core,pending,,,,
EPMC-1251,40923788,10.1128/mbio.01419-25,Epistasis at the cell surface: what is the role of Erg3 loss-of-function in acquired echinocandin resistance?,2025,,Q3_amr_core,pending,,,,
EPMC-1252,40143233,10.3390/v17030302,"Equine Influenza: Epidemiology, Pathogenesis, and Strategies for Prevention and Control.",2025,,Q2_block_holdout_focus,pending,,,,
EPMC-1253,40064867,10.1038/s41467-025-57216-8,Equitable machine learning counteracts ancestral bias in precision medicine.,2025,,Q3_amr_core,pending,,,,
EPMC-1254,41030238,10.2147/idr.s545440,Establishment of a Machine Learning-Based Predictive Model for &lt;i&gt;Klebsiella pneumoniae&lt;/i&gt; Liver Abscess.,2025,,Q1_protocol_broad|Q2_block_holdout_focus,pending,,,,
EPMC-1255,41072458,10.1016/j.lanmic.2025.101183,Estimating the association of antimicrobial resistance genes with minimum inhibitory concentration in Escherichia coli: an observational study.,2025,,Q1_protocol_broad|Q2_block_holdout_focus|Q3_amr_core,pending,,,,
EPMC-1256,41396997,10.1111/tpj.70603,EucaMOD: a comprehensive multi-omics database for functional genomics research and molecular breeding of fast-growing eucalyptus trees.,2025,,Q2_block_holdout_focus,pending,,,,
EPMC-1257,41152776,10.1186/s12879-025-11900-8,Evaluating antimicrobial resistance and clinical outcomes in surgical ICU using a machine learning perspective: a retrospective observational study.,2025,,Q1_protocol_broad|Q2_block_holdout_focus|Q3_amr_core,pending,,,,
EPMC-1258,41191716,10.1371/journal.pone.0336142,Evaluating machine learning approaches for host prediction using H3 influenza genomic data.,2025,,Q1_protocol_broad|Q2_block_holdout_focus,pending,,,,
EPMC-1259,41154808,10.3390/biology14101405,Evaluation of Marker Gene-Based In Silico Antimicrobial Resistance Prediction Tools.,2025,,Q1_protocol_broad|Q3_amr_core,pending,,,,
EPMC-1260,41171631,10.1099/mgen.0.001553,Evidence of diversification and geographic separation in a lineage of &lt;i&gt;Campylobacter jejuni&lt;/i&gt; co-circulating in cattle and humans.,2025,,Q1_protocol_broad|Q3_amr_core,pending,,,,
EPMC-1261,40612601,10.3389/fpls.2025.1585826,Evolution of agricultural biotechnology is the paradigm shift in crop resilience and development: a review.,2025,,Q2_block_holdout_focus,pending,,,,
EPMC-1262,40396716,10.1128/mbio.00488-25,Evolutionary accumulation modeling in AMR: machine learning to infer and predict evolutionary dynamics of multi-drug resistance.,2025,,Q1_protocol_broad|Q2_block_holdout_focus|Q3_amr_core,pending,,,,
EPMC-1263,41026185,10.1007/s00248-025-02603-3,Evolutionary and Ecological Drivers of Gut Microbiota in Wild Rodent Species from the Yucatán Peninsula.,2025,,Q2_block_holdout_focus,pending,,,,
EPMC-1264,,10.1101/2025.11.01.685986,"Evolutionary landscape of oral microbiome over 100,000 years",2025,,Q1_protocol_broad|Q2_block_holdout_focus|Q3_amr_core,pending,,,,
EPMC-1265,41004581,10.1126/sciadv.adt4817,Evolutionary selection of trimethoprim-resistant &lt;i&gt;dfrA&lt;/i&gt; genes in lytic phages affects phage and host fitness during infection.,2025,,Q3_amr_core,pending,,,,
EPMC-1266,40237336,10.1080/19490976.2025.2493900,Exclusive breastfeeding is associated with the gut microbiome maturation in infants according to delivery mode.,2025,,Q2_block_holdout_focus,pending,,,,
EPMC-1267,41304681,10.3390/plants14223530,Exogenous Plant Growth-Promoting Rhizobacteria Enhance the Promoting Effect of Polyaspartic Acid on Potato Growth by Improving Rhizosphere Nutrient Availability and Reshaping Microbial Community.,2025,,Q3_amr_core,pending,,,,
EPMC-1268,40895299,10.3389/fcimb.2025.1643576,Expanding structural insights into DNA packaging apparatus and endolysin LysSA05 function of Epsilon15 bacteriophage.,2025,,Q3_amr_core,pending,,,,
EPMC-1269,39880958,10.1038/s41586-024-08485-8,Expanding the human gut microbiome atlas of Africa.,2025,,Q2_block_holdout_focus|Q3_amr_core,pending,,,,
EPMC-1270,41208101,10.1002/mbo3.70115,Exploration of Human Skin Phageome to Reveal Endolysins and Novel Antimicrobial Peptides for Therapeutic Applications.,2025,,Q1_protocol_broad|Q2_block_holdout_focus|Q3_amr_core,pending,,,,
EPMC-1271,40428449,10.3390/foods14101669,Exploratory Genomic Marker Analysis of Virulence Patterns in &lt;i&gt;Listeria monocytogenes&lt;/i&gt; Human and Food Isolates.,2025,,Q3_amr_core,pending,,,,
EPMC-1272,40894227,10.3389/fphar.2025.1630038,Exploring &lt;i&gt;murE&lt;/i&gt; protein inhibitors of &lt;i&gt;Tropheryma whipplei&lt;/i&gt; through pharmacoinformatic approaches incorporating solubility-enhancing formulation insights.,2025,,Q3_amr_core,pending,,,,
EPMC-1273,40920735,10.1371/journal.pone.0330523,Exploring extreme environments in Türkiye for novel P450s through metagenomic analysis.,2025,,Q3_amr_core,pending,,,,
EPMC-1274,40792105,10.3389/fcimb.2025.1591076,Exploring fecal microbiota signatures associated with immune response and antibiotic impact in NSCLC: insights from metagenomic and machine learning approaches.,2025,,Q1_protocol_broad|Q2_block_holdout_focus|Q3_amr_core,pending,,,,
EPMC-1275,41459062,10.3389/fnut.2025.1700954,Exploring human milk oligosaccharides: mechanisms linking gut function to cognitive development in human and pig physiology.,2025,,Q2_block_holdout_focus,pending,,,,
EPMC-1276,40692687,10.3389/fcimb.2025.1564787,Exploring the bioactive compounds of &lt;i&gt;Carica papaya&lt;/i&gt; leaves: phytol's role in combatting antibiotic-resistant bacteria.,2025,,Q2_block_holdout_focus,pending,,,,
EPMC-1277,41356476,10.3389/fmicb.2025.1658160,Exploring the characteristics of gut microbiota in the development and progression of early-stage colorectal cancer based on metagenomic sequencing.,2025,,Q2_block_holdout_focus,pending,,,,
EPMC-1278,41244692,10.3389/fmicb.2025.1680478,"Exploring the diagnostic landscape of &lt;i&gt;Mannheimia haemolytica&lt;/i&gt;: technologies, applications, and perspectives.",2025,,Q3_amr_core,pending,,,,
EPMC-1279,39657785,10.1093/nar/gkae1171,"Exploring the diversity of anti-defense systems across prokaryotes, phages and mobile genetic elements.",2025,,Q3_amr_core,pending,,,,
EPMC-1280,40901606,10.4254/wjh.v17.i8.108730,"Exploring the interplay between metabolic dysfunction-associated fatty liver disease and gut dysbiosis: Pathophysiology, clinical implications, and emerging therapies.",2025,,Q2_block_holdout_focus,pending,,,,
EPMC-1281,41306468,10.1177/20499361251395916,Exploring the role of artificial intelligence toward management of HIV and TB co-infection in Nigeria: a comprehensive narrative review.,2025,,Q3_amr_core,pending,,,,
EPMC-1282,40643811,10.1007/s12672-025-03045-6,"Exploring the role of hepsin in prostate cancer: bioinformatics, molecular Docking and molecular dynamics simulations.",2025,,Q2_block_holdout_focus,pending,,,,
EPMC-1283,40819095,10.1038/s41598-025-15330-z,Exploring the role of lipid metabolism related genes and immune microenvironment in periodontitis by integrating machine learning and bioinformatics analysis.,2025,,Q2_block_holdout_focus,pending,,,,
EPMC-1284,39906497,10.1002/aps3.11621,Expression-based machine learning models for predicting plant tissue identity.,2025,,Q2_block_holdout_focus,pending,,,,
EPMC-1285,40674393,10.1371/journal.pone.0328194,Extensive novel diversity and phenotypic associations in the dromedary camel microbiome are revealed through deep metagenomics and machine learning.,2025,,Q1_protocol_broad|Q3_amr_core,pending,,,,
EPMC-1286,41287621,10.2147/ijwh.s556544,Extracellular Trap-Related Genes as Potential Diagnostic Biomarkers for Endometriosis.,2025,,Q1_protocol_broad|Q2_block_holdout_focus,pending,,,,
EPMC-1287,40521196,10.7150/thno.111765,Extrachromosomal circular DNA drives dynamic genome plasticity: emerging roles in disease progression and clinical potential.,2025,,Q3_amr_core,pending,,,,
EPMC-1288,40432237,10.1002/2211-5463.70030,"FEBS-IUBMB-ENABLE 3&lt;sup&gt;rd&lt;/sup&gt; International Molecular Biosciences PhD and Postdoc Conference, ARTIFICIAL INTELLIGENCE Reshaping biomedical and healthcare research, 4-6 December 2024, Lee Kong Chian School of Medicine (LKCMedicine), Nanyang Technological University, Singapore.",2025,,Q2_block_holdout_focus|Q3_amr_core,pending,,,,
EPMC-1289,40606161,10.3389/fmicb.2025.1586476,Feature selection and aggregation for antibiotic resistance GWAS in &lt;i&gt;Mycobacterium tuberculosis&lt;/i&gt;: a comparative study.,2025,,Q3_amr_core,pending,,,,
EPMC-1290,40269516,10.1093/bib/bbaf177,Feature selection with vector-symbolic architectures: a case study on microbial profiles of shotgun metagenomic samples of colorectal cancer.,2025,,Q2_block_holdout_focus,pending,,,,
EPMC-1291,40201444,10.3389/fmicb.2025.1556827,"Fecal microbiota transplantation: application scenarios, efficacy prediction, and factors impacting donor-recipient interplay.",2025,,Q2_block_holdout_focus|Q3_amr_core,pending,,,,
EPMC-1292,40241224,10.1186/s13099-025-00698-0,Fecal profiling reveals a common microbial signature for pancreatic cancer in Finnish and Iranian cohorts.,2025,,Q2_block_holdout_focus,pending,,,,
EPMC-1293,39748007,10.1038/s41598-024-84870-7,First report on comprehensive genomic analysis of a multidrug-resistant Enterobacter asburiae isolated from diabetic foot infection from Bangladesh.,2025,,Q1_protocol_broad|Q2_block_holdout_focus|Q3_amr_core,pending,,,,
EPMC-1294,40846991,10.1186/s40246-025-00812-y,Flu-CNN: identifying host specificity of Influenza A virus using convolutional networks.,2025,,Q2_block_holdout_focus,pending,,,,
EPMC-1295,40901247,10.1029/2024gh001325,Forecasting Dengue: Evaluating the Role of Hydroclimate Information in Subseasonal to Seasonal Prediction.,2025,,Q2_block_holdout_focus,pending,,,,
EPMC-1296,40530265,10.3389/fpls.2025.1611992,"Foundation models in plant molecular biology: advances, challenges, and future directions.",2025,,Q2_block_holdout_focus,pending,,,,
EPMC-1297,41155651,10.3390/ph18101536,From AI-Assisted &lt;i&gt;In Silico&lt;/i&gt; Computational Design to Preclinical &lt;i&gt;In Vivo&lt;/i&gt; Models: A Multi-Platform Approach to Small Molecule Anti-IBD Drug Discovery.,2025,,Q2_block_holdout_focus,pending,,,,
EPMC-1298,40538131,10.1002/advs.202417029,From Code to Life: The AI-Driven Revolution in Genome Editing.,2025,,Q2_block_holdout_focus,pending,,,,
EPMC-1299,41012787,10.3390/vetsci12090862,From Farm to Fork: Antimicrobial-Resistant Bacterial Pathogens in Livestock Production and the Food Chain.,2025,,Q1_protocol_broad|Q2_block_holdout_focus|Q3_amr_core,pending,,,,
EPMC-1300,40732273,10.3390/ph18070981,From Lab to Clinic: How Artificial Intelligence (AI) Is Reshaping Drug Discovery Timelines and Industry Outcomes.,2025,,Q3_amr_core,pending,,,,
EPMC-1301,41471222,10.3390/pathogens14121267,From Methylomes to CRISPR Epigenetic Editing: New Paths in Antibiotic Resistance.,2025,,Q1_protocol_broad|Q2_block_holdout_focus|Q3_amr_core,pending,,,,
EPMC-1302,40872272,10.3390/pathogens14080762,From Morphology to Multi-Omics: A New Age of Fusarium Research.,2025,,Q1_protocol_broad|Q2_block_holdout_focus,pending,,,,
EPMC-1303,40906401,10.3390/biology14081075,From Panels to Pathogen Networks: The Expanding Role of Targeted Sequencing in Veterinary Medicine.,2025,,Q1_protocol_broad|Q2_block_holdout_focus|Q3_amr_core,pending,,,,
EPMC-1304,40434822,10.1099/mic.0.001564,From air to insight: the evolution of airborne DNA sequencing technologies.,2025,,Q1_protocol_broad|Q3_amr_core,pending,,,,
EPMC-1305,40556977,10.18699/vjgb-25-37,From cytogenetics to proteogenomics: new horizons in the study of aneuploidies.,2025,,Q3_amr_core,pending,,,,
EPMC-1306,41451271,10.3389/fpls.2025.1707289,"From data to decisions: a paradigm shift in fruit agriculture through the integration of multi-omics, modern phenotyping, and cutting-edge bioinformatic tools.",2025,,Q2_block_holdout_focus,pending,,,,
EPMC-1307,40545552,10.1111/tpj.70288,From data to discovery: leveraging big data in plant natural products biosynthesis research.,2025,,Q2_block_holdout_focus,pending,,,,
EPMC-1308,41153059,10.1186/s40794-025-00271-2,From data to immunity: the role of machine learning in advancing malaria vaccine research: a scoping review.,2025,,Q2_block_holdout_focus,pending,,,,
EPMC-1309,40787457,10.3389/fimmu.2025.1607804,From gut to joint: the protective impact of &lt;i&gt;Eubacterium rectale&lt;/i&gt; on rheumatoid arthritis.,2025,,Q2_block_holdout_focus,pending,,,,
EPMC-1310,40510533,10.1016/j.synbio.2025.05.005,From reactants to products: computational methods for biosynthetic pathway design.,2025,,Q2_block_holdout_focus,pending,,,,
EPMC-1311,40438742,10.3389/fpls.2025.1583344,From text to traits: exploring the role of large language models in plant breeding.,2025,,Q2_block_holdout_focus,pending,,,,
EPMC-1312,41473737,10.1155/bmri/1235637,Functional and Structure Prediction of Hypothetical Proteins From &lt;i&gt;Listeria aquatica&lt;/i&gt; FSL S10-1188: Bioinformatics Approaches.,2025,,Q1_protocol_broad|Q3_amr_core,pending,,,,
EPMC-1313,41356699,10.1080/20002297.2025.2594842,Functional profiling of the oral microbiome reveals microbial and oncogenic signatures in never-smoking female patients with oral squamous cell carcinoma.,2025,,Q1_protocol_broad|Q2_block_holdout_focus,pending,,,,
EPMC-1314,41062179,10.1136/jitc-2025-011508,Fungal microbiota signatures anticipate neoadjuvant immunochemotherapy outcomes in esophageal cancer.,2025,,Q2_block_holdout_focus,pending,,,,
EPMC-1315,41137523,10.1080/19490976.2025.2569739,G&lt;b&gt;ut microbiome metagenomics in clinical practice: bridging the gap between research and precision medicine&lt;/b&gt;.,2025,,Q1_protocol_broad|Q2_block_holdout_focus|Q3_amr_core,pending,,,,
EPMC-1316,39498510,10.1093/nar/gkae1057,GCM and gcType in 2024: comprehensive resources for microbial strains and genomic data.,2025,,Q3_amr_core,pending,,,,
EPMC-1317,40993121,10.1038/s41467-025-64018-5,"GPS Pipeline: portable, scalable genomic pipeline for Streptococcus pneumoniae surveillance from Global Pneumococcal Sequencing Project.",2025,,Q1_protocol_broad|Q3_amr_core,pending,,,,
EPMC-1318,41002268,10.1093/bioinformatics/btaf548,GRUMB: a genome-resolved metagenomic framework for monitoring urban microbiomes and diagnosing pathogen risk.,2025,,Q1_protocol_broad|Q3_amr_core,pending,,,,
EPMC-1319,40552708,10.1111/jipb.13953,Gaining insights into epigenetic memories through artificial intelligence and omics science in plants.,2025,,Q1_protocol_broad|Q2_block_holdout_focus,pending,,,,
EPMC-1320,40893472,10.1016/j.synbio.2025.07.006,Gene Surfing: An efficient and versatile tool for targeted enzyme mining in metagenomics.,2025,,Q3_amr_core,pending,,,,
EPMC-1321,41402414,10.1038/s44259-025-00172-6,Gene copy-number features generalize better than SNPs for antimicrobial resistance prediction in Staphylococcus aureus.,2025,,Q1_protocol_broad|Q2_block_holdout_focus|Q3_amr_core,pending,,,,
EPMC-1322,41158510,10.3389/fgene.2025.1634882,Gene-LLMs: a comprehensive survey of transformer-based genomic language models for regulatory and clinical genomics.,2025,,Q1_protocol_broad|Q2_block_holdout_focus,pending,,,,
EPMC-1323,41425941,10.3389/fmicb.2025.1705320,"Generative AI in microbial evolution and resistance: toward robust, explainable, and equitable predictions.",2025,,Q1_protocol_broad|Q3_amr_core,pending,,,,
EPMC-1324,41413047,10.1038/s41467-025-67680-x,Genetic and dietary determinants of gut microbiome-bile acid interactions in the BXD genetic reference population.,2025,,Q2_block_holdout_focus,pending,,,,
EPMC-1325,40090954,10.1038/s41467-025-57825-3,Genetic compatibility and ecological connectivity drive the dissemination of antibiotic resistance genes.,2025,,Q3_amr_core,pending,,,,
EPMC-1326,41648021,10.3389/fmicb.2025.1728860,Genetic identification of mutations and MLST types associated with decreased susceptibility to ceftriaxone in &lt;i&gt;Neisseria gonorrhoeae&lt;/i&gt;.,2025,,Q1_protocol_broad|Q3_amr_core,pending,,,,
EPMC-1327,40360786,10.1038/s42003-025-08156-y,"Genetic landscape and evolution of Acinetobacter pittii, an underestimated emerging nosocomial pathogen.",2025,,Q1_protocol_broad|Q2_block_holdout_focus|Q3_amr_core,pending,,,,
EPMC-1328,41225372,10.1186/s12864-025-12241-1,Genetic parameters estimation and optimization of genomic selection in mud crab (Scylla paramamosain): a case study for growth-related traits.,2025,,Q2_block_holdout_focus,pending,,,,
EPMC-1329,40149092,10.3390/antibiotics14030281,Genome Analysis of 6222 Bacterial Isolates from Livestock and Food Environments in Spain to Decipher the Antibiotic Resistome.,2025,,Q1_protocol_broad|Q3_amr_core,pending,,,,
EPMC-1330,39858636,10.3390/genes16010089,Genome Sequencing Reveals the Potential of <i>Enterobacter</i> sp. Strain UNJFSC003 for Hydrocarbon Bioremediation.,2025,,Q3_amr_core,pending,,,,
EPMC-1331,41307179,10.1080/22221751.2025.2595789,Genome analysis and machine learning-based feature selection strategy reveal potential drug-resistance determinants in &lt;i&gt;Nakaseomyces glabratus&lt;/i&gt;.,2025,,Q1_protocol_broad|Q3_amr_core,pending,,,,
EPMC-1332,41315227,10.1038/s41467-025-65779-9,Genome graphs reveal the importance of structural variation in Mycobacterium tuberculosis evolution and drug resistance.,2025,,Q1_protocol_broad|Q2_block_holdout_focus|Q3_amr_core,pending,,,,
EPMC-1333,40864787,10.3390/cimb47080633,Genome-Wide Identification and Expression Analysis of the GH19 Chitinase Gene Family in Sea Island Cotton.,2025,,Q1_protocol_broad|Q2_block_holdout_focus,pending,,,,
EPMC-1334,40987851,10.1038/s41564-025-02119-z,Genome-resolved metagenomics reveals microbiome diversity across 48 tick species.,2025,,Q1_protocol_broad|Q2_block_holdout_focus,pending,,,,
EPMC-1335,40619370,10.1186/s12915-025-02319-3,Genome-wide identification of the interferon complex establishes IFNf in Cypriniformes.,2025,,Q1_protocol_broad|Q2_block_holdout_focus,pending,,,,
EPMC-1336,40646897,10.3390/ani15131998,Genomic Characterization of Four Novel Probiotic Strains with Enzymatic Activity and Their Effects on Carp (&lt;i&gt;Cyprinus carpio&lt;/i&gt;).,2025,,Q3_amr_core,pending,,,,
EPMC-1337,41377735,10.1002/ece3.72550,Genomic Data Reveal Multiple Introduction Sources and Limited Post-Colonization Gene Flow in Southeast Michigan Invasive Red Swamp Crayfish (&lt;i&gt;Procambarus clarkii&lt;/i&gt;).,2025,,Q2_block_holdout_focus,pending,,,,
EPMC-1338,41304116,10.3390/microorganisms13112429,Genomic Surveillance and Resistance Profiling of Multidrug-Resistant &lt;i&gt;Acinetobacter baumannii&lt;/i&gt; Clinical Isolates: Clonal Diversity and Virulence Insights.,2025,,Q1_protocol_broad|Q3_amr_core,pending,,,,
EPMC-1339,40924938,10.1099/mgen.0.001498,Genomic analysis of the &lt;i&gt;Streptococcus pneumoniae&lt;/i&gt; in Taiwan: a nationwide study from 2006 to 2022.,2025,,Q1_protocol_broad|Q3_amr_core,pending,,,,
EPMC-1340,38896222,10.1007/s12602-024-10305-4,Genomic and Phenotypic Safety Assessment of Probiotic Bacillus coagulans Strain JBI-YZ6.3.,2025,,Q3_amr_core,pending,,,,
EPMC-1341,40530807,10.1128/spectrum.02632-24,Genomic and machine learning approaches to predict antimicrobial resistance in &lt;i&gt;Stenotrophomonas maltophilia&lt;/i&gt;.,2025,,Q1_protocol_broad|Q3_amr_core,pending,,,,
EPMC-1342,41450935,10.3389/fmicb.2025.1723084,Genomic and phenotypic characterization of two novel human-derived &lt;i&gt;Limosilactobacillus reuteri&lt;/i&gt; strains with unique probiotic traits.,2025,,Q1_protocol_broad|Q2_block_holdout_focus|Q3_amr_core,pending,,,,
EPMC-1343,41383826,10.1093/nargab/lqaf165,Genomic data representations for horizontal gene transfer detection.,2025,,Q1_protocol_broad|Q2_block_holdout_focus,pending,,,,
EPMC-1344,41223112,10.1099/mgen.0.001540,Genomic diversity and antimicrobial resistance of &lt;i&gt;Staphylococcus aureus&lt;/i&gt; in Saudi Arabia: a nationwide study using whole-genome sequencing.,2025,,Q1_protocol_broad|Q3_amr_core,pending,,,,
EPMC-1345,40134787,10.3389/fcimb.2025.1490183,Genomic epidemiology and public health implications of zoonotic monophasic &lt;i&gt;Salmonella&lt;/i&gt; Typhimurium ST34.,2025,,Q1_protocol_broad|Q3_amr_core,pending,,,,
EPMC-1346,40266678,10.1099/mgen.0.001394,"Genomic epidemiology of &lt;i&gt;Salmonella&lt;/i&gt; Enteritidis human infections in the Netherlands, 2019 to 2023.",2025,,Q1_protocol_broad|Q3_amr_core,pending,,,,
EPMC-1347,41347242,10.3389/fmicb.2025.1647437,Genomic evolution of enteric pathogens: mechanisms of pathogenicity and diagnostic innovations.,2025,,Q1_protocol_broad|Q2_block_holdout_focus|Q3_amr_core,pending,,,,
EPMC-1348,41114575,10.1128/spectrum.03414-24,Genomic insights and functional adaptation of &lt;i&gt;Mycobacterium intracellulare&lt;/i&gt; strains isolated from patients with inflammatory bowel disease.,2025,,Q1_protocol_broad|Q3_amr_core,pending,,,,
EPMC-1349,41561082,10.3389/fcimb.2025.1726881,"Genomic insights into antibiotic resistance, virulence traits and phylogenetic lineages of 141 clinical &lt;i&gt;Helicobacter pylori&lt;/i&gt; isolates from Eastern China.",2025,,Q1_protocol_broad|Q3_amr_core,pending,,,,
EPMC-1350,40605274,10.1093/bib/bbaf311,Genomic language models (gLMs) decode bacterial genomes for improved gene prediction and translation initiation site identification.,2025,,Q2_block_holdout_focus,pending,,,,
EPMC-1351,41318750,10.1186/s13568-025-01981-8,Genomic prediction of phytase potential and stress tolerance in maize-associated plant growth-promoting rhizobacterium Enterobacter cloacae Mz49.,2025,,Q1_protocol_broad|Q3_amr_core,pending,,,,
EPMC-1352,40673424,10.1099/mgen.0.001448,Genomic surveillance of invasive &lt;i&gt;Streptococcus pneumoniae&lt;/i&gt; strains in south Tunisia during 2012-2022.,2025,,Q1_protocol_broad|Q3_amr_core,pending,,,,
EPMC-1353,40227048,10.1128/aac.01082-24,Genomics for antimicrobial resistance-progress and future directions.,2025,,Q1_protocol_broad|Q2_block_holdout_focus|Q3_amr_core,pending,,,,
EPMC-1354,41465787,10.3390/life15121848,Genomics in Epidemiology and Disease Surveillance: An Exploratory Analysis.,2025,,Q1_protocol_broad|Q2_block_holdout_focus|Q3_amr_core,pending,,,,
EPMC-1355,41017299,10.1111/acer.70173,Genotype-by-sex interaction analyses for alcohol use disorder across biobanks.,2025,,Q3_amr_core,pending,,,,
EPMC-1356,41657997,10.3389/fmicb.2025.1676706,Genotypes and associated traits in &lt;i&gt;Salmonella enterica&lt;/i&gt; Newport strains linked to fresh produce-associated outbreaks in the United States.,2025,,Q1_protocol_broad|Q3_amr_core,pending,,,,
EPMC-1357,41112046,10.1002/imt2.70077,Geographic containment and virulence-resistance trade-offs drive the evolution of hypervirulent &lt;i&gt;Klebsiella pneumoniae&lt;/i&gt;.,2025,,Q1_protocol_broad|Q2_block_holdout_focus|Q3_amr_core,pending,,,,
EPMC-1358,40662820,10.1093/bioinformatics/btaf239,GiantHunter: accurate detection of giant virus in metagenomic data using reinforcement-learning and Monte Carlo tree search.,2025,,Q3_amr_core,pending,,,,
EPMC-1359,41104935,10.1128/aem.01508-25,Gilthead sea bream gut bacteriome as a valuable tool for seafood provenance analysis.,2025,,Q1_protocol_broad|Q3_amr_core,pending,,,,
EPMC-1360,41264352,10.1099/mgen.0.001573,Global epidemiological insights on the antimicrobial resistance of &lt;i&gt;Enterococcus faecium&lt;/i&gt; and a genomic analysis framework.,2025,,Q1_protocol_broad|Q3_amr_core,pending,,,,
EPMC-1361,40686844,10.1016/j.crmicr.2025.100436,Global genomic epidemiology and plasmid-mediated dissemination of &lt;i&gt;bla&lt;/i&gt; &lt;sub&gt;KPC&lt;/sub&gt; and &lt;i&gt;bla&lt;/i&gt; &lt;sub&gt;NDM&lt;/sub&gt; in the &lt;i&gt;Serratia marcescens&lt;/i&gt; complex.,2025,,Q1_protocol_broad|Q2_block_holdout_focus|Q3_amr_core,pending,,,,
EPMC-1362,41183222,10.1080/22221751.2025.2576588,"Global genomic survey of &lt;i&gt;Salmonella&lt;/i&gt; Kentucky: discovery of a chromosomeborne &lt;i&gt;bla&lt;/i&gt;&lt;sub&gt;NDM-5&lt;/sub&gt; and the emergence of ST314, an MDR clone mediated by the IncR plasmid.",2025,,Q1_protocol_broad|Q3_amr_core,pending,,,,
EPMC-1363,40577477,10.1126/sciadv.adt8073,Global health risks lurking in livestock resistome.,2025,,Q3_amr_core,pending,,,,
EPMC-1364,41361265,10.1186/s12866-025-04586-0,Global landscape of antibiotic resistance genes in the human gut microbiome metagenome-assembled genomes.,2025,,Q1_protocol_broad|Q3_amr_core,pending,,,,
EPMC-1365,41217268,10.1093/femsre/fuaf058,Global spread of Streptococcus pyogenes A genomics-supported narrative review.,2025,,Q1_protocol_broad|Q2_block_holdout_focus,pending,,,,
EPMC-1366,41450572,10.3389/fcimb.2025.1690417,Global trends in carbapenem-resistant gram-negative bacteria research (2020-2025): a bibliometric analysis and systematic review.,2025,,Q2_block_holdout_focus|Q3_amr_core,pending,,,,
EPMC-1367,40819059,10.1186/s41065-025-00528-y,Global trends in machine learning applications for single-cell transcriptomics research.,2025,,Q2_block_holdout_focus,pending,,,,
EPMC-1368,41246207,10.1177/20552076251396574,"Global trends, collaboration networks and knowledge mapping of artificial intelligence evolution in sepsis diagnosis and management: A bibliometric analysis.",2025,,Q3_amr_core,pending,,,,
EPMC-1369,39806455,10.1186/s40168-024-02005-6,Growth of microbes in competitive lifestyles promotes increased ARGs in soil microbiota: insights based on genetic traits.,2025,,Q3_amr_core,pending,,,,
EPMC-1370,41381457,10.1038/s41467-025-61946-0,Gut Phage Biobank: a collection of bacteriophages targeting human commensal bacteria.,2025,,Q2_block_holdout_focus,pending,,,,
EPMC-1371,41278477,10.3389/fcimb.2025.1717696,Gut microbiome and its metabolites in liver cirrhosis: mechanisms and clinical implications.,2025,,Q2_block_holdout_focus|Q3_amr_core,pending,,,,
EPMC-1372,40775606,10.1080/0886022x.2025.2542532,Gut microbiome and peritoneal inflammation: a new perspective on peritoneal dialysis-associated peritonitis.,2025,,Q2_block_holdout_focus,pending,,,,
EPMC-1373,40196042,10.3389/fcimb.2025.1573216,Gut microbiome differences and disease risk in colorectal cancer relatives and healthy individuals.,2025,,Q2_block_holdout_focus,pending,,,,
EPMC-1374,40045177,10.1093/jncics/pkaf026,Gut microbiome in colorectal cancer: metagenomics from bench to bedside.,2025,,Q2_block_holdout_focus,pending,,,,
EPMC-1375,40532867,10.1016/j.physbeh.2025.115001,Gut microbiome is associated with insula structure in neonates.,2025,,Q2_block_holdout_focus,pending,,,,
EPMC-1376,40510115,10.1016/j.isci.2025.112568,Gut microbiome signatures predict 5-ASA efficacy in ulcerative colitis.,2025,,Q2_block_holdout_focus,pending,,,,
EPMC-1377,41356485,10.3389/fmicb.2025.1699893,"Gut microbiota and colorectal cancer: mechanistic insights, diagnostic advances, and microbiome-based therapeutic strategies.",2025,,Q1_protocol_broad|Q2_block_holdout_focus|Q3_amr_core,pending,,,,
EPMC-1378,41551652,10.3389/fmicb.2025.1697206,Gut microbiota and traumatic brain injury: insights from an antibiotic-free cohort.,2025,,Q1_protocol_broad|Q2_block_holdout_focus,pending,,,,
EPMC-1379,40860431,10.1002/imt2.70054,Gut microbiota and tuberculosis.,2025,,Q3_amr_core,pending,,,,
EPMC-1380,41479866,10.4291/wjgp.v16.i4.112961,Gut microbiota as a potential predictor of therapeutic response in adults with Crohn's disease: A systematic review.,2025,,Q2_block_holdout_focus,pending,,,,
EPMC-1381,40898347,10.1186/s12967-025-07049-2,Gut microbiota dysbiosis and systemic immune dysfunction in critical ill patients with multidrug-resistant bacterial colonization and infection.,2025,,Q1_protocol_broad|Q3_amr_core,pending,,,,
EPMC-1382,41088296,10.1186/s12967-025-07152-4,Gut microbiota remodeling and sensory-emotional functional disruption in adolescents with bipolar depression.,2025,,Q2_block_holdout_focus,pending,,,,
EPMC-1383,40108561,10.1186/s12887-025-05578-9,Gut microbiota signatures in food allergy children without and with malnutrition: a cross-sectional study.,2025,,Q2_block_holdout_focus,pending,,,,
EPMC-1384,39846747,10.1128/jb.00428-24,Gut phages and their interactions with bacterial and mammalian hosts.,2025,,Q3_amr_core,pending,,,,
EPMC-1385,40559436,10.3390/metabo15060412,Gut-Microbiome Signatures Predicting Response to Neoadjuvant Chemoradiotherapy in Locally Advanced Rectal Cancer: A Systematic Review.,2025,,Q2_block_holdout_focus,pending,,,,
EPMC-1386,40469520,10.1002/imt2.70043,Gut-derived &lt;i&gt;Lactobacillus&lt;/i&gt; from exceptional responders mitigates chemoradiotherapy-induced intestinal injury through methionine-driven epigenetic modulation.,2025,,Q3_amr_core,pending,,,,
EPMC-1387,40813968,10.1186/s12859-025-06189-y,HIV-phyloTSI: subtype-independent estimation of time since HIV-1 infection for cross-sectional measures of population incidence using deep sequence data.,2025,,Q2_block_holdout_focus,pending,,,,
EPMC-1388,41065376,10.1128/aem.01661-25,Habitat transformation reshapes protistan community composition and assembly processes in coastal wetlands of southeastern China.,2025,,Q3_amr_core,pending,,,,
EPMC-1389,40863340,10.3390/jox15040133,Harnessing Engineered Microbial Consortia for Xenobiotic Bioremediation: Integrating Multi-Omics and AI for Next-Generation Wastewater Treatment.,2025,,Q3_amr_core,pending,,,,
EPMC-1390,40423871,10.1002/wsbm.70001,Harnessing Noncanonical Proteins for Next-Generation Drug Discovery and Diagnosis.,2025,,Q3_amr_core,pending,,,,
EPMC-1391,41213976,10.1038/s41522-025-00833-4,Harnessing machine learning to predict antibiotic susceptibility in Pseudomonas aeruginosa biofilms.,2025,,Q1_protocol_broad|Q2_block_holdout_focus|Q3_amr_core,pending,,,,
EPMC-1392,40390128,10.1186/s40168-025-02117-7,Harnessing phage consortia to mitigate the soil antibiotic resistome by targeting keystone taxa Streptomyces.,2025,,Q3_amr_core,pending,,,,
EPMC-1393,40839583,10.1371/journal.pone.0319368,Harnessing subtractive genomics for drug target identification in Streptococcus agalactiae serotype v (atcc baa-611 / 2603 v/r) strain: An in-silico approach.,2025,,Q2_block_holdout_focus,pending,,,,
EPMC-1394,40377870,10.1007/s12602-025-10573-8,Harnessing the Microbiome: CRISPR-Based Gene Editing and Antimicrobial Peptides in Combating Antibiotic Resistance and Cancer.,2025,,Q1_protocol_broad|Q3_amr_core,pending,,,,
EPMC-1395,40473637,10.1038/s41522-025-00732-8,Harnessing vaginal inflammation and microbiome: a machine learning model for predicting IVF success.,2025,,Q2_block_holdout_focus,pending,,,,
EPMC-1396,41430329,10.1186/s40168-025-02296-3,Healthy pangolin virome reveals mammalian viral diversity and zoonotic risk.,2025,,Q2_block_holdout_focus,pending,,,,
EPMC-1397,40091436,10.1002/advs.202415106,Hierarchical Regulatory Networks Reveal Conserved Drivers of Plant Drought Response at the Cell-Type Level.,2025,,Q2_block_holdout_focus,pending,,,,
EPMC-1398,,10.1101/2025.09.26.678787,High-accuracy SNV calling for bacterial isolates using deep learning with AccuSNV,2025,,Q1_protocol_broad|Q3_amr_core,pending,,,,
EPMC-1399,41315331,10.1038/s41522-025-00851-2,High-resolution microbiome analysis of host-rich samples using 2bRAD-M without host depletion.,2025,,Q1_protocol_broad|Q2_block_holdout_focus,pending,,,,
EPMC-1400,40801816,10.1080/21505594.2025.2546682,High-risk clonal groups of avian pathogenic &lt;i&gt;Escherichia coli&lt;/i&gt; (APEC) demonstrate heterogeneous phenotypic characteristics &lt;i&gt;in vitro&lt;/i&gt; and &lt;i&gt;in vivo&lt;/i&gt;.,2025,,Q3_amr_core,pending,,,,
EPMC-1401,41388280,10.1093/immhor/vlaf061,"Highly pathogenic avian influenza: a One Health perspective on risks, surveillance, and resilience.",2025,,Q2_block_holdout_focus,pending,,,,
EPMC-1402,40664869,10.1038/s44298-025-00139-4,Highly stable bacteriophages PIN1 and PIN2 have hallmarks of flagellotropic phages but infect immotile bacteria.,2025,,Q3_amr_core,pending,,,,
EPMC-1403,41425556,10.3389/fimmu.2025.1611112,Histone-related gene WDR77 promotes tumor progression through cell cycle regulation in skin cutaneous melanoma.,2025,,Q2_block_holdout_focus,pending,,,,
EPMC-1404,41007969,10.3390/ani15182724,Host Genetic Effects and Phenotypic Landscapes of Rumen Bacterial Enterotypes in a Large Sheep Population.,2025,,Q2_block_holdout_focus,pending,,,,
EPMC-1405,40297587,10.3389/fimmu.2025.1543817,Host and bacterial urine proteomics might predict treatment outcomes for immunotherapy in advanced non-small cell lung cancer patients.,2025,,Q2_block_holdout_focus|Q3_amr_core,pending,,,,
EPMC-1406,41472108,10.3390/vetsci12121129,Host-Microbe Interactions: Prospects of Machine Learning and Deep Learning Technologies in Animal Viral Disease Management.,2025,,Q1_protocol_broad|Q2_block_holdout_focus,pending,,,,
EPMC-1407,40265603,10.1161/jaha.124.038862,Host-Microbial Cometabolite Ursodeoxycholic Acid Protects Against Poststroke Cognitive Impairment.,2025,,Q2_block_holdout_focus,pending,,,,
EPMC-1408,40508906,10.3390/healthcare13111293,Hotspots and Trends in Research on Early Warning of Infectious Diseases: A Bibliometric Analysis Using CiteSpace.,2025,,Q2_block_holdout_focus|Q3_amr_core,pending,,,,
EPMC-1409,40082590,10.1038/s44259-025-00085-4,How AI can help us beat AMR.,2025,,Q1_protocol_broad|Q2_block_holdout_focus|Q3_amr_core,pending,,,,
EPMC-1410,41383631,10.3389/fimmu.2025.1654117,How artificial intelligence can enable personalized mesenchymal stem cell-based therapeutic strategies in systemic lupus erythematosus.,2025,,Q1_protocol_broad|Q2_block_holdout_focus,pending,,,,
EPMC-1411,40478742,10.1016/j.xpro.2025.103873,How has structuring your ideas into protocols contributed to your research progress and facilitated collaboration with others in the field?,2025,,Q3_amr_core,pending,,,,
EPMC-1412,40758414,10.1099/mgen.0.001459,How to measure bacterial genome plasticity? A novel index helps gather insights on pathogens.,2025,,Q1_protocol_broad|Q3_amr_core,pending,,,,
EPMC-1413,40724597,10.3390/life15071094,Hybrid Genome and Clinical Impact of Emerging Extensively Drug-Resistant Priority Bacterial Pathogen &lt;i&gt;Acinetobacter baumannii&lt;/i&gt; in Saudi Arabia.,2025,,Q1_protocol_broad|Q2_block_holdout_focus,pending,,,,
EPMC-1414,,10.1101/2025.06.27.660518,"Hybrid-metagenomics reveal off-target effects of albendazole, ivermectin-albendazole and moxidectin-albendazole on the human gut bacteria",2025,,Q3_amr_core,pending,,,,
EPMC-1415,40430542,10.3390/ph18050724,"Hypervirulent &lt;i&gt;Klebsiella pneumoniae&lt;/i&gt;: Insights into Virulence, Antibiotic Resistance, and Fight Strategies Against a Superbug.",2025,,Q3_amr_core,pending,,,,
EPMC-1416,40538878,10.3389/fpls.2025.1617495,IRGL-RRI: interpretable graph representation learning for plant RNA-RNA interaction discovery.,2025,,Q2_block_holdout_focus,pending,,,,
EPMC-1417,39097091,10.1016/j.jare.2024.07.036,IRnet: Immunotherapy response prediction using pathway knowledge-informed graph neural network.,2025,,Q2_block_holdout_focus,pending,,,,
EPMC-1418,40727465,10.2147/jir.s490041,ISLR as a Cuproptosis-Related Predictor and Therapeutic Target in Heart Failure: A Multi-Omics and Bioinformatics Approach.,2025,,Q2_block_holdout_focus,pending,,,,
EPMC-1419,41590442,10.3390/jof12010030,Identification and Classification of Fungal GPCR Gene Families.,2025,,Q1_protocol_broad|Q2_block_holdout_focus,pending,,,,
EPMC-1420,40733315,10.3390/molecules30143049,Identification and Differentiation of Non-Hemolytic &lt;i&gt;Listeria monocytogenes&lt;/i&gt; from Food Processing Environments Using MALDI-TOF MS.,2025,,Q3_amr_core,pending,,,,
EPMC-1421,40854982,10.1038/s44259-025-00141-z,Identification and antimicrobial resistance profiling of Pseudomonas aeruginosa using multi-excitation Raman spectroscopy and computational analytics.,2025,,Q1_protocol_broad|Q3_amr_core,pending,,,,
EPMC-1422,40713701,10.1186/s12985-025-02739-1,Identification and profiling of novel metagenome assembled uncultivated virus genomes from human gut.,2025,,Q3_amr_core,pending,,,,
EPMC-1423,41094572,10.1186/s40246-025-00835-5,Identification and validation of aryl hydrocarbon receptor-associated hub genes in ulcerative colitis via integrated bioinformatics analysis.,2025,,Q2_block_holdout_focus,pending,,,,
EPMC-1424,40333951,10.1371/journal.pone.0323006,Identification and validation of diagnostic markers and drugs for pediatric bronchopulmonary dysplasia based on integrating bioinformatics and molecular docking analysis.,2025,,Q2_block_holdout_focus,pending,,,,
EPMC-1425,41465087,10.3390/genes16121414,Identification of Exercise-Related Signature Genes Potentially Associated with Cocaine Addiction by Integrating Bioinformatics and Mendelian Randomization Analysis.,2025,,Q2_block_holdout_focus,pending,,,,
EPMC-1426,40362669,10.3390/ijms26094433,Identification of Hub Genes and Key Pathways Associated with Sepsis Progression Using Weighted Gene Co-Expression Network Analysis and Machine Learning.,2025,,Q2_block_holdout_focus,pending,,,,
EPMC-1427,41471248,10.3390/pathogens14121294,Identification of Oral Microbiome Biomarkers Associated with Lung Cancer Diagnosis and Radiotherapy Response Prediction.,2025,,Q2_block_holdout_focus,pending,,,,
EPMC-1428,40786625,10.3389/fneur.2025.1560514,Identification of PANoptosis-related genes as biomarkers in ischemic stroke.,2025,,Q2_block_holdout_focus,pending,,,,
EPMC-1429,40658318,10.1186/s13619-025-00246-w,Identification of a 10-species microbial signature of inflammatory bowel disease by machine learning and external validation.,2025,,Q1_protocol_broad|Q2_block_holdout_focus,pending,,,,
EPMC-1430,40182494,10.1039/d4ra06955b,Identification of acrylamide-based covalent inhibitors of SARS-CoV-2 (SCoV-2) Nsp15 using high-throughput screening and machine learning.,2025,,Q2_block_holdout_focus,pending,,,,
EPMC-1431,41255601,10.3389/fmed.2025.1661259,Identification of anoikis-related genes and immune infiltration characteristics in Sjögren's syndrome based on machine learning.,2025,,Q2_block_holdout_focus,pending,,,,
EPMC-1432,41312366,10.3389/fimmu.2025.1619944,Identification of ferroptosis-genes associated with pediatric inflammatory bowel disease bioinformatics and machine learning approaches.,2025,,Q2_block_holdout_focus,pending,,,,
EPMC-1433,40821356,10.1016/j.eehl.2025.100171,Identification of human pathogens in soil by virulence gene-based machine learning method.,2025,,Q1_protocol_broad|Q2_block_holdout_focus,pending,,,,
EPMC-1434,41023606,10.1186/s12864-025-12089-5,Identification of key genes for fish adaptation to freshwater and seawater based on attention mechanism.,2025,,Q2_block_holdout_focus,pending,,,,
EPMC-1435,41890631,10.1515/biol-2025-1192,Identification of secretory protein related biomarkers for primary biliary cholangitis based on machine learning and experimental validation.,2025,,Q2_block_holdout_focus,pending,,,,
EPMC-1436,41419627,10.1007/s00253-025-13672-2,Identification of strong constitutive promoters in Burkholderia stagnalis TBRC 18363 for activating natural product production in Gram-negative bacteria.,2025,,Q2_block_holdout_focus,pending,,,,
EPMC-1437,40658463,10.1093/bioinformatics/btaf397,Identifying DNA methylation types and methylated base positions from bacteria using nanopore sequencing with multi-scale neural network.,2025,,Q1_protocol_broad|Q2_block_holdout_focus|Q3_amr_core,pending,,,,
EPMC-1438,40628770,10.1038/s41598-025-06463-2,Identifying propionate metabolism-related genes as biomarkers of sepsis development and therapeutic targets.,2025,,Q2_block_holdout_focus,pending,,,,
EPMC-1439,41473159,10.3389/fmed.2025.1644800,Identifying sepsis susceptibility genes in post-surgical patients using an artificial intelligence approach.,2025,,Q3_amr_core,pending,,,,
EPMC-1440,41256293,10.4253/wjge.v17.i11.110207,Impact of gut microbiome on outcomes following endoscopic interventions in gastrointestinal disease.,2025,,Q2_block_holdout_focus,pending,,,,
EPMC-1441,41127627,10.1016/j.onehlt.2025.101228,Impact of open markets on zoonotic threats and antimicrobial resistance: A One Health concern.,2025,,Q2_block_holdout_focus|Q3_amr_core,pending,,,,
EPMC-1442,40688685,10.3389/fpls.2025.1554879,Impact of seasonal changes on root-associated microbial communities among phreatophytes of three basins in desert ecosystem.,2025,,Q3_amr_core,pending,,,,
EPMC-1443,41411654,10.1080/19490976.2024.2443117,Impacts of COVID-19 pandemic on early life gut microbiome.,2025,,Q3_amr_core,pending,,,,
EPMC-1444,40484809,10.1002/bies.70027,Implications From the Analogous Relationship Between Evolutionary and Learning Processes.,2025,,Q3_amr_core,pending,,,,
EPMC-1445,41652975,10.1080/14622416.2026.2620360,Importance of genetic ancestry in pharmacogenomics for precision medicine.,2025,,Q1_protocol_broad|Q3_amr_core,pending,,,,
EPMC-1446,40141036,10.3390/ijms26062393,Important Role of Bacterial Nucleoid-Associated Proteins in Discovery of Novel Secondary Metabolites.,2025,,Q3_amr_core,pending,,,,
EPMC-1447,40521440,10.1021/acsomega.5c00504,"Improving Bovine Brucellosis Diagnostics: Rapid, Accurate Detection via Blood Serum Infrared Spectroscopy and Machine Learning.",2025,,Q2_block_holdout_focus,pending,,,,
EPMC-1448,39873269,10.1093/nar/gkaf020,Improving the generalization of protein expression models with mechanistic sequence information.,2025,,Q1_protocol_broad|Q2_block_holdout_focus,pending,,,,
EPMC-1449,40647086,10.3390/foods14132334,In Silico and In Vitro Characterization of &lt;i&gt;Bacillus velezensis&lt;/i&gt; P45: Screening for a Novel Probiotic Candidate.,2025,,Q1_protocol_broad|Q3_amr_core,pending,,,,
EPMC-1450,40854634,10.1016/j.jgeb.2025.100515,In silico analysis of hypothetical proteins in Pseudomonas aeruginosa PAC1: Structural and functional insights.,2025,,Q3_amr_core,pending,,,,
EPMC-1451,41348595,10.1093/bib/bbaf619,In silico approaches for discovering microbial antiviral defense systems.,2025,,Q1_protocol_broad|Q2_block_holdout_focus|Q3_amr_core,pending,,,,
EPMC-1452,40705360,10.1093/femsre/fuaf030,In silico encounters: harnessing metabolic modelling to understand plant-microbe interactions.,2025,,Q2_block_holdout_focus,pending,,,,
EPMC-1453,40997795,10.1016/j.crmeth.2025.101184,In silico methods for drug-target interaction prediction.,2025,,Q2_block_holdout_focus,pending,,,,
EPMC-1454,40369416,10.1186/s12879-025-11083-2,In-depth analysis of the risk factors for persistent severe acute respiratory syndrome coronavirus 2 infection and construction of predictive models: an exploratory research study.,2025,,Q2_block_holdout_focus,pending,,,,
EPMC-1455,40838740,10.1093/ismejo/wraf116,Individual-based modeling unravels spatial and social interactions in bacterial communities.,2025,,Q3_amr_core,pending,,,,
EPMC-1456,40462511,10.1093/bib/bbaf208,Individualized metagenomic network model for colorectal cancer diagnosis: insights into viral regulation of gut microecology.,2025,,Q1_protocol_broad|Q2_block_holdout_focus,pending,,,,
EPMC-1457,41299073,10.1038/s41564-025-02182-6,Industrial and agricultural chemicals exhibit antimicrobial activity against human gut bacteria in vitro.,2025,,Q3_amr_core,pending,,,,
EPMC-1458,41310913,10.1002/mbo3.70177,Infectious Triggers and Immune Dynamics in Guillain-Barré Syndrome: Revisiting Campylobacter jejuni and the Silent Role of Haemophilus influenzae.,2025,,Q3_amr_core,pending,,,,
EPMC-1459,39962395,10.1186/s12864-025-11331-4,Inferring Staphylococcus aureus host species and cross-species transmission from a genome-based model.,2025,,Q1_protocol_broad|Q2_block_holdout_focus|Q3_amr_core,pending,,,,
EPMC-1460,,10.1101/2025.10.12.681873,Inferring antibiotic resistance selection in the environment can be confounded by correlations between resistance genes and unrelated functional traits,2025,,Q1_protocol_broad|Q3_amr_core,pending,,,,
EPMC-1461,41049004,10.7150/jca.114687,Inflammatory Bowel Disease Mediates the Causal Relationship Between Gut Microbiota and Colorectal Cancer: Identification of Therapeutic Targets and Predictive Modeling.,2025,,Q1_protocol_broad|Q2_block_holdout_focus,pending,,,,
EPMC-1462,40209062,10.1021/acssynbio.5c00139,"Innovations, Challenges and Future Directions of T7RNA Polymerase in Microbial Cell Factories.",2025,,Q3_amr_core,pending,,,,
EPMC-1463,41441020,10.3390/metabo15120778,Innovative Detection and Mitigation of Ergot Alkaloids in Cereals: Advancing Food Safety.,2025,,Q2_block_holdout_focus,pending,,,,
EPMC-1464,40715495,10.1038/s41598-025-12796-9,Innovative data augmentation strategy for deep learning on biological datasets with limited gene representations focused on chloroplast genomes.,2025,,Q2_block_holdout_focus,pending,,,,
EPMC-1465,40874608,10.1128/msphere.00320-25,Insect-associated bacterial communities across an anthropogenic landscape.,2025,,Q2_block_holdout_focus,pending,,,,
EPMC-1466,41254584,10.1186/s12915-025-02445-y,Insights into the molecular determinants of host specificity in Pseudomonas aeruginosa-infecting phages: a structural and functional analysis of tail fibre proteins.,2025,,Q3_amr_core,pending,,,,
EPMC-1467,41409037,10.1002/tpg2.70172,Integrated chloroplast genomics and whole-genome resequencing reveals demographic history and selection signatures of black walnuts.,2025,,Q1_protocol_broad|Q2_block_holdout_focus,pending,,,,
EPMC-1468,40941948,10.3390/plants14172784,Integrating Artificial Intelligence and Biotechnology to Enhance Cold Stress Resilience in Legumes.,2025,,Q1_protocol_broad|Q2_block_holdout_focus,pending,,,,
EPMC-1469,41156597,10.3390/pathogens14100986,Integrating Machine Learning and Molecular Methods for &lt;i&gt;Trichophyton indotineae&lt;/i&gt; Identification and Resistance Profiling Using MALDI-TOF Spectra.,2025,,Q2_block_holdout_focus,pending,,,,
EPMC-1470,39940908,10.3390/ijms26031140,Integrating Machine Learning with MALDI-TOF Mass Spectrometry for Rapid and Accurate Antimicrobial Resistance Detection in Clinical Pathogens.,2025,,Q1_protocol_broad|Q3_amr_core,pending,,,,
EPMC-1471,40964458,10.2147/copd.s524381,Integrating Mendelian Randomization and Machine Learning to Identify Hypoxia-Related Diagnostic Biomarkers and Causal Relationship in COPD.,2025,,Q2_block_holdout_focus,pending,,,,
EPMC-1472,41471975,10.3390/microorganisms13122773,Integrating Statistical and Machine-Learning Approaches for &lt;i&gt;Salmonella enterica&lt;/i&gt; Surveillance in Northwestern Italy: A One Health Data-Driven Framework.,2025,,Q2_block_holdout_focus,pending,,,,
EPMC-1473,41676339,10.3389/fmolb.2025.1712198,Integrating causal human genetics and &lt;i&gt;In vivo&lt;/i&gt; transcriptomics to uncover a shared lipid-centric architecture in metabolic and neurocognitive disease.,2025,,Q2_block_holdout_focus,pending,,,,
EPMC-1474,40569694,10.1093/gigascience/giaf072,"Integrating comparative genomics and risk classification by assessing virulence, antimicrobial resistance, and plasmid spread in microbial communities with gSpreadComp.",2025,,Q1_protocol_broad|Q3_amr_core,pending,,,,
EPMC-1475,40342996,10.3389/fphar.2025.1574990,Integrating ensemble machine learning and multi-omics approaches to identify Dp44mT as a novel anti-&lt;i&gt;Candida albicans&lt;/i&gt; agent targeting cellular iron homeostasis.,2025,,Q2_block_holdout_focus,pending,,,,
EPMC-1476,40715125,10.1038/s41522-025-00773-z,Integrating metagenomics and cultivation unveils oral phage diversity and potential impact on hosts.,2025,,Q1_protocol_broad|Q2_block_holdout_focus,pending,,,,
EPMC-1477,39651862,10.1128/spectrum.01321-24,Integrating microbial profiling and machine learning for inference of drowning sites: a forensic investigation in the Northwest River.,2025,,Q2_block_holdout_focus,pending,,,,
EPMC-1478,40579624,10.1007/s00122-025-04948-2,Integrating multi-omics and machine learning for disease resistance prediction in legumes.,2025,,Q1_protocol_broad|Q2_block_holdout_focus,pending,,,,
EPMC-1479,40063366,10.1080/19490976.2025.2476570,Integrating multi-omics data to reveal the host-microbiota interactome in inflammatory bowel disease.,2025,,Q2_block_holdout_focus|Q3_amr_core,pending,,,,
EPMC-1480,41472882,10.1093/nargab/lqaf174,Integrating natural language processing and genome analysis enables accurate bacterial phenotype prediction.,2025,,Q1_protocol_broad|Q2_block_holdout_focus|Q3_amr_core,pending,,,,
EPMC-1481,41334807,10.1093/femsyr/foaf072,Integrating yeast biodiversity and machine learning for predictive metabolic engineering.,2025,,Q1_protocol_broad|Q2_block_holdout_focus,pending,,,,
EPMC-1482,40165975,10.3389/fimmu.2025.1505509,Integration of histopathological images and immunological analysis to predict M2 macrophage infiltration and prognosis in patients with serous ovarian cancer.,2025,,Q2_block_holdout_focus,pending,,,,
EPMC-1483,41224755,10.1038/s41467-025-64950-6,Integration of metagenome-assembled genomes with clinical isolates expands the genomic landscape of gut-associated Klebsiella pneumoniae.,2025,,Q1_protocol_broad|Q3_amr_core,pending,,,,
EPMC-1484,41012041,10.3390/plants14182889,Integrative Machine Learning Approaches for Identifying Loci Associated with Anthracnose Resistance in Strawberry.,2025,,Q1_protocol_broad|Q2_block_holdout_focus,pending,,,,
EPMC-1485,41613149,10.3389/fimmu.2025.1645726,Integrative causal inference and predictive modeling reveal the iron-related gene SLC17A4 as a key biomarker in chronic rhinosinusitis.,2025,,Q2_block_holdout_focus,pending,,,,
EPMC-1486,41366288,10.1186/s12866-025-04570-8,"Integrative computational modeling framework linking mycotoxin contamination, microbial hazards, and antimicrobial resistance risk in dairy systems.",2025,,Q1_protocol_broad|Q2_block_holdout_focus|Q3_amr_core,pending,,,,
EPMC-1487,40670725,10.1038/s41564-025-02056-x,Integrative genomic reconstruction reveals heterogeneity in carbohydrate utilization across human gut bifidobacteria.,2025,,Q2_block_holdout_focus,pending,,,,
EPMC-1488,40791849,10.3389/fbinf.2025.1599098,Integrative machine learning and bioinformatics analysis to identify cellular senescence-related genes and potential therapeutic targets in ulcerative colitis and colorectal cancer.,2025,,Q2_block_holdout_focus,pending,,,,
EPMC-1489,41459217,10.3389/fmicb.2025.1706084,Integrative metagenomic and metabolomic profiling identifies gut microbial and metabolite signatures associated with lymph node metastasis in pancreatic cancer.,2025,,Q1_protocol_broad|Q2_block_holdout_focus,pending,,,,
EPMC-1490,40858628,10.1038/s41522-025-00807-6,Integrative microbiome- and metatranscriptome-based analyses reveal diagnostic biomarkers for peri-implantitis.,2025,,Q2_block_holdout_focus,pending,,,,
EPMC-1491,41231230,10.1002/alz.70886,Integrative multi-omics approaches identify molecular pathways and improve Alzheimer's disease risk prediction.,2025,,Q3_amr_core,pending,,,,
EPMC-1492,41291716,10.1186/s12967-025-07355-9,Integrative pan-cancer analysis of intratumoral microbial communities for biomarker discovery and diagnostic modeling.,2025,,Q1_protocol_broad|Q2_block_holdout_focus,pending,,,,
EPMC-1493,40619813,10.1093/bib/bbaf323,Integrative systems biology approaches for analyzing microbiome dysbiosis and species interactions.,2025,,Q3_amr_core,pending,,,,
EPMC-1494,40696437,10.1186/s40168-025-02125-7,Interplay between the gut microbiome and typhoid fever: insights from endemic countries and a controlled human infection model.,2025,,Q3_amr_core,pending,,,,
EPMC-1495,41311462,10.1016/j.jmsacl.2025.11.003,Interpretable machine learning of clinical MALDI-TOF spectra discriminates carbapenem-resistant &lt;i&gt;Klebsiella pneumoniae&lt;/i&gt; while revealing phylogenetic heterogeneity that limits model generalizability.,2025,,Q1_protocol_broad|Q2_block_holdout_focus|Q3_amr_core,pending,,,,
EPMC-1496,40305082,10.7554/elife.90668,Interpreting roles of mutations associated with the emergence of &lt;i&gt;S. aureus&lt;/i&gt; USA300 strains using transcriptional regulatory network reconstruction.,2025,,Q3_amr_core,pending,,,,
EPMC-1497,40640723,10.1186/s12866-025-04125-x,Interpretive prediction of hyperuricemia and gout patients via machine learning analysis of human gut microbiome.,2025,,Q2_block_holdout_focus,pending,,,,
EPMC-1498,39868792,10.1128/spectrum.02235-24,Interspecies interactions mediated by arginine metabolism enhance the stress tolerance of <i>Fusobacterium nucleatum</i> against <i>Bifidobacterium animalis</i>.,2025,,Q2_block_holdout_focus|Q3_amr_core,pending,,,,
EPMC-1499,41408155,10.1186/s12866-025-04533-z,"Intestinal colonization of carbapenem-resistant gram-negative bacteria in pediatric hematology patients: risk factors and molecular characteristics, a multicenter case-control study.",2025,,Q1_protocol_broad|Q3_amr_core,pending,,,,
EPMC-1500,40803752,10.1136/gutjnl-2025-335986,Intrahepatic donor microbiota-based metataxonomic signature detected in organ preservation solution enables prediction of short-term liver transplant outcomes.,2025,,Q2_block_holdout_focus,pending,,,,
EPMC-1501,41396345,10.1186/s43556-025-00376-2,Intratumoral microbiome: a crucial regulating factor in development and progression of colorectal cancer.,2025,,Q3_amr_core,pending,,,,
EPMC-1502,40853111,10.1128/mbio.01309-25,"Investigating genetic, antigenic, and structural diversity in the &lt;i&gt;Neisseria gonorrhoeae&lt;/i&gt; outer membrane protein, PorB: implications for vaccine design.",2025,,Q1_protocol_broad|Q3_amr_core,pending,,,,
EPMC-1503,40871394,10.3390/microorganisms13081890,Investigating the Alleviating Effects of Dihydromyricetin on Subclinical Mastitis in Dairy Cows: Insights from Gut Microbiota and Metabolomic Analysis.,2025,,Q3_amr_core,pending,,,,
EPMC-1504,40150863,10.1049/syb2.70009,Investigating the Impact of Antibiotics on Environmental Microbiota Through Machine Learning Models.,2025,,Q2_block_holdout_focus|Q3_amr_core,pending,,,,
EPMC-1505,40739242,10.1186/s12985-025-02885-6,"Isolation and characterization of phages ΦZC2 and ΦZC3 against carbapenem-resistant Acinetobacter baumannii, and efficacy of ΦZC3 on A549 cells.",2025,,Q1_protocol_broad|Q3_amr_core,pending,,,,
EPMC-1506,41200883,10.1080/21505594.2025.2569998,It's time to act: Understanding and combating &lt;i&gt;Vibrio vulnificus&lt;/i&gt;.,2025,,Q3_amr_core,pending,,,,
EPMC-1507,40533801,10.1186/s13059-025-03585-8,KPop: accurate and scalable comparative analysis of microbial genomes by sequence embeddings.,2025,,Q1_protocol_broad|Q3_amr_core,pending,,,,
EPMC-1508,41304231,10.3390/microorganisms13112546,Key Challenges in Plant Microbiome Research in the Next Decade.,2025,,Q2_block_holdout_focus,pending,,,,
EPMC-1509,41141336,10.1093/bioadv/vbaf249,KinMethyl: robust methylation detection in prokaryotic SMRT sequencing via kinetic signal modeling and deep feature integration.,2025,,Q2_block_holdout_focus,pending,,,,
EPMC-1510,40809000,10.1016/j.isci.2025.113098,Landscape of extracellular small RNA and identification of biomarkers in multiple human cancers.,2025,,Q2_block_holdout_focus,pending,,,,
EPMC-1511,40917099,10.1177/11779322251358314,Language Modelling Techniques for Analysing the Impact of Human Genetic Variation.,2025,,Q2_block_holdout_focus,pending,,,,
EPMC-1512,40592976,10.1038/s41598-025-03275-2,Language models learn to represent antigenic properties of human influenza A(H3) virus.,2025,,Q1_protocol_broad|Q2_block_holdout_focus,pending,,,,
EPMC-1513,40530882,10.1128/msystems.00105-25,Large-scale genomic analysis reveals the distribution and diversity of type VI secretion systems in &lt;i&gt;Escherichia coli&lt;/i&gt;.,2025,,Q2_block_holdout_focus|Q3_amr_core,pending,,,,
EPMC-1514,41298564,10.1038/s41467-025-66804-7,Laser-assisted microbial culturomics.,2025,,Q2_block_holdout_focus,pending,,,,
EPMC-1515,40959226,10.3389/fmicb.2025.1602162,Latitude- and depth-driven divergence in protist trophic strategies revealed by a machine learning model.,2025,,Q2_block_holdout_focus,pending,,,,
EPMC-1516,40334224,10.1371/journal.pcbi.1011353,Learning a deep language model for microbiomes: The power of large scale unlabeled microbiome data.,2025,,Q2_block_holdout_focus,pending,,,,
EPMC-1517,41102753,10.1186/s42522-025-00170-8,Leveraging artificial intelligence for One Health: opportunities and challenges in tackling antimicrobial resistance - scoping review.,2025,,Q3_amr_core,pending,,,,
EPMC-1518,40662835,10.1093/bioinformatics/btaf232,Leveraging large language models to predict antibiotic resistance in Mycobacterium tuberculosis.,2025,,Q1_protocol_broad|Q3_amr_core,pending,,,,
EPMC-1519,39939367,10.1038/s44320-025-00088-3,Leveraging prior knowledge to infer gene regulatory networks from single-cell RNA-sequencing data.,2025,,Q2_block_holdout_focus,pending,,,,
EPMC-1520,41446505,10.1093/nargab/lqaf189,Life at the extremes: maximally divergent microbes with similar genomic signatures linked to extreme environments.,2025,,Q1_protocol_broad|Q2_block_holdout_focus,pending,,,,
EPMC-1521,41401080,10.7554/elife.104975,Lifestyles shape genome size and gene content in fungal pathogens.,2025,,Q1_protocol_broad|Q2_block_holdout_focus,pending,,,,
EPMC-1522,40084837,10.1128/jcm.01484-24,Lipid fingerprinting by MALDI Biotyper Sirius instrument fails to differentiate the three subspecies of the &lt;i&gt;Mycobacterium abscessus&lt;/i&gt; complex.,2025,,Q1_protocol_broad|Q3_amr_core,pending,,,,
EPMC-1523,40271815,10.1093/jmicro/dfaf020,Live-cell omics with Raman spectroscopy.,2025,,Q2_block_holdout_focus|Q3_amr_core,pending,,,,
EPMC-1524,40384881,10.1007/s40588-025-00247-y,Long-Read Sequencing for the Rapid Response to Infectious Diseases Outbreaks.,2025,,Q1_protocol_broad|Q3_amr_core,pending,,,,
EPMC-1525,40662129,10.3389/fbinf.2025.1632189,"Long-read microbial genome assembly, gene prediction and functional annotation: a service of the MIRRI ERIC Italian node.",2025,,Q2_block_holdout_focus|Q3_amr_core,pending,,,,
EPMC-1526,41286070,10.1038/s42003-025-08899-8,Long-term exposure to polyethylene restructures the multi-kingdom soil microbiota in maize fields.,2025,,Q3_amr_core,pending,,,,
EPMC-1527,39805987,10.1038/s42255-024-01185-7,Longitudinal serum proteome mapping reveals biomarkers for healthy ageing and related cardiometabolic diseases.,2025,,Q2_block_holdout_focus,pending,,,,
EPMC-1528,41136439,10.1038/s41467-025-64916-8,LorBin: efficient binning of long-read metagenomes by multiscale adaptive clustering and evaluation.,2025,,Q3_amr_core,pending,,,,
EPMC-1529,41659813,10.3389/fcimb.2025.1731083,MALDI-TOF MS in conjunction with machine learning: toward a new era for antimicrobial susceptibility testing.,2025,,Q1_protocol_broad|Q2_block_holdout_focus|Q3_amr_core,pending,,,,
EPMC-1530,41419730,10.1038/s41467-025-67391-3,"MIDAS: rapid, multiplexed molecular profiling for integrated host-pathogen analysis.",2025,,Q1_protocol_broad|Q3_amr_core,pending,,,,
EPMC-1531,40831610,10.1016/j.csbj.2025.08.004,MINN: A metabolic-informed neural network for integrating omics data into genome-scale metabolic modeling.,2025,,Q2_block_holdout_focus,pending,,,,
EPMC-1532,39960880,10.1093/bioinformatics/btaf075,MOSTPLAS: a self-correction multi-label learning model for plasmid host range prediction.,2025,,Q3_amr_core,pending,,,,
EPMC-1533,41148661,10.3390/antibiotics14100969,Machine Learning Model for Predicting Multidrug Resistance in Clinical &lt;i&gt;Escherichia coli&lt;/i&gt; Isolates: A Retrospective General Surgery Study.,2025,,Q1_protocol_broad|Q2_block_holdout_focus|Q3_amr_core,pending,,,,
EPMC-1534,41374421,10.3390/diagnostics15233041,Machine Learning Model with Fourier-Transform Infrared Spectroscopy (FTIR) as a Proof-of-Concept Tool for Predicting Group A &lt;i&gt;Streptococcus&lt;/i&gt; (GAS) &lt;i&gt;emm&lt;/i&gt;-Type in the Pediatric Population.,2025,,Q1_protocol_broad|Q2_block_holdout_focus|Q3_amr_core,pending,,,,
EPMC-1535,41150077,10.3390/vetsci12100937,Machine Learning Prediction of Multidrug Resistance in Swine-Derived &lt;i&gt;Campylobacter&lt;/i&gt; spp. Using United States Antimicrobial Resistance Surveillance Data (2013-2023).,2025,,Q1_protocol_broad|Q2_block_holdout_focus|Q3_amr_core,pending,,,,
EPMC-1536,41595424,10.3390/genes17010004,Machine Learning Reveals Common Regulatory Mechanisms Mediated by Autophagy-Related Genes in the Development of Inflammatory Bowel Disease and Major Depressive Disorder.,2025,,Q2_block_holdout_focus,pending,,,,
EPMC-1537,39830714,10.1021/acsenvironau.4c00066,Machine Learning Reveals Signatures of Promiscuous Microbial Amidases for Micropollutant Biotransformations.,2025,,Q2_block_holdout_focus|Q3_amr_core,pending,,,,
EPMC-1538,40733500,10.3390/v17070882,"Machine Learning and Artificial Intelligence for Infectious Disease Surveillance, Diagnosis, and Prognosis.",2025,,Q2_block_holdout_focus,pending,,,,
EPMC-1539,40440642,10.2196/67859,Machine Learning and Deep Learning Techniques for Prediction and Diagnosis of Leptospirosis: Systematic Literature Review.,2025,,Q1_protocol_broad|Q2_block_holdout_focus,pending,,,,
EPMC-1540,39924835,10.1002/adma.202413695,Machine Learning in Polymer Research.,2025,,Q2_block_holdout_focus,pending,,,,
EPMC-1541,41156630,10.3390/pathogens14101019,Machine Learning-Based Characterization of &lt;i&gt;Bacillus anthracis&lt;/i&gt; Phenotypes from pXO1 Plasmid Proteins.,2025,,Q1_protocol_broad|Q3_amr_core,pending,,,,
EPMC-1542,41322014,10.1177/11795549251399383,Machine Learning-Based Enhanced MRI Radiomics for PDCD1 Prognostication and Expression Prediction in Breast Cancer.,2025,,Q2_block_holdout_focus,pending,,,,
EPMC-1543,40380306,10.1186/s13007-025-01383-8,Machine Learning-Based identification of resistance genes associated with sunflower broomrape.,2025,,Q2_block_holdout_focus,pending,,,,
EPMC-1544,40863133,10.3390/metabo15080514,Machine Learning-Driven Insights in Cancer Metabolomics: From Subtyping to Biomarker Discovery and Prognostic Modeling.,2025,,Q1_protocol_broad|Q2_block_holdout_focus|Q3_amr_core,pending,,,,
EPMC-1545,39810236,10.1186/s12967-024-05915-z,Machine learning and multi-omics in precision medicine for ME/CFS.,2025,,Q2_block_holdout_focus,pending,,,,
EPMC-1546,,10.1101/2025.09.22.677784,Machine learning based lineage prediction from AMR phenotypes for Escherichia coli ST131 clade C surveillance across infection types,2025,,Q1_protocol_broad|Q3_amr_core,pending,,,,
EPMC-1547,40835741,10.1038/s42003-025-08650-3,Machine learning based on pangenome-wide association studies reveals the impact of host source on the zoonotic potential of closely related bacterial pathogens.,2025,,Q1_protocol_broad|Q2_block_holdout_focus|Q3_amr_core,pending,,,,
EPMC-1548,40993191,10.1038/s41598-025-16185-0,Machine learning comparison for biomarker level estimation in wastewater dynamics monitoring.,2025,,Q2_block_holdout_focus,pending,,,,
EPMC-1549,39986174,10.1016/j.ebiom.2025.105618,Machine learning detection of heteroresistance in Escherichia coli.,2025,,Q1_protocol_broad|Q3_amr_core,pending,,,,
EPMC-1550,40175414,10.1038/s41467-025-58527-6,"Machine learning in point-of-care testing: innovations, challenges, and opportunities.",2025,,Q2_block_holdout_focus|Q3_amr_core,pending,,,,
EPMC-1551,40401639,10.1080/14622416.2025.2504863,Machine learning models for pharmacogenomic variant effect predictions - recent developments and future frontiers.,2025,,Q2_block_holdout_focus,pending,,,,
EPMC-1552,40592811,10.1038/s41467-025-60189-3,Machine learning reveals genes impacting oxidative stress resistance across yeasts.,2025,,Q2_block_holdout_focus,pending,,,,
EPMC-1553,41657981,10.3389/fmicb.2025.1691658,Machine learning reveals microbial interactions driving plastic degradation across plastisphere environments.,2025,,Q1_protocol_broad|Q3_amr_core,pending,,,,
EPMC-1554,40881170,10.3389/fgene.2025.1603687,Machine learning tools for deciphering the regulatory logic of enhancers in health and disease.,2025,,Q2_block_holdout_focus,pending,,,,
EPMC-1555,40640467,10.1038/s43856-025-00999-0,Machine learning-assisted assessment of extracellular vesicles can monitor cellular rejection after heart transplant.,2025,,Q2_block_holdout_focus|Q3_amr_core,pending,,,,
EPMC-1556,40415679,10.1093/bib/bbaf235,Machine learning-augmented m6A-Seq analysis without a reference genome.,2025,,Q2_block_holdout_focus,pending,,,,
EPMC-1557,40125545,10.1093/bioadv/vbaf050,Machine learning-based approach for identification of new resistance associated mutations from whole genome sequences of &lt;i&gt;Mycobacterium tuberculosis&lt;/i&gt;.,2025,,Q1_protocol_broad|Q2_block_holdout_focus|Q3_amr_core,pending,,,,
EPMC-1558,40496857,10.3389/fimmu.2025.1581982,Machine learning-based diagnostic and prognostic models for breast cancer: a new frontier on the clinical application of natural killer cell-related gene signatures in precision medicine.,2025,,Q3_amr_core,pending,,,,
EPMC-1559,40952128,10.1128/msystems.00909-25,Machine learning-based evaluation of risk factors for carbapenem-resistant &lt;i&gt;Klebsiella pneumoniae&lt;/i&gt; dissemination in neonatal units.,2025,,Q1_protocol_broad|Q3_amr_core,pending,,,,
EPMC-1560,41089329,10.3389/fcimb.2025.1630446,Machine learning-based identification of leptin-associated biomarkers and prognostic prediction models in sepsis.,2025,,Q2_block_holdout_focus,pending,,,,
EPMC-1561,40335465,10.1038/s41467-025-56829-3,Machine learning-based meta-analysis reveals gut microbiome alterations associated with Parkinson's disease.,2025,,Q1_protocol_broad|Q2_block_holdout_focus,pending,,,,
EPMC-1562,40646483,10.1186/s12863-025-01338-x,Machine learning-based prediction of antimicrobial resistance and identification of AMR-related SNPs in Mycobacterium tuberculosis.,2025,,Q1_protocol_broad|Q2_block_holdout_focus|Q3_amr_core,pending,,,,
EPMC-1563,40096134,10.1371/journal.pcbi.1012877,Machine learning-based prediction reveals kinase MAP4K4 regulates neutrophil differentiation through phosphorylating apoptosis-related proteins.,2025,,Q2_block_holdout_focus,pending,,,,
EPMC-1564,40533788,10.1186/s13098-025-01786-6,Machine learning-based stratification of prediabetes and type 2 diabetes progression.,2025,,Q2_block_holdout_focus,pending,,,,
EPMC-1565,40783519,10.1186/s12575-025-00286-1,Machine learning-driven multi-omics analysis identifies a prognostic gene signature associated with programmed cell death and metabolism in hepatocellular carcinoma.,2025,,Q2_block_holdout_focus,pending,,,,
EPMC-1566,40746721,10.3389/fphar.2025.1640192,Machine learning-enhanced discovery of tsRNA-mRNA regulatory networks: identifying novel diagnostic biomarkers and therapeutic targets in breast cancer.,2025,,Q2_block_holdout_focus,pending,,,,
EPMC-1567,40642980,10.1128/spectrum.00556-25,Machine learning-selected minimal features drive high-accuracy rule-based antibiotic susceptibility predictions for &lt;i&gt;Staphylococcus aureus&lt;/i&gt; via metagenomic sequencing.,2025,,Q1_protocol_broad|Q3_amr_core,pending,,,,
EPMC-1568,,10.1101/2025.09.12.675231,Mapping the Phenotypic Landscape of Beta-lactam Resistance in Streptococcus pneumoniae,2025,,Q1_protocol_broad|Q3_amr_core,pending,,,,
EPMC-1569,41398180,10.1038/s41522-025-00880-x,Maternal health status is associated with paired maternal and cord blood virome and mother-to-infant transmission.,2025,,Q2_block_holdout_focus,pending,,,,
EPMC-1570,41155464,10.3390/ijms262010172,Measuring the Invisible: Microbial Diagnostics for Periodontitis-A Narrative Review.,2025,,Q2_block_holdout_focus,pending,,,,
EPMC-1571,41301664,10.3390/antibiotics14111167,"Mechanisms and Evolution of Antimicrobial Resistance in Ophthalmology: Surveillance, Clinical Implications, and Future Therapies.",2025,,Q1_protocol_broad|Q2_block_holdout_focus,pending,,,,
EPMC-1572,,,"Medical Biotechnology Symposium Sultan Qaboos University, Muscat, Oman 5th and 6th February 2024",2025,,Q2_block_holdout_focus|Q3_amr_core,pending,,,,
EPMC-1573,40826361,10.1186/s13059-025-03721-4,Melody: meta-analysis of microbiome association studies for discovering generalizable microbial signatures.,2025,,Q2_block_holdout_focus,pending,,,,
EPMC-1574,40696598,10.1097/md.0000000000043377,Mendelian randomization analysis of C-reactive protein on septic arthritis risk.,2025,,Q2_block_holdout_focus,pending,,,,
EPMC-1575,40822578,10.3389/fcimb.2025.1610523,Meta-analysis of &lt;i&gt;H. pylori&lt;/i&gt; and the gut microbiome interactions and clinical outcomes.,2025,,Q2_block_holdout_focus,pending,,,,
EPMC-1576,41020846,10.3390/cimb47090723,Metabolic Engineering of Terpenoid Biosynthesis in Medicinal Plants: From Genomic Insights to Biotechnological Applications.,2025,,Q2_block_holdout_focus,pending,,,,
EPMC-1577,41128541,10.1128/msystems.00956-25,Metabolic activity and survival strategies of thermophilic microbiomes during hyperthermophilic composting.,2025,,Q3_amr_core,pending,,,,
EPMC-1578,41375016,10.3390/cancers17233815,Metabolomics-Based Liquid Biopsy for Predicting Clinically Significant Prostate Cancer.,2025,,Q2_block_holdout_focus,pending,,,,
EPMC-1579,40790223,10.1186/s12967-025-06923-3,Metagenome-based characterization of the gut virome in patients with schizophrenia.,2025,,Q2_block_holdout_focus,pending,,,,
EPMC-1580,41153865,10.3390/ani15202938,Metagenomic Applications to Herbivore Gut Microbiomes: A Comprehensive Review of Microbial Diversity and Host Interactions.,2025,,Q1_protocol_broad|Q2_block_holdout_focus,pending,,,,
EPMC-1581,40299688,10.3390/biomedicines13041000,Metagenomic Microbial Signatures for Noninvasive Detection of Pancreatic Cancer.,2025,,Q2_block_holdout_focus,pending,,,,
EPMC-1582,40870843,10.3390/diagnostics15161991,"Metagenomic Next-Generation Sequencing in Infectious Diseases: Clinical Applications, Translational Challenges, and Future Directions.",2025,,Q1_protocol_broad|Q2_block_holdout_focus|Q3_amr_core,pending,,,,
EPMC-1583,40542420,10.1186/s40168-025-02144-4,Metagenomic analysis reveals gut phage diversity across three mammalian models.,2025,,Q3_amr_core,pending,,,,
EPMC-1584,41586308,10.3389/fcimb.2025.1695928,Metagenomic analysis reveals severity-dependent microbial succession and correlation with host inflammatory response in oral and maxillofacial space infections.,2025,,Q1_protocol_broad|Q2_block_holdout_focus,pending,,,,
EPMC-1585,40447596,10.1038/s41522-025-00731-9,Metagenomic analysis reveals the novel role of vaginal Lactobacillus iners in Chinese healthy pregnant women.,2025,,Q3_amr_core,pending,,,,
EPMC-1586,39853685,10.1111/1759-7714.15527,Metagenomic and Transcriptomic Analysis Reveals Crosstalk Between Intratumor Mycobiome and Hosts in Early-Stage Nonsmoking Lung Adenocarcinoma Patients.,2025,,Q2_block_holdout_focus,pending,,,,
EPMC-1587,41693862,10.3389/fcimb.2025.1726935,Metagenomic and metatranscriptomic profiling of bronchoalveolar lavage fluid identifies microbial and host biomarkers of drug-resistant tuberculosis.,2025,,Q1_protocol_broad|Q2_block_holdout_focus,pending,,,,
EPMC-1588,39747692,10.1038/s41564-024-01887-4,Metagenomic immunoglobulin sequencing reveals IgA coating of microbial strains in the healthy human gut.,2025,,Q3_amr_core,pending,,,,
EPMC-1589,41162595,10.1038/s41598-025-21722-y,Metagenomic next-generation sequencing reveals respiratory flora distribution in COVID-19.,2025,,Q2_block_holdout_focus|Q3_amr_core,pending,,,,
EPMC-1590,40149106,10.3390/antibiotics14030296,Metagenomics as a Transformative Tool for Antibiotic Resistance Surveillance: Highlighting the Impact of Mobile Genetic Elements with a Focus on the Complex Role of Phages.,2025,,Q1_protocol_broad|Q2_block_holdout_focus|Q3_amr_core,pending,,,,
EPMC-1591,40677915,10.1093/nargab/lqaf093,Metagenomics-Toolkit: the flexible and efficient cloud-based metagenomics workflow featuring machine learning-enabled resource allocation.,2025,,Q3_amr_core,pending,,,,
EPMC-1592,41209014,10.3389/fimmu.2025.1680275,Metatranscriptomic analysis of the gut virome in Muscovy ducks reveals a novel duck reovirus potentially associated with hepatic and splenic hemorrhage.,2025,,Q2_block_holdout_focus,pending,,,,
EPMC-1593,40098147,10.1186/s13073-025-01447-3,Metatranscriptomic profiling reveals pathogen and host response signatures of pediatric acute sinusitis and upper respiratory infection.,2025,,Q3_amr_core,pending,,,,
EPMC-1594,40957402,10.1016/j.crmeth.2025.101174,"Methods, applications, and computational challenges in bait capture enrichment.",2025,,Q1_protocol_broad|Q3_amr_core,pending,,,,
EPMC-1595,41542075,10.1016/j.csbj.2025.10.047,MethylomeMiner: A novel tool for high-resolution analysis of bacterial methylation patterns from nanopore sequencing.,2025,,Q3_amr_core,pending,,,,
EPMC-1596,41301939,10.3390/ani15223230,MiRNAs in Poultry Health and Production: Progress and Challenges.,2025,,Q2_block_holdout_focus,pending,,,,
EPMC-1597,41011541,10.3390/microorganisms13092210,MicroAIbiome: Decoding Cancer Types from Microbial Profiles Using Explainable Machine Learning.,2025,,Q1_protocol_broad|Q2_block_holdout_focus,pending,,,,
EPMC-1598,40660619,10.1111/1751-7915.70195,Microbes as Teachers: Rethinking Knowledge in the Anthropocene.,2025,,Q3_amr_core,pending,,,,
EPMC-1599,40732073,10.3390/microorganisms13071564,Microbial Interconnections in One Health: A Critical Nexus Between Companion Animals and Human Microbiomes.,2025,,Q2_block_holdout_focus|Q3_amr_core,pending,,,,
EPMC-1600,41231537,10.1099/mic.0.001629,Microbial Primer: Artificial intelligence for microbiologists.,2025,,Q1_protocol_broad|Q2_block_holdout_focus|Q3_amr_core,pending,,,,
EPMC-1601,40302376,10.1177/18758592251322045,Microbial biomarker development for detection and prognosis of early-stage non-small cell lung cancer.,2025,,Q2_block_holdout_focus,pending,,,,
EPMC-1602,40548719,10.1128/msystems.00271-25,Microbial diagnostic features identified across populations possess potential antitumor properties in breast cancer.,2025,,Q1_protocol_broad|Q2_block_holdout_focus,pending,,,,
EPMC-1603,40413611,10.1002/ctm2.70348,Microbial metabolism mediates the deteriorative effects of sedentary behaviour on insulin resistance.,2025,,Q2_block_holdout_focus,pending,,,,
EPMC-1604,41204531,10.1097/md.0000000000045865,Microbial spectrum and resistance profiles in elderly patients with pulmonary infections: A tNGS-based retrospective study.,2025,,Q1_protocol_broad|Q3_amr_core,pending,,,,
EPMC-1605,40391895,10.1128/mbio.00930-25,Microbial vitamin biosynthesis links gut microbiota dynamics to chemotherapy toxicity.,2025,,Q2_block_holdout_focus,pending,,,,
EPMC-1606,40462354,10.1002/advs.202409338,Microbiome Single Cell Atlases Generated with a Commercial Instrument.,2025,,Q3_amr_core,pending,,,,
EPMC-1607,40231846,10.1128/aem.02420-24,Microbiome determinants of productivity in aquaculture of whiteleg shrimp.,2025,,Q1_protocol_broad|Q2_block_holdout_focus,pending,,,,
EPMC-1608,41423676,10.1038/s41522-025-00891-8,Microbiome dysbiosis and chemotherapy resistance in acute myeloid leukemia (AML).,2025,,Q2_block_holdout_focus|Q3_amr_core,pending,,,,
EPMC-1609,41035886,10.3389/fmicb.2025.1625265,Microbiome engineering to enhance disease resistance in aquaculture: current strategies and future directions.,2025,,Q1_protocol_broad|Q2_block_holdout_focus,pending,,,,
EPMC-1610,41064255,10.3389/fmicb.2025.1610029,Microbiome engineering: unlocking therapeutic potential in inflammatory bowel disease.,2025,,Q2_block_holdout_focus|Q3_amr_core,pending,,,,
EPMC-1611,40524271,10.1186/s40364-025-00802-1,Microbiome multi-omics analysis reveals novel biomarkers and mechanisms linked with CD etiopathology.,2025,,Q2_block_holdout_focus,pending,,,,
EPMC-1612,40872922,10.3390/vaccines13080837,Microbiome-Immune Interaction and Harnessing for Next-Generation Vaccines Against Highly Pathogenic Avian Influenza in Poultry.,2025,,Q1_protocol_broad|Q2_block_holdout_focus,pending,,,,
EPMC-1613,40676635,10.1186/s13073-025-01507-8,Microbiome-based prediction of allogeneic hematopoietic stem cell transplantation outcome.,2025,,Q2_block_holdout_focus,pending,,,,
EPMC-1614,39755613,10.1186/s12866-024-03709-3,Microbiota analysis of perimenopausal women experiencing recurrent vaginitis in conjunction with urinary tract infection.,2025,,Q2_block_holdout_focus,pending,,,,
EPMC-1615,40575984,10.5713/ab.25.0062,Microbiota profiles and antimicrobial resistance genes in sow fecal samples from farms with and without antibiotic use.,2025,,Q1_protocol_broad|Q3_amr_core,pending,,,,
EPMC-1616,41381596,10.1038/s41597-025-06264-2,Microscopic image dataset of fungal spores for computer vision applications in Tectona grandis and other taxa.,2025,,Q2_block_holdout_focus,pending,,,,
EPMC-1617,41038842,10.1038/s41540-025-00584-0,Minimal gene signatures enable high-accuracy prediction of antibiotic resistance in Pseudomonas aeruginosa.,2025,,Q1_protocol_broad|Q3_amr_core,pending,,,,
EPMC-1618,41121674,10.1002/mbo3.70093,Minimum Inhibitory Concentrations of Anidulafungin as a Potential Predictor of Biocide Susceptibility of Clade 1 Candidozyma (Candida) auris Isolates.,2025,,Q1_protocol_broad|Q2_block_holdout_focus|Q3_amr_core,pending,,,,
EPMC-1619,41155696,10.3390/ph18101583,Mining Microbial Dark Matter: Advanced Cultivation Techniques for Bioactive Compound Discovery.,2025,,Q1_protocol_broad|Q3_amr_core,pending,,,,
EPMC-1620,40703651,10.3389/fcell.2025.1596204,Mitochondrial insights: key biomarkers and potential treatments for diabetic nephropathy and sarcopenia.,2025,,Q2_block_holdout_focus,pending,,,,
EPMC-1621,40207272,10.20517/mrr.2024.51,Mobile genetic elements: the hidden puppet masters underlying infant gut microbiome assembly?,2025,,Q3_amr_core,pending,,,,
EPMC-1622,40877975,10.1186/s40168-025-02180-0,Mobilome-mediated transcriptional activation of biosynthetic gene clusters and its impact on strain competitiveness in food fermentation microbiomes.,2025,,Q3_amr_core,pending,,,,
EPMC-1623,39394482,10.1038/s41587-024-02422-w,Model-directed generation of artificial CRISPR-Cas13a guide RNA sequences improves nucleic acid detection.,2025,,Q3_amr_core,pending,,,,
EPMC-1624,40704068,10.1016/j.jhepr.2025.101465,Modelling the liver's regenerative capacity across different clinical conditions.,2025,,Q2_block_holdout_focus,pending,,,,
EPMC-1625,41250709,10.7759/cureus.94764,"Modern Surgical Site Infection Prevention: Evidence, Gaps, and Future Directions.",2025,,Q3_amr_core,pending,,,,
EPMC-1626,41301619,10.3390/antibiotics14111124,Molecular Epidemiological Surveillance of Carbapenem-Resistant Gram-Negative Bacteria in Southern Lebanon.,2025,,Q1_protocol_broad|Q2_block_holdout_focus|Q3_amr_core,pending,,,,
EPMC-1627,41463370,10.3390/biom15121715,Molecular Evolution of the NLR Gene Family Reveals Diverse Innate Immune Strategies in Bats.,2025,,Q2_block_holdout_focus,pending,,,,
EPMC-1628,41375296,10.3390/plants14233586,"Molecular Network Analysis in Model and Non-Model Legumes: Challenges in Omics Data Interpretation Across Species, with a Focus on &lt;i&gt;Glycine max, Lupinus albus&lt;/i&gt; and &lt;i&gt;Medicago truncatula&lt;/i&gt;.",2025,,Q2_block_holdout_focus,pending,,,,
EPMC-1629,41473103,10.3389/fvets.2025.1699077,Molecular detection of antimicrobial resistance in livestock mycoplasmas: current status and future prospects.,2025,,Q1_protocol_broad|Q2_block_holdout_focus|Q3_amr_core,pending,,,,
EPMC-1630,40837540,10.1016/j.jhlto.2025.100354,Molecular diagnostics for the monitoring of the cardiac allograft.,2025,,Q3_amr_core,pending,,,,
EPMC-1631,40594015,10.1038/s41598-025-03536-0,Molecular insights into pangenome localization and constructs design for Hemophilus influenza vaccine.,2025,,Q3_amr_core,pending,,,,
EPMC-1632,41608681,10.3389/fmicb.2025.1719798,Molecular resistance mechanisms to newly approved antibiotics (2017-2025) in WHO priority pathogens.,2025,,Q2_block_holdout_focus|Q3_amr_core,pending,,,,
EPMC-1633,40927774,10.2147/ijgm.s539158,Multi-Omics and Clinical Validation Identify Key Glycolysis- and Immune-Related Genes in Sepsis.,2025,,Q3_amr_core,pending,,,,
EPMC-1634,41439255,10.3389/fcimb.2025.1641413,Multi-cohort ensemble learning framework for vaginal microbiome-based endometrial cancer detection.,2025,,Q1_protocol_broad|Q2_block_holdout_focus,pending,,,,
EPMC-1635,41070134,10.3389/fmicb.2025.1656016,Multi-cohort metagenomics reveals strain functional heterogeneity and demonstrates fecal microbial load correction improves colorectal cancer diagnostic models.,2025,,Q2_block_holdout_focus|Q3_amr_core,pending,,,,
EPMC-1636,40598185,10.1186/s12915-025-02279-8,Multi-dimensional annotation of porcine variants using genomic and epigenomic features in pigs.,2025,,Q2_block_holdout_focus,pending,,,,
EPMC-1637,41425965,10.3389/fcimb.2025.1616189,Multi-omics approaches for image classification in disease diagnosis.,2025,,Q1_protocol_broad|Q2_block_holdout_focus|Q3_amr_core,pending,,,,
EPMC-1638,41214581,10.1186/s12885-025-14943-x,Multi-omics data-based modeling reveals tumorigenesis- and prognosis-associated genes with clinical potential in lung adenocarcinoma.,2025,,Q2_block_holdout_focus,pending,,,,
EPMC-1639,40641871,10.3389/fmicb.2025.1618177,Multi-omics decodes host-specific and environmental microbiome interactions in sepsis.,2025,,Q2_block_holdout_focus|Q3_amr_core,pending,,,,
EPMC-1640,41315422,10.1038/s41522-025-00874-9,Multi-omics framework integrating genetics microbiome and immunity for understanding motor neuron degeneration pathogenesis.,2025,,Q2_block_holdout_focus,pending,,,,
EPMC-1641,40727271,10.3389/fvets.2025.1628457,Multi-omics insights into Chinese herbal medicine additives for mutton flavor enhancement: epigenetic and microbial mechanisms.,2025,,Q2_block_holdout_focus|Q3_amr_core,pending,,,,
EPMC-1642,41358199,10.3389/fmolb.2025.1686282,Multi-omics integration analysis based on plasma circulating proteins reveals potential therapeutic targets for ulcerative colitis.,2025,,Q2_block_holdout_focus,pending,,,,
EPMC-1643,41423668,10.1186/s12967-025-07574-0,Multi-omics integration and machine learning define robust molecular subtypes and prognostic signatures in hepatocellular carcinoma.,2025,,Q2_block_holdout_focus,pending,,,,
EPMC-1644,40785047,10.1080/19490976.2025.2542384,Multi-omics integration reveals functional signatures of gut microbiome in atherosclerosis.,2025,,Q1_protocol_broad|Q2_block_holdout_focus,pending,,,,
EPMC-1645,41019533,10.3389/fmicb.2025.1630062,Multi-omics integration reveals gut microbiota dysbiosis and metabolic alterations of cerebrospinal fluid in children with epilepsy.,2025,,Q2_block_holdout_focus,pending,,,,
EPMC-1646,40740914,10.4240/wjgs.v17.i7.107110,Multi-omics perspectives for gastrointestinal malignancy: A systematic review.,2025,,Q2_block_holdout_focus,pending,,,,
EPMC-1647,40464559,10.1128/mbio.03896-24,Multi-omics profiling of cross-resistance between ceftazidime-avibactam and meropenem identifies common and strain-specific mechanisms in &lt;i&gt;Pseudomonas aeruginosa&lt;/i&gt; clinical isolates.,2025,,Q1_protocol_broad|Q3_amr_core,pending,,,,
EPMC-1648,39601577,10.1128/jcm.01122-24,Multicenter evaluation of Fourier transform infrared (FTIR) spectroscopy as a first-line typing tool for carbapenemase-producing &lt;i&gt;Klebsiella pneumoniae&lt;/i&gt; in clinical settings.,2025,,Q1_protocol_broad|Q3_amr_core,pending,,,,
EPMC-1649,41112005,10.3748/wjg.v31.i38.109802,Multimodal artificial intelligence technology in the precision diagnosis and treatment of gastroenterology and hepatology: Innovative applications and challenges.,2025,,Q2_block_holdout_focus,pending,,,,
EPMC-1650,40918404,10.1155/mi/1619237,Multiomics Integration and Machine Learning Reveal Colony Stimulating Factor 3 Receptor as a Key Gene and Therapeutic Target in Crohn's Disease.,2025,,Q2_block_holdout_focus,pending,,,,
EPMC-1651,41276815,10.1186/s13059-025-03854-6,"Mycobacterium tuberculosis uses intrinsically disordered, fast evolving proteins to interact with conserved host factors.",2025,,Q3_amr_core,pending,,,,
EPMC-1652,41258556,10.1007/s12672-025-04016-7,NAP1L4 in hepatocellular carcinoma progression and treatment from gene expression to clinical impact.,2025,,Q2_block_holdout_focus,pending,,,,
EPMC-1653,40463816,10.1093/sexmed/qfaf039,NFKB1-targeted metabolites as novel therapeutic approaches for erectile dysfunction: evidence from gut microbiota network pharmacology and machine learning.,2025,,Q2_block_holdout_focus,pending,,,,
EPMC-1654,40691262,10.1038/s41598-025-10999-8,Nanopore full length 16S rRNA gene sequencing increases species resolution in bacterial biomarker discovery.,2025,,Q2_block_holdout_focus,pending,,,,
EPMC-1655,41341958,10.3389/fcimb.2025.1701570,Nanopore sequencing in veterinary medicine: from concepts to clinical applications.,2025,,Q1_protocol_broad|Q2_block_holdout_focus|Q3_amr_core,pending,,,,
EPMC-1656,40987097,10.1016/j.sbi.2025.103162,Navigating protein-nucleic acid sequence-structure landscapes with deep learning.,2025,,Q2_block_holdout_focus,pending,,,,
EPMC-1657,41052277,10.1093/bib/bbaf520,"Navigating the 3D genome at single-cell resolution: techniques, computation, and mechanistic landscapes.",2025,,Q2_block_holdout_focus,pending,,,,
EPMC-1658,40152247,10.1093/bioinformatics/btaf135,Negative dataset selection impacts machine learning-based predictors for multiple bacterial species promoters.,2025,,Q2_block_holdout_focus,pending,,,,
EPMC-1659,41244988,10.1093/nargab/lqaf147,Network analysis of antimicrobial resistance in &lt;i&gt;Staphylococcus aureus&lt;/i&gt;: characterization of hub genes and their functional implications.,2025,,Q1_protocol_broad|Q3_amr_core,pending,,,,
EPMC-1660,40155979,10.1186/s13040-025-00442-z,Network-based multi-omics integrative analysis methods in drug discovery: a systematic review.,2025,,Q2_block_holdout_focus,pending,,,,
EPMC-1661,41078362,10.3389/fcimb.2025.1662442,New antifungal strategies and drug development against WHO critical priority fungal pathogens.,2025,,Q3_amr_core,pending,,,,
EPMC-1662,41132837,10.1016/j.apsb.2025.08.015,"New insights into translational research in Alzheimer's disease guided by artificial intelligence, computational and systems biology.",2025,,Q2_block_holdout_focus,pending,,,,
EPMC-1663,41374325,10.3390/diagnostics15232944,Next-Generation Sequencing for Bloodstream Infections: Shaping the Future of Rapid Diagnostics and Precision Medicine.,2025,,Q1_protocol_broad|Q2_block_holdout_focus|Q3_amr_core,pending,,,,
EPMC-1664,41769292,10.32592/ari.2025.80.3.555,Next-Generation Vaccines and Antiviral Platforms: Molecular Advancements in the Struggle against Emerging Zoonotic and Viral Diseases.,2025,,Q2_block_holdout_focus|Q3_amr_core,pending,,,,
EPMC-1665,41409541,10.1155/tbed/2014296,"Next-Generation Vaccines for Co-Circulating PEDV and TGEV: Integrating Nucleic Acid Platforms, Mucosal Delivery, and AI-Driven Antigen Design.",2025,,Q2_block_holdout_focus,pending,,,,
EPMC-1666,40101387,10.1016/j.ebiom.2025.105633,Next-generation diagnostics of bloodstream infections enabled by rapid whole-genome sequencing of bacterial cells purified from blood cultures.,2025,,Q1_protocol_broad|Q3_amr_core,pending,,,,
EPMC-1667,40096210,10.3390/s25051396,Non-Invasive Biomarkers in the Era of Big Data and Machine Learning.,2025,,Q1_protocol_broad|Q2_block_holdout_focus,pending,,,,
EPMC-1668,41031816,10.1128/spectrum.02702-25,"Novel, rapid, and reliable typing of vancomycin-resistant &lt;i&gt;Enterococcus faecium&lt;/i&gt; CC17/ST80 strains using MALDI-TOF MS.",2025,,Q1_protocol_broad|Q3_amr_core,pending,,,,
EPMC-1669,41286599,10.1186/s12859-025-06324-9,OMetaNet: an efficient hybrid deep learning model based on multimodal data fusion and contrastive learning for predicting 2'-O-methylation sites in human RNA.,2025,,Q3_amr_core,pending,,,,
EPMC-1670,41574271,10.3389/fgene.2025.1740301,Omics in mini-livestock: a genomic perspective on the future of sustainable food systems.,2025,,Q1_protocol_broad|Q2_block_holdout_focus,pending,,,,
EPMC-1671,40933388,10.1016/j.fochms.2025.100294,Omics landscapes in molecular mechanisms with &lt;i&gt;Amomum tsaoko&lt;/i&gt; as an example.,2025,,Q2_block_holdout_focus,pending,,,,
EPMC-1672,41102805,10.1186/s13020-025-01208-9,Omics-based profiling and therapeutic potential of natural components in pan-Shennongjia medicinal herbs.,2025,,Q1_protocol_broad|Q2_block_holdout_focus,pending,,,,
EPMC-1673,41379246,10.1007/s12672-025-04088-5,Omics-enhanced nanomedicine: integrating multi-omics for precision cancer diagnosis and therapy.,2025,,Q2_block_holdout_focus,pending,,,,
EPMC-1674,41517151,10.3390/foods15010085,"One Health Approaches to Ethical, Secure, and Sustainable Food Systems and Ecosystems: Plant-Based Diets and Livestock in the African Context.",2025,,Q3_amr_core,pending,,,,
EPMC-1675,41131551,10.1186/s40168-025-02231-6,"One Health, One Microbiome.",2025,,Q1_protocol_broad|Q3_amr_core,pending,,,,
EPMC-1676,40998989,10.1038/s41746-025-01954-y,Ophthalmic drug discovery and development using artificial intelligence and digital health technologies.,2025,,Q3_amr_core,pending,,,,
EPMC-1677,41127841,10.1021/envhealth.5c00040,Opportunities and Challenges of Multiomics for Discovery and Monitoring of Human Pathogens.,2025,,Q1_protocol_broad|Q2_block_holdout_focus|Q3_amr_core,pending,,,,
EPMC-1678,41068180,10.1038/s41522-025-00825-4,Optimizing breast cancer chemotherapy by harnessing gut microbiota with insights from artificial intelligence.,2025,,Q1_protocol_broad|Q2_block_holdout_focus,pending,,,,
EPMC-1679,41259558,10.1590/1678-7757-2025-0476,Oral microbiome patterns of dental caries in Kazakhstani adolescents.,2025,,Q2_block_holdout_focus,pending,,,,
EPMC-1680,40572188,10.3390/microorganisms13061300,"Overview of Microorganisms: Bacterial Microbiome, Mycobiome, Virome Identified Using Next-Generation Sequencing, and Their Application to Ophthalmic Diseases.",2025,,Q3_amr_core,pending,,,,
EPMC-1681,40844265,10.1128/jcm.00410-25,Oxford Nanopore Technologies R10 sequencing enables accurate cgMLST-based bacterial outbreak investigation of &lt;i&gt;Neisseria meningitidis&lt;/i&gt; and &lt;i&gt;Salmonella enterica&lt;/i&gt; when accounting for methylation-related errors.,2025,,Q3_amr_core,pending,,,,
EPMC-1682,41145424,10.1038/s41467-025-64512-w,PLM-interact: extending protein language models to predict protein-protein interactions.,2025,,Q2_block_holdout_focus,pending,,,,
EPMC-1683,40529231,10.2147/idr.s519795,Pan-Genome-Wide Association Study Identifies Genetic Factors Associated with the Pathogenicity of Invasive Serotype 19F Streptococcus Pneumoniae.,2025,,Q1_protocol_broad|Q3_amr_core,pending,,,,
EPMC-1684,40572063,10.3390/microorganisms13061175,Pan-Genomic Insights into Rumen Microbiome-Mediated Short-Chain Fatty Acid Production and Regulation in Ruminants.,2025,,Q2_block_holdout_focus|Q3_amr_core,pending,,,,
EPMC-1685,40120098,10.1002/cac2.70008,Pan-cancer analysis shapes the understanding of cancer biology and medicine.,2025,,Q2_block_holdout_focus,pending,,,,
EPMC-1686,41395110,10.1016/j.csbj.2025.11.046,PanARGMiner (Pan-Genomic Antimicrobial Resistance Gene Miner): An advanced feature selection framework for extracting key resistance genes from pan-genomic datasets.,2025,,Q1_protocol_broad|Q2_block_holdout_focus,pending,,,,
EPMC-1687,39747833,10.1038/s41467-024-55103-2,Parameters for one health genomic surveillance of Escherichia coli from Australia.,2025,,Q2_block_holdout_focus|Q3_amr_core,pending,,,,
EPMC-1688,40801594,10.3390/cells14151161,"Parkinson's Disease: Bridging Gaps, Building Biomarkers, and Reimagining Clinical Translation.",2025,,Q2_block_holdout_focus,pending,,,,
EPMC-1689,41011355,10.3390/microorganisms13092023,Pathoadapative Genomic Determinants of &lt;i&gt;Staphylococcus aureus&lt;/i&gt; Community Skin Infections and Nasal Colonization.,2025,,Q1_protocol_broad|Q2_block_holdout_focus|Q3_amr_core,pending,,,,
EPMC-1690,41523242,10.62347/dagz2151,Pathogen spectrum and management strategies for opportunistic infections in lung cancer in the immunotherapy era: recent advances from fungi to mycobacteria.,2025,,Q2_block_holdout_focus,pending,,,,
EPMC-1691,41602759,10.3389/fmicb.2025.1741449,Pathogenic mechanisms and vaccine development for <i>Mycoplasma gallisepticum</i> in chickens.,2025,,Q3_amr_core,pending,,,,
EPMC-1692,40282010,10.3390/ani15081176,"Pathogenomic Insights into &lt;i&gt;Piscirickettsia salmonis&lt;/i&gt; with a Focus on Virulence Factors, Single-Nucleotide Polymorphism Identification, and Resistance Dynamics.",2025,,Q1_protocol_broad|Q3_amr_core,pending,,,,
EPMC-1693,40266486,10.1007/s42770-025-01678-x,Pato: prediction of probiotic bacteria using metabolic features.,2025,,Q2_block_holdout_focus,pending,,,,
EPMC-1694,40830110,10.1038/s41522-025-00801-y,Peptide abundance correlations in metaproteomics enhance taxonomic and functional analysis of the human gut microbiome.,2025,,Q2_block_holdout_focus,pending,,,,
EPMC-1695,39560386,10.1128/spectrum.02130-24,Performance of a hybrid capture-based target enrichment next-generation sequencing for the identification of respiratory pathogens and resistance-associated genes in patients with severe pneumonia.,2025,,Q2_block_holdout_focus,pending,,,,
EPMC-1696,41351031,10.1186/s41065-025-00604-3,Performance of a self-developed panel for biogeographic ancestry inference and dissection of the genetic background of three Tibetan groups.,2025,,Q3_amr_core,pending,,,,
EPMC-1697,41149836,10.3390/jpm15100474,Personalizing DNA Cancer Vaccines.,2025,,Q3_amr_core,pending,,,,
EPMC-1698,40037811,10.1093/gbe/evaf037,Pervasive Conservation of Intron Number and Other Genetic Elements Revealed by a Chromosome-level Genome Assembly of the Hyper-polymorphic Nematode Caenorhabditis brenneri.,2025,,Q2_block_holdout_focus,pending,,,,
EPMC-1699,41267740,10.12688/wellcomeopenres.24031.1,"Pf8: an open dataset of &lt;i&gt;Plasmodium falciparum &lt;/i&gt;genome variation in 33,325 worldwide samples.",2025,,Q3_amr_core,pending,,,,
EPMC-1700,41301629,10.3390/antibiotics14111134,"Phage Therapy for &lt;i&gt;Acinetobacter baumannii&lt;/i&gt; Infections: A Review on Advances in Classification, Applications, and Translational Roadblocks.",2025,,Q3_amr_core,pending,,,,
EPMC-1701,41384994,10.1007/s00432-025-06393-6,"Phage therapy and the microbiome in hematologic malignancies: opportunities, mechanisms, and early evidence.",2025,,Q2_block_holdout_focus|Q3_amr_core,pending,,,,
EPMC-1702,40198880,10.1371/journal.ppat.1012971,Phage therapy for Klebsiella pneumoniae: Understanding bacteria-phage interactions for therapeutic innovations.,2025,,Q3_amr_core,pending,,,,
EPMC-1703,40969428,10.3389/fmicb.2025.1621103,Phage therapy for environmental biotechnology applications.,2025,,Q3_amr_core,pending,,,,
EPMC-1704,39940850,10.3390/ijms26031082,Pharmaco-Multiomics: A New Frontier in Precision Psychiatry.,2025,,Q2_block_holdout_focus,pending,,,,
EPMC-1705,41148677,10.3390/antibiotics14100985,"Phenotypic and Genotype Patterns of Antimicrobial Resistance in Non-Human Primates: An Overlooked ""One Health"" Concern.",2025,,Q1_protocol_broad|Q2_block_holdout_focus|Q3_amr_core,pending,,,,
EPMC-1706,40836244,10.1186/s13099-025-00732-1,Phenotypic characterization and complete genome of a tumorigenic pathobiont Escherichia coli LI60C3.,2025,,Q3_amr_core,pending,,,,
EPMC-1707,40505656,10.1016/j.cell.2025.05.017,Phenotypic landscape of an invasive fungal pathogen reveals its unique biology.,2025,,Q2_block_holdout_focus,pending,,,,
EPMC-1708,41283667,10.1128/msystems.01453-25,Phylo-Spec: a phylogeny-fusion deep learning model advances microbiome status identification.,2025,,Q1_protocol_broad|Q2_block_holdout_focus,pending,,,,
EPMC-1709,40997294,10.1146/annurev-genet-030325-041233,Phylogenomic Approaches to Study Adaptive Evolution in Mammals: From Aging to Aquatic Lifestyles.,2025,,Q2_block_holdout_focus,pending,,,,
EPMC-1710,,10.21203/rs.3.rs-8176565/v1,Phylogeny-agnostic strain-level prediction of phage-host interactions from genomes,2025,,Q3_amr_core,pending,,,,
EPMC-1711,,10.1101/2025.11.15.688630,Phylogeny-agnostic strain-level prediction of phage-host interactions from genomes,2025,,Q3_amr_core,pending,,,,
EPMC-1712,40732093,10.3390/microorganisms13071584,Phylogroup Homeostasis of &lt;i&gt;Escherichia coli&lt;/i&gt; in the Human Gut Reflects the Physiological State of the Host.,2025,,Q1_protocol_broad|Q2_block_holdout_focus|Q3_amr_core,pending,,,,
EPMC-1713,40432231,10.1111/nph.70211,PlantLncBoost: key features for plant lncRNA identification and significant improvement in accuracy and generalization.,2025,,Q1_protocol_broad|Q2_block_holdout_focus,pending,,,,
EPMC-1714,41120393,10.1038/s41598-025-15465-z,"Plasmid-mediated quinolone resistance among extended-spectrum β-lactamase-producing Escherichia coli and Klebsiella pneumoniae isolated from hospitalized patients, hospital environment and wastewaters in Cameroon.",2025,,Q3_amr_core,pending,,,,
EPMC-1715,,10.1101/2025.08.12.669853,Plasmids promote antimicrobial resistance through Insertion Sequence-mediated gene inactivation,2025,,Q1_protocol_broad|Q3_amr_core,pending,,,,
EPMC-1716,41006202,10.1038/s41467-025-63312-6,"Polygenic architecture of brain structure and function, behaviors, and psychopathologies in children.",2025,,Q3_amr_core,pending,,,,
EPMC-1717,,10.1101/2025.11.22.25340784,Population genomics of four-dimensional cardiac motion reveals non-myocyte regulatory programmes,2025,,Q2_block_holdout_focus|Q3_amr_core,pending,,,,
EPMC-1718,40790783,10.1186/s13099-025-00740-1,Positive selection at core genes may underlie niche adaptation in Fusobacterium animalis.,2025,,Q3_amr_core,pending,,,,
EPMC-1719,40948329,10.1080/22221751.2025.2562053,Post-COVID-19 disruption of the respiratory microbiome modulates &lt;i&gt;Mycoplasma pneumoniae&lt;/i&gt;: a multi-center retrospective investigation study.,2025,,Q2_block_holdout_focus|Q3_amr_core,pending,,,,
EPMC-1720,40718998,10.1093/plcell/koaf185,Potential and challenges for application of microbiomes in agriculture.,2025,,Q2_block_holdout_focus|Q3_amr_core,pending,,,,
EPMC-1721,39874387,10.1371/journal.pntd.0012801,Potential links between human bloodstream infection by Salmonella enterica serovar Typhimurium and international transmission to Colombia.,2025,,Q1_protocol_broad|Q3_amr_core,pending,,,,
EPMC-1722,40414888,10.1186/s42523-025-00412-0,Potential role of key rumen microbes in regulating host health and growth performance in Hu sheep.,2025,,Q2_block_holdout_focus,pending,,,,
EPMC-1723,41476174,10.1038/s41467-025-67953-5,Potentiators empower synthetic microbiomes as silent guardians against co-contamination.,2025,,Q2_block_holdout_focus,pending,,,,
EPMC-1724,41139797,10.1186/s40104-025-01264-z,Practical microalgal supplementation: reducing ammonia emission from manure in commercial layer production.,2025,,Q3_amr_core,pending,,,,
EPMC-1725,40380914,10.1021/acs.biochem.5c00186,Predicting Protein Function in the AI and Big Data Era.,2025,,Q2_block_holdout_focus,pending,,,,
EPMC-1726,41287773,10.2147/jir.s558136,Predicting Risk of Post-Treatment Relapse in Patients with Inflammatory Bowel Disease Based on Intestinal Microbiota.,2025,,Q2_block_holdout_focus,pending,,,,
EPMC-1727,40988849,10.3389/fmicb.2025.1628952,Predicting antibiotic resistance genes and bacterial phenotypes based on protein language models.,2025,,Q1_protocol_broad|Q2_block_holdout_focus|Q3_amr_core,pending,,,,
EPMC-1728,40483351,10.1038/s42003-025-08313-3,"Predicting bacterial phenotypic traits through improved machine learning using high-quality, curated datasets.",2025,,Q1_protocol_broad|Q3_amr_core,pending,,,,
EPMC-1729,41406010,10.1099/mgen.0.001591,Predicting clinical outcome of &lt;i&gt;Escherichia coli&lt;/i&gt; O157:H7 infections using explainable machine learning.,2025,,Q1_protocol_broad|Q2_block_holdout_focus|Q3_amr_core,pending,,,,
EPMC-1730,,10.1101/2025.06.05.25329036,Predicting clinical outcome of<i>Escherichia coli</i>O157:H7 infections using explainable Machine Learning,2025,,Q1_protocol_broad|Q3_amr_core,pending,,,,
EPMC-1731,40890427,10.1038/s44320-025-00136-y,Predicting natural variation in the yeast phenotypic landscape with machine learning.,2025,,Q1_protocol_broad|Q3_amr_core,pending,,,,
EPMC-1732,40235636,10.1016/j.csbj.2025.03.044,Predicting pathogen evolution and immune evasion in the age of artificial intelligence.,2025,,Q2_block_holdout_focus,pending,,,,
EPMC-1733,40589903,10.1183/23120541.00952-2024,Predicting rifampicin resistance in &lt;i&gt;Mycobacterium tuberculosis&lt;/i&gt; using machine learning informed by protein structural and chemical features.,2025,,Q1_protocol_broad|Q3_amr_core,pending,,,,
EPMC-1734,40211017,10.1038/s41598-025-91469-z,Predicting viral host codon fitness and path shifting through tree-based learning on codon usage biases and genomic characteristics.,2025,,Q1_protocol_broad|Q2_block_holdout_focus,pending,,,,
EPMC-1735,40369176,10.1038/s41598-025-98667-9,Prediction and design of thermostable proteins with a desired melting temperature.,2025,,Q2_block_holdout_focus,pending,,,,
EPMC-1736,40835633,10.1038/s41598-025-14078-w,Prediction of antibiotic resistance from antibiotic susceptibility testing results from surveillance data using machine learning.,2025,,Q1_protocol_broad|Q3_amr_core,pending,,,,
EPMC-1737,39920259,10.1038/s41598-025-86638-z,Prediction of inhibitory peptides against E.coli with desired MIC value.,2025,,Q1_protocol_broad|Q2_block_holdout_focus|Q3_amr_core,pending,,,,
EPMC-1738,41122237,10.7717/peerj.20232,"Prediction of sporulating Firmicutes from uncultured gut microbiota using SpoMAG, an ensemble learning tool.",2025,,Q1_protocol_broad|Q2_block_holdout_focus,pending,,,,
EPMC-1739,41310832,10.1186/s40168-025-02213-8,Prediction of symptomatic and asymptomatic bacteriuria in spinal cord injury patients using machine learning.,2025,,Q1_protocol_broad|Q2_block_holdout_focus,pending,,,,
EPMC-1740,40335485,10.1038/s41467-025-58862-8,Predictive biophysical neural network modeling of a compendium of in vivo transcription factor DNA binding profiles for Escherichia coli.,2025,,Q2_block_holdout_focus,pending,,,,
EPMC-1741,40486555,10.1097/ms9.0000000000003279,Predictive modeling for metastasis in oncology: current methods and future directions.,2025,,Q2_block_holdout_focus,pending,,,,
EPMC-1742,41613079,10.3389/fpubh.2025.1720300,Predictive multi-omic biomarkers for urban zoonotic spillover detection: an integrative review.,2025,,Q2_block_holdout_focus,pending,,,,
EPMC-1743,40928232,10.1128/msystems.01039-25,Preparation of functional metagenomic libraries from low biomass samples using METa assembly and their application to capture antibiotic resistance genes.,2025,,Q3_amr_core,pending,,,,
EPMC-1744,40430159,10.3390/life15050729,"Presence of Coliforms and Reduced Water Quality in the Second Biggest Reservoir in São Paulo, Brazil.",2025,,Q3_amr_core,pending,,,,
EPMC-1745,40454480,10.1172/jci184323,Present and future of microbiome-targeting therapeutics.,2025,,Q3_amr_core,pending,,,,
EPMC-1746,41471072,10.3390/pharmaceutics17121557,"Probiotic Potential and Genome-Based Characterization of &lt;i&gt;Lactiplantibacillus plantarum&lt;/i&gt; M2, a Promising Isolate Obtained from Spontaneous Fermentation of &lt;i&gt;Humiria balsamifera&lt;/i&gt; Pulp.",2025,,Q1_protocol_broad|Q3_amr_core,pending,,,,
EPMC-1747,41304207,10.3390/microorganisms13112521,Probiotic Potential of Traditional and Emerging Microbial Strains in Functional Foods: From Characterization to Applications and Health Benefits.,2025,,Q2_block_holdout_focus,pending,,,,
EPMC-1748,40515809,10.1080/19490976.2025.2520407,Probiotic-induced enrichment of &lt;i&gt;Adlercreutzia equolifaciens&lt;/i&gt; increases gut microbiome wellness index and maps to lower host blood glucose levels.,2025,,Q3_amr_core,pending,,,,
EPMC-1749,39964311,10.1080/19490976.2025.2468358,Profiling the gut microbiota to assess infection risk in &lt;i&gt;Klebsiella pneumoniae&lt;/i&gt;-colonized patients.,2025,,Q1_protocol_broad|Q3_amr_core,pending,,,,
EPMC-1750,41180309,10.1002/mlf2.70047,Profiling the heterogeneity of microbial populations and communities at the single-cell level.,2025,,Q1_protocol_broad|Q3_amr_core,pending,,,,
EPMC-1751,40724602,10.3390/life15071100,Prognostic Significance of the Comprehensive Biomarker Analysis in Colorectal Cancer.,2025,,Q2_block_holdout_focus,pending,,,,
EPMC-1752,39557756,10.1007/s12602-024-10402-4,Progress in the Identification and Design of Novel Antimicrobial Peptides Against Pathogenic Microorganisms.,2025,,Q1_protocol_broad|Q2_block_holdout_focus|Q3_amr_core,pending,,,,
EPMC-1753,,10.1101/2025.07.11.664312,PromoterAtlas: decoding regulatory sequences across Gammaproteobacteria using a transformer model,2025,,Q2_block_holdout_focus,pending,,,,
EPMC-1754,41010359,10.3390/life15091417,Prophage Activation: An In Silico Platform for Identifying Prophage Regulatory Elements to Inform Phage Engineering Against Drug-Resistant Bacteria.,2025,,Q1_protocol_broad|Q2_block_holdout_focus|Q3_amr_core,pending,,,,
EPMC-1755,40515393,10.1093/bib/bbaf285,ProtPhage: a deep learning framework for phage viral protein identification and functional annotation.,2025,,Q2_block_holdout_focus|Q3_amr_core,pending,,,,
EPMC-1756,40775740,10.1002/advs.202507764,Protein Spatial Structure Meets Artificial Intelligence: Revolutionizing Drug Synergy-Antagonism in Precision Medicine.,2025,,Q1_protocol_broad|Q2_block_holdout_focus,pending,,,,
EPMC-1757,42038708,10.1016/j.bidere.2025.100048,Protein design drives synthetic biology research of plant natural products.,2025,,Q2_block_holdout_focus,pending,,,,
EPMC-1758,40601760,10.1371/journal.pone.0326960,Protein-protein interaction prediction using bidirectional GRUs with explicit ensemble.,2025,,Q2_block_holdout_focus,pending,,,,
EPMC-1759,,10.1101/2025.08.01.668221,ProteomeLM: A proteome-scale language model enables accurate and rapid prediction of protein-protein interactions and gene essentiality across taxa,2025,,Q2_block_holdout_focus,pending,,,,
EPMC-1760,40806388,10.3390/ijms26157255,Proteomic Insights into Bacterial Responses to Antibiotics: A Narrative Review.,2025,,Q2_block_holdout_focus,pending,,,,
EPMC-1761,39810106,10.1186/s12866-024-03710-w,"Pseudocitrobacter cyperus, a novel bacterial species recovered from Cyperus alternifolius in Egypt.",2025,,Q1_protocol_broad|Q3_amr_core,pending,,,,
EPMC-1762,40634108,10.1261/rna.080633.125,Pseudouridine reprogramming in the human T-cell epitranscriptome: from primary to immortalized states.,2025,,Q3_amr_core,pending,,,,
EPMC-1763,40290576,10.1093/femsmc/xtaf004,Psychrotrophic Antarctic marine bacteria as potential reservoirs for novel antimicrobial genes.,2025,,Q1_protocol_broad|Q3_amr_core,pending,,,,
EPMC-1764,40140458,10.1038/s41598-025-94321-6,Quantitative prediction of disinfectant tolerance in Listeria monocytogenes using whole genome sequencing and machine learning.,2025,,Q1_protocol_broad|Q2_block_holdout_focus|Q3_amr_core,pending,,,,
EPMC-1765,41085653,10.1007/s00239-025-10272-6,Quest for Orthologs in the era of Data Deluge and AI: Challenges and Innovations in Orthology Prediction and Data Integration.,2025,,Q1_protocol_broad|Q2_block_holdout_focus|Q3_amr_core,pending,,,,
EPMC-1766,39897847,10.1016/j.heliyon.2024.e41488,"RNA sequence analysis landscape: A comprehensive review of task types, databases, datasets, word embedding methods, and language models.",2025,,Q2_block_holdout_focus,pending,,,,
EPMC-1767,40807674,10.3390/foods14152737,Rapid &lt;i&gt;Salmonella&lt;/i&gt; Serovar Classification Using AI-Enabled Hyperspectral Microscopy with Enhanced Data Preprocessing and Multimodal Fusion.,2025,,Q1_protocol_broad|Q3_amr_core,pending,,,,
EPMC-1768,41402282,10.1038/s41467-025-66996-y,Rapid culture-free diagnosis of clinical pathogens via integrated microfluidic-Raman micro-spectroscopy.,2025,,Q1_protocol_broad|Q3_amr_core,pending,,,,
EPMC-1769,39611823,10.1128/spectrum.01366-24,Rapid inference of antibiotic susceptibility phenotype of uropathogens using metagenomic sequencing with neighbor typing.,2025,,Q3_amr_core,pending,,,,
EPMC-1770,41184812,10.1186/s12866-025-04411-8,Rapid key gene discovery for bacterial shape: a cross-species machine learning approach.,2025,,Q1_protocol_broad|Q2_block_holdout_focus,pending,,,,
EPMC-1771,40503893,10.1128/msystems.00584-25,Rapid prediction of antibiotic resistance in &lt;i&gt;Enterobacter cloacae&lt;/i&gt; complex using whole-genome and metagenomic sequencing.,2025,,Q1_protocol_broad|Q2_block_holdout_focus|Q3_amr_core,pending,,,,
EPMC-1772,,10.1101/2025.10.02.679941,Rapidly and reproducibly building a comprehensive catalogue of resistance-associated variants for  <i>M. tuberculosis</i>,2025,,Q1_protocol_broad|Q3_amr_core,pending,,,,
EPMC-1773,39745975,10.1126/science.adq0071,Rare germline structural variants increase risk for pediatric solid tumors.,2025,,Q3_amr_core,pending,,,,
EPMC-1774,41146286,10.1186/s13059-025-03841-x,Rational design of promoter editing confers multipathogen resistance in rice.,2025,,Q2_block_holdout_focus,pending,,,,
EPMC-1775,41372235,10.1038/s41467-025-67393-1,Reading the immune clock: a machine learning model predicts mouse immune age from cellular patterns.,2025,,Q2_block_holdout_focus,pending,,,,
EPMC-1776,40656605,10.3389/ebm.2025.10700,Realizing Impact of Artificial Intelligence in Real World Enhances Public Health.,2025,,Q2_block_holdout_focus,pending,,,,
EPMC-1777,41078567,10.17179/excli2025-8514,Reassessing sepsis research: new clues for old players and new players for an old symptom to improve patient outcomes.,2025,,Q3_amr_core,pending,,,,
EPMC-1778,41283644,10.3390/proteomes13040054,Recent Advances and Application of Machine Learning for Protein-Protein Interaction Prediction in Rice: Challenges and Future Perspectives.,2025,,Q1_protocol_broad|Q2_block_holdout_focus,pending,,,,
EPMC-1779,40931708,10.1111/prd.70000,Recent advancements in artificial intelligence-powered cancer prediction from oral microbiome.,2025,,Q1_protocol_broad|Q2_block_holdout_focus,pending,,,,
EPMC-1780,40524189,10.1186/s13040-025-00457-6,Recent advances in deep learning for protein-protein interaction: a review.,2025,,Q2_block_holdout_focus,pending,,,,
EPMC-1781,40575335,10.3748/wjg.v31.i23.105076,Recent advances in machine learning for precision diagnosis and treatment of esophageal disorders.,2025,,Q1_protocol_broad|Q2_block_holdout_focus,pending,,,,
EPMC-1782,40790016,10.1038/s41398-025-03497-y,Recent developments in omics studies and artificial intelligence in depression and suicide.,2025,,Q2_block_holdout_focus,pending,,,,
EPMC-1783,40195117,10.1016/j.ymthe.2025.04.003,Recent progress and future challenges in structure-based protein-protein interaction prediction.,2025,,Q2_block_holdout_focus,pending,,,,
EPMC-1784,41286102,10.1038/s41588-025-02395-9,Recommendations for responsible use of population descriptors in polygenic risk score development.,2025,,Q3_amr_core,pending,,,,
EPMC-1785,41339358,10.1038/s41597-025-06191-2,"Reconstruction of 1,979 prokaryotic metagenome-assembled genomes from 37 global cave environments.",2025,,Q3_amr_core,pending,,,,
EPMC-1786,39763003,10.1186/s40168-024-01983-x,Regional antimicrobial resistance gene flow among the One Health sectors in China.,2025,,Q1_protocol_broad|Q3_amr_core,pending,,,,
EPMC-1787,41155184,10.3390/ijms26209892,Regulatory Landscapes of Non-Coding RNAs During Drought Stress in Plants.,2025,,Q2_block_holdout_focus,pending,,,,
EPMC-1788,41156587,10.3390/pathogens14100975,Reimagining Tuberculosis Control in the Era of Genomics: The Case for Global Investment in &lt;i&gt;Mycobacterium tuberculosis&lt;/i&gt; Genomic Surveillance.,2025,,Q1_protocol_broad|Q2_block_holdout_focus|Q3_amr_core,pending,,,,
EPMC-1789,39794865,10.1186/s13059-024-03443-z,Relating ecological diversity to genetic discontinuity across bacterial species.,2025,,Q1_protocol_broad|Q2_block_holdout_focus,pending,,,,
EPMC-1790,40066074,10.3389/fbinf.2025.1507448,Reliable machine learning models in genomic medicine using conformal prediction.,2025,,Q1_protocol_broad|Q3_amr_core,pending,,,,
EPMC-1791,41156772,10.3390/microorganisms13102312,Research Progress in the Development of Vaccines Against &lt;i&gt;Riemerella anatipestifer&lt;/i&gt;.,2025,,Q3_amr_core,pending,,,,
EPMC-1792,41300910,10.3390/diagnostics15222887,Research Progress on Sepsis Diagnosis and Monitoring Based on Omics Technologies: A Review.,2025,,Q2_block_holdout_focus,pending,,,,
EPMC-1793,41304626,10.3390/plants14223475,"Research on Utilizing Phosphorus Tailing Recycling to Improve Acidic Soil: The Synergistic Effect on Crop Yield, Soil Quality, and Microbial Communities.",2025,,Q2_block_holdout_focus,pending,,,,
EPMC-1794,40453708,10.3389/fcimb.2025.1575227,Research progress on diagnostic techniques for different &lt;i&gt;Babesia&lt;/i&gt; species in persistent infections.,2025,,Q2_block_holdout_focus,pending,,,,
EPMC-1795,39359621,10.1039/d4fb00192c,Resilient sustainable current and emerging technologies for foodborne pathogen detection.,2025,,Q3_amr_core,pending,,,,
EPMC-1796,40742319,10.1080/17460913.2025.2536375,Resistance in gram-negative bacilli: the emergence of RND efflux pumps.,2025,,Q1_protocol_broad|Q3_amr_core,pending,,,,
EPMC-1797,40347938,10.1016/j.xcrm.2025.102130,Restoration of intestinal secondary bile acid synthesis: A potential approach to improve pancreatic β cell function in type 1 diabetes.,2025,,Q2_block_holdout_focus,pending,,,,
EPMC-1798,39711273,10.1002/adhm.202403129,Rethinking Biomedical Titanium Alloy Design: A Review of Challenges from Biological and Manufacturing Perspectives.,2025,,Q3_amr_core,pending,,,,
EPMC-1799,40170844,10.3389/fimmu.2025.1539653,"Revealing gut microbiota biomarkers associated with melanoma immunotherapy response and key bacteria-fungi interaction relationships: evidence from metagenomics, machine learning, and SHAP methodology.",2025,,Q2_block_holdout_focus,pending,,,,
EPMC-1800,40002629,10.3390/diagnostics15040478,Review of Precision Medicine and Diagnosis of Neonatal Illness.,2025,,Q2_block_holdout_focus|Q3_amr_core,pending,,,,
EPMC-1801,40648038,10.3390/plants14132029,"Revisiting Traditional Medicinal Plants: Integrating Multiomics, In Vitro Culture, and Elicitation to Unlock Bioactive Potential.",2025,,Q2_block_holdout_focus|Q3_amr_core,pending,,,,
EPMC-1802,40740325,10.3389/fmicb.2025.1625765,Revisiting phage tail spike architecture: evidence for undetected receptor-binding proteins in &lt;i&gt;Caudoviricetes&lt;/i&gt; with non-contractile tails.,2025,,Q3_amr_core,pending,,,,
EPMC-1803,40442841,10.1186/s42234-025-00173-w,Revolutionizing breast cancer immunotherapy by integrating AI and nanotechnology approaches: review of current applications and future directions.,2025,,Q1_protocol_broad|Q2_block_holdout_focus,pending,,,,
EPMC-1804,40599184,10.3748/wjg.v31.i24.108021,Revolutionizing gastroenterology and hepatology with artificial intelligence: From precision diagnosis to equitable healthcare through interdisciplinary practice.,2025,,Q1_protocol_broad|Q2_block_holdout_focus|Q3_amr_core,pending,,,,
EPMC-1805,39792222,10.1007/s00284-024-04057-1,Ribotyping Staphylococcus epidermidis Using Probabilistic Sequence Analysis and Levenshtein Distance Algorithm.,2025,,Q3_amr_core,pending,,,,
EPMC-1806,40230672,10.1016/j.jscai.2025.102567,Role of Artificial Intelligence in Congenital Heart Disease and Interventions.,2025,,Q3_amr_core,pending,,,,
EPMC-1807,40959327,10.7759/cureus.90149,Role of Artificial Intelligence in Critical Care Medicine: A Literature Review.,2025,,Q3_amr_core,pending,,,,
EPMC-1808,41248286,10.1073/pnas.2501433122,Rubisco is slow across the tree of life.,2025,,Q1_protocol_broad|Q2_block_holdout_focus,pending,,,,
EPMC-1809,40568938,10.1093/nar/gkaf595,SELECT: high-precision genome editing strategy via integration of CRISPR-Cas and DNA damage response for cross-species applications.,2025,,Q2_block_holdout_focus|Q3_amr_core,pending,,,,
EPMC-1810,40603865,10.1038/s41467-025-61205-2,Scaling laws of bacterial and archaeal plasmids.,2025,,Q3_amr_core,pending,,,,
EPMC-1811,41416208,10.1016/j.plaphe.2025.100088,Seeing the unseen: A novel approach to extract latent plant root traits from digital images.,2025,,Q2_block_holdout_focus,pending,,,,
EPMC-1812,39893253,10.1038/s42003-025-07595-x,Selective inhibition of TGF-β-induced epithelial-mesenchymal transition overcomes chemotherapy resistance in high-risk lung squamous cell carcinoma.,2025,,Q3_amr_core,pending,,,,
EPMC-1813,40273428,10.1093/bib/bbaf190,Shared-weight graph framework for comprehensive protein stability prediction across diverse mutation types.,2025,,Q2_block_holdout_focus,pending,,,,
EPMC-1814,41105762,10.1126/sciadv.adx1590,Short tandem repeats in populations of the Qinghai-Tibet Plateau and adjacent regions provide insights into high-altitude adaptation.,2025,,Q2_block_holdout_focus,pending,,,,
EPMC-1815,40756675,10.1186/s44330-025-00037-4,ShortStop: a machine learning framework for microprotein discovery.,2025,,Q2_block_holdout_focus,pending,,,,
EPMC-1816,41303487,10.3390/ijms262211005,Single-Cell Multi-Omics in Type 2 Diabetes Mellitus: Revealing Cellular Heterogeneity and Mechanistic Insights.,2025,,Q2_block_holdout_focus,pending,,,,
EPMC-1817,40761429,10.2147/jhc.s533777,Single-Cell RNA Sequencing Integrated with Bulk-RNA Sequencing Analysis Reveals Prognostic Signatures Based on PANoptosis in Hepatocellular Carcinoma.,2025,,Q2_block_holdout_focus,pending,,,,
EPMC-1818,40076700,10.3390/ijms26052074,Single-Cell Sequencing: Genomic and Transcriptomic Approaches in Cancer Cell Biology.,2025,,Q3_amr_core,pending,,,,
EPMC-1819,40016452,10.1038/s41591-025-03530-z,Single-cell and spatial genomic landscape of non-small cell lung cancer brain metastases.,2025,,Q2_block_holdout_focus,pending,,,,
EPMC-1820,41007192,10.3390/bioengineering12090944,Smart Microbiomes: How AI Is Revolutionizing Personalized Medicine.,2025,,Q1_protocol_broad|Q2_block_holdout_focus,pending,,,,
EPMC-1821,41184906,10.1186/s12951-025-03712-4,Smart hybrid nanomaterials for chronic infections: microbiome-responsive and sustainable therapeutic platforms.,2025,,Q3_amr_core,pending,,,,
EPMC-1822,41316344,10.1186/s40168-025-02257-w,Sodium oligomannate modulates the gut-brain axis to alleviate post-stroke cognitive impairment by restoring butyrate metabolism.,2025,,Q2_block_holdout_focus,pending,,,,
EPMC-1823,39971349,10.1146/annurev-biophys-081624-030543,Soft Modes as a Predictive Framework for Low-Dimensional Biological Systems Across Scales.,2025,,Q3_amr_core,pending,,,,
EPMC-1824,40447574,10.1038/s41467-025-60390-4,Soil microbial responses to multiple global change factors as assessed by metagenomics.,2025,,Q3_amr_core,pending,,,,
EPMC-1825,40081336,10.1016/j.xgen.2025.100805,Spatial transcriptomics identifies novel Pseudomonas aeruginosa virulence factors.,2025,,Q2_block_holdout_focus,pending,,,,
EPMC-1826,40731982,10.3390/microorganisms13071473,Spectral Precision: Recent Advances in Matrix-Assisted Laser Desorption/Ionization Time-of-Flight Mass Spectrometry for Pathogen Detection and Resistance Profiling.,2025,,Q1_protocol_broad|Q2_block_holdout_focus|Q3_amr_core,pending,,,,
EPMC-1827,40010155,10.1016/j.ebiom.2025.105611,Speeding up drug susceptibility testing in Mycobacterium tuberculosis using RNA biomarkers.,2025,,Q3_amr_core,pending,,,,
EPMC-1828,41113652,10.3389/fmicb.2025.1658693,Stage-specific fecal and salivary microbiota signatures for noninvasive detection of colorectal cancer.,2025,,Q2_block_holdout_focus,pending,,,,
EPMC-1829,41423459,10.1038/s41467-025-67910-2,Staphylococcus aureus fatty acid metabolism governs saeRS-mediated aggregation in joint infections.,2025,,Q3_amr_core,pending,,,,
EPMC-1830,40649382,10.3390/molecules30132868,Strategies Used for the Discovery of New Microbial Metabolites with Antibiotic Activity.,2025,,Q1_protocol_broad|Q3_amr_core,pending,,,,
EPMC-1831,41322936,10.7759/cureus.95613,Strategies and Recent Advances in Tackling Antibacterial Resistance in India: A Comprehensive Narrative Review.,2025,,Q2_block_holdout_focus|Q3_amr_core,pending,,,,
EPMC-1832,40321516,10.1021/acsomega.5c01344,"Strategies for Actinobacteria Isolation, Cultivation, and Metabolite Production that Are Biologically Important.",2025,,Q3_amr_core,pending,,,,
EPMC-1833,40896167,10.3389/phrs.2025.1608039,Strengthening Outbreak Detection in Africa to Achieve the 7-1-7 Global Framework: Challenges and Opportunities.,2025,,Q3_amr_core,pending,,,,
EPMC-1834,39498494,10.1093/nar/gkae1030,StreptomeDB 4.0: a comprehensive database of streptomycetes natural products enriched with protein interactions and interactive spectral visualization.,2025,,Q3_amr_core,pending,,,,
EPMC-1835,40871391,10.3390/microorganisms13081887,Structural and Functional Differences in the Gut and Lung Microbiota of Pregnant Pomona Leaf-Nosed Bats.,2025,,Q3_amr_core,pending,,,,
EPMC-1836,40944356,10.1042/bst20253080,Structural and evolutionary insights into understudied bacterial serine-threonine pseudokinase families.,2025,,Q3_amr_core,pending,,,,
EPMC-1837,40849622,10.1186/s12866-025-04257-0,Structural and functional analysis of the accessory gene regulators of Staphylococcus aureus and Staphylococcus epidermidis: an in Silico approach.,2025,,Q2_block_holdout_focus|Q3_amr_core,pending,,,,
EPMC-1838,40227324,10.3390/biotech14010013,Structure-Based Modeling of the Gut Bacteria-Host Interactome Through Statistical Analysis of Domain-Domain Associations Using Machine Learning.,2025,,Q2_block_holdout_focus,pending,,,,
EPMC-1839,,10.1101/2025.04.09.647945,Subpopulations in clinical samples of  <i>M. tuberculosis</i>  can give rise to rifampicin resistance and shed light on how resistance is acquired,2025,,Q3_amr_core,pending,,,,
EPMC-1840,41079140,10.1093/jacamr/dlaf175,Subpopulations in clinical samples of &lt;i&gt;M. tuberculosis&lt;/i&gt; can give rise to rifampicin resistance and shed light on how resistance is acquired.,2025,,Q3_amr_core,pending,,,,
EPMC-1841,39898312,10.1016/j.onehlt.2025.100970,Subtle genomic differences in <i>Klebsiella pneumoniae sensu stricto</i> isolates indicate host adaptation.,2025,,Q3_amr_core,pending,,,,
EPMC-1842,41383849,10.3389/fcimb.2025.1688880,Survival strategies of mycoplasmas: the critical role of post-translational modifications.,2025,,Q2_block_holdout_focus,pending,,,,
EPMC-1843,40662399,10.1093/ecco-jcc/jjaf102,Susceptibility to inflammatory bowel diseases promotes invasive carcinomas in a murine model of ATF6-driven colon cancer.,2025,,Q2_block_holdout_focus,pending,,,,
EPMC-1844,41143416,10.1128/spectrum.02142-25,Synergistic activity of a KL51-depolymerase and a &lt;i&gt;Sugarlandvirus&lt;/i&gt; bacteriophage against ST16 &lt;i&gt;Klebsiella pneumoniae&lt;/i&gt;.,2025,,Q3_amr_core,pending,,,,
EPMC-1845,40818976,10.1038/s41522-025-00802-x,Synergistic effects of commensals and phage predation in suppressing colonization by pathogenic Vibrio parahaemolyticus.,2025,,Q2_block_holdout_focus|Q3_amr_core,pending,,,,
EPMC-1846,40807307,10.3390/molecules30153132,"Synthetic and Functional Engineering of Bacteriophages: Approaches for Tailored Bactericidal, Diagnostic, and Delivery Platforms.",2025,,Q3_amr_core,pending,,,,
EPMC-1847,41461077,10.2196/79745,Systematic Determinants of Global COVID-19 Burden: Longitudinal Time-Series Analysis Using Big Data-Driven Artificial Intelligence.,2025,,Q2_block_holdout_focus,pending,,,,
EPMC-1848,41441216,10.3390/neurolint17120197,Systematic Review: Proteomics-Driven Multi-Omics Integration for Alzheimer's Disease Pathology and Precision Medicine.,2025,,Q2_block_holdout_focus,pending,,,,
EPMC-1849,41608646,10.3389/fgene.2025.1736097,Systematic analysis of anoikis-related genes identifies SRPX2-FAK/AKT-IL-6 axis in the progression and peritoneal metastasis of gastric cancer.,2025,,Q2_block_holdout_focus,pending,,,,
EPMC-1850,39623067,10.1038/s41564-024-01857-w,Systematic mapping of antibiotic cross-resistance and collateral sensitivity with chemical genetics.,2025,,Q3_amr_core,pending,,,,
EPMC-1851,39971994,10.1038/s41467-025-57031-1,Systematic representation and optimization enable the inverse design of cross-species regulatory sequences in bacteria.,2025,,Q2_block_holdout_focus,pending,,,,
EPMC-1852,40902606,10.1016/j.xgen.2025.100983,Systematically investigating and identifying bacteriocins in the human gut microbiome.,2025,,Q1_protocol_broad|Q2_block_holdout_focus|Q3_amr_core,pending,,,,
EPMC-1853,41271801,10.1038/s41540-025-00607-w,Systems biology and microbiome innovations for personalized diabetic retinopathy management.,2025,,Q2_block_holdout_focus,pending,,,,
EPMC-1854,40814218,10.1111/acel.70193,T-CLASS: An Online Tool for the Identification and Classification of Aging and Senescence Using Transcriptome Data.,2025,,Q2_block_holdout_focus,pending,,,,
EPMC-1855,41095166,10.3390/plants14193024,TALEN-Interceded Genome Editing in Plants: Unveiling New Frontiers in Secondary Metabolite Improvement and Genetic Diversity.,2025,,Q2_block_holdout_focus,pending,,,,
EPMC-1856,41283648,10.3390/proteomes13040058,TCEPVDB: Artificial Intelligence-Based Proteome-Wide Screening of Antigens and Linear T-Cell Epitopes in the Poxviruses and the Development of a Repository.,2025,,Q2_block_holdout_focus,pending,,,,
EPMC-1857,40748408,10.1007/s11103-025-01632-3,TISCalling: leveraging machine learning to identify translational initiation sites in plants and viruses.,2025,,Q2_block_holdout_focus,pending,,,,
EPMC-1858,41378121,10.1155/mi/6267309,TMOD2 and DOCK4 as Novel Gut Microbiota-Associated Biomarkers for Colorectal Adenoma: Integrated Transcriptomic Analysis and Therapeutic Target Identification.,2025,,Q2_block_holdout_focus,pending,,,,
EPMC-1859,,,Talks,2025,,Q3_amr_core,pending,,,,
EPMC-1860,41599011,10.3390/pathogens15010028,Taming Superbugs: Current Progress and Challenges in Combating ESKAPE Pathogens.,2025,,Q1_protocol_broad|Q2_block_holdout_focus|Q3_amr_core,pending,,,,
EPMC-1861,38126125,10.1080/21541264.2023.2293523,Targeting bacterial transcription factors for infection control: opportunities and challenges.,2025,,Q2_block_holdout_focus|Q3_amr_core,pending,,,,
EPMC-1862,40631741,10.1128/spectrum.00549-25,Taxonomic and phenotypic characterization of a novel &lt;i&gt;Providencia&lt;/i&gt; species: &lt;i&gt;Providencia lanzhouensis&lt;/i&gt; sp. nov.,2025,,Q1_protocol_broad|Q3_amr_core,pending,,,,
EPMC-1863,40485901,10.1016/j.crfs.2025.101068,Technologies for detecting biological risk factors in agricultural products and their applications.,2025,,Q2_block_holdout_focus,pending,,,,
EPMC-1864,41227463,10.3390/ani15213132,"Technologies in Biomarker Discovery for Animal Diseases: Mechanisms, Classification, and Diagnostic Applications.",2025,,Q3_amr_core,pending,,,,
EPMC-1865,41327449,10.1186/s40793-025-00824-0,Temperature seasonality constrains soil T4-like bacteriophage abundance at large spatial scale.,2025,,Q1_protocol_broad|Q2_block_holdout_focus,pending,,,,
EPMC-1866,40165246,10.1186/s12917-025-04544-y,Text mining and topic modeling insights on fish welfare and antimicrobial use in aquaculture.,2025,,Q2_block_holdout_focus|Q3_amr_core,pending,,,,
EPMC-1867,39658041,10.1093/nar/gkae1220,The 2025 Nucleic Acids Research database issue and the online molecular biology database collection.,2025,,Q2_block_holdout_focus|Q3_amr_core,pending,,,,
EPMC-1868,41150213,10.3390/toxins17100513,The Ambivalent Nature of <i>Bacteroides fragilis</i> and the Interaction with <i>Clostridioides difficile</i>: Benefits and Disadvantages for the Human Host.,2025,,Q2_block_holdout_focus|Q3_amr_core,pending,,,,
EPMC-1869,39941764,10.3390/cancers17030395,The Applications of Machine Learning in the Management of Patients Undergoing Stem Cell Transplantation: Are We Ready?,2025,,Q2_block_holdout_focus,pending,,,,
EPMC-1870,40140988,10.1186/s13073-025-01460-6,The Chinese gut virus catalogue reveals gut virome diversity and disease-related viral signatures.,2025,,Q3_amr_core,pending,,,,
EPMC-1871,40568010,10.1093/ofid/ofaf304,The Clinical and Molecular Characteristics of Community-Associated &lt;i&gt;Staphylococcus aureus&lt;/i&gt; Bacteremia in Persons who Inject Drugs at a New York City Tertiary Care Facility During the Opioid Epidemic.,2025,,Q3_amr_core,pending,,,,
EPMC-1872,41011444,10.3390/microorganisms13092113,"The Environmental Lifecycle of Antibiotics and Resistance Genes: Transmission Mechanisms, Challenges, and Control Strategies.",2025,,Q2_block_holdout_focus|Q3_amr_core,pending,,,,
EPMC-1873,41310616,10.1186/s12916-025-04502-3,The European BestAgeing Study on microRNA candidates reveals distinct signatures with diagnostic and prognostic potential in cardiovascular disease.,2025,,Q3_amr_core,pending,,,,
EPMC-1874,41009471,10.3390/ijms26188899,The Gut Microbiome and Colistin Resistance: A Hidden Driver of Antimicrobial Failure.,2025,,Q1_protocol_broad|Q2_block_holdout_focus,pending,,,,
EPMC-1875,40943575,10.3390/ijms26178658,"The Gut Microbiome and Epigenomic Reprogramming: Mechanisms, Interactions, and Implications for Human Health and Disease.",2025,,Q3_amr_core,pending,,,,
EPMC-1876,41025564,10.1002/advs.202505154,The Gut Resistome Atlas in Preterm Infants Enables Prediction of Necrotizing Enterocolitis Onset.,2025,,Q2_block_holdout_focus|Q3_amr_core,pending,,,,
EPMC-1877,40659612,10.1038/s41467-025-61329-5,The Helicobacter pylori AI-clinician harnesses artificial intelligence to personalise H. pylori treatment recommendations.,2025,,Q3_amr_core,pending,,,,
EPMC-1878,41305349,10.3390/pathogens14111111,"The Human Archaeome: Commensals, Opportunists, or Emerging Pathogens?",2025,,Q2_block_holdout_focus,pending,,,,
EPMC-1879,41156643,10.3390/pathogens14101033,The Impact of Bacterial-Fungal Interactions on Childhood Caries Pathogenesis.,2025,,Q2_block_holdout_focus,pending,,,,
EPMC-1880,41255589,10.2147/jir.s548786,The Intestinal Immune Network for IgA Production is Involved in the Development and Progression of Sepsis: A Multi-Omics Study.,2025,,Q1_protocol_broad|Q2_block_holdout_focus,pending,,,,
EPMC-1881,41324084,10.1016/j.crmicr.2025.100508,The Jarman-Bell principle revisited: Gut microbiota facilitate body size-dependent nutritional strategies in herbivores.,2025,,Q2_block_holdout_focus,pending,,,,
EPMC-1882,40507344,10.3390/cancers17111863,The Knowledge Gap in Gut Microbiome Characterization in Early-Onset Colorectal Cancer Patients: A Systematic Scoping Review.,2025,,Q2_block_holdout_focus,pending,,,,
EPMC-1883,,10.1101/2025.02.07.637178,The Landscape of Prostate Tumour Methylation,2025,,Q3_amr_core,pending,,,,
EPMC-1884,39565221,10.1093/nar/gkae1095,The PLSDB 2025 update: enhanced annotations and improved functionality for comprehensive plasmid research.,2025,,Q2_block_holdout_focus|Q3_amr_core,pending,,,,
EPMC-1885,40573185,10.3390/ph18060788,The Potential of Artificial Intelligence in Pharmaceutical Innovation: From Drug Discovery to Clinical Trials.,2025,,Q3_amr_core,pending,,,,
EPMC-1886,40001378,10.3390/antibiotics14020134,The Role of Artificial Intelligence and Machine Learning Models in Antimicrobial Stewardship in Public Health: A Narrative Review.,2025,,Q1_protocol_broad|Q2_block_holdout_focus|Q3_amr_core,pending,,,,
EPMC-1887,42058254,10.32592/ari.2025.80.4.819,The Role of Artificial Intelligence and Machine Learning in Advancing Animal Biotechnology: A Review.,2025,,Q1_protocol_broad|Q3_amr_core,pending,,,,
EPMC-1888,41011837,10.3390/pathogens14090937,"The Role of Artificial Intelligence in Herpesvirus Detection, Transmission, and Predictive Modeling: With a Special Focus on Marek's Disease Virus.",2025,,Q2_block_holdout_focus,pending,,,,
EPMC-1889,41287252,10.1002/mbo3.70160,The Role of Machine Learning in Addressing Antibiotic Resistance: A New Era in Infectious Disease Control.,2025,,Q1_protocol_broad|Q2_block_holdout_focus|Q3_amr_core,pending,,,,
EPMC-1890,39558183,10.1093/nar/gkae1113,The STRING database in 2025: protein networks with directionality of regulation.,2025,,Q2_block_holdout_focus,pending,,,,
EPMC-1891,40711125,10.3390/toxins17070312,The Therapeutic Potential of Antimicrobial Peptides Isolated from the Skin Secretions of Anurans of the Genus &lt;i&gt;Boana&lt;/i&gt; in the Face of the Global Antimicrobial Resistance Crisis.,2025,,Q3_amr_core,pending,,,,
EPMC-1892,40048704,10.1093/genetics/iyaf027,The Unified Phenotype Ontology : a framework for cross-species integrative phenomics.,2025,,Q2_block_holdout_focus,pending,,,,
EPMC-1893,41020009,10.3389/fphar.2025.1633382,The WHO's critical bacteria list: scientific response eight years after its implementation and development of an AI-based tool for its monitoring.,2025,,Q2_block_holdout_focus|Q3_amr_core,pending,,,,
EPMC-1894,41403704,10.1093/ismeco/ycaf215,The adaptability of grassland soil microbiomes to resource and stress shifts is mainly accomplished by niche conservatism under nitrogen deposition.,2025,,Q3_amr_core,pending,,,,
EPMC-1895,40375898,10.3389/fcimb.2025.1545646,The application of machine learning in clinical microbiology and infectious diseases.,2025,,Q1_protocol_broad|Q3_amr_core,pending,,,,
EPMC-1896,40490475,10.1038/s42003-025-08258-7,The characterization of Klebsiella pneumoniae associated with neonatal sepsis in low- and middle-income countries to inform vaccine design.,2025,,Q3_amr_core,pending,,,,
EPMC-1897,40062866,10.1128/msphere.01002-24,The complete genome sequence of the crayfish pathogen Candidatus &lt;i&gt;Paracoxiella cheracis&lt;/i&gt; n.g. n.sp. provides insight into pathogenesis and the phylogeny of the Coxiellaceae family.,2025,,Q3_amr_core,pending,,,,
EPMC-1898,41197616,10.1016/j.xcrm.2025.102431,The comprehensive oral microbiome landscape unveils its interplay with poor oral health in esophageal squamous cell carcinoma risk.,2025,,Q2_block_holdout_focus,pending,,,,
EPMC-1899,40696449,10.1186/s12967-025-06839-y,The dark matter in cancer immunology: beyond the visible- unveiling multiomics pathways to breakthrough therapies.,2025,,Q2_block_holdout_focus,pending,,,,
EPMC-1900,41024733,10.3724/abbs.2025175,"The dual role of whole-genome duplication: biological mechanisms, functional consequences, and detection advances.",2025,,Q2_block_holdout_focus,pending,,,,
EPMC-1901,40268958,10.1038/s41522-025-00703-z,The dynamics of microbiome and virome in migratory birds of southwest China.,2025,,Q1_protocol_broad|Q3_amr_core,pending,,,,
EPMC-1902,40853480,10.1007/s00439-025-02772-8,The emerging sequence grammar of 3D genome organisation.,2025,,Q2_block_holdout_focus,pending,,,,
EPMC-1903,40823824,10.1128/mbio.02135-25,The evolutionary replacement of restriction-modification by Ssp antiviral systems is associated with the distribution of prophages in the major clonal group of &lt;i&gt;Acinetobacter baumannii&lt;/i&gt;.,2025,,Q3_amr_core,pending,,,,
EPMC-1904,41394910,10.3389/fvets.2025.1683110,The final frontier: using carcasses for one health surveillance at the ecosystem interface.,2025,,Q2_block_holdout_focus,pending,,,,
EPMC-1905,40469046,10.1111/joim.20100,The future of healthcare-associated infection surveillance: Automated surveillance and using the potential of artificial intelligence.,2025,,Q3_amr_core,pending,,,,
EPMC-1906,,10.1101/2025.09.18.25335914,The genetic architecture of fibromyalgia across 2.5 million individuals,2025,,Q3_amr_core,pending,,,,
EPMC-1907,40836310,10.1186/s40168-025-02185-9,The genetic diversity and populational specificity of the human gut virome at single-nucleotide resolution.,2025,,Q3_amr_core,pending,,,,
EPMC-1908,40574982,10.3389/fmicb.2025.1603770,"The genotypic characterization of &lt;i&gt;Streptococcus pluranimalium&lt;/i&gt; from aborted bovine fetuses in British Columbia, Canada.",2025,,Q1_protocol_broad|Q3_amr_core,pending,,,,
EPMC-1909,41298615,10.1038/s41598-025-26244-1,"The global epidemiology, risk factors, and mortality prediction of nocardiosis: an easily missed opportunistic infection.",2025,,Q1_protocol_broad|Q2_block_holdout_focus,pending,,,,
EPMC-1910,41334164,10.3389/fmicb.2025.1693785,"The global prevalence, formation, and evolutionary inference of bacteria co-carrying the &lt;i&gt;bla&lt;/i&gt; &lt;sub&gt;NDM&lt;/sub&gt; and &lt;i&gt;mcr&lt;/i&gt; resistance genes.",2025,,Q1_protocol_broad|Q2_block_holdout_focus|Q3_amr_core,pending,,,,
EPMC-1911,41736897,10.3389/fragi.2025.1731621,The gut and circulating virome: emerging players in aging and longevity.,2025,,Q3_amr_core,pending,,,,
EPMC-1912,41035896,10.3389/fmicb.2025.1632435,The human microbiome in clinical translation: from bench to bedside.,2025,,Q2_block_holdout_focus,pending,,,,
EPMC-1913,41462140,10.1186/s12879-025-12320-4,"The impact of artificial intelligence on the prescribing, selection, resistance, and stewardship of antimicrobials: a scoping review.",2025,,Q1_protocol_broad|Q3_amr_core,pending,,,,
EPMC-1914,41472855,10.1002/imt2.70090,The interplay between tissue-resident microbiome and host proteins by integrated multi-omics during progression of colorectal adenoma to carcinoma.,2025,,Q2_block_holdout_focus,pending,,,,
EPMC-1915,40923594,10.7554/elife.108061,"The lipocone superfamily, a unifying theme in metabolism of lipids, peptidoglycan and exopolysaccharides, inter-organismal conflicts and immunity.",2025,,Q3_amr_core,pending,,,,
EPMC-1916,39677383,10.1080/03036758.2024.2345315,The potential of bacteriocins and bacteriophages to control bacterial disease of crops with a focus on <i>Xanthomonas</i> spp.,2025,,Q3_amr_core,pending,,,,
EPMC-1917,40344182,10.1093/plcell/koaf109,"The resistance awakens: Diversity at the DNA, RNA, and protein levels informs engineering of plant immune receptors from Arabidopsis to crops.",2025,,Q2_block_holdout_focus,pending,,,,
EPMC-1918,41607520,10.3389/fcimb.2025.1697696,The return of a forgotten ally: tabletop scanning electron microscopy in the realm of bacteriology.,2025,,Q3_amr_core,pending,,,,
EPMC-1919,40396743,10.1128/msystems.01571-24,The risk of pathogenicity and antibiotic resistance in deep-sea cold seep microorganisms.,2025,,Q3_amr_core,pending,,,,
EPMC-1920,39906157,10.1016/j.csbj.2025.01.006,The role of artificial intelligence and machine learning in predicting and combating antimicrobial resistance.,2025,,Q1_protocol_broad|Q2_block_holdout_focus|Q3_amr_core,pending,,,,
EPMC-1921,39747786,10.1186/s43556-024-00238-3,The role of artificial intelligence in pandemic responses: from epidemiological modeling to vaccine development.,2025,,Q2_block_holdout_focus,pending,,,,
EPMC-1922,39979446,10.1038/s41579-025-01155-0,The role of bacterial metabolism in antimicrobial resistance.,2025,,Q3_amr_core,pending,,,,
EPMC-1923,41016251,10.1016/j.mib.2025.102675,The role of mobile genetic elements in adaptation of the microbiota to the dynamic human gut ecosystem.,2025,,Q3_amr_core,pending,,,,
EPMC-1924,41102306,10.1038/s44298-025-00155-4,Therapeutic potential of Shigella phage SSG23 against Shigella sonnei biofilms and in BALB/c mice.,2025,,Q3_amr_core,pending,,,,
EPMC-1925,39979834,10.1186/s12866-025-03785-z,Therapeutic potential of a newly isolated bacteriophage against multi-drug resistant Enterococcus faecalis infections: in vitro and in vivo characterization.,2025,,Q3_amr_core,pending,,,,
EPMC-1926,41097540,10.3390/foods14193374,Threat and Control of &lt;i&gt;tet&lt;/i&gt;(X)-Mediated Tigecycline-Resistant &lt;i&gt;Acinetobacter&lt;/i&gt; sp. Bacteria.,2025,,Q3_amr_core,pending,,,,
EPMC-1927,40061860,10.3389/fmicb.2025.1496716,"Threats across boundaries: the spread of ESBL-positive &lt;i&gt;Enterobacteriaceae&lt;/i&gt; bacteria and its challenge to the ""one health"" concept.",2025,,Q2_block_holdout_focus,pending,,,,
EPMC-1928,41286094,10.1038/s42003-025-09044-1,Three eruptions at the Fagradalsfjall Volcano in Iceland show rapid and predictable microbial community establishment.,2025,,Q2_block_holdout_focus,pending,,,,
EPMC-1929,40674648,10.1111/tpj.70294,"Through the lens of bioenergy crops: advances, bottlenecks, and promises of plant engineering.",2025,,Q2_block_holdout_focus,pending,,,,
EPMC-1930,41354681,10.1038/s41467-025-67047-2,Tissue-resident microbiota impacts colorectal cancer progression and prognosis.,2025,,Q1_protocol_broad|Q2_block_holdout_focus,pending,,,,
EPMC-1931,41417894,10.1126/sciadv.ady7028,Topoisomerase III-beta protects from immune dysregulation and tumorigenesis.,2025,,Q2_block_holdout_focus,pending,,,,
EPMC-1932,40400687,10.3389/fmicb.2025.1461293,Topological data analysis captures horizontal gene transfer in antimicrobial resistance gene families among clinically relevant bacteria.,2025,,Q3_amr_core,pending,,,,
EPMC-1933,41080452,10.1155/ancp/6570955,Toward Precision Medicine in Celiac Disease: Emerging Roles of Multiomics and Artificial Intelligence.,2025,,Q1_protocol_broad|Q2_block_holdout_focus,pending,,,,
EPMC-1934,40425013,10.1016/j.ajhg.2025.05.002,Toward whole-genome inference of polygenic scores with fast and memory-efficient algorithms.,2025,,Q3_amr_core,pending,,,,
EPMC-1935,40153587,10.14336/ad.2025.0218,Towards Precision Aging Biology: Single-Cell Multi-Omics and Advanced AI-Driven Strategies.,2025,,Q2_block_holdout_focus,pending,,,,
EPMC-1936,40217526,10.1186/s13040-025-00439-8,Towards precision oncology: a multi-level cancer classification system integrating liquid biopsy and machine learning.,2025,,Q3_amr_core,pending,,,,
EPMC-1937,40957922,10.1038/s44259-025-00154-8,Towards the integration of antibiotic resistance gene mobility into environmental surveillance and risk assessment.,2025,,Q1_protocol_broad|Q3_amr_core,pending,,,,
EPMC-1938,41675157,10.1002/imo2.70022,"Towards tick virome and emerging tick-borne viruses: Protocols, challenges and perspectives.",2025,,Q2_block_holdout_focus,pending,,,,
EPMC-1939,40859410,10.1186/s13099-025-00746-9,Tracing the evolutionary dynamics of carbapenem-resistant Escherichia coli in recurrent and multi-site infections.,2025,,Q1_protocol_broad|Q3_amr_core,pending,,,,
EPMC-1940,41597548,10.3390/microorganisms14010028,Tracking Global Transmission Dynamics of the Plasmid-Mediated <i>mcr</i> Gene: A Genomic Epidemiological Analysis.,2025,,Q1_protocol_broad|Q2_block_holdout_focus|Q3_amr_core,pending,,,,
EPMC-1941,40981420,10.1128/msystems.00575-25,Tracking putative &lt;i&gt;Microcystis&lt;/i&gt; viruses and virus-host associations across distinct phases of a &lt;i&gt;Microcystis&lt;/i&gt;-dominated bloom.,2025,,Q2_block_holdout_focus,pending,,,,
EPMC-1942,40511936,10.1128/msystems.00323-25,Trade-off between resistance and persistence in high cell density cultures.,2025,,Q3_amr_core,pending,,,,
EPMC-1943,41357433,10.3389/fdgth.2025.1664382,Transforming critical care: the digital revolution's impact on intensive care units.,2025,,Q2_block_holdout_focus|Q3_amr_core,pending,,,,
EPMC-1944,40830514,10.1186/s13054-025-05588-0,Transforming sepsis management: AI-driven innovations in early detection and tailored therapies.,2025,,Q3_amr_core,pending,,,,
EPMC-1945,41196040,10.1128/spectrum.00792-25,"Transmission dynamics and molecular characterization of methicillin-resistant &lt;i&gt;S. epidermidis&lt;/i&gt; among men who have sex with men in Guangzhou, China.",2025,,Q1_protocol_broad|Q3_amr_core,pending,,,,
EPMC-1946,41092254,10.1111/tpj.70527,Turbo-charging crop improvement: harnessing multiplex editing for polygenic trait engineering and beyond.,2025,,Q2_block_holdout_focus,pending,,,,
EPMC-1947,41095221,10.3390/plants14193080,Turning Susceptibility into Strength: A New Era of Durable Resistance in Plants Through Genome Editing.,2025,,Q2_block_holdout_focus,pending,,,,
EPMC-1948,40503882,10.1128/mbio.01231-25,"Two novel Patescibacteria: &lt;i&gt;Phycocordibacter aenigmaticus&lt;/i&gt; gen. nov. sp. nov. and &lt;i&gt;Minusculum obligatum&lt;/i&gt; gen. nov. sp. nov., both associated with microalgae optimized for carbon dioxide sequestration from flue gas.",2025,,Q3_amr_core,pending,,,,
EPMC-1949,41472119,10.3390/vetsci12121140,Two-Component Systems in &lt;i&gt;Pasteurellaceae&lt;/i&gt; and Their Roles in Virulence.,2025,,Q2_block_holdout_focus,pending,,,,
EPMC-1950,40606626,10.3389/fcimb.2025.1573643,Type VII secretion system gene mutations driving global mycobacterium tuberculosis transmission revealed by whole genomic sequence.,2025,,Q1_protocol_broad|Q3_amr_core,pending,,,,
EPMC-1951,40699637,10.3390/cimb47040238,Ultrasensitive CRISPR/Cas12a-Based System for Detection of &lt;i&gt;Bla&lt;/i&gt;&lt;sub&gt;OXA-1&lt;/sub&gt; Gene in Antibiotic-Resistant Microorganisms.,2025,,Q2_block_holdout_focus,pending,,,,
EPMC-1952,40544303,10.1186/s40168-025-02145-3,Uncovering encrypted antimicrobial peptides in health-associated Lactobacillaceae by large-scale genomics and machine learning.,2025,,Q3_amr_core,pending,,,,
EPMC-1953,41409548,10.3389/fcimb.2025.1716723,Uncovering the potential virulence factors of emerging pathogens using AI/ML-based tools: a case study in &lt;i&gt;Emergomyces africanus&lt;/i&gt;.,2025,,Q3_amr_core,pending,,,,
EPMC-1954,41595988,10.3390/bioengineering13010051,Understanding and Advancing Wound Healing in the Era of Multi-Omic Technology.,2025,,Q2_block_holdout_focus,pending,,,,
EPMC-1955,41087479,10.1038/s41598-025-16701-2,Understanding the regulatory grammar of sepsis-causing Staphylococcus aureus bacteria using contexualised DNA language models.,2025,,Q3_amr_core,pending,,,,
EPMC-1956,40397889,10.1371/journal.ppat.1013155,Unique growth and morphology properties of Clade 5 Clostridioides difficile strains revealed by single-cell time-lapse microscopy.,2025,,Q3_amr_core,pending,,,,
EPMC-1957,40603299,10.1038/s41467-025-61202-5,Universal rules govern plasmid copy number.,2025,,Q3_amr_core,pending,,,,
EPMC-1958,41009902,10.3390/antibiotics14090924,Unlocking Antimicrobial Peptides from Marine Invertebrates: A Comprehensive Review of Antimicrobial Discovery.,2025,,Q2_block_holdout_focus|Q3_amr_core,pending,,,,
EPMC-1959,39942653,10.3390/molecules30030550,Unlocking Antimicrobial Peptides: In Silico Proteolysis and Artificial Intelligence-Driven Discovery from Cnidarian Omics.,2025,,Q3_amr_core,pending,,,,
EPMC-1960,41280417,10.3389/fvets.2025.1691572,Unlocking farm-level antimicrobial resistance: a qualitative study of researchers' experiences and challenges.,2025,,Q1_protocol_broad|Q3_amr_core,pending,,,,
EPMC-1961,41156872,10.3390/microorganisms13102414,Unlocking the Potential of &lt;i&gt;vB&lt;/i&gt;_&lt;i&gt;EfaS&lt;/i&gt;_&lt;i&gt;LOK1&lt;/i&gt;: A Newly Isolated Bacteriophage Against &lt;i&gt;Enterococcus faecalis&lt;/i&gt;.,2025,,Q3_amr_core,pending,,,,
EPMC-1962,40846678,10.1111/1751-7915.70185,Unlocking the Synthetic Potential of Yarrowia lipolytica: Innovating Gene Expression Tools.,2025,,Q2_block_holdout_focus,pending,,,,
EPMC-1963,41028902,10.1038/s44298-025-00150-9,Unlocking the genomic repertoire of a cultivated megaphage.,2025,,Q3_amr_core,pending,,,,
EPMC-1964,41099138,10.1093/molbev/msaf264,Unraveling Epistatic Interactions Between Sites Under Drug-Dependent Selection in the Mycobacterium tuberculosis Genome.,2025,,Q3_amr_core,pending,,,,
EPMC-1965,41133153,10.3389/fmed.2025.1629008,"Unraveling brucellosis: advances in pathogenesis, diagnostic strategies, therapeutic innovations, and public health perspectives.",2025,,Q2_block_holdout_focus|Q3_amr_core,pending,,,,
EPMC-1966,41195419,10.3389/fmolb.2025.1679650,Unraveling metabolic reprogramming in &lt;i&gt;Δhnox&lt;/i&gt; &lt;i&gt;Paracoccus denitrificans&lt;/i&gt;: a time-resolved metabolomics and AI-Powered proteome modeling approach.,2025,,Q2_block_holdout_focus,pending,,,,
EPMC-1967,40985348,10.1002/advs.202511920,"Unveiling Novel Viral Diversity, Biogeography, and Host Networks in Wildlife Through High-Throughput Sequencing Data Mining.",2025,,Q3_amr_core,pending,,,,
EPMC-1968,40285579,10.1002/advs.202417560,Unveiling Salt Tolerance Mechanisms in Plants: Integrating the KANMB Machine Learning Model With Metabolomic and Transcriptomic Analysis.,2025,,Q2_block_holdout_focus,pending,,,,
EPMC-1969,40438350,10.1093/nsr/nwaf128,Unveiling horizontal gene transfer in the gut microbiome: bioinformatic strategies and challenges in metagenomics analysis.,2025,,Q1_protocol_broad|Q3_amr_core,pending,,,,
EPMC-1970,41162893,10.1186/s12866-025-04394-6,Unveiling meropenem resistance and co-resistance patterns in Klebsiella pneumoniae and Acinetobacter baumannii: a global genome analysis using ML/DL and association mining.,2025,,Q1_protocol_broad|Q2_block_holdout_focus|Q3_amr_core,pending,,,,
EPMC-1971,39756573,10.1016/j.jare.2025.01.005,Unveiling novel antimicrobial peptides from the ruminant gastrointestinal microbiomes: A deep learning-driven approach yields an anti-MRSA candidate.,2025,,Q3_amr_core,pending,,,,
EPMC-1972,40275408,10.1186/s40793-025-00703-8,Unveiling plasmid diversity and functionality in pristine groundwater.,2025,,Q3_amr_core,pending,,,,
EPMC-1973,40847264,10.1007/s44197-025-00455-1,Unveiling the Future of Infective Endocarditis Diagnosis: The Transformative Role of Metagenomic Next-Generation Sequencing in Culture-Negative Cases.,2025,,Q3_amr_core,pending,,,,
EPMC-1974,41283681,10.1128/msystems.00950-25,Unveiling the landscape of prokaryotic global regulators through deep protein language models.,2025,,Q1_protocol_broad|Q2_block_holdout_focus|Q3_amr_core,pending,,,,
EPMC-1975,40152610,10.1128/msystems.00201-25,Unveiling the role of phages in shaping the periodontal microbial ecosystem.,2025,,Q1_protocol_broad|Q2_block_holdout_focus|Q3_amr_core,pending,,,,
EPMC-1976,40856868,10.1007/s11274-025-04512-6,Updates on therapeutic targeting of diguanylate cyclase for addressing bacterial infections: A comprehensive review.,2025,,Q3_amr_core,pending,,,,
EPMC-1977,41070122,10.3389/fmicb.2025.1669531,"Urban wastewater overflows as hotspots for dissemination of bacteria producing extended-spectrum β-lactamases and carbapenemases in the Suquía River, Argentina.",2025,,Q1_protocol_broad|Q3_amr_core,pending,,,,
EPMC-1978,40231625,10.1080/19490976.2025.2492376,Urease in acetogenic &lt;i&gt;Lachnospiraceae&lt;/i&gt; drives urea carbon salvage in SCFA pools.,2025,,Q2_block_holdout_focus,pending,,,,
EPMC-1979,40725635,10.3390/jcm14144942,Use of Artificial Intelligence Methods for Improved Diagnosis of Urinary Tract Infections and Urinary Stone Disease.,2025,,Q1_protocol_broad|Q2_block_holdout_focus|Q3_amr_core,pending,,,,
EPMC-1980,41640411,10.3389/fmicb.2025.1735729,Use of PGPB in bio-fertilisation: preserving the soil microbiome and enhancing field production of alfalfa.,2025,,Q3_amr_core,pending,,,,
EPMC-1981,41010433,10.3390/life15091490,Use of Two PGPB Strains for the Valorization of Wastewater Sludge and Formulation of a Biofertilizer for the Recovery of &lt;i&gt;Quercus ilex&lt;/i&gt;.,2025,,Q3_amr_core,pending,,,,
EPMC-1982,41329040,10.1093/bib/bbaf637,Using a consensus machine learning approach to identify host biomarkers associated with treatment response in pulmonary tuberculosis.,2025,,Q2_block_holdout_focus,pending,,,,
EPMC-1983,,,Using core genome and machine learning for serovar prediction in Salmonella enterica subspecies I strains,2025,,Q3_amr_core,pending,,,,
EPMC-1984,40210591,10.1093/femsle/fnaf040,Using core genome and machine learning for serovar prediction in Salmonella enterica subspecies I strains.,2025,,Q3_amr_core,pending,,,,
EPMC-1985,40063675,10.1099/mgen.0.001365,Using gut microbiome metagenomic hypervariable features for diabetes screening and typing through supervised machine learning.,2025,,Q2_block_holdout_focus,pending,,,,
EPMC-1986,40346302,10.1038/s41598-025-98444-8,Using machine learning models to predict the impact of template mismatches on polymerase chain reaction assay performance.,2025,,Q2_block_holdout_focus,pending,,,,
EPMC-1987,41101314,10.1016/j.crmeth.2025.101204,Using spatial proteomics to enhance cell type assignments in histology images.,2025,,Q3_amr_core,pending,,,,
EPMC-1988,40439305,10.1098/rstb.2024.0252,Using supervised machine-learning approaches to understand abiotic stress tolerance and design resilient crops.,2025,,Q2_block_holdout_focus,pending,,,,
EPMC-1989,41368349,10.2147/jir.s546260,Utility of Machine Learning to Characterize Gut Microbiota Dysbiosis and Its Clinical Implications in Inflammatory Bowel Disease.,2025,,Q1_protocol_broad|Q2_block_holdout_focus,pending,,,,
EPMC-1990,40268971,10.1038/s41538-025-00421-y,Utilizing drip metabolites and predictive modeling for non-destructive freshness assessment in pork loin.,2025,,Q2_block_holdout_focus,pending,,,,
EPMC-1991,40572198,10.3390/microorganisms13061310,"Validation of Core and Whole-Genome Multi-Locus Sequence Typing Schemes for Shiga-Toxin-Producing &lt;i&gt;E. coli&lt;/i&gt; (STEC) Outbreak Detection in a National Surveillance Network, PulseNet 2.0, USA.",2025,,Q2_block_holdout_focus|Q3_amr_core,pending,,,,
EPMC-1992,40593656,10.1038/s41467-025-61137-x,Variation and prognostic potential of the gut antibiotic resistome in the FINRISK 2002 cohort.,2025,,Q3_amr_core,pending,,,,
EPMC-1993,40000824,10.1038/s42003-025-07746-0,Viral genomic features predict Orthopoxvirus reservoir hosts.,2025,,Q2_block_holdout_focus,pending,,,,
EPMC-1994,41305529,10.3390/v17111508,Viromic Insights into Gut RNA Virus Diversity Among Three Corvid Species.,2025,,Q2_block_holdout_focus|Q3_amr_core,pending,,,,
EPMC-1995,41476722,10.1016/j.jpha.2025.101310,Virulence arresting drug discovery by strategies targeting bacterial virulence: Mainly focusing on quorum-sensing interference and biofilm inhibition.,2025,,Q3_amr_core,pending,,,,
EPMC-1996,40132411,10.1016/j.talanta.2025.127991,Volatile organic compounds (VOCs) detection for the identification of bacterial infections in clinical wound samples.,2025,,Q2_block_holdout_focus|Q3_amr_core,pending,,,,
EPMC-1997,40558133,10.3390/antibiotics14060543,What Are the Drivers Triggering Antimicrobial Resistance Emergence and Spread? Outlook from a One Health Perspective.,2025,,Q1_protocol_broad|Q2_block_holdout_focus|Q3_amr_core,pending,,,,
EPMC-1998,41221579,10.1111/mec.70171,What We Talk About When We Talk About Microbial Species.,2025,,Q2_block_holdout_focus,pending,,,,
EPMC-1999,41614833,10.3390/cimb48010002,Wheat Plasma Membrane Receptors: Orchestrating Immunity and Bridging to Crop Improvement.,2025,,Q2_block_holdout_focus,pending,,,,
EPMC-2000,41331014,10.1038/s41598-025-28934-2,"Whole genome of petroleum hydrocarbon degrading Rhodococcus indonesiensis isolated from Nacharam, Hyderabad, India.",2025,,Q1_protocol_broad|Q3_amr_core,pending,,,,
EPMC-2001,40875144,10.1007/s11427-024-2872-7,Whole-genome duplications revealed by macronuclear genomes of five rare species of the model ciliates Paramecium.,2025,,Q2_block_holdout_focus,pending,,,,
EPMC-2002,40581074,10.1093/bioinformatics/btaf206,Whole-genome phenotype prediction with machine learning: open problems in bacterial genomics.,2025,,Q1_protocol_broad|Q3_amr_core,pending,,,,
EPMC-2003,40788305,10.1099/mgen.0.001465,Whole-genome sequencing and bioinformatic tools powered by machine learning to identify antibiotic-resistant genes and virulence factors in &lt;i&gt;Escherichia coli&lt;/i&gt; from sepsis.,2025,,Q1_protocol_broad|Q3_amr_core,pending,,,,
EPMC-2004,40851801,10.3389/fcimb.2025.1641385,Whole-genome sequencing and machine learning reveal key drivers of delayed sputum conversion in rifampicin-resistant tuberculosis.,2025,,Q1_protocol_broad|Q3_amr_core,pending,,,,
EPMC-2005,39651889,10.1128/spectrum.01712-24,Whole-genome sequencing and metagenomics reveal diversity and prevalence of <i>Listeria</i> spp. from soil in the Nantahala National Forest.,2025,,Q1_protocol_broad|Q3_amr_core,pending,,,,
EPMC-2006,41474711,10.1371/journal.pone.0340071,Whole-genome sequencing of Burkholderia glumae strains from Thailand reveals potential horizontal gene transfer with Burkholderia pseudomallei.,2025,,Q1_protocol_broad|Q2_block_holdout_focus|Q3_amr_core,pending,,,,
EPMC-2007,40516296,10.1016/j.psj.2025.105377,"Whole-genome sequencing revealed genetic structure, patterns of selection and molecular identity card in ""Yufen 1"" D line chickens.",2025,,Q2_block_holdout_focus,pending,,,,
EPMC-2008,41203622,10.1038/s41467-025-64516-6,Widespread Trichuris incognita reveals hidden diversity and reshapes understanding of human whipworm infections.,2025,,Q1_protocol_broad|Q2_block_holdout_focus,pending,,,,
EPMC-2009,41312525,10.46234/ccdcw2025.240,"World Antimicrobial Awareness Week 2025 - Act Now: Protect Our Present, Secure Our Future.",2025,,Q1_protocol_broad|Q3_amr_core,pending,,,,
EPMC-2010,40761583,10.2147/jmdh.s516036,Worldwide Research Trends on Lung Cancer and Microbiota: A Bibliometric and Visualized Analysis.,2025,,Q2_block_holdout_focus,pending,,,,
EPMC-2011,41225338,10.1186/s12866-025-04455-w,XGBoost-based urinary microbial signatures enable non-invasive diagnosis and prognosis for urothelial carcinoma.,2025,,Q2_block_holdout_focus,pending,,,,
EPMC-2012,40901138,10.1097/ms9.0000000000003684,Zoonoses in the Democratic Republic of Congo: anthrax outbreak in the province of Nord-Kivu has prompted a health alert.,2025,,Q3_amr_core,pending,,,,
EPMC-2013,41092271,10.1093/database/baaf062,Zoonosis: a comprehensive database of zoonotic pathogens.,2025,,Q2_block_holdout_focus,pending,,,,
EPMC-2014,41199746,10.3389/fgene.2025.1651917,aiGeneR 3.0: an enhanced deep network model for resistant strain identification and multi-drug resistance prediction in &lt;i&gt;Escherichia coli&lt;/i&gt; causing urinary tract infection using next-generation sequencing data.,2025,,Q1_protocol_broad|Q3_amr_core,pending,,,,
EPMC-2015,40122838,10.1186/s13059-025-03524-7,aurora: a machine learning gwas tool for analyzing microbial habitat adaptation.,2025,,Q1_protocol_broad|Q3_amr_core,pending,,,,
EPMC-2016,41083998,10.1186/s13059-025-03819-9,iPro-MP: a BERT-based model to predict multiple prokaryotic promoters.,2025,,Q1_protocol_broad|Q2_block_holdout_focus,pending,,,,
EPMC-2017,39932497,10.1099/mgen.0.001349,microGWAS: a computational pipeline to perform large-scale bacterial genome-wide association studies.,2025,,Q3_amr_core,pending,,,,
EPMC-2018,39781513,10.1093/nargab/lqae185,vClean: assessing virus sequence contamination in viral genomes.,2025,,Q3_amr_core,pending,,,,
EPMC-2019,42042342,10.3390/jof12040247,"&lt;i&gt;Candidozyma auris&lt;/i&gt; and the Perfect Storm of Fungal Pathogenicity: Adaptation, Persistence, and Resistance.",2026,,Q1_protocol_broad|Q2_block_holdout_focus,pending,,,,
EPMC-2020,41696525,10.1016/j.synbio.2026.01.019,&lt;i&gt;De novo&lt;/i&gt; biosynthesis of eriocitrin in &lt;i&gt;Saccharomyces cerevisiae&lt;/i&gt; through deep learning-guided enzyme screening and systematic metabolic engineering.,2026,,Q2_block_holdout_focus,pending,,,,
EPMC-2021,41970986,10.3389/fendo.2026.1786756,&lt;i&gt;Escherichia-Shigella&lt;/i&gt; expansion and metabolite dysregulation in type 3c diabetes: linking microbiome alterations to exocrine pancreatic insufficiency.,2026,,Q2_block_holdout_focus,pending,,,,
EPMC-2022,41684855,10.3389/fpls.2026.1725321,"&lt;i&gt;Neopestalotiopsis&lt;/i&gt; spp., an invasive fungal pathogen, is a major threat to strawberry production: the current status, challenges, and future directions.",2026,,Q2_block_holdout_focus,pending,,,,
EPMC-2023,42564453,10.15698/mic2026.08.885,&lt;i&gt;Saccharomyces cerevisiae&lt;/i&gt; in cancer research: modeling tumor biology and enabling drug discovery.,2026,,Q2_block_holdout_focus,pending,,,,
EPMC-2024,42075213,10.3390/microorganisms14040816,&lt;i&gt;Salmonella&lt;/i&gt; Infections: Global Trends and Emerging Challenges.,2026,,Q1_protocol_broad|Q3_amr_core,pending,,,,
EPMC-2025,42305602,10.1016/j.isci.2026.116189,"&lt;i&gt;StrainCascade&lt;/i&gt;: An automated, modular workflow for high-throughput long-read bacterial genome reconstruction and characterization.",2026,,Q1_protocol_broad|Q2_block_holdout_focus|Q3_amr_core,pending,,,,
EPMC-2026,42325658,10.1016/j.synbio.2026.05.005,&lt;i&gt;Streptomyces&lt;/i&gt;: boost chassis strains for production of invaluable natural products.,2026,,Q3_amr_core,pending,,,,
EPMC-2027,41754427,10.3390/pathogens15020175,&lt;i&gt;Xanthomonas&lt;/i&gt; spp.: Devastating Plant Pathogens and Sustainable Management Strategies.,2026,,Q1_protocol_broad|Q3_amr_core,pending,,,,
EPMC-2028,41543189,10.3892/mmr.2026.13800,"&lt;p&gt;&lt;i&gt;Klebsiella pneumoniae&lt;/i&gt; and pyogenic liver abscess: Emerging clinical threats, virulence mechanisms and therapeutic strategies (Review)&lt;/p&gt;.",2026,,Q3_amr_core,pending,,,,
EPMC-2029,42511244,10.3390/foods15142498,&lt;sup&gt;1&lt;/sup&gt;H NMR-Based Metabolomics and Machine Learning Reveal Candidate Metabolic Markers Associated with &lt;i&gt;Coffea arabica&lt;/i&gt; Genealogical Groups.,2026,,Q1_protocol_broad|Q2_block_holdout_focus,pending,,,,
EPMC-2030,42176206,10.1007/s00449-026-03347-1,10 years of CRISPR/CAS genomic engineering in Yarrowia lipolytica.,2026,,Q1_protocol_broad|Q3_amr_core,pending,,,,
EPMC-2031,41609375,10.1128/msystems.00844-25,2Pipe starts with a question: matching you with the correct pipeline for MAG reconstruction.,2026,,Q1_protocol_broad|Q3_amr_core,pending,,,,
EPMC-2032,42393775,10.1186/s13054-026-05916-y,45th International Symposium on Intensive Care &amp; Emergency Medicine.,2026,,Q3_amr_core,pending,,,,
EPMC-2033,42536752,10.1126/sciadv.aed2571,A &lt;i&gt;NHEJ1&lt;/i&gt; mutator allele influencing germline mutation rates sex-specifically in humans.,2026,,Q1_protocol_broad|Q3_amr_core,pending,,,,
EPMC-2034,42086219,10.1111/1462-2920.70319,A 'Genome-First' Framework for Next-Generation Bioinputs: From Functional Mining to Rational Synthetic Microbial Communities.,2026,,Q1_protocol_broad|Q3_amr_core,pending,,,,
EPMC-2035,42514273,10.3390/life16071202,A Candidate Salivary miRNA Panel for Bronchopulmonary Dysplasia in Very and Extremely Low-Birth-Weight Preterm Infants: A Pilot Exploratory Study.,2026,,Q2_block_holdout_focus,pending,,,,
EPMC-2036,42403741,10.7759/cureus.110205,A Clinical-Operational Framework for Responsible Artificial Intelligence Use in Infection Risk Management Among Immunosuppressed Patients: A Technical Report.,2026,,Q3_amr_core,pending,,,,
EPMC-2037,41479238,10.1111/ppl.70703,A Comparative Analysis of Receptor-Like Kinases in Chlorophyta Reveals the Presence of Putative Cell Wall Integrity Sensors.,2026,,Q2_block_holdout_focus,pending,,,,
EPMC-2038,41948101,10.1155/ijog/6364895,A Cross-Tissue Multiomics Analysis Reveals the Protective Role of TGFBR3 in Postmenopausal Osteoporosis.,2026,,Q2_block_holdout_focus,pending,,,,
EPMC-2039,41742841,10.1002/advs.74581,A Genomic Catalog of Migratory Microbiomes from Wild Birds across China's Habitats.,2026,,Q1_protocol_broad|Q2_block_holdout_focus|Q3_amr_core,pending,,,,
EPMC-2040,42072390,10.3390/biomedicines14040849,A Longitudinal Exploratory Study of SARS-CoV-2 Antibody Dynamics in Young Adults in Bogotá: Lessons from Natural Infection and Post-Vaccination Memory.,2026,,Q3_amr_core,pending,,,,
EPMC-2041,42221978,10.1177/11779322261453756,A Novel Bioinformatics Pipeline and a Machine-Learning Approach for Antimicrobial Resistance Phenotypic Prediction.,2026,,Q1_protocol_broad|Q2_block_holdout_focus|Q3_amr_core,pending,,,,
EPMC-2042,,,A Novel Lytic Podovirus AP-20-A Infecting Sinorhizobium meliloti: Mosaic Genome with Cross-Phylum Homology and Implications for Inoculant Establishment,2026,,Q1_protocol_broad|Q3_amr_core,pending,,,,
EPMC-2043,42496272,10.3390/proteomes14030032,"A One Health Framework for Proteomics Across the Tree of Life to Advance Food Security, Animal Health, and Ecosystem Resilience.",2026,,Q1_protocol_broad|Q2_block_holdout_focus,pending,,,,
EPMC-2044,41753730,10.3390/microorganisms14020444,A One Health Perspective on &lt;i&gt;Proteus mirabilis&lt;/i&gt;: The Interaction of Virulence and Antimicrobial Resistance Across Human and Animal Reservoirs.,2026,,Q1_protocol_broad|Q2_block_holdout_focus|Q3_amr_core,pending,,,,
EPMC-2045,41165571,10.1158/2159-8290.cd-25-0581,A Prognostic Signature for Lung Adenocarcinoma in Patients Who Have Never Smoked.,2026,,Q2_block_holdout_focus|Q3_amr_core,pending,,,,
EPMC-2046,42123672,10.3390/ijms27094094,A Review and Experimental Analysis of Supervised Learning Systems and Methods for Protein-Protein Interaction Detection.,2026,,Q1_protocol_broad|Q2_block_holdout_focus,pending,,,,
EPMC-2047,41567175,10.1155/jdr/2719491,A Review of Emerging Biomarkers Connecting Diabetes and Ischemic Stroke: Implications for Early Detection and Risk Stratification.,2026,,Q3_amr_core,pending,,,,
EPMC-2048,42147457,10.1155/tbed/2215823,A Scoping Review of Machine Learning Applications Across Epidemiological Stages of Zoonotic Disease.,2026,,Q1_protocol_broad|Q2_block_holdout_focus,pending,,,,
EPMC-2049,41754548,10.3390/v18020205,A Systematic Review of Methodological Approaches to SARS-CoV-2 Wastewater Surveillance.,2026,,Q3_amr_core,pending,,,,
EPMC-2050,42495597,10.1155/sci5/4286814,A Systematic Review: Deep Learning for Analyzing Genomic Data to Discover Evolutionary Patterns.,2026,,Q1_protocol_broad|Q2_block_holdout_focus,pending,,,,
EPMC-2051,42510982,10.3390/cimb48070743,A Three-Gene Prognostic Signature Driven by an ER Stress-Associated ceRNA Network: Integrating Single-Cell Transcriptomics and Cross-Platform Validation in Hepatocellular Carcinoma.,2026,,Q2_block_holdout_focus,pending,,,,
EPMC-2052,41754554,10.3390/v18020211,A Unified Framework to Prioritize RNA Virus Cross-Species Transmission Risk Across an Expansive Host Landscape.,2026,,Q2_block_holdout_focus,pending,,,,
EPMC-2053,41496866,10.1016/j.fochms.2025.100338,A WGS workflow for identifying genetically modified and foodborne-pathogenic &lt;i&gt;Bacillus&lt;/i&gt; isolates.,2026,,Q1_protocol_broad|Q2_block_holdout_focus|Q3_amr_core,pending,,,,
EPMC-2054,42052389,10.3389/fmicb.2026.1757919,A chromosome-level genome assembly of &lt;i&gt;Rhizopus stolonifer&lt;/i&gt; associated with passion fruit flower rot.,2026,,Q2_block_holdout_focus,pending,,,,
EPMC-2055,41808135,10.1186/s12934-026-02978-z,A combined strategy for high-efficiency expression of alkaline protease PrtA in Komagataella phaffii (syn. Pichia pastoris).,2026,,Q2_block_holdout_focus,pending,,,,
EPMC-2056,41513603,10.1038/s41398-025-03797-3,"A community screening tool for neuropsychiatric symptoms in the elderly: integrating cortisol, microbiome, and social factors with machine learning.",2026,,Q2_block_holdout_focus,pending,,,,
EPMC-2057,42134306,10.1016/j.cell.2026.04.032,"A comparison of deep multiomics profiles across ethnicity, geography, and age.",2026,,Q2_block_holdout_focus,pending,,,,
EPMC-2058,42082503,10.1038/s41597-026-07354-5,A compendium of horizontal gene transfers in Metazoa.,2026,,Q3_amr_core,pending,,,,
EPMC-2059,,10.64898/2026.08.12.744533,A comprehensive phage-bacteria interaction atlas links phage lineage and capsule serotype to genome-guided machine learning prediction in  <i>Klebsiella pneumoniae</i>,2026,,Q1_protocol_broad|Q3_amr_core,pending,,,,
EPMC-2060,42080335,10.1080/07853890.2026.2628382,A comprehensive review of regulatory mechanisms of novel enterotoxin genes in &lt;i&gt;Staphylococcus aureus&lt;/i&gt; from meat sources.,2026,,Q2_block_holdout_focus|Q3_amr_core,pending,,,,
EPMC-2061,42535053,10.3389/fphar.2026.1837576,A comprehensive review on bacterial endophytic secondary metabolites: a road map from crude extract to lead molecule production.,2026,,Q1_protocol_broad|Q3_amr_core,pending,,,,
EPMC-2062,41537311,10.1093/bib/bbaf724,A comprehensive survey of genome language models in bioinformatics.,2026,,Q2_block_holdout_focus|Q3_amr_core,pending,,,,
EPMC-2063,42111187,10.1016/j.isci.2026.115829,A comprehensive toolkit for analyzing cell-free DNA genomic sequencing data in liquid biopsy.,2026,,Q1_protocol_broad|Q2_block_holdout_focus,pending,,,,
EPMC-2064,41716800,10.3389/fmed.2026.1758028,A deep Siamese network framework for precision phage selection in pulmonary infections.,2026,,Q1_protocol_broad|Q3_amr_core,pending,,,,
EPMC-2065,42018247,10.1186/s11671-026-04577-8,A deep dive into ferritin nanoparticle advancements: experimental and computational perspectives.,2026,,Q2_block_holdout_focus,pending,,,,
EPMC-2066,41854075,10.1093/nar/gkag083,A foundation model for nucleotide sequences.,2026,,Q2_block_holdout_focus|Q3_amr_core,pending,,,,
EPMC-2067,41764274,10.1038/s43856-026-01468-y,A generalizable cross-continent prediction of esophageal squamous cell carcinoma using the oral microbiome.,2026,,Q1_protocol_broad|Q2_block_holdout_focus,pending,,,,
EPMC-2068,41888125,10.1038/s41522-026-00970-4,A global metagenomic atlas of aging identifies a microbiota phase transition associated with disease risk.,2026,,Q1_protocol_broad|Q2_block_holdout_focus,pending,,,,
EPMC-2069,42683100,10.1093/bioadv/vbag193,A leakage-aware genomic prediction pipeline for meropenem resistance in &lt;i&gt;Klebsiella pneumoniae&lt;/i&gt; using transformer-based resistome representation learning.,2026,,Q1_protocol_broad|Q2_block_holdout_focus|Q3_amr_core,pending,,,,
EPMC-2070,41787488,10.1186/s12931-026-03609-2,A lung microbial signature for postoperative recurrence in stage I-II non-small cell lung cancer.,2026,,Q1_protocol_broad|Q2_block_holdout_focus|Q3_amr_core,pending,,,,
EPMC-2071,42305536,10.3389/fimmu.2026.1721749,A machine learning integrated multi-omics framework for risk prediction and target discovery in insomnia aggravated sepsis induced acute lung injury.,2026,,Q1_protocol_broad|Q2_block_holdout_focus,pending,,,,
EPMC-2072,41988525,10.3389/fphar.2026.1756017,A machine learning model integrating gut microbiota biomarkers for predicting neurological recovery after cerebral hypoxia-ischemia: a single-center study augmented with public data.,2026,,Q1_protocol_broad|Q2_block_holdout_focus,pending,,,,
EPMC-2073,42034671,10.1038/s41698-026-01448-4,A machine learning-driven framework integrating cell death and senescence signatures for multi-target drug design and immunotherapy optimization in ovarian cancer.,2026,,Q2_block_holdout_focus,pending,,,,
EPMC-2074,41526674,10.1038/s43856-025-01364-x,A matched case-control study on Escherichia coli factors contributing to sepsis and septic shock in bacteraemic patients.,2026,,Q1_protocol_broad|Q3_amr_core,pending,,,,
EPMC-2075,41741653,10.1038/s41586-026-10207-1,A membrane-bound nuclease directly cleaves phage DNA during genome injection.,2026,,Q3_amr_core,pending,,,,
EPMC-2076,42558410,10.3389/fcimb.2026.1901030,A mini review of genome-predicted β-lactam susceptibility in &lt;i&gt;Streptococcus pneumoniae&lt;/i&gt;: from PBP profiles to potential clinical interpretation.,2026,,Q1_protocol_broad|Q2_block_holdout_focus|Q3_amr_core,pending,,,,
EPMC-2077,41420111,10.1038/s41380-025-03392-4,"A multi-ancestry meta genome-wide association study of migraine among veterans: associations with traumatic brain injury, depression, and post-traumatic stress disorder.",2026,,Q3_amr_core,pending,,,,
EPMC-2078,41820589,10.1038/s44184-026-00197-3,"A multi-omics analysis of gut bacteriome, virome, and serum metabolome in bipolar depression.",2026,,Q2_block_holdout_focus|Q3_amr_core,pending,,,,
EPMC-2079,42519311,10.3389/fimmu.2026.1842398,"A multi-omics framework integrating gut microbiota, blood metabolites, and immune cells to elucidate the pathogenesis of Alzheimer's disease.",2026,,Q1_protocol_broad|Q2_block_holdout_focus,pending,,,,
EPMC-2080,41786960,10.1038/s42003-026-09761-1,A multi-way SMILES-based hypergraph inference network for metabolic model reconstruction.,2026,,Q2_block_holdout_focus,pending,,,,
EPMC-2081,42069597,10.1186/s12967-026-08197-9,"A pan-viral map of host dependency factors from multi-omics integration and machine learning across influenza A, SARS-CoV-2, Zika, and dengue viruses.",2026,,Q1_protocol_broad|Q2_block_holdout_focus,pending,,,,
EPMC-2082,42180956,10.21037/tcr-2025-1-2710,A prognostic model based on Scissor&lt;sup&gt;+&lt;/sup&gt; cancer-associated macrophages identified from bulk and single cell RNA sequencing data in ovarian cancer.,2026,,Q2_block_holdout_focus,pending,,,,
EPMC-2083,42220487,10.3389/fimmu.2026.1827555,A scissor-guided single-cell framework defines a macrophage-derived risk score for prognostic and immunotherapy stratification in lung adenocarcinoma.,2026,,Q2_block_holdout_focus,pending,,,,
EPMC-2084,42441552,10.1371/journal.pone.0353295,A scoping review on emerging biomarkers in inflammatory bowel disease: Towards precision medicine in diagnosis and therapeutic management.,2026,,Q2_block_holdout_focus,pending,,,,
EPMC-2085,42390227,10.1128/aem.00598-26,A set of constitutive promoters with graded strengths for gene expression in diverse cyanobacterial strains.,2026,,Q3_amr_core,pending,,,,
EPMC-2086,42294646,10.1128/msystems.00207-26,A structural backbone with sequestered plasticity organizes the &lt;i&gt;Escherichia coli&lt;/i&gt; pangenome.,2026,,Q1_protocol_broad|Q2_block_holdout_focus|Q3_amr_core,pending,,,,
EPMC-2087,,10.64898/2026.06.28.734076,A systematic analysis of machine learning pipelines for robust antimicrobial resistance prediction,2026,,Q1_protocol_broad|Q2_block_holdout_focus,pending,,,,
EPMC-2088,42169943,10.21037/jgo-2026-1-0006,A systematic review of artificial intelligence and machine learning for gut microbiome-based CRC screening.,2026,,Q1_protocol_broad|Q2_block_holdout_focus,pending,,,,
EPMC-2089,42245499,10.3389/fmicb.2026.1838029,A transformer based deep learning framework for accurate single nucleotide variant correction in heterogeneous samples.,2026,,Q2_block_holdout_focus,pending,,,,
EPMC-2090,,,A transparent rule-based framework using k-mer profiles for detection of cryptic infections in tomato whole-genome metagenomic data,2026,,Q1_protocol_broad|Q2_block_holdout_focus,pending,,,,
EPMC-2091,41611834,10.1038/s41598-026-37342-z,A tri-omics and machine learning framework identifies prognostic biomarkers and metabolic signatures in sepsis.,2026,,Q2_block_holdout_focus,pending,,,,
EPMC-2092,41505101,10.1093/nar/gkaf1472,A unified computational framework for quantitative design and optimization of transcriptional regulation across bacterial species.,2026,,Q2_block_holdout_focus,pending,,,,
EPMC-2093,42036668,10.1186/s13007-026-01534-5,ADAM: advanced design and AI-driven modeling for plant tissue culture media optimization.,2026,,Q2_block_holdout_focus,pending,,,,
EPMC-2094,42490615,10.1002/advs.76694,AI-Assisted Engineering of Glycyrrhizic Acid/Simvastatin Nanocrystals for Multifunctional Treatment of Bacterial Osteomyelitis.,2026,,Q2_block_holdout_focus,pending,,,,
EPMC-2095,41886630,10.1021/acs.jnatprod.6c00057,AI-Assisted Isolation of Bioactive Dipyrimicins from &lt;i&gt;Amycolatopsis azurea&lt;/i&gt; and Identification of Their Corresponding Dip Biosynthetic Gene Cluster.,2026,,Q3_amr_core,pending,,,,
EPMC-2096,42514552,10.3390/plants15142185,AI-Augmented Multi-Omics for Abiotic Stress Responses: A New Frontier in Plant Hormone Systems Biology.,2026,,Q1_protocol_broad|Q2_block_holdout_focus,pending,,,,
EPMC-2097,41977475,10.3390/ijms27073296,AI-Driven BCR Modeling for Precision Immunology.,2026,,Q1_protocol_broad|Q2_block_holdout_focus,pending,,,,
EPMC-2098,42452277,10.3390/plants15132080,AI-Guided DNA-Free and Genotype-Independent Genome Editing for Soybean Improvement.,2026,,Q2_block_holdout_focus,pending,,,,
EPMC-2099,42051590,10.3389/fbinf.2026.1760257,AI-driven discovery in protein science for immunology and infectious disease research.,2026,,Q2_block_holdout_focus,pending,,,,
EPMC-2100,42558784,10.3389/fmicb.2026.1870115,AI-driven discovery of probiotic gene modules and their functional impact in food and health.,2026,,Q1_protocol_broad|Q2_block_holdout_focus,pending,,,,
EPMC-2101,41966053,10.1016/j.xplc.2026.101850,AI-driven fungicide design: From target identification to field application.,2026,,Q2_block_holdout_focus,pending,,,,
EPMC-2102,42245714,10.3389/fonc.2026.1733548,AI-driven pathology in esophageal cancer: from early screening to precision prognostics.,2026,,Q2_block_holdout_focus,pending,,,,
EPMC-2103,41794921,10.1038/s41698-026-01359-4,AI-enabled single-cell dissection of the palmitoylation landscape identifies a multicellular prognostic program in gastric cancer.,2026,,Q2_block_holdout_focus,pending,,,,
EPMC-2104,41853314,10.3389/fonc.2026.1766201,AI-powered mapping of tumor immunity for optimized mRNA vaccine engineering.,2026,,Q1_protocol_broad|Q2_block_holdout_focus|Q3_amr_core,pending,,,,
EPMC-2105,41510023,10.1093/bioadv/vbaf303,AI-powered rapid detection of multidrug-resistant &lt;i&gt;Klebsiella pneumoniae&lt;/i&gt; with informative peaks of MALDI-TOF MS.,2026,,Q1_protocol_broad|Q2_block_holdout_focus|Q3_amr_core,pending,,,,
EPMC-2106,42485224,10.1093/bioinformatics/btag545,ALPAR: automated learning pipeline for antimicrobial resistance.,2026,,Q1_protocol_broad|Q2_block_holdout_focus|Q3_amr_core,pending,,,,
EPMC-2107,41792137,10.1038/s41467-026-69934-8,AMR-GNN: a multi-representation graph neural network framework to enable genomic antimicrobial resistance prediction.,2026,,Q1_protocol_broad|Q2_block_holdout_focus|Q3_amr_core,pending,,,,
EPMC-2108,41664908,10.1093/bib/bbag023,ANIA: an inception-attention network for predicting minimum inhibitory concentration of antimicrobial peptides.,2026,,Q1_protocol_broad|Q2_block_holdout_focus|Q3_amr_core,pending,,,,
EPMC-2109,41625014,10.1177/23523735251412131,Abstracts selected for poster presentation [listed in alphabetical order by presenter].,2026,,Q2_block_holdout_focus,pending,,,,
EPMC-2110,41851716,10.1186/s12919-026-00363-7,Academic Symposium: Empowering the Next Generation to Drive Global Impact in Biomedical Innovation.,2026,,Q1_protocol_broad|Q3_amr_core,pending,,,,
EPMC-2111,41230978,10.1128/spectrum.01728-25,Accelerated detection of &lt;i&gt;Clostridioides difficile&lt;/i&gt; sequence type 37 by integrating MALDI-TOF mass spectrometry with artificial neural network.,2026,,Q2_block_holdout_focus|Q3_amr_core,pending,,,,
EPMC-2112,41829717,10.3390/plants15050685,Accelerating Resistance Breeding: Emerging Methods to Identify and Validate Plant Immunity Genes.,2026,,Q1_protocol_broad|Q2_block_holdout_focus,pending,,,,
EPMC-2113,41517875,10.1016/j.xhgg.2026.100561,Accurate and scalable genome-wide ancestry estimation using haplotype clusters.,2026,,Q3_amr_core,pending,,,,
EPMC-2114,42108445,10.1186/s12864-026-12833-5,Accurate prediction of oligonucleotide probe hybridization efficiency via a transformer-based model.,2026,,Q2_block_holdout_focus,pending,,,,
EPMC-2115,42450452,10.3390/foods15132334,"Acetic Acid Bacteria: Metabolic Potential, Technological Applications and Emerging Probiotic Functions.",2026,,Q3_amr_core,pending,,,,
EPMC-2116,41898402,10.3390/ijms27062538,"Across the Social Network of the Gut: Bacterial, Fungal, and Viral Determinants of Checkpoint Inhibitor Efficacy and Toxicity.",2026,,Q2_block_holdout_focus,pending,,,,
EPMC-2117,42294682,10.1128/mbio.00693-26,Active prophages as key drivers of microbial adaptation in global soil ecosystems.,2026,,Q3_amr_core,pending,,,,
EPMC-2118,42564049,10.3389/fendo.2026.1790049,"Acupuncture modulates extracellular vesicle-miRNA-HMOX1 axis to inhibit ferroptosis in polycystic ovary syndrome: integrating machine learning, &lt;i&gt;in vitro&lt;/i&gt; and &lt;i&gt;in vivo&lt;/i&gt; studies.",2026,,Q2_block_holdout_focus,pending,,,,
EPMC-2119,42505031,10.1002/advs.76735,Adaptive Responses of Tropical Crops: A Multi-Scale Omics Integrated Perspective.,2026,,Q2_block_holdout_focus,pending,,,,
EPMC-2120,41603677,10.17305/bb.2026.13199,Advanced immunotherapy across diseases and the role of artificial intelligence: A review.,2026,,Q1_protocol_broad|Q2_block_holdout_focus,pending,,,,
EPMC-2121,42325637,10.1021/acsbiomedchemau.5c00273,Advancements in Technologies Targeting Horizontal Gene TransferRoutes to Control Drug Resistance Evolution.,2026,,Q1_protocol_broad|Q2_block_holdout_focus|Q3_amr_core,pending,,,,
EPMC-2122,41940150,10.1016/j.abiote.2025.100004,Advances and applications in sequencing-based pathogen surveillance.,2026,,Q1_protocol_broad|Q3_amr_core,pending,,,,
EPMC-2123,42055456,10.1111/tpj.70899,Advances and opportunities for computational interrogation of plant proteins.,2026,,Q1_protocol_broad|Q2_block_holdout_focus,pending,,,,
EPMC-2124,41930907,10.1002/vms3.70905,"Advances in Avian Diagnostic Pathology: Current Trends, Challenges and Future Directions: A Review.",2026,,Q1_protocol_broad|Q3_amr_core,pending,,,,
EPMC-2125,42279769,10.3390/foods15111983,Advances in Foodborne Pathogen Detection: From Conventional Confirmation to Integrated and Intelligent Platforms.,2026,,Q1_protocol_broad|Q2_block_holdout_focus|Q3_amr_core,pending,,,,
EPMC-2126,42434562,10.3389/fmicb.2026.1882312,Advances in gene editing tools for four typical Gram-positive bacteria.,2026,,Q2_block_holdout_focus|Q3_amr_core,pending,,,,
EPMC-2127,42150309,10.1016/j.conb.2026.103214,"Advances in mosquito olfaction: Genetic, genomic, and behavioral approaches in Aedes aegypti.",2026,,Q2_block_holdout_focus,pending,,,,
EPMC-2128,41495363,10.1007/s13659-025-00556-1,"Advances in natural product discovery: strategies, technologies, and insights.",2026,,Q1_protocol_broad|Q3_amr_core,pending,,,,
EPMC-2129,42339261,10.3389/fdmed.2026.1864810,Advances in oral disease models: a mini-review of developments from 2015 to 2025.,2026,,Q2_block_holdout_focus|Q3_amr_core,pending,,,,
EPMC-2130,41705029,10.1016/j.vas.2026.100588,Advancing climate-resilient livestock systems: Next-generation emission mitigation strategies and integrated technological innovations.,2026,,Q2_block_holdout_focus,pending,,,,
EPMC-2131,42201941,10.1371/journal.pone.0349094,Advancing poultry health: A meta-analysis of epitope-based and peptide-based vaccines against Avian Pathogenic E. coli with machine learning insights.,2026,,Q1_protocol_broad|Q3_amr_core,pending,,,,
EPMC-2132,41903539,10.1016/j.cell.2026.03.007,Advancing precision health discovery in a genetically diverse health system.,2026,,Q3_amr_core,pending,,,,
EPMC-2133,42222292,10.3389/fphys.2026.1811508,"Advancing the 3Rs in bone tissue engineering: emerging &lt;i&gt;in vitro&lt;/i&gt;, &lt;i&gt;in silico&lt;/i&gt;, and refined &lt;i&gt;in vivo&lt;/i&gt; strategies.",2026,,Q2_block_holdout_focus,pending,,,,
EPMC-2134,42061412,10.1016/j.immuni.2026.04.003,Age- and tissue-dependent diversity of human plasmacytoid dendritic cells uncovers a cycling subset dominant in early life and cancer.,2026,,Q2_block_holdout_focus,pending,,,,
EPMC-2135,42511310,10.3390/foods15142564,Aged Pickle Brine Influences Flavor and Bacteria Characteristics of Pickled Chili Peppers.,2026,,Q1_protocol_broad|Q2_block_holdout_focus,pending,,,,
EPMC-2136,41660233,10.1016/j.isci.2026.114684,Agnostic capture of pathogens for the detection and diagnostics of emerging threats.,2026,,Q1_protocol_broad|Q3_amr_core,pending,,,,
EPMC-2137,42112146,10.2147/ceg.s584999,Aimed at Subtype Discrimination but Yielding a Shared Marker: Integrative Analysis of Blood Transcriptomes Reveals Upregulated &lt;i&gt;TLR5&lt;/i&gt; as a Potential Biomarker for IBD.,2026,,Q2_block_holdout_focus,pending,,,,
EPMC-2138,41902188,10.3390/v18030280,Alignment-Free Machine Learning Serotype Classification of the Dengue Virus.,2026,,Q1_protocol_broad|Q2_block_holdout_focus|Q3_amr_core,pending,,,,
EPMC-2139,41495260,10.1038/s42003-025-09475-w,Altering chemotaxis as a strategy to enhance the foraging range of motility-restricted bacteria.,2026,,Q3_amr_core,pending,,,,
EPMC-2140,42344668,10.1111/eva.70285,"Altitude-Associated Divergence of the Gut Microbiome in Endangered Forest Musk Deer: Evidence From Integrated Metagenomics, Metabolomics, and Culturomics.",2026,,Q1_protocol_broad|Q2_block_holdout_focus|Q3_amr_core,pending,,,,
EPMC-2141,,,An Exploratory Transcriptomic Classification Model for Psoriasis Based on Apoptosis-Associated and Proliferation–Apoptosis-Coupled Genes Using Explainable Machine Learning,2026,,Q1_protocol_broad|Q2_block_holdout_focus,pending,,,,
EPMC-2142,41728751,10.1002/iid3.70365,An In Silico Omics Investigation of the Lactobacillus Genus Complex for Allergenicity Mitigation.,2026,,Q2_block_holdout_focus,pending,,,,
EPMC-2143,41634013,10.1038/s41467-026-68812-7,An absolute quantification atlas of small non-coding RNAs across diverse mammalian tissues and cell lines.,2026,,Q2_block_holdout_focus,pending,,,,
EPMC-2144,42326398,10.3389/fmicb.2026.1852304,An approach for diagnosis of diarrhea in neonatal piglets based on the core gut microbiota and machine learning.,2026,,Q1_protocol_broad|Q2_block_holdout_focus,pending,,,,
EPMC-2145,42037726,10.1002/aps3.70047,An artificial neural network-based deep learning model to predict combined stress impact and interaction in plants.,2026,,Q1_protocol_broad|Q2_block_holdout_focus,pending,,,,
EPMC-2146,42389146,10.3389/fgeed.2026.1805932,"An evolutionary genomic perspective on preterm birth, genome editing, and pregnancy in the human species.",2026,,Q1_protocol_broad|Q2_block_holdout_focus,pending,,,,
EPMC-2147,41626677,10.1093/bfgp/elaf027,An integrated complete-genome sequencing and systems biology approach to predict antimicrobial resistance genes in the virulent bacterial strains of Moraxella catarrhalis.,2026,,Q1_protocol_broad|Q3_amr_core,pending,,,,
EPMC-2148,41611847,10.1038/s42003-026-09595-x,An integrated drug repositioning analysis identifies rosiglitazone as a treatment for sarcopenia.,2026,,Q2_block_holdout_focus,pending,,,,
EPMC-2149,42482969,10.3389/fbinf.2026.1818265,An integrated subtractive genomics and immunoinformatics approach for designing a universal multi-epitope vaccine against &lt;i&gt;Brucella&lt;/i&gt; spp.,2026,,Q2_block_holdout_focus,pending,,,,
EPMC-2150,42179772,10.12336/bmt.25.00106,An overview of CRISPR-artificial intelligence theranostics: Current and emerging applications.,2026,,Q2_block_holdout_focus|Q3_amr_core,pending,,,,
EPMC-2151,42467987,10.1093/bib/bbag380,An overview of self-supervised deep learning applications to molecular data.,2026,,Q1_protocol_broad|Q2_block_holdout_focus,pending,,,,
EPMC-2152,41801051,10.1128/mbio.03838-25,Analysis and engineering of quorum sensing-based communications between bacteria and fungi.,2026,,Q2_block_holdout_focus,pending,,,,
EPMC-2153,42311649,10.1093/ofid/ofag328,Analysis of Drug Resistance Characteristics and Risk Factors of Cavitary Tuberculosis Based on Whole Genome Sequencing and Machine Learning.,2026,,Q1_protocol_broad|Q2_block_holdout_focus,pending,,,,
EPMC-2154,41773809,10.1111/apm.70179,Analysis of Human miRNA Derived From Bladder Epithelial Cells Infected With Uropathogenic Escherichia coli.,2026,,Q2_block_holdout_focus|Q3_amr_core,pending,,,,
EPMC-2155,41882358,10.1038/s41586-026-10264-6,Androgen activity in the male embryonic hindbrain drives lethal PFA ependymoma.,2026,,Q3_amr_core,pending,,,,
EPMC-2156,42482987,10.3389/fcimb.2026.1881266,Animal virus-host interactions mediated by non-coding RNAs.,2026,,Q2_block_holdout_focus,pending,,,,
EPMC-2157,,10.64898/2026.03.13.711634,Antarctic marine microplastics reveals environmental persistence and rapid evolution of  <i>Candida auris</i>,2026,,Q1_protocol_broad|Q3_amr_core,pending,,,,
EPMC-2158,41663438,10.1038/s41598-025-33445-1,AntiPan: a genome-informed in silico pipeline for advancing subunit vaccine discovery against Staphylococcus aureus.,2026,,Q1_protocol_broad|Q3_amr_core,pending,,,,
EPMC-2159,41594074,10.3390/antibiotics15010037,"Antibiotic Resistance in <i>Klebsiella pneumoniae</i> and Related Enterobacterales: Molecular Mechanisms, Mobile Elements, and Therapeutic Challenges.",2026,,Q3_amr_core,pending,,,,
EPMC-2160,41935036,10.1038/s41467-026-71462-4,Antibiotic resistance gene analyses in microbial communities: challenges and opportunities.,2026,,Q1_protocol_broad|Q2_block_holdout_focus,pending,,,,
EPMC-2161,42370218,10.2147/idr.s602699,Antimicrobial Peptides Against Antimicrobial-Resistant Bacteria: Focus on Machine Learning.,2026,,Q1_protocol_broad|Q2_block_holdout_focus|Q3_amr_core,pending,,,,
EPMC-2162,42353740,10.3390/antibiotics15060617,"Antimicrobial Resistance in Pediatric Infections: Current Status, Challenges, and Future Directions.",2026,,Q1_protocol_broad|Q2_block_holdout_focus,pending,,,,
EPMC-2163,41594119,10.3390/antibiotics15010082,Antimicrobial Resistance: How Can We Overcome the Problem?,2026,,Q1_protocol_broad|Q3_amr_core,pending,,,,
EPMC-2164,41727556,10.3389/bjbs.2026.15559,Antimicrobial Resistance: The Answers.,2026,,Q1_protocol_broad|Q3_amr_core,pending,,,,
EPMC-2165,41958967,10.3389/frabi.2026.1766594,Antimicrobial peptides: emerging next-generation strategy for sustainable plant disease management.,2026,,Q3_amr_core,pending,,,,
EPMC-2166,42075136,10.3390/microorganisms14040739,Application and Research Prospects of CRISPR/Cas Gene Editing Technology in Lactic Acid Bacteria.,2026,,Q3_amr_core,pending,,,,
EPMC-2167,41675595,10.1002/qub2.70026,Applications of large-scale artificial intelligence models in bioinformatics.,2026,,Q2_block_holdout_focus,pending,,,,
EPMC-2168,42409828,10.1038/s41467-026-75004-w,Applying Artificial Intelligence and machine learning in precision nutrition.,2026,,Q1_protocol_broad|Q2_block_holdout_focus,pending,,,,
EPMC-2169,41591172,10.3390/toxins18010026,Artificial Intelligence (AI) in Saxitoxin Research: The Next Frontier for Understanding Marine Dinoflagellate Toxin Biosynthesis and Evolution.,2026,,Q1_protocol_broad|Q2_block_holdout_focus,pending,,,,
EPMC-2170,41751160,10.3390/biomedicines14020261,Artificial Intelligence Drives Advances in Multi-Omics Analysis and Precision Medicine for Sepsis.,2026,,Q1_protocol_broad|Q2_block_holdout_focus|Q3_amr_core,pending,,,,
EPMC-2171,,10.21203/rs.3.rs-10478855/v2,Artificial Intelligence and Machine Learning Applications in Antimicrobial Resistance Research: A Systematic Review,2026,,Q3_amr_core,pending,,,,
EPMC-2172,,10.21203/rs.3.rs-10478855/v1,Artificial Intelligence and Machine Learning Applications in Antimicrobial Resistance Research: A Systematic Review,2026,,Q3_amr_core,pending,,,,
EPMC-2173,41753681,10.3390/microorganisms14020394,Artificial Intelligence as a Catalyst for Antimicrobial Discovery: From Predictive Models to De Novo Design.,2026,,Q1_protocol_broad|Q2_block_holdout_focus|Q3_amr_core,pending,,,,
EPMC-2174,42261281,10.2147/idr.s614240,Artificial Intelligence for Antimicrobial Resistance Detection and Prediction in &lt;i&gt;Klebsiella pneumoniae&lt;/i&gt;: A Systematic Review of Clinical Microbiology Applications.,2026,,Q1_protocol_broad|Q2_block_holdout_focus|Q3_amr_core,pending,,,,
EPMC-2175,42403824,10.7759/cureus.110241,"Artificial Intelligence for Neonatal Sepsis Prediction: A Review of Advances, Clinical Integration, and Future Prospects.",2026,,Q1_protocol_broad|Q3_amr_core,pending,,,,
EPMC-2176,42505598,10.3390/antibiotics15070635,"Artificial Intelligence in Bacteriophage Science: A Comprehensive Narrative Review of Applications, Challenges, and Translational Opportunities.",2026,,Q1_protocol_broad|Q2_block_holdout_focus|Q3_amr_core,pending,,,,
EPMC-2177,42535509,10.1111/1750-3841.71334,Artificial Intelligence in Food-Nutrition-Health Research: From Multimodal Data Integration to Precision Intervention.,2026,,Q1_protocol_broad|Q2_block_holdout_focus,pending,,,,
EPMC-2178,42511308,10.3390/foods15142562,Artificial Intelligence in Foodborne Pathogen Detection from Sensing to Food Safety Systems: A Systematic Review.,2026,,Q1_protocol_broad|Q2_block_holdout_focus|Q3_amr_core,pending,,,,
EPMC-2179,42278751,10.3390/healthcare14111497,Artificial Intelligence in Healthcare Administration and Clinical Informatics: A Critical Review and Governance Roadmap.,2026,,Q3_amr_core,pending,,,,
EPMC-2180,42357772,10.3390/vetsci13060574,"Artificial Intelligence in Postharvest Food Safety Control of Animal-Source Foods: Evidence Thresholds, Validation, and Regulatory Applicability.",2026,,Q2_block_holdout_focus,pending,,,,
EPMC-2181,42344774,10.2147/dddt.s607228,Artificial Intelligence in Selected Domains of Drug Discovery: A Critical Narrative Review.,2026,,Q1_protocol_broad|Q3_amr_core,pending,,,,
EPMC-2182,41937887,10.2147/tcrm.s596651,Artificial Intelligence in the Diagnosis and Management of Pulmonary Tuberculosis: A Review of Current Applications and Future Perspectives.,2026,,Q1_protocol_broad|Q3_amr_core,pending,,,,
EPMC-2183,,10.20944/preprints202609.0069.v1,"Artificial Intelligence in the Fight Against Antimicrobial Resistance: Applications in Diagnosis, Susceptibility Prediction, Precision Dosing, and Antibiotic Discovery",2026,,Q3_amr_core,pending,,,,
EPMC-2184,42187463,10.3390/bios16050267,"Artificial Intelligence-Assisted Pathogen Detection: Algorithms, Biosensing Platforms, and Applications.",2026,,Q1_protocol_broad|Q2_block_holdout_focus,pending,,,,
EPMC-2185,42402960,10.1002/ctm2.70723,Artificial intelligence and oral microbiome: Reshaping the diagnostic and therapeutic paradigm of OSCC.,2026,,Q1_protocol_broad|Q2_block_holdout_focus,pending,,,,
EPMC-2186,42564290,10.3389/fimmu.2026.1866011,Artificial intelligence driven exposome and multi omics integration for biomarker discovery in liver cancer: a literature review.,2026,,Q2_block_holdout_focus,pending,,,,
EPMC-2187,41978380,10.1093/bib/bbag107,Artificial intelligence drives the identification and screening of novel antibiotics and antimicrobial peptides.,2026,,Q1_protocol_broad|Q3_amr_core,pending,,,,
EPMC-2188,42218717,10.1093/bib/bbag269,"Artificial intelligence for antimicrobial resistance: advancing reproducibility, interpretability, and clinical deployment.",2026,,Q1_protocol_broad|Q2_block_holdout_focus|Q3_amr_core,pending,,,,
EPMC-2189,42181885,10.3389/fphar.2026.1773609,"Artificial intelligence for coordinating vaccine design, antiviral discovery, and real-world monitoring in the era of emerging and endemic viral threats.",2026,,Q1_protocol_broad|Q3_amr_core,pending,,,,
EPMC-2190,41888601,10.1038/s44259-026-00192-w,Artificial intelligence for early detection and risk prediction of antimicrobial resistance in aquatic ecosystems.,2026,,Q1_protocol_broad|Q2_block_holdout_focus|Q3_amr_core,pending,,,,
EPMC-2191,41424120,10.1093/jac/dkaf470,Artificial intelligence for improving decision-making in bacterial infection management: a narrative review.,2026,,Q1_protocol_broad|Q3_amr_core,pending,,,,
EPMC-2192,42369007,10.3389/frai.2026.1859410,"Artificial intelligence for infection surveillance, risk stratification, and antimicrobial decision support in acute-care hospitals: a scoping review.",2026,,Q1_protocol_broad|Q3_amr_core,pending,,,,
EPMC-2193,42453397,10.1016/j.apsb.2026.01.039,Artificial intelligence in biologic drug discovery: A review of methodological evolution and therapeutic applications.,2026,,Q1_protocol_broad|Q2_block_holdout_focus,pending,,,,
EPMC-2194,42185600,10.1007/s12672-026-05256-x,Artificial intelligence in cancer diagnosis and therapy using sex and gender as precision biomarkers.,2026,,Q2_block_holdout_focus,pending,,,,
EPMC-2195,41859321,10.1016/j.infpip.2026.100522,Artificial intelligence in combating challenges in antimicrobial resistance: a narrative review.,2026,,Q3_amr_core,pending,,,,
EPMC-2196,41965741,10.1186/s12938-026-01568-9,"Artificial intelligence in microbiology: implications for metagenomics, diagnostics, and AMR surveillance.",2026,,Q1_protocol_broad|Q2_block_holdout_focus|Q3_amr_core,pending,,,,
EPMC-2197,41234120,10.1093/jxb/eraf498,Artificial intelligence in plant salt stress research: from predictive models to multi-omics integration.,2026,,Q1_protocol_broad|Q2_block_holdout_focus,pending,,,,
EPMC-2198,42490978,10.3389/frmbi.2026.1860559,Artificial intelligence in soil microbiome-driven agriculture: from practical limits to a translational roadmap.,2026,,Q1_protocol_broad|Q2_block_holdout_focus,pending,,,,
EPMC-2199,41531344,10.1097/mop.0000000000001545,Artificial intelligence in the diagnosis and prognosis of pediatric bacterial pneumonia: current advances and challenges.,2026,,Q1_protocol_broad|Q3_amr_core,pending,,,,
EPMC-2200,41772662,10.1186/s12943-026-02589-7,Artificial intelligence models: transforming early diagnosis and precise treatment of gastrointestinal cancers.,2026,,Q1_protocol_broad|Q2_block_holdout_focus,pending,,,,
EPMC-2201,42222122,10.3389/fcvm.2026.1790244,Artificial intelligence optimizes immune rejection prediction and management in heart transplantation: a structured narrative review.,2026,,Q1_protocol_broad|Q3_amr_core,pending,,,,
EPMC-2202,42479737,10.1371/journal.pdig.0001553,Artificial intelligence risk prediction model for common respiratory pathogens in China based on heterogeneous multi-source clinical and geographic data: A modeling study.,2026,,Q1_protocol_broad|Q2_block_holdout_focus,pending,,,,
EPMC-2203,,,Artificial intelligence-driven advancements in agricultural biotechnology,2026,,Q1_protocol_broad|Q2_block_holdout_focus,pending,,,,
EPMC-2204,41940145,10.1016/j.abiote.2025.100014,Artificial intelligence-driven discovery of bioactive peptides: Computational approaches and future perspectives.,2026,,Q1_protocol_broad|Q2_block_holdout_focus,pending,,,,
EPMC-2205,42011244,10.1016/j.pscia.2026.100119,Artificial intelligence-driven discovery of coumarin-based therapeutics: Revolutionizing target identification and validation.,2026,,Q1_protocol_broad|Q2_block_holdout_focus,pending,,,,
EPMC-2206,42140194,10.1016/j.xcrm.2026.102805,Artificial intelligence-driven integration of multi-biofluid omics and clinical phenotype enables stratification of endometrial cancer.,2026,,Q3_amr_core,pending,,,,
EPMC-2207,42421846,10.3389/fvets.2026.1829777,Artificial intelligence-driven phage therapy in veterinary medicine: an adaptive One Health strategy to mitigate antimicrobial resistance in livestock systems.,2026,,Q1_protocol_broad|Q2_block_holdout_focus|Q3_amr_core,pending,,,,
EPMC-2208,42270117,10.1183/16000617.0243-2025,Artificial intelligence-enabled histological analysis in pre-clinical respiratory disease models: a scoping review.,2026,,Q2_block_holdout_focus,pending,,,,
EPMC-2209,41808840,10.3389/fimmu.2026.1732079,"Artificial intelligence-enabled multi-omics biomarkers for immune checkpoint blockade: mechanisms, predictive modeling, and clinical translation.",2026,,Q1_protocol_broad|Q2_block_holdout_focus,pending,,,,
EPMC-2210,41795653,10.1093/bib/bbag104,"Artificial intelligence-enabled multi-scale virtual cell: perspective, challenges, and opportunities.",2026,,Q2_block_holdout_focus,pending,,,,
EPMC-2211,42333271,10.1093/biomethods/bpag028,Assessing the feasibility of machine learning for ancient DNA age prediction: Limitations and insights.,2026,,Q1_protocol_broad|Q2_block_holdout_focus,pending,,,,
EPMC-2212,42535079,10.3389/fimmu.2026.1835351,Association of APOBEC mutagenesis with stromal and endothelial niche remodeling and PCDH9-linked signaling alterations in colorectal cancer.,2026,,Q2_block_holdout_focus,pending,,,,
EPMC-2213,41877611,10.1017/s003329172610316x,Association of depression and gastrointestinal diseases: a three-stage study.,2026,,Q2_block_holdout_focus,pending,,,,
EPMC-2214,41882029,10.1038/s41467-026-70884-4,Atlas of predicted protein complex structures across kingdoms.,2026,,Q2_block_holdout_focus,pending,,,,
EPMC-2215,42045261,10.1038/s41467-026-72351-6,Augmented prediction of multi-species protein-RNA interactions using evolutionary conservation of RNA-binding proteins.,2026,,Q2_block_holdout_focus,pending,,,,
EPMC-2216,41558827,10.1101/gr.280086.124,Autoencoders for genomic variation analysis.,2026,,Q3_amr_core,pending,,,,
EPMC-2217,,10.21203/rs.3.rs-9188548/v1,Automated Longitudinal MRI Assessments of Diffuse Midline Gliomas: A Large Multi-Institutional Study,2026,,Q3_amr_core,pending,,,,
EPMC-2218,41800995,10.7554/elife.109154,Automated genome mining predicts structural diversity and taxonomic distribution of peptide metallophores across bacteria.,2026,,Q2_block_holdout_focus,pending,,,,
EPMC-2219,42098914,10.1093/molbev/msag072,Avian lung single-cell atlas elucidates evolutionary divergence in endothermic respiration.,2026,,Q2_block_holdout_focus,pending,,,,
EPMC-2220,42043941,10.1093/bib/bbag198,BACON: decoding the dynamic social networks of complex microbial communities at single-cell resolution.,2026,,Q2_block_holdout_focus|Q3_amr_core,pending,,,,
EPMC-2221,42292667,10.3389/fbinf.2026.1846404,BIOGEN: evidence-grounded multi-agent reasoning framework for transcriptomic interpretation in antimicrobial resistance.,2026,,Q3_amr_core,pending,,,,
EPMC-2222,41251138,10.1093/nar/gkaf1254,BV-BRC: a unified bacterial and viral bioinformatics resource with expanded functionality and AI integration.,2026,,Q1_protocol_broad|Q3_amr_core,pending,,,,
EPMC-2223,41896736,10.1186/s12866-026-04909-9,"BaGPipe: an automated, reproducible, and flexible pipeline for bacterial genome-wide association studies.",2026,,Q1_protocol_broad|Q2_block_holdout_focus|Q3_amr_core,pending,,,,
EPMC-2224,42177580,10.1186/s13059-026-04117-8,"Bacterial 3D genome architecture: organization, regulation, and synthetic biology applications.",2026,,Q2_block_holdout_focus|Q3_amr_core,pending,,,,
EPMC-2225,42079435,10.2147/ijn.s597419,Bacterial Extracellular Vesicles in Aging: Mechanisms and Therapeutic Prospects.,2026,,Q2_block_holdout_focus,pending,,,,
EPMC-2226,42564071,10.3389/fcimb.2026.1806945,"Bacterial and gut microbiota-derived extracellular vesicles as emerging sources of cancer biomarkers: molecular mechanisms, diagnostic approaches, and therapeutic applications.",2026,,Q2_block_holdout_focus,pending,,,,
EPMC-2227,41603026,10.24272/j.issn.2095-8137.2025.373,"Bacterial defense systems: Mechanisms, homology to eukaryotic immune systems, and applications.",2026,,Q3_amr_core,pending,,,,
EPMC-2228,42394592,10.1042/bsr20260035,"Bacterial heteroresistance mechanisms, dynamics, and emerging diagnostic approaches.",2026,,Q2_block_holdout_focus|Q3_amr_core,pending,,,,
EPMC-2229,42318873,10.1002/ddr.70335,Bacterial mRNA Vaccines: Programming Immunity Against Antimicrobial Resistance.,2026,,Q1_protocol_broad|Q2_block_holdout_focus,pending,,,,
EPMC-2230,,10.64898/2026.02.05.704025,Bacterial phylogeny explains variation in virulence but not phage efficacy  <i>in vivo</i>,2026,,Q1_protocol_broad|Q2_block_holdout_focus|Q3_amr_core,pending,,,,
EPMC-2231,42528744,10.3389/fmicb.2026.1875597,"Bacteriocins from &lt;i&gt;Limosilactobacillus&lt;/i&gt; and &lt;i&gt;Ligilactobacillus&lt;/i&gt;: ecological logic, mechanistic diversity, and translational potential in the post-&lt;i&gt;Lactobacillus&lt;/i&gt; taxonomy.",2026,,Q3_amr_core,pending,,,,
EPMC-2232,42488416,10.3389/fcimb.2026.1879718,Bacteriophage therapy beyond antibiotics: emerging innovations for infectious and non-infectious diseases.,2026,,Q1_protocol_broad|Q2_block_holdout_focus,pending,,,,
EPMC-2233,41750453,10.3390/antibiotics15020155,"Bacteriophage-Based Control of Methicillin-Resistant &lt;i&gt;Staphylococcus aureus&lt;/i&gt;: Anti-Biofilm Activity, Surface-Active Formulation Compatibility, and Genomic Context.",2026,,Q2_block_holdout_focus|Q3_amr_core,pending,,,,
EPMC-2234,41572308,10.1186/s12985-026-03069-6,Bacteriophages in gut metagenomes: from analysis to application.,2026,,Q1_protocol_broad|Q3_amr_core,pending,,,,
EPMC-2235,41901996,10.3390/s26061828,BactoRamanBioNet: A Multimodal Neural Network for Bacterial Species Identification Using Raman Spectroscopy and Biological Knowledge.,2026,,Q1_protocol_broad|Q2_block_holdout_focus,pending,,,,
EPMC-2236,42387654,10.1186/s40794-026-00309-z,Balancing innovation and risk: artificial intelligence in travel medicine.,2026,,Q3_amr_core,pending,,,,
EPMC-2237,41753674,10.3390/microorganisms14020387,Basic Microbiome Analysis: Analytical Steps from Sampling to Sequencing.,2026,,Q1_protocol_broad|Q3_amr_core,pending,,,,
EPMC-2238,42312650,10.1002/cpt.70365,Benchmark of Open-Access Star-Allele Callers to Accurately Assess Haplotypes and Phenotypes in Pharmacogenetic Studies.,2026,,Q2_block_holdout_focus|Q3_amr_core,pending,,,,
EPMC-2239,,10.64898/2026.07.03.736369,Benchmarking the translational potential of AI-based drug-resistance prediction from  <i>Mycobacterium tuberculosis</i>  whole-genome sequencing data,2026,,Q1_protocol_broad|Q3_amr_core,pending,,,,
EPMC-2240,,10.64898/2026.04.09.717527,Beyond Invariable Sites: Using Evolutionary Stasis to Map Multi-Layered Constraints on the Evolution of Viral and Mammalian Genomes,2026,,Q2_block_holdout_focus,pending,,,,
EPMC-2241,42518208,10.1093/gbe/evag184,Beyond Invariable Sites: Using Evolutionary Stasis to Map Multilayered Constraints on the Evolution of Viral and Mammalian Genomes.,2026,,Q2_block_holdout_focus,pending,,,,
EPMC-2242,42328536,10.34133/csbj.0144,Beyond Random Splits: Assessing the Generalization of Graph and Vector Models for WT-Structure-Only Drug Resistance Prediction under Protein-Disjoint Evaluation.,2026,,Q3_amr_core,pending,,,,
EPMC-2243,42514231,10.3390/life16071163,"Beyond Resistance Genes: &lt;i&gt;Pseudomonas aeruginosa&lt;/i&gt; as a Complex Adaptive System Driving Persistence, Evolution, and Antimicrobial Resistance.",2026,,Q1_protocol_broad|Q3_amr_core,pending,,,,
EPMC-2244,41683545,10.3390/molecules31030567,"Beyond Resistance: Phenotypic Plasticity in Bacterial Responses to Antibiotics, Oxidative Stress and Antimicrobial Photodynamic Inactivation.",2026,,Q2_block_holdout_focus,pending,,,,
EPMC-2245,41572348,10.1186/s40168-025-02253-0,Beyond borders: plasmids drive a shared antibiotic resistome in European urban water systems.,2026,,Q1_protocol_broad|Q3_amr_core,pending,,,,
EPMC-2246,42553031,10.3389/fcimb.2026.1897649,Beyond detection: quantitative interpretation of &lt;i&gt;Aspergillus&lt;/i&gt;-positive bronchoalveolar lavage fluid metagenomic next-generation sequencing for diagnostic stratification and prediction of respiratory deterioration.,2026,,Q2_block_holdout_focus,pending,,,,
EPMC-2247,42318200,10.3389/fnins.2026.1808839,Beyond the 'second brain': the gut microbiota as a constitutive co-constructor of embodied cognitive network.,2026,,Q2_block_holdout_focus,pending,,,,
EPMC-2248,,10.21203/rs.3.rs-9230875/v1,"Beyond the Black Box: A Calibrated, Gene-Centric Pipeline for High-Precision Ciprofloxacin Resistance Prediction in Salmonella enterica",2026,,Q1_protocol_broad|Q2_block_holdout_focus|Q3_amr_core,pending,,,,
EPMC-2249,42220710,10.7759/cureus.107864,Biochemical and Biotechnological Approaches to Disease Diagnosis and Therapeutics: A Comprehensive Review.,2026,,Q1_protocol_broad|Q3_amr_core,pending,,,,
EPMC-2250,42290085,10.1021/acsinfecdis.6c00086,Biochemical and Structural Characterization of Two-domain Glycoside Hydrolase PgaB from &lt;i&gt;Serratia marcescens&lt;/i&gt; and Its Application for &lt;i&gt;S. aureus&lt;/i&gt; Biofilm Degradation.,2026,,Q1_protocol_broad|Q3_amr_core,pending,,,,
EPMC-2251,41877797,10.3389/fmed.2026.1764292,Biochip-simulated genotype signals enable accurate and interpretable AMR prediction via machine learning.,2026,,Q1_protocol_broad|Q2_block_holdout_focus|Q3_amr_core,pending,,,,
EPMC-2252,42127079,10.1371/journal.pone.0349172,Bioinformatics approach to identify potential biomarker and drug target for the clinical and subclinical mastitis disease in dairy cattle.,2026,,Q2_block_holdout_focus,pending,,,,
EPMC-2253,42024670,10.1371/journal.pone.0347845,Biomarkers of mitochondrial dynamics in idiopathic pulmonary fibrosis: Identification and validation through transcriptomic and single-cell analyses.,2026,,Q1_protocol_broad|Q2_block_holdout_focus,pending,,,,
EPMC-2254,42459746,10.1155/ije/6642332,Blood Metabolites Mediate the Effects of Gut Microbiota on Diabetic Nephropathy: A Mendelian Randomization Study.,2026,,Q2_block_holdout_focus,pending,,,,
EPMC-2255,42175713,10.1080/22221751.2026.2678657,Blood transcriptomic signatures distinguish &lt;i&gt;Mycobacterium avium&lt;/i&gt; complex pulmonary disease from colonization: a multicenter cohort study.,2026,,Q2_block_holdout_focus,pending,,,,
EPMC-2256,42106812,10.1186/s12917-026-05476-x,Breaking the culture habit: Complementing culture-based veterinary diagnostics with metagenomic data -A case study of feline and canine skin infections.,2026,,Q1_protocol_broad|Q3_amr_core,pending,,,,
EPMC-2257,41607593,10.3389/fgene.2026.1743148,Bream: an open-source deep learning framework for simultaneous base calling and DNA methylation detection on novel nanopore sequencing platforms.,2026,,Q2_block_holdout_focus,pending,,,,
EPMC-2258,42324659,10.1111/pai.70407,Bridging Rare to Common Diseases: Precision Medicine and the Transforming Landscape of Pediatric Allergy and Immunology.,2026,,Q3_amr_core,pending,,,,
EPMC-2259,41594129,10.3390/antibiotics15010092,"Burden of Bacterial Antimicrobial Resistance in Libya, 1970-2024: A Systematic Meta-Analysis with Projections to 2050.",2026,,Q1_protocol_broad|Q2_block_holdout_focus|Q3_amr_core,pending,,,,
EPMC-2260,42220536,10.3389/fimmu.2026.1789753,Burden of novel and ultra-rare missense variants in the NF-κB pathway genes associated to Ménière's disease.,2026,,Q2_block_holdout_focus,pending,,,,
EPMC-2261,42041346,10.3390/antibiotics15040383,Burn Infections and Sepsis: Challenges and Future Prospects of Antibacterial Therapy.,2026,,Q2_block_holdout_focus|Q3_amr_core,pending,,,,
EPMC-2262,42218721,10.1093/bib/bbag270,CLCNet: a contrastive learning and chromosome-aware network for genomic prediction in plants.,2026,,Q1_protocol_broad|Q2_block_holdout_focus,pending,,,,
EPMC-2263,41353678,10.1007/s12033-025-01534-1,CMKLR1 as a Therapeutic Target: Vitamin D-Mediated Suppression of Inflammation and Oxidative Stress in SA-AKI.,2026,,Q2_block_holdout_focus,pending,,,,
EPMC-2264,41942844,10.1186/s12864-026-12819-3,CNN4Essential: a convolutional neural network model for predicting bacterial gene essentiality based on multi-feature fusion.,2026,,Q1_protocol_broad|Q2_block_holdout_focus,pending,,,,
EPMC-2265,42353300,10.3390/ijms27125584,CRISPR Gene Tagging for Illuminating Endogenous Protein Dynamics.,2026,,Q3_amr_core,pending,,,,
EPMC-2266,42261185,10.1093/bib/bbag216,CRISPR-MBTF: a multi-branch transformer fusion framework for CRISPR-Cas9 off-target prediction.,2026,,Q2_block_holdout_focus,pending,,,,
EPMC-2267,42211656,10.3389/fcimb.2026.1784529,CRISPR-driven strategies to disrupt methicillin-resistant &lt;i&gt;Staphylococcus aureus&lt;/i&gt; biofilms: a review.,2026,,Q1_protocol_broad|Q3_amr_core,pending,,,,
EPMC-2268,42365577,10.1002/advs.76369,Calcineurin-Dependent Stress Adaptation Enables Caspofungin Heteroresistance Leading to Stable Resistance in Candida Glabrata.,2026,,Q1_protocol_broad|Q3_amr_core,pending,,,,
EPMC-2269,42353723,10.3390/antibiotics15060599,"Can Artificial Intelligence Transform Early Warning for Antimicrobial-Resistant Outbreak Clones? Approaches, Gaps, and Opportunities: A Scoping Review.",2026,,Q1_protocol_broad|Q2_block_holdout_focus|Q3_amr_core,pending,,,,
EPMC-2270,42048315,10.1371/journal.pbio.3003716,Capsular specificity in temperate phages of Klebsiella pneumoniae is driven by diverse receptor-binding enzymes.,2026,,Q3_amr_core,pending,,,,
EPMC-2271,42075142,10.3390/microorganisms14040745,Cascade Dams and Seasonality Jointly Structure Gut Microbiome Biogeography in &lt;i&gt;Saurogobio punctatus&lt;/i&gt;.,2026,,Q2_block_holdout_focus,pending,,,,
EPMC-2272,42515570,10.3390/v18070718,Cell Culture Adaptation of Porcine Group A Rotavirus: Advances and Challenges for Vaccine Development.,2026,,Q2_block_holdout_focus|Q3_amr_core,pending,,,,
EPMC-2273,42040313,10.2147/jir.s577930,Cell Death Index Predicts Sepsis Outcomes and Highlights Necroptosis as a Therapeutic Target.,2026,,Q1_protocol_broad|Q2_block_holdout_focus,pending,,,,
EPMC-2274,41557688,10.1371/journal.pone.0339560,Cell death-related gene signatures as dual-function biomarkers: Early diagnosis and therapeutic targeting in Staphylococcus aureus pneumonia.,2026,,Q2_block_holdout_focus|Q3_amr_core,pending,,,,
EPMC-2275,42265112,10.1038/s41467-026-74118-5,Cell-to-cell variability and gain of methylation at polycomb CpG islands as a hallmark of aging.,2026,,Q2_block_holdout_focus,pending,,,,
EPMC-2276,41819104,10.1016/j.cell.2026.02.015,Cell-type-specific transposon demethylation and TAD remodeling in aging mouse brain.,2026,,Q2_block_holdout_focus,pending,,,,
EPMC-2277,41716220,10.1093/bioadv/vbag003,Challenges and opportunities: computational biology and the future of agriculture.,2026,,Q1_protocol_broad|Q3_amr_core,pending,,,,
EPMC-2278,41910434,10.2340/aos.v85.45662,Characterising oral microbial signatures for periodontal disease in the NHANES population.,2026,,Q1_protocol_broad|Q2_block_holdout_focus|Q3_amr_core,pending,,,,
EPMC-2279,41330090,10.1016/j.ijfoodmicro.2025.111551,"Characteristics and genomics study of Salmonella isolates in retail chicken in Shaanxi, China: Focus on comparative genomics analysis of S. Kentucky and S. enteritidis isolates from Shaanxi with those from elsewhere in China.",2026,,Q1_protocol_broad|Q3_amr_core,pending,,,,
EPMC-2280,42354998,10.3390/microorganisms14061374,Characterization of Nasopharyngeal Microbiota Dysbiosis in Children with &lt;i&gt;Mycoplasma pneumoniae&lt;/i&gt; Pneumonia.,2026,,Q1_protocol_broad|Q2_block_holdout_focus|Q3_amr_core,pending,,,,
EPMC-2281,41525306,10.1371/journal.pcbi.1013582,Characterization of the heterogeneity in SARS-CoV-2 fitness dynamics via graph representation learning.,2026,,Q2_block_holdout_focus,pending,,,,
EPMC-2282,41893315,10.3390/metabo16030164,Chemical Signaling and Metabolomic Crosstalk in Endophytic Fungi-Medicinal Plant Symbioses for Natural Product Discovery and Sustainable Bioproduction.,2026,,Q2_block_holdout_focus,pending,,,,
EPMC-2283,41711285,10.1080/19490976.2026.2631824,Children's gut microbiota predicts the efficacy of obesity treatment.,2026,,Q2_block_holdout_focus,pending,,,,
EPMC-2284,41545435,10.1038/s41598-026-35654-8,Chlorinated bis-4-hydroxycoumarins suppress flavivirus replication by inhibiting dengue virus type 2 translation and replication.,2026,,Q2_block_holdout_focus,pending,,,,
EPMC-2285,42517159,10.34133/research.1380,Cigarette Butts as an Emerging Urban Habitat Driving Microbial Niche Differentiation.,2026,,Q1_protocol_broad|Q3_amr_core,pending,,,,
EPMC-2286,42359401,10.3389/fpls.2026.1864496,Cis-regulatory elements in CAMTA-mediated stress signalling: mechanisms and prospects for CRISPR-based crop improvement.,2026,,Q2_block_holdout_focus,pending,,,,
EPMC-2287,42422454,10.3389/fped.2026.1851821,Clinical and stool microbiome correlates of simple post-ERCP hyperamylasemia in children undergoing therapeutic ERCP for pancreatobiliary obstructive disorders: an exploratory pilot study.,2026,,Q2_block_holdout_focus,pending,,,,
EPMC-2288,42368309,10.35772/ghm.2026.01048,"Clinical artificial intelligence (AI) in Japan: Regulatory pathways, domain-specific evidence, and its data infrastructure from an international perspective.",2026,,Q2_block_holdout_focus,pending,,,,
EPMC-2289,42221490,10.3389/fmicb.2026.1697699,Clinical efficacy and gut microbiota profiling by 16S rRNA sequencing in children with Henoch-Schönlein purpura treated with integrated Chinese and Western medicine.,2026,,Q1_protocol_broad|Q2_block_holdout_focus,pending,,,,
EPMC-2290,41987058,10.1186/s12014-026-09583-7,"Clinical peptidomics for respiratory diseases: matrices, workflows, and translation towards treatable traits, with a focus on COPD.",2026,,Q2_block_holdout_focus,pending,,,,
EPMC-2291,42322355,10.1007/s00520-026-10918-1,"Clinical potential of the gut microbiome in oncology: a scoping review of treatment response, toxicity and biomarker development.",2026,,Q1_protocol_broad|Q2_block_holdout_focus,pending,,,,
EPMC-2292,42405245,10.7717/peerj.21450,Clustered Regularly Interspaced Short Palindromic Repeats (CRISPR)-Cas genome editing transforming crop stress tolerance for global food security.,2026,,Q2_block_holdout_focus,pending,,,,
EPMC-2293,,10.64898/2026.07.13.738241,Co-dissemination of anti-phage defence systems and multidrug resistance is associated with the seventh-pandemic  <i>Vibrio cholerae</i>  defensome,2026,,Q1_protocol_broad|Q3_amr_core,pending,,,,
EPMC-2294,41378915,10.1093/ismejo/wraf275,Co-occurrence is associated with horizontal gene transfer across marine bacteria independent of phylogeny.,2026,,Q3_amr_core,pending,,,,
EPMC-2295,41520231,10.1093/bib/bbaf713,CoBRA: compound binding site prediction using RNA language model.,2026,,Q2_block_holdout_focus,pending,,,,
EPMC-2296,42051940,10.1155/ijm/5597426,Coevolution of Human Diet and Gut Microbiome: Implications for Nutrigenomics and Cross-Population Health.,2026,,Q2_block_holdout_focus,pending,,,,
EPMC-2297,,10.21203/rs.3.rs-10511061/v1,Collaborative Reasoning With Multimodal Large Models for Predicting the Risk of Infection With Multidrug-Resistant Organisms,2026,,Q1_protocol_broad|Q3_amr_core,pending,,,,
EPMC-2298,42192700,10.3390/antibiotics15050478,Combating Antibacterial Resistance: The Integrative Role of Artificial Intelligence in Bio-Based Product Development.,2026,,Q1_protocol_broad|Q3_amr_core,pending,,,,
EPMC-2299,41681352,10.3390/ani16030371,"Commensal Microbiota and Reproductive Health in Livestock: Mechanisms, Cross-System Crosstalk, and Precision Strategies.",2026,,Q2_block_holdout_focus,pending,,,,
EPMC-2300,42182636,10.21037/jtd-2025-1-2791,Community-acquired pneumonia with &lt;i&gt;Staphylococcus aureus&lt;/i&gt; and viral co-infection: clinical characteristics and pathogen genomic analysis.,2026,,Q1_protocol_broad|Q3_amr_core,pending,,,,
EPMC-2301,42121722,10.3390/ani16091302,Comparative Biofilmomics of Antimicrobial-Resistant &lt;i&gt;Salmonella&lt;/i&gt;: Serovar- and Host-Specific Signatures.,2026,,Q1_protocol_broad|Q3_amr_core,pending,,,,
EPMC-2302,42379827,10.1128/spectrum.03956-25,Comparative evaluation of EUCAST RAST and QuickMIC for rapid antimicrobial susceptibility testing of carbapenem-resistant organisms directly from positive blood cultures.,2026,,Q1_protocol_broad|Q3_amr_core,pending,,,,
EPMC-2303,42144581,10.1186/s12866-026-05028-1,Comparative evaluation of deep learning architectures for microbial colony classification in microbiological imaging.,2026,,Q2_block_holdout_focus,pending,,,,
EPMC-2304,42340507,10.1007/s00253-026-13906-x,Comparative genomic analysis of RNA-binding proteins across some drug resistant and sensitive Staphylococcus aureus.,2026,,Q1_protocol_broad|Q3_amr_core,pending,,,,
EPMC-2305,42184107,10.1093/bib/bbag249,Comparative review of artificial intelligence for transcriptomic biomarker discovery in coronavirus disease 2019 (COVID-19).,2026,,Q1_protocol_broad|Q2_block_holdout_focus,pending,,,,
EPMC-2306,42288735,10.1186/s12866-026-05289-w,Comparison and correlation of in vitro and in vivo approaches for determining Pseudomonas aeruginosa bacteriophages activity.,2026,,Q2_block_holdout_focus,pending,,,,
EPMC-2307,41670376,10.1128/spectrum.03713-25,Comparison and validation of multiple machine learning algorithms for predicting MDRO infection in catheter-related bloodstream patients: a multicenter cohort study.,2026,,Q1_protocol_broad|Q3_amr_core,pending,,,,
EPMC-2308,42011762,10.24272/j.issn.2095-8137.2025.134,Comparison of gut viromes across captive mammals reveals extensive genetic diversity in bacteriophage dark matter and mammalian viruses.,2026,,Q1_protocol_broad|Q2_block_holdout_focus|Q3_amr_core,pending,,,,
EPMC-2309,41993738,10.3389/fpls.2026.1802004,Complex interactions among soil physicochemical interactions and microbial community associations with potato common scab severity.,2026,,Q1_protocol_broad|Q2_block_holdout_focus,pending,,,,
EPMC-2310,41751274,10.3390/biomedicines14020375,Comprehensive Analysis of Immune-Related Mitochondrial Genes in Ischemic Stroke Through Integrated Bioinformatics and Validation.,2026,,Q2_block_holdout_focus,pending,,,,
EPMC-2311,42093940,10.1002/ece3.73620,Comprehensive Sampling Across Seasons and Habitats Revealed the Composition and Functional Attributes of Gut Microbiota Enterotypes in Subterranean Rodents.,2026,,Q1_protocol_broad|Q2_block_holdout_focus,pending,,,,
EPMC-2312,42137502,10.3389/fbinf.2026.1784287,"Comprehensive genomics, systems, and structural assessment for novel target identification in penicillin-resistant &lt;i&gt;Streptococcus pneumoniae&lt;/i&gt;.",2026,,Q3_amr_core,pending,,,,
EPMC-2313,41423186,10.1016/j.meegid.2025.105862,Comprehensive in silico genomic surveillance of β-lactam and methicillin resistance in Staphylococcus aureus: Machine learning-based analysis of lineage dynamics and global evolution.,2026,,Q1_protocol_broad|Q3_amr_core,pending,,,,
EPMC-2314,41810197,10.21037/tp-2025-aw-800,Comprehensive machine learning for identifying platelet-associated diagnostic biomarkers and immune landscape in Kawasaki disease.,2026,,Q1_protocol_broad|Q2_block_holdout_focus,pending,,,,
EPMC-2315,41890754,10.3389/fimmu.2026.1740067,Comprehensive management of hematopoietic stem cell transplantation complications: from infection prevention to immune microenvironment reconstruction.,2026,,Q2_block_holdout_focus,pending,,,,
EPMC-2316,41535294,10.1038/s41467-026-68419-y,Comprehensive mapping of RNA modification dynamics and crosstalk via deep learning and nanopore direct RNA-sequencing.,2026,,Q2_block_holdout_focus,pending,,,,
EPMC-2317,42243437,10.1038/s41698-026-01470-6,Comprehensive multi-omics analysis identifies cancer subtypes and prognostic signatures of hepatitis B virus-associated hepatocellular carcinoma.,2026,,Q2_block_holdout_focus,pending,,,,
EPMC-2318,41666404,10.1093/bib/bbag051,Comprehensive review and assessment of machine learning approaches for host-pathogen protein-protein interaction prediction.,2026,,Q1_protocol_broad|Q2_block_holdout_focus,pending,,,,
EPMC-2319,42075988,10.3390/molecules31081310,Computational Investigation of Novel pUL56 Ligands Using Docking and Molecular Dynamics with Preliminary Cytotoxicity Evaluation: An Early-Stage Study.,2026,,Q3_amr_core,pending,,,,
EPMC-2320,42171789,10.1007/s00726-026-03531-3,"Computational identification and characterization of noncoding RNA-encoded peptides: tools, databases, and in silico strategies.",2026,,Q1_protocol_broad|Q2_block_holdout_focus,pending,,,,
EPMC-2321,41715157,10.1186/s13040-026-00526-4,Computational insights into the natural phage endolysin linker landscape.,2026,,Q3_amr_core,pending,,,,
EPMC-2322,42108632,10.1093/bib/bbag219,"Computational paradigms for antimicrobial resistance prediction: integrating multi-omics, structural modeling, and foundation artificial intelligence systems.",2026,,Q1_protocol_broad|Q2_block_holdout_focus|Q3_amr_core,pending,,,,
EPMC-2323,42319251,10.1093/bib/bbag315,"Computational prediction of replication origins: a comparative review of methods, benchmarks, and trends from heuristics to deep learning.",2026,,Q1_protocol_broad|Q2_block_holdout_focus,pending,,,,
EPMC-2324,42326936,10.3389/fpubh.2026.1833807,Confronting the known unknown: historical lessons and future strategies for Disease X.,2026,,Q2_block_holdout_focus|Q3_amr_core,pending,,,,
EPMC-2325,42146905,10.34133/csbj.0100,Conserved Motifs in the Ligand-Binding Domain of TetR Family Regulators: Identification and Analysis.,2026,,Q3_amr_core,pending,,,,
EPMC-2326,41977178,10.3390/ijms27072989,"Conserved Pathways, Divergent Outcomes: A Cross-Species Genomic Perspective on the Cancer-Neurodegeneration Paradox.",2026,,Q2_block_holdout_focus,pending,,,,
EPMC-2327,41991527,10.1038/s41467-026-72169-2,Conserved and divergent gene regulatory networks for crop drought resistance.,2026,,Q1_protocol_broad|Q2_block_holdout_focus,pending,,,,
EPMC-2328,41493101,10.1093/ismejo/wraf289,"Constructing a ""periodic table"" of bacteria to map diversity in trait space.",2026,,Q1_protocol_broad|Q3_amr_core,pending,,,,
EPMC-2329,42504192,10.2147/copd.s620360,Construction and Validation of a Machine Learning Model Based on Clinical and Microbiomic Features for Predicting High Mucus Secretion in COPD.,2026,,Q1_protocol_broad|Q2_block_holdout_focus,pending,,,,
EPMC-2330,42422733,10.3389/fmicb.2026.1848796,Convergent GenX biodegradation by genomically designed and functionally screened synthetic bacterial consortia.,2026,,Q3_amr_core,pending,,,,
EPMC-2331,42031767,10.1038/s41467-026-72225-x,Convolutional neural networks quantify antibiotic resistance in Mycobacterium tuberculosis with diagnostic grade accuracy and predict treatment response.,2026,,Q1_protocol_broad|Q3_amr_core,pending,,,,
EPMC-2332,42413498,10.1016/j.xcrm.2026.102905,Core gastric microbiota linked to pathogenesis and preserved across age-stratified cohorts.,2026,,Q1_protocol_broad|Q2_block_holdout_focus,pending,,,,
EPMC-2333,42075397,10.3390/plants15081195,Crop Functional Genomics and Biological Breeding-2nd Edition.,2026,,Q2_block_holdout_focus,pending,,,,
EPMC-2334,42513915,10.3390/microorganisms14071409,"Cross-Species Dissemination of Pandrug-Resistant &lt;i&gt;Acinetobacter baumannii&lt;/i&gt; in Humans and Poultry in Egypt: Unveiling Shared Clones, Resistance Mechanisms, and Severe Clinical Outcomes.",2026,,Q1_protocol_broad|Q2_block_holdout_focus|Q3_amr_core,pending,,,,
EPMC-2335,41499216,10.1093/bib/bbaf707,Cross-ancestry information transfer framework improves protein abundance prediction and protein-trait association identification.,2026,,Q3_amr_core,pending,,,,
EPMC-2336,41526362,10.1038/s41522-025-00905-5,Cross-cohort resistome and virulome gradients structure the colorectal cancer microbiome.,2026,,Q1_protocol_broad|Q2_block_holdout_focus|Q3_amr_core,pending,,,,
EPMC-2337,41715166,10.1186/s40168-026-02347-3,Cross-kingdom genomic variation in chicken gut microbiomes: insights from China's diverse local breeds.,2026,,Q1_protocol_broad|Q3_amr_core,pending,,,,
EPMC-2338,41872204,10.1038/s41467-026-70995-y,Cross-order detection of bacteriophage transduction in microbial communities using RNA barcoding.,2026,,Q2_block_holdout_focus|Q3_amr_core,pending,,,,
EPMC-2339,42499546,10.3389/fcimb.2026.1815707,Cross-sectional gut microbiota and serum metabolite differences across clinically defined groups in colorectal cancer.,2026,,Q1_protocol_broad|Q2_block_holdout_focus,pending,,,,
EPMC-2340,42472093,10.1016/j.isci.2026.116667,Cross-site oral and esophageal microbiome signatures define diagnostic patterns and reveal mechanistic drivers of ESCC.,2026,,Q1_protocol_broad|Q2_block_holdout_focus,pending,,,,
EPMC-2341,41526387,10.1038/s41467-026-68287-6,Cross-species dissection of saline-related genes by genetically deciphering a euryhaline microalga Chlorella sp.,2026,,Q1_protocol_broad|Q2_block_holdout_focus,pending,,,,
EPMC-2342,41775687,10.1038/s41467-026-69966-0,Cross-species gene redesign leveraging ortholog information and generative modeling.,2026,,Q2_block_holdout_focus,pending,,,,
EPMC-2343,42235513,10.1016/j.crmeth.2026.101469,Cross-species integration of single-cell data reveals conserved pathology-associated cell populations across animal models and human samples.,2026,,Q2_block_holdout_focus,pending,,,,
EPMC-2344,42052092,10.3389/fcimb.2026.1783836,Cross-species transmission of &lt;i&gt;bla&lt;/i&gt; &lt;sub&gt;NDM-5&lt;/sub&gt;-IncX3 plasmids: molecular mechanisms and One Health-based strategies for CREC control.,2026,,Q1_protocol_broad|Q2_block_holdout_focus|Q3_amr_core,pending,,,,
EPMC-2345,42286689,10.1186/s12967-026-08326-4,Cross-trait mapping of shared susceptibility across inflammatory bowel disease and spondyloarthropathies.,2026,,Q2_block_holdout_focus,pending,,,,
EPMC-2346,41347423,10.1039/d5np00040h,Cultivar to chemotype: characterizing complex botanicals with mass spectrometry metabolomics.,2026,,Q2_block_holdout_focus,pending,,,,
EPMC-2347,41754214,10.3390/nu18040696,Current Concepts in Probiotic Safety and Efficacy.,2026,,Q1_protocol_broad|Q2_block_holdout_focus|Q3_amr_core,pending,,,,
EPMC-2348,42072400,10.3390/biomedicines14040859,"Current Perspectives on the Inflammatory Bowel Disease Pathogenesis of Microbiota and the Gut-Brain Axis, and Emerging Therapeutics.",2026,,Q2_block_holdout_focus,pending,,,,
EPMC-2349,,,Current State of the Fight Against Antimicrobial Resistance: What Are the Different Strategies for Tomorrow?,2026,,Q1_protocol_broad|Q2_block_holdout_focus,pending,,,,
EPMC-2350,42449634,10.3390/cancers18132088,Current Trends in Diagnosis and Early Monitoring of Oral Cavity Cancer: Techniques and Biomarkers.,2026,,Q2_block_holdout_focus,pending,,,,
EPMC-2351,42196504,10.3390/ijms27104527,Current Understanding of Probiotic Strains and Immune Function: From Gut Microbiota to Systemic Immunity.,2026,,Q2_block_holdout_focus,pending,,,,
EPMC-2352,42454213,10.1177/17562848261463913,Current and novel biomarkers for predicting and assessing therapeutic response in inflammatory bowel disease: a systematic review.,2026,,Q2_block_holdout_focus,pending,,,,
EPMC-2353,,,Cyanobacteria as a Photosynthetic Chassis for Metabolic Pathway Engineering with Heterologous Gene Expression,2026,,Q2_block_holdout_focus,pending,,,,
EPMC-2354,42450332,10.3390/ijms27136067,Cyclic Peptides as Modulators of Protein-Protein Interactions: A Survival Guide from Discovery Platforms to AI-Driven Design.,2026,,Q2_block_holdout_focus,pending,,,,
EPMC-2355,42153323,10.1093/bib/bbag241,DCVBin: a novel binning method for single-sample metagenomes based on DNA language model and variational autoencoder.,2026,,Q3_amr_core,pending,,,,
EPMC-2356,41369112,10.1093/neuonc/noaf269,DNA methylation profiling predicts postsurgical regrowth in SF1-lineage nonfunctioning pituitary neuroendocrine tumors.,2026,,Q2_block_holdout_focus,pending,,,,
EPMC-2357,42283481,10.1128/aem.00810-26,DNA modifications of Durham Collection phages and promiscuity of GmrSD-family Type IV restriction enzyme BrxU.,2026,,Q3_amr_core,pending,,,,
EPMC-2358,41776385,10.1186/s12859-025-06365-0,DNA sequence contamination analyzer (DNASCAN): a supervised analysis toolkit for detecting and removing DNA contaminants.,2026,,Q1_protocol_broad|Q2_block_holdout_focus,pending,,,,
EPMC-2359,41897439,10.3390/antiox15030292,DUOX2-Driven Oxidative Stress Alters the Gut Redox Niche and Promotes Microbial Dysbiosis in Crohn's Disease.,2026,,Q2_block_holdout_focus,pending,,,,
EPMC-2360,42561151,10.1093/bib/bbag420,Data-intensive immune network modelling for One Health.,2026,,Q1_protocol_broad|Q2_block_holdout_focus|Q3_amr_core,pending,,,,
EPMC-2361,41359036,10.1093/nar/gkaf1172,"Database resources of the National Genomics Data Center, China National Center for Bioinformation in 2026.",2026,,Q2_block_holdout_focus|Q3_amr_core,pending,,,,
EPMC-2362,42377573,10.1007/s10126-026-10665-8,"De novo Genome Assembly, Annotation, and Comparative Analysis of the Lined Sole Achirus lineatus as a Resource for Evolutionary and Environmental Genomics.",2026,,Q1_protocol_broad|Q2_block_holdout_focus,pending,,,,
EPMC-2363,42309771,10.1262/jrd.2026-002,De-extinction: how reviving the past is revolutionizing the future of conservation biology.,2026,,Q2_block_holdout_focus,pending,,,,
EPMC-2364,42043199,10.3390/v18040410,"Deciphering HPAI Influenza A Virus (H5N1): Molecular Basis of Pathogenicity, Zoonotic Potential, and Advances in Vaccination Strategies.",2026,,Q1_protocol_broad|Q2_block_holdout_focus|Q3_amr_core,pending,,,,
EPMC-2365,42121038,10.1186/s12870-026-08944-6,Deciphering lipid biosynthesis and regulation in Isatis species through combined metabolomic and transcriptomic analysis.,2026,,Q2_block_holdout_focus,pending,,,,
EPMC-2366,41556344,10.1093/nar/gkaf1516,Deciphering the 3D genome organization across species from Hi-C data.,2026,,Q2_block_holdout_focus,pending,,,,
EPMC-2367,42499499,10.3389/fphar.2026.1753893,Deciphering tuberculosis pathway mechanisms via graph neural networks and multimodal deep learning: a comprehensive AI-driven framework for precision medicine.,2026,,Q1_protocol_broad|Q2_block_holdout_focus,pending,,,,
EPMC-2368,42267544,10.1002/jms.70073,Decoding Biothreats With FT-ICR-MS: Metabotyping of Bacillus cereus Spores Through Untargeted Metabolomics.,2026,,Q1_protocol_broad|Q2_block_holdout_focus,pending,,,,
EPMC-2369,41977134,10.3390/ijms27072945,"Decoding Complex Traits in Goats Through Genome-Wide Association Studies: Progress, Challenges, and Perspectives.",2026,,Q2_block_holdout_focus,pending,,,,
EPMC-2370,42298188,10.1038/s41588-026-02619-6,Decoding common and rare noncoding variant effects across cellular and developmental contexts.,2026,,Q3_amr_core,pending,,,,
EPMC-2371,42153318,10.1093/bib/bbag236,"Decoding extremophiles: insights from bioinformatics, machine learning, and data-driven approaches.",2026,,Q1_protocol_broad|Q3_amr_core,pending,,,,
EPMC-2372,41986319,10.1038/s41467-026-71364-5,Decoding immunotherapy response through computational modeling.,2026,,Q1_protocol_broad|Q2_block_holdout_focus,pending,,,,
EPMC-2373,42285989,10.1038/s41522-026-01050-3,"Decoding phage communication: molecular networks, evolutionary dynamics, and therapeutic applications.",2026,,Q1_protocol_broad|Q3_amr_core,pending,,,,
EPMC-2374,41376168,10.1016/j.xplc.2025.101668,Decoding plant physiology through systems biology: Integrative multi-omics and computational perspectives for next-generation crop design.,2026,,Q2_block_holdout_focus,pending,,,,
EPMC-2375,41988469,10.3389/fnut.2026.1778794,"Decoding psychotropic-induced metabolic disturbances: gut-brain axis, multi-omics, and nutrition-lifestyle integration.",2026,,Q2_block_holdout_focus,pending,,,,
EPMC-2376,42166031,10.1007/s10565-026-10208-w,Decoding shared pathogenic networks of oxidative stress in neuropsychiatric disorders to prioritize multi-target therapeutics from natural products.,2026,,Q2_block_holdout_focus,pending,,,,
EPMC-2377,41888026,10.1080/19490976.2026.2649456,Decoding the HMO‒microbiome axis: bridging maternal milk to infant health outcomes.,2026,,Q2_block_holdout_focus,pending,,,,
EPMC-2378,42304680,10.1111/pce.70679,"Decoding the Mystery of Sugarcane Genome-Based Breeding: Current Advancements, Strategies, and Future Challenges.",2026,,Q2_block_holdout_focus,pending,,,,
EPMC-2379,42141123,10.1038/s42003-026-10278-w,Decoding the human gut bacterial plasmids in colorectal cancer.,2026,,Q1_protocol_broad|Q2_block_holdout_focus|Q3_amr_core,pending,,,,
EPMC-2380,42212684,10.1080/19490976.2026.2672791,Decoding the microbiome: artificial intelligence-targeted gut microenvironment breakthroughs in personalized cancer therapy.,2026,,Q1_protocol_broad|Q2_block_holdout_focus,pending,,,,
EPMC-2381,42375331,10.3389/fendo.2026.1812407,Decoding the reproductive microbiome: enabling clinical and biological insights through machine and deep learning.,2026,,Q1_protocol_broad|Q2_block_holdout_focus,pending,,,,
EPMC-2382,42467985,10.1093/bib/bbag377,Decoding viral protein sequences by large language models.,2026,,Q1_protocol_broad|Q2_block_holdout_focus,pending,,,,
EPMC-2383,41599985,10.3390/plants15020178,Deep Learning-Based Identification of Pathogenicity Genes in <i>Phytophthora infestans</i> Using Time-Series Transcriptomics.,2026,,Q2_block_holdout_focus,pending,,,,
EPMC-2384,42354936,10.3390/microorganisms14061311,Deep Learning-Enhanced Raman Microspectroscopy Enables Rapid Microbial Classification and Captures Phylogenetic Relationships.,2026,,Q1_protocol_broad|Q2_block_holdout_focus|Q3_amr_core,pending,,,,
EPMC-2385,41912535,10.1038/s41467-026-71206-4,Deep homology and design of proteasome chaperone proteins in Candidozyma auris.,2026,,Q3_amr_core,pending,,,,
EPMC-2386,42459316,10.3389/fonc.2026.1856641,Deep learning in multi-omics integration for gastrointestinal cancer biomarker discovery.,2026,,Q2_block_holdout_focus,pending,,,,
EPMC-2387,42437449,10.1093/bib/bbag342,Deep learning models for cell cycle phase prediction from single-cell RNA sequencing data.,2026,,Q1_protocol_broad|Q2_block_holdout_focus,pending,,,,
EPMC-2388,41544445,10.1016/j.psj.2026.106419,Deep learning-based detection and viability assessment of Eimeria oocysts.,2026,,Q2_block_holdout_focus,pending,,,,
EPMC-2389,41940160,10.1016/j.abiote.2025.100018,Deep learning-driven protein binder design for crop improvement.,2026,,Q2_block_holdout_focus|Q3_amr_core,pending,,,,
EPMC-2390,42366391,10.1186/s40793-026-00919-2,Deep metagenomics uncovers functional adaptations and pathogenic risks in the gut microbiome of Antarctic fur seals (Arctocephalus gazella).,2026,,Q1_protocol_broad|Q2_block_holdout_focus|Q3_amr_core,pending,,,,
EPMC-2391,42267194,10.20517/cdr.2026.27,Deep spatial proteomics reveals a suppressive immune niche linked to immune evasion in renal cell carcinoma.,2026,,Q1_protocol_broad|Q2_block_holdout_focus,pending,,,,
EPMC-2392,42406630,10.1093/nar/gkag656,DeepAden: an explainable machine learning method for predicting the substrate specificity of nonribosomal peptide synthetases.,2026,,Q1_protocol_broad|Q2_block_holdout_focus,pending,,,,
EPMC-2393,42063254,10.1016/j.xplc.2026.101877,DeepTYLCV: An interpretable and experimentally validated AI model for predicting virulence of different tomato yellow leaf curl virus strains.,2026,,Q2_block_holdout_focus,pending,,,,
EPMC-2394,41969565,10.1093/pnasnexus/pgag073,"Defensomes, counter-defensomes, and the remodeling of microbial communities.",2026,,Q1_protocol_broad|Q3_amr_core,pending,,,,
EPMC-2395,42450062,10.3390/ijms27135789,Deferoxamine Exhibits Antimicrobial and Immunomodulatory Activity Against &lt;i&gt;Mycobacterium abscessus&lt;/i&gt;: Integrated In Silico and In Vitro Evidence.,2026,,Q3_amr_core,pending,,,,
EPMC-2396,42317266,10.3389/fcell.2026.1846929,Defining neurovascular ecosystem states with single-cell multi-omics and machine learning: insights into cerebrovascular remodeling in the tumor context.,2026,,Q1_protocol_broad|Q2_block_holdout_focus,pending,,,,
EPMC-2397,41912808,10.1038/s41591-026-04228-6,Deleterious coding variation associated with autism is shared across ancestries.,2026,,Q2_block_holdout_focus|Q3_amr_core,pending,,,,
EPMC-2398,42416328,10.34133/csbj.0150,DepMicroDiff: Diffusion-Based Dependency-Aware Multimodal Imputation for Microbiome Data.,2026,,Q2_block_holdout_focus,pending,,,,
EPMC-2399,42173870,10.1038/s41467-026-73570-7,DepoCatalog: mapping diversity of 129 recombinantly produced Klebsiella phage depolymerases.,2026,,Q3_amr_core,pending,,,,
EPMC-2400,41898404,10.3390/ijms27062540,Design and Testing of Root-Specific Synthetic Promoters by Machine Learning.,2026,,Q1_protocol_broad|Q2_block_holdout_focus,pending,,,,
EPMC-2401,42421124,10.1186/s44342-026-00075-6,Design of a multi-epitope vaccine against Mycobacterium tuberculosis using reverse vaccinology and immunoreactive peptides.,2026,,Q3_amr_core,pending,,,,
EPMC-2402,41693567,10.1093/nar/gkag122,Design prokaryotic cis-regulatory elements using language model.,2026,,Q1_protocol_broad|Q2_block_holdout_focus,pending,,,,
EPMC-2403,41928457,10.1093/gbe/evag085,Detecting Positive Selection by Modeling Structure Within Images of Genetic Variation.,2026,,Q1_protocol_broad|Q2_block_holdout_focus,pending,,,,
EPMC-2404,41745104,10.3390/diseases14020066,Detection for New Biomarkers of Tuberculosis Infection Activity Using Machine Learning Methods.,2026,,Q1_protocol_broad|Q2_block_holdout_focus,pending,,,,
EPMC-2405,42032214,10.1038/s41598-026-50400-w,Development and validation of a machine learning model for predicting positive blood cultures using vital signs in ICU patients.,2026,,Q2_block_holdout_focus,pending,,,,
EPMC-2406,41994280,10.3389/fmicb.2026.1807076,Development and validation of a machine learning-based early warning model for carbapenem-resistant &lt;i&gt;Klebsiella pneumoniae&lt;/i&gt; bloodstream infections using non-carbapenem susceptibility profiles.,2026,,Q1_protocol_broad|Q3_amr_core,pending,,,,
EPMC-2407,41795035,10.1007/s00125-026-06706-5,Development and validation of a trans-ancestry polygenic risk score for type 1 diabetes.,2026,,Q3_amr_core,pending,,,,
EPMC-2408,41122926,10.1111/1755-0998.70063,Development of a High-Resolution MNP Marker System for Aquatic Biodiversity Monitoring: A Case Study With Schizothorax prenanti in the Yangtze River.,2026,,Q2_block_holdout_focus,pending,,,,
EPMC-2409,42280338,10.3390/nu18111694,Development of a Metagenomics-Guided Personalized Synbiotic Protocol for Children with Autism Spectrum Disorder: An Exploratory Case Series.,2026,,Q2_block_holdout_focus,pending,,,,
EPMC-2410,41983640,10.1111/myc.70175,"Diagnosis of Mucormycosis: Current Situation, Challenges and Future Prospects.",2026,,Q2_block_holdout_focus,pending,,,,
EPMC-2411,42518875,10.1002/ccs3.70082,Diagnostic potential of B-cell translocation gene 2 in IgA nephropathy: Insights from molecular mechanisms.,2026,,Q2_block_holdout_focus,pending,,,,
EPMC-2412,42344314,10.1093/burnst/tkag028,Diagnostic strategies in necrotizing soft tissue infections: from clinical scores to multi-omics and machine learning.,2026,,Q1_protocol_broad|Q2_block_holdout_focus,pending,,,,
EPMC-2413,42266688,10.3389/fimmu.2026.1808799,Diagnostic value and immune microenvironment regulatory network of metabolic reprogramming in chronic rhinosinusitis with nasal polyps identified by multidimensional transcriptome integration and machine learning.,2026,,Q2_block_holdout_focus,pending,,,,
EPMC-2414,41634036,10.1038/s41522-026-00930-y,"Diet and environmental factors jointly drive the gut microbiome, resistome, and virulome of urban bats.",2026,,Q3_amr_core,pending,,,,
EPMC-2415,42404763,10.3389/fcimb.2026.1834069,"Diet, gut microbiota, and the gut-brain axis: mechanistic interactions and therapeutic implications in neuropsychiatric disorders.",2026,,Q2_block_holdout_focus,pending,,,,
EPMC-2416,41940273,10.1093/cz/zoaf018,Dietary drivers of gut microbiota diversity and function in wildlife of Wolong Nature Reserve: a metagenomic study.,2026,,Q2_block_holdout_focus|Q3_amr_core,pending,,,,
EPMC-2417,41813835,10.1038/s41598-026-43006-9,Dietary patterns influence the in silico GABA production capacity of Bifidobacterium adolescentis HD17T2H and other human gut bacteria.,2026,,Q2_block_holdout_focus,pending,,,,
EPMC-2418,42494956,10.3389/fvets.2026.1850860,Differentiating commensal and disease-associated &lt;i&gt;Enterococcus cecorum&lt;/i&gt; isolates in poultry using protein sequences.,2026,,Q1_protocol_broad|Q2_block_holdout_focus|Q3_amr_core,pending,,,,
EPMC-2419,41645653,10.1002/cam4.71578,Digital Biomarkers for Precision Early Detection of Lung Cancer: Integrating AI-Driven Multi-Omics Into Clinical Pathways.,2026,,Q1_protocol_broad|Q2_block_holdout_focus,pending,,,,
EPMC-2420,41715158,10.1186/s13027-026-00737-8,"Digital health technologies in medicine: evidence, artificial intelligence integration, and ethical challenges.",2026,,Q2_block_holdout_focus,pending,,,,
EPMC-2421,42291403,10.22038/ijbms.2026.92560.19984,Digital immune twins and ai-integrated multi-omic biomarkers: Redefining personalized immunotherapy in non-small cell lung cancer.,2026,,Q2_block_holdout_focus,pending,,,,
EPMC-2422,41406819,10.1016/j.psj.2025.106276,Digital innovation integration into biotechnology for development of sustainable protein frontiers for poultry nutrition in a circular bioeconomy.,2026,,Q2_block_holdout_focus,pending,,,,
EPMC-2423,42115616,10.1038/s41467-026-72713-0,Direct carbapenemase typing from disc diffusion antibiograms with MALCA (MAchine Learning CArbapenemase).,2026,,Q1_protocol_broad|Q2_block_holdout_focus|Q3_amr_core,pending,,,,
EPMC-2424,41739069,10.1002/advs.202514165,Discovery of H&lt;sub&gt;2&lt;/sub&gt; Receptor Antagonists as Colistin Enhancers by Targeting Acid Stress Response.,2026,,Q2_block_holdout_focus,pending,,,,
EPMC-2425,41783618,10.1016/j.onehlt.2026.101356,Discrimination between &lt;i&gt;Mycobacterium tuberculosis&lt;/i&gt; and &lt;i&gt;Mycobacterium bovis&lt;/i&gt; using Fourier transform infrared spectroscopy.,2026,,Q2_block_holdout_focus,pending,,,,
EPMC-2426,41286463,10.1038/s43587-025-01018-6,Dissecting the genetic and proteomic risk factors for delirium.,2026,,Q3_amr_core,pending,,,,
EPMC-2427,41879855,10.1007/s00122-026-05209-6,Dissection of local haplotype diversity at soybean rust loci reveals resistance-associated and context-dependent variation patterns in diverse germplasm.,2026,,Q2_block_holdout_focus,pending,,,,
EPMC-2428,42041792,10.3390/brainsci16040382,Distinct Gut Microbiome Characteristics Associated with Mental Health Symptoms of Healthy Adults.,2026,,Q1_protocol_broad|Q2_block_holdout_focus,pending,,,,
EPMC-2429,41803129,10.1038/s41467-026-70196-7,Distinct genomic trajectory among invasive Salmonella Typhimurium ST313 infections.,2026,,Q1_protocol_broad|Q3_amr_core,pending,,,,
EPMC-2430,41749306,10.1186/s12967-026-07900-0,Distinct gut virome profiles are associated with response to anti-PD-1 therapy in non-small cell lung cancer.,2026,,Q2_block_holdout_focus,pending,,,,
EPMC-2431,42440499,10.3389/fimmu.2026.1817311,Distinct mucosa-associated microbiota signatures and dysbiosis in Peutz-Jeghers syndrome polyps versus paired normal mucosa.,2026,,Q1_protocol_broad|Q2_block_holdout_focus,pending,,,,
EPMC-2432,42013850,10.1016/j.xcrm.2026.102761,Distinct signatures in the human gut and oral microbiomes of gastric cancer.,2026,,Q1_protocol_broad|Q2_block_holdout_focus,pending,,,,
EPMC-2433,41767673,10.3389/fvets.2026.1761682,Distribution and antimicrobial resistance profiles of vaginal bacteria in healthy dairy cows.,2026,,Q1_protocol_broad|Q2_block_holdout_focus,pending,,,,
EPMC-2434,42495524,10.1016/j.isci.2026.116561,Disulfidptosis in PCOS pathogenesis: Multi-omics identification of LRPPRC as a diagnostic biomarker and therapeutic target.,2026,,Q2_block_holdout_focus,pending,,,,
EPMC-2435,42239869,10.3389/fpls.2026.1833614,"Diterpenoids in medicinal plants: structure, distribution, biological activities, biosynthesis, and bioengineering prospects.",2026,,Q3_amr_core,pending,,,,
EPMC-2436,41878990,10.1002/advs.202517444,Diversity Patterns of Domestic Herbivore Viruses in China Reveal Transmission Dynamics with Disease Management Implications.,2026,,Q1_protocol_broad|Q2_block_holdout_focus|Q3_amr_core,pending,,,,
EPMC-2437,41830331,10.1093/nar/gkag225,Diversity and evolution of archaeal immune strategies.,2026,,Q3_amr_core,pending,,,,
EPMC-2438,42165580,10.1128/aem.00125-26,"Diversity and function of OXA-48-like β-lactamase variants in environmental &lt;i&gt;Shewanella&lt;/i&gt; isolates from Stockholm, Sweden.",2026,,Q1_protocol_broad|Q3_amr_core,pending,,,,
EPMC-2439,42181278,10.1016/j.isci.2026.115892,Diversity of antibiotic resistance genes increases in urbanized lakes: A multi-tool screening.,2026,,Q1_protocol_broad|Q3_amr_core,pending,,,,
EPMC-2440,42143256,10.1186/s12866-026-05127-z,Draft genome sequencing of Proteus mirabilis strain Indica (ST286) reveals antimicrobial resistance and virulence determinants.,2026,,Q1_protocol_broad|Q3_amr_core,pending,,,,
EPMC-2441,42515655,10.3390/v18070804,Drug Repurposing as a Broad-Spectrum Strategy Against Coronaviruses: Frontiers in Mechanisms and Clinical Translation.,2026,,Q2_block_holdout_focus,pending,,,,
EPMC-2442,42003604,10.1128/msystems.00223-26,Dual transcriptional analysis provides insights into the replicative niche of &lt;i&gt;P. salmonis&lt;/i&gt; and the host response during infection.,2026,,Q2_block_holdout_focus,pending,,,,
EPMC-2443,41761093,10.1186/s12859-026-06400-8,DynaBiome: interpretable unsupervised learning of gut microbiome dysbiosis via temporal deep models.,2026,,Q1_protocol_broad|Q2_block_holdout_focus,pending,,,,
EPMC-2444,42513907,10.3390/microorganisms14071401,"Dynamic Bacterial Communities, Resistome-Virulome Coupling, and Biomonitoring Paradigms at Direct Sea Discharge Outlets: An Integrated Microbiome Perspective for Coastal Pollution Control.",2026,,Q1_protocol_broad|Q3_amr_core,pending,,,,
EPMC-2445,42193823,10.3390/ani16101532,Dynamic Shifts in Gut Microbiota and Metabolic Pathways of Xinggao Mutton Sheep During Weaning: A Multi-Omics Analysis.,2026,,Q2_block_holdout_focus,pending,,,,
EPMC-2446,,,ECR 2026 Book of Abstracts,2026,,Q3_amr_core,pending,,,,
EPMC-2447,42198346,10.3390/ph19050671,"Early Immune Signature Features, Including TLR2 and TLR4 Expression, Are Associated with Complete Remission After CD19 CAR-T Cell Therapy.",2026,,Q2_block_holdout_focus,pending,,,,
EPMC-2448,41829816,10.3390/plants15050787,"Early Plant Development as a Systems-Level Trait: Integrating Omics, Artificial Intelligence, and Emerging Biotechnologies.",2026,,Q2_block_holdout_focus,pending,,,,
EPMC-2449,42074938,10.3390/jcm15083138,Early Sepsis Diagnosis as a Global Imperative: The Role of Raman Spectroscopy.,2026,,Q1_protocol_broad|Q3_amr_core,pending,,,,
EPMC-2450,41868133,10.3389/fphar.2026.1751781,Early biomarkers for predicting sepsis-induced shock: insights from inflammatory pathways and immune response.,2026,,Q2_block_holdout_focus,pending,,,,
EPMC-2451,42491628,10.1002/imt2.70137,Early gut microbial and metabolic dysregulation with subclinical cardiac alterations in a nonhuman primate model of Rett syndrome.,2026,,Q1_protocol_broad|Q2_block_holdout_focus,pending,,,,
EPMC-2452,42079745,10.3389/fcimb.2026.1795720,Early risk stratification for carbapenem resistance among &lt;i&gt;Pseudomonas aeruginosa&lt;/i&gt; infected patients using a clinico-laboratory machine-learning model based on routine complete blood count parameters.,2026,,Q1_protocol_broad|Q3_amr_core,pending,,,,
EPMC-2453,42393826,10.1080/19490976.2026.2693365,Early risk stratification of late-onset sepsis in very preterm infants by intestinal microbiota profiling: a multicenter case-control validation study.,2026,,Q1_protocol_broad|Q3_amr_core,pending,,,,
EPMC-2454,41273090,10.1093/nar/gkaf1251,EcoDrug PLUS: an advanced database for drug target conservation analysis and environmental risk assessment.,2026,,Q3_amr_core,pending,,,,
EPMC-2455,41982885,10.3389/fmicb.2026.1822387,Editorial: Advances in phage applications: deciphering phage biological and ecological mechanisms through metagenomics.,2026,,Q1_protocol_broad|Q3_amr_core,pending,,,,
EPMC-2456,41660431,10.3389/fcimb.2026.1783280,Editorial: Perspectives in clinical microbiology for combating multi-drug resistant bacterial infections: 2024/2025.,2026,,Q1_protocol_broad|Q3_amr_core,pending,,,,
EPMC-2457,42052271,10.3389/fpls.2026.1838747,Editorial: Unlocking crop potential: root characterization through phenomics and genomics.,2026,,Q2_block_holdout_focus,pending,,,,
EPMC-2458,42553721,10.3389/fpls.2026.1869724,Editorial: Utilizing machine learning with phenotypic and genotypic data to enhance effective breeding in agricultural and horticultural crops.,2026,,Q1_protocol_broad|Q2_block_holdout_focus,pending,,,,
EPMC-2459,42509593,10.1111/jnc.70530,Effect of Prenatal and Postnatal Stress in Rats on the Gut Microbiome in Adolescence.,2026,,Q1_protocol_broad|Q2_block_holdout_focus,pending,,,,
EPMC-2460,42055630,10.21873/cgp.20585,Effects of Isthmus Topography on the Molecular Characteristics of &lt;i&gt;BRAF&lt;/i&gt;-mutant Papillary Thyroid Cancer.,2026,,Q3_amr_core,pending,,,,
EPMC-2461,42298411,10.1186/s12866-026-05267-2,Effects of copper and cadmium stress on resistance genes in farmland soil.,2026,,Q1_protocol_broad|Q3_amr_core,pending,,,,
EPMC-2462,42416012,10.3389/fmicb.2026.1856043,"Effects of licorice crude extract on serum biochemistry, antioxidant capacity, immune function, rumen fermentation parameters, microbiota, and gastrointestinal enzyme activities in karakul sheep.",2026,,Q3_amr_core,pending,,,,
EPMC-2463,41807572,10.1038/s41598-026-42644-3,Efficacy of a novel bacteriophage in controlling Escherichia coli associated with swine farm environments and its potential for biofilm disruption.,2026,,Q3_amr_core,pending,,,,
EPMC-2464,42559249,10.3389/fphar.2026.1897593,"Efflux pump overexpression in fluoroquinolone multidrug resistance: molecular mechanisms, PK/PD implications, global epidemiology, and translational strategies.",2026,,Q1_protocol_broad|Q3_amr_core,pending,,,,
EPMC-2465,41827523,10.3390/healthcare14050572,"Embodied Artificial Intelligence in Healthcare: A Systematic Review of Robotic Perception, Decision-Making, and Clinical Impact.",2026,,Q3_amr_core,pending,,,,
EPMC-2466,41989189,10.1128/spectrum.02293-25,Emergence of a high-risk multidrug-resistant &lt;i&gt;Acinetobacter baumannii&lt;/i&gt; clone ST697 in nosocomial settings.,2026,,Q1_protocol_broad|Q3_amr_core,pending,,,,
EPMC-2467,42512080,10.3390/biomedicines14071608,Emerging Biomarkers in Pediatric Food Allergy: From Mechanistic Endotyping to Precision Diagnosis and Therapeutic Monitoring.,2026,,Q2_block_holdout_focus,pending,,,,
EPMC-2468,42451596,10.3390/molecules31132225,"Emerging Plasmonic Nanomaterials for SERS-Based Disease Diagnostics: Innovations, Clinical Challenges, and AI Integration.",2026,,Q2_block_holdout_focus,pending,,,,
EPMC-2469,41754939,10.3390/pharmaceutics18020197,Emerging Therapeutic Approaches for Modulating the Intestinal Microbiota.,2026,,Q3_amr_core,pending,,,,
EPMC-2470,42506597,10.3390/vaccines14070560,"Emerging Viral Zoonoses: Epidemiology, Vaccination Strategies, and Implications for Global Public Health.",2026,,Q1_protocol_broad|Q2_block_holdout_focus,pending,,,,
EPMC-2471,42125402,10.3389/fmicb.2026.1755594,"Emerging and re-emerging vector-borne and other zoonotic RNA viruses: pathogenesis, climate-driven dynamics, and strategies for global control.",2026,,Q2_block_holdout_focus,pending,,,,
EPMC-2472,42118679,10.1002/2211-5463.70269,Emerging insights into CC and CXC chemokines and their receptors in Mycobacterium tuberculosis infection.,2026,,Q2_block_holdout_focus,pending,,,,
EPMC-2473,42079444,10.1002/mlf2.70078,Emerging role of metagenomic next-generation sequencing in infectious disease diagnostics: Clinical integration and future directions.,2026,,Q1_protocol_broad|Q3_amr_core,pending,,,,
EPMC-2474,41568097,10.1016/j.csbj.2026.01.002,Empirical optimization of dual-sgRNA design for in vivo CRISPR/Cas9-mediated exon deletion in mice.,2026,,Q2_block_holdout_focus,pending,,,,
EPMC-2475,41982233,10.3389/fonc.2026.1771804,Empowering photodynamic therapy with artificial intelligence: current trends and future directions.,2026,,Q1_protocol_broad|Q2_block_holdout_focus,pending,,,,
EPMC-2476,41702707,10.1101/gr.280977.125,EnDeep4mC predicts DNA &lt;i&gt;N&lt;/i&gt; &lt;sup&gt;4&lt;/sup&gt;-methylcytosine sites using a dual-adaptive feature encoding framework in deep ensembles.,2026,,Q1_protocol_broad|Q2_block_holdout_focus,pending,,,,
EPMC-2477,41897409,10.3390/biom16030474,Endogenous and Exogenous Small RNA Signatures as Novel Tools for Postmortem Interval Determination.,2026,,Q1_protocol_broad|Q2_block_holdout_focus,pending,,,,
EPMC-2478,41878513,10.1080/21501203.2025.2531886,Endophytic fungi as a source of antimicrobial compounds against emerging methicillin-resistant &lt;i&gt;Staphylococcus aureus&lt;/i&gt;.,2026,,Q3_amr_core,pending,,,,
EPMC-2479,42444823,10.3389/fonc.2026.1889434,Endoscopic and histopathological phenotypes of early gastric neoplasia: toward an integrative host-response framework.,2026,,Q2_block_holdout_focus,pending,,,,
EPMC-2480,41280279,10.1016/j.synbio.2025.10.008,"Engineering genetic elements for microbial protein expression systems: Advances, challenges, applications, and prospects.",2026,,Q2_block_holdout_focus,pending,,,,
EPMC-2481,41622828,10.1111/nph.70951,Engineering next-generation crops through CRISPR-mediated horizontal gene transfer.,2026,,Q1_protocol_broad|Q2_block_holdout_focus,pending,,,,
EPMC-2482,42354799,10.3390/microorganisms14061174,Engineering the Gut Microbiome: Emerging Genome-Editing Strategies and Therapeutic Applications.,2026,,Q1_protocol_broad|Q3_amr_core,pending,,,,
EPMC-2483,,10.21203/rs.3.rs-8719280/v1,Enhanced Identification of Key Bacterial Motility Genes via a Cross-Species Genomic Hybrid Feature Machine Learning Approach,2026,,Q2_block_holdout_focus,pending,,,,
EPMC-2484,42337404,10.1186/s12864-026-13083-1,Enhanced identification of key bacterial motility genes via a cross-species genomic hybrid feature machine learning approach.,2026,,Q2_block_holdout_focus,pending,,,,
EPMC-2485,42143205,10.1007/s40263-026-01295-8,"Enhancing Drug Response Prediction in Epilepsy with Emerging Multimodal Models: Focus on Clinical, Pharmacologic, and Genomic Factors.",2026,,Q1_protocol_broad|Q2_block_holdout_focus,pending,,,,
EPMC-2486,42405277,10.1016/j.omtn.2026.102991,Enhancing protein expression in humans through codon optimization with transformer and contrastive learning.,2026,,Q2_block_holdout_focus,pending,,,,
EPMC-2487,42247495,10.1126/sciadv.aec1735,Enteric viral infections promote systemic accelerated aging in &lt;i&gt;Drosophila&lt;/i&gt;.,2026,,Q2_block_holdout_focus,pending,,,,
EPMC-2488,42075229,10.3390/microorganisms14040832,Environmental Altitude and Host Genetics Shape Divergent Microbiota and a Conserved Resistome in Porcine Intestinal Niches.,2026,,Q3_amr_core,pending,,,,
EPMC-2489,42417728,10.1093/femsec/fiag072,Environmental variation structures northern peatland soil microbiome composition and function in a reindeer herding area exclosure experiment.,2026,,Q1_protocol_broad|Q2_block_holdout_focus,pending,,,,
EPMC-2490,42467734,10.1371/journal.pntd.0014557,Ephrin B2 and Ephrin B3 are receptors for a novel putative henipavirus with zoonotic potential.,2026,,Q2_block_holdout_focus,pending,,,,
EPMC-2491,41971322,10.3389/fmicb.2026.1809070,"Epidemiology, antimicrobial resistance transmission, and One Health-based prevention of non-typhoidal &lt;i&gt;Salmonella&lt;/i&gt; and &lt;i&gt;Campylobacter&lt;/i&gt; infections: an updated literature review.",2026,,Q1_protocol_broad|Q2_block_holdout_focus|Q3_amr_core,pending,,,,
EPMC-2492,41823842,10.3390/biology15050416,Epigenetic Regulation of Production Traits in Ruminants: Implications for Breeding and Selection.,2026,,Q2_block_holdout_focus,pending,,,,
EPMC-2493,42171375,10.1093/ecco-jcc/jjag022,Epigenetic biomarkers in inflammatory bowel diseases-computational challenges and opportunities.,2026,,Q2_block_holdout_focus,pending,,,,
EPMC-2494,41652898,10.1111/nph.70982,Epigenetic regulation of mycorrhizal symbioses: from plastic responses to transgenerational legacies.,2026,,Q2_block_holdout_focus,pending,,,,
EPMC-2495,42398069,10.1093/bib/bbag349,EssTFNet: integration of adaptive time-frequency and DNA language models for interpretable human essential gene prediction.,2026,,Q1_protocol_broad|Q2_block_holdout_focus,pending,,,,
EPMC-2496,42147972,10.3892/br.2026.2154,Establishing a competence model in discriminating &lt;i&gt;Mycobacterium&lt;/i&gt; species and &lt;i&gt;Mycobacterium abscessus&lt;/i&gt; subspecies by using surface-enhanced Raman spectroscopy.,2026,,Q1_protocol_broad|Q2_block_holdout_focus,pending,,,,
EPMC-2497,42335783,10.1016/j.psj.2026.107270,Establishing food-safe cell lines and banks for cultivated meat: current status and future directions.,2026,,Q1_protocol_broad|Q2_block_holdout_focus,pending,,,,
EPMC-2498,42292361,10.3389/fimmu.2026.1734832,Etiological study of pulmonary infections following solid organ transplantation using metagenomic next-generation sequencing and development of a risk prediction model: a retrospective cohort study.,2026,,Q1_protocol_broad|Q2_block_holdout_focus|Q3_amr_core,pending,,,,
EPMC-2499,42366621,10.1093/bib/bbag336,"Evaluating completeness, coherence, and consistency of genome-scale function annotations.",2026,,Q3_amr_core,pending,,,,
EPMC-2500,42209562,10.1038/s41598-026-53037-x,Evaluating ensemble learning approaches for horizontal gene transfer detection.,2026,,Q1_protocol_broad|Q3_amr_core,pending,,,,
EPMC-2501,42515059,10.3390/pathogens15070732,Evaluating the Impact of Little Cigar Use on the Oral Bacterial Microbiota of Cigarette Smokers.,2026,,Q3_amr_core,pending,,,,
EPMC-2502,42062846,10.1186/s12866-026-05057-w,Evaluation of AI-enhanced FTIR spectroscopy for species and biovar typing of intracellular pathogenic Brucella spp.,2026,,Q1_protocol_broad|Q2_block_holdout_focus|Q3_amr_core,pending,,,,
EPMC-2503,42029722,10.1007/s00299-026-03820-x,Evaluation of computational tools for the prediction of CRISPR/SpCas9 gRNA activity in plants.,2026,,Q2_block_holdout_focus,pending,,,,
EPMC-2504,41408707,10.1093/ismejo/wraf267,Everything is everywhere but Escherichia coli adapts to different niches.,2026,,Q1_protocol_broad|Q2_block_holdout_focus|Q3_amr_core,pending,,,,
EPMC-2505,42484785,10.1007/s11259-026-11411-0,Evolution of swine influenza surveillance and one health governance in Taiwan: from zoonotic risk management to integrated preparedness.,2026,,Q1_protocol_broad|Q2_block_holdout_focus|Q3_amr_core,pending,,,,
EPMC-2506,41624419,10.1093/hr/uhaf247,Evolutionary analysis of ascorbate-glutathione cycle genes across green plants with lineage-specific profiling in grapevine (&lt;i&gt;Vitis vinifera&lt;/i&gt; L.).,2026,,Q2_block_holdout_focus,pending,,,,
EPMC-2507,42284356,10.1371/journal.pbio.3003848,Evolutionary inference reveals global natural histories and predicted pathways of antimicrobial resistance in Klebsiella pneumoniae.,2026,,Q1_protocol_broad|Q3_amr_core,pending,,,,
EPMC-2508,42008679,10.1073/pnas.2527700123,Evolvable AI: Threats of a new major transition in evolution.,2026,,Q3_amr_core,pending,,,,
EPMC-2509,42278616,10.3390/ijms27115092,Evolving Approaches to Bacterial Identification: A Review of Classical and Modern Techniques.,2026,,Q1_protocol_broad|Q3_amr_core,pending,,,,
EPMC-2510,42192798,10.3390/brainsci16050487,Evolving Landscape of Glioblastoma Research: Integrating Therapeutic Advances and Diagnostic Frontiers.,2026,,Q2_block_holdout_focus,pending,,,,
EPMC-2511,42418234,10.1099/mgen.0.001785,Evolving strategies for virus discovery.,2026,,Q1_protocol_broad|Q2_block_holdout_focus,pending,,,,
EPMC-2512,42475384,10.1371/journal.pone.0354014,Exosomal gene-based predictive model and therapeutic target identification for Alzheimer's disease: A bioinformatics analysis.,2026,,Q1_protocol_broad|Q3_amr_core,pending,,,,
EPMC-2513,41603032,10.1097/cm9.0000000000003955,Expanding role of cell-free DNA for the early diagnosis and monitoring of pulmonary diseases.,2026,,Q2_block_holdout_focus,pending,,,,
EPMC-2514,42187710,10.3390/biology15100748,Expanding the Microbial Genomic Landscape and Biotechnological Applications of CRISPR-Cas Systems.,2026,,Q1_protocol_broad|Q2_block_holdout_focus|Q3_amr_core,pending,,,,
EPMC-2515,41753560,10.3390/microorganisms14020273,Experimental Evolution of Pathogenic &lt;i&gt;Candida&lt;/i&gt; spp.: Insights into Adaptive Processes and Evolutionary Dynamics.,2026,,Q3_amr_core,pending,,,,
EPMC-2516,42030012,10.1007/s44154-026-00306-4,"Exploiting plant immune ""switches"" for resistance engineering.",2026,,Q2_block_holdout_focus,pending,,,,
EPMC-2517,42558451,10.3389/fcimb.2026.1844856,Exploration of SOCS3 and HSPA1A in PANoptosis during acute myocardial infarction and chronic kidney disease.,2026,,Q2_block_holdout_focus,pending,,,,
EPMC-2518,41733245,10.1093/femsre/fuag007,Exploring cooperation among social pathogens: a computational perspective.,2026,,Q1_protocol_broad|Q2_block_holdout_focus|Q3_amr_core,pending,,,,
EPMC-2519,42018649,10.1049/syb2.70066,Exploring the Power of Machine Learning in Analysing Protein-Protein Sequences.,2026,,Q1_protocol_broad|Q2_block_holdout_focus,pending,,,,
EPMC-2520,41683945,10.3390/ijms27031524,Exploring the Role of Extracellular Vesicles in Pancreatic and Hepatobiliary Cancers: Advances Through Artificial Intelligence.,2026,,Q2_block_holdout_focus,pending,,,,
EPMC-2521,41752610,10.3390/insects17020207,Exploring the Structure-Activity Relationships and Molecular Mechanisms of Black Soldier Fly-Derived Antimicrobial Peptides with AI Insights.,2026,,Q1_protocol_broad|Q2_block_holdout_focus|Q3_amr_core,pending,,,,
EPMC-2522,42317814,,Exploring the Utility of MALDI-TOF Mass Spectrometry and Antimicrobial Resistance in Hospital Outbreak Detection.,2026,,Q1_protocol_broad|Q2_block_holdout_focus,pending,,,,
EPMC-2523,42491328,10.1016/j.engmic.2026.100279,Exploring the emerging role of CRISPR-Cas systems in probiotic development.,2026,,Q1_protocol_broad|Q3_amr_core,pending,,,,
EPMC-2524,41389591,10.1016/j.vetmic.2025.110828,Exploring the molecular basis of serotyping and antibiotic resistance differences in Riemerella anatipestifer based on pan-genomics and machine learning.,2026,,Q1_protocol_broad|Q3_amr_core,pending,,,,
EPMC-2525,42338969,10.3389/fphar.2026.1851696,"Exploring the molecular link between arecoline exposure and prostate cancer-related alterations: integrative evidence from network toxicology, single-cell transcriptomics, molecular simulation, and experimental validation.",2026,,Q2_block_holdout_focus,pending,,,,
EPMC-2526,41758391,10.1007/s12672-025-04114-6,"Exploring the potential mechanisms of hydroquinone on bladder cancer using network toxicology, Mendelian randomization analysis, molecular docking, and molecular dynamics simulations.",2026,,Q2_block_holdout_focus,pending,,,,
EPMC-2527,42065047,10.32604/or.2026.075916,"Extrachromosomal DNA in Solid Tumors-Landscape, Immune Effects, and Resistance to Targeted Therapy.",2026,,Q3_amr_core,pending,,,,
EPMC-2528,41692701,10.1111/1758-2229.70301,Extreme Salinity Change Governs Microbial Community Assembly and Interactions.,2026,,Q3_amr_core,pending,,,,
EPMC-2529,41551930,10.1093/nargab/lqaf216,FLYNC: a machine-learning-driven framework for discovering long noncoding RNAs in &lt;i&gt;Drosophila melanogaster&lt;/i&gt;.,2026,,Q1_protocol_broad|Q2_block_holdout_focus,pending,,,,
EPMC-2530,42197004,10.3390/nu18101544,FMT from Exercise and Konjac Glucomannan Preconditioned Donors Rescues Antibiotic-Induced Dysbiosis with Enhanced Ecological Restoration in Mice.,2026,,Q3_amr_core,pending,,,,
EPMC-2531,41855934,10.1016/j.ejop.2026.126196,FScanR reveals widespread programmed ribosomal frameshifting consistent with neutral evolution in a ciliate model.,2026,,Q2_block_holdout_focus,pending,,,,
EPMC-2532,42074559,10.3390/genes17040441,Fatal Infantile Cardiomyopathy Associated with a Homozygous &lt;i&gt;MYL2&lt;/i&gt; c.413T&gt;A (p.Met138Lys) Variant: A Case Expanding the Recessive &lt;i&gt;MYL2&lt;/i&gt; Phenotypic Spectrum.,2026,,Q2_block_holdout_focus,pending,,,,
EPMC-2533,42310475,10.1002/mbo3.70326,Fecal Microbiome Alterations in Colorectal Cancer: A Systematic Review of Compositional Changes and Microbial Biomarkers.,2026,,Q2_block_holdout_focus,pending,,,,
EPMC-2534,41992382,10.1186/s42523-026-00569-2,Fecal virome at the human-animal interface: a one health perspective on an uncharted frontier.,2026,,Q2_block_holdout_focus|Q3_amr_core,pending,,,,
EPMC-2535,,10.64898/2026.02.03.702791,Federated cross-biobank conditional analysis identifies LDL-C lowering effects of  <i>DNAJC13</i>  haploinsufficiency and  <i>LDLR</i>  regulation,2026,,Q3_amr_core,pending,,,,
EPMC-2536,41586531,10.1128/aem.02235-25,Fermentation conditions outweigh phylogeny in shaping the metabolome of novel &lt;i&gt;Micromonospora&lt;/i&gt; strains: an integrated genomics-metabolomics analysis.,2026,,Q1_protocol_broad|Q3_amr_core,pending,,,,
EPMC-2537,42355540,10.3390/life16061014,"Fiber-Degrading Microorganisms: Types, Screening and Applications.",2026,,Q1_protocol_broad|Q3_amr_core,pending,,,,
EPMC-2538,42095069,10.1016/j.isci.2026.115695,Filtering of artificial chimeric reads generated by ligation preparation method of nanopore sequencing.,2026,,Q2_block_holdout_focus,pending,,,,
EPMC-2539,42291305,10.3389/fcimb.2026.1833650,Fluoroquinolones as the linchpin of tuberculosis therapy: contrasting efficacy and resistance profiles in &lt;i&gt;Mycobacterium tuberculosis&lt;/i&gt; versus &lt;i&gt;Mycobacterium abscessus&lt;/i&gt;.,2026,,Q2_block_holdout_focus|Q3_amr_core,pending,,,,
EPMC-2540,41700755,10.1002/advs.202522628,Forecasting Root Rot Disease through Predictive Microbial Functional Profiling.,2026,,Q1_protocol_broad|Q2_block_holdout_focus,pending,,,,
EPMC-2541,42284484,10.1002/advs.76059,From Defense Executor to Engineering Target: Harnessing Lignin for Crop Resistance.,2026,,Q2_block_holdout_focus,pending,,,,
EPMC-2542,41433142,10.1021/acs.analchem.5c06356,From Drops to Decisions: AI/ML-Driven Biofluidics for Clinical Diagnostics and Healthcare Intelligence.,2026,,Q3_amr_core,pending,,,,
EPMC-2543,42074286,10.3390/ijms27083647,From Local Tissue Repair to Fibrosis: Deciphering Gene Co-Expression Networks in Benign Pulmonary Nodules and Idiopathic Pulmonary Fibrosis Comorbidity via Bioinformatics and Machine Learning.,2026,,Q2_block_holdout_focus,pending,,,,
EPMC-2544,41486594,10.1002/advs.202516600,From Natural Discovery to AI-Guided Design: A Curated Collection of Compact Enhancers for Crop Engineering.,2026,,Q2_block_holdout_focus,pending,,,,
EPMC-2545,42266447,10.1155/ijm/7658756,"From Powder to Pathogen: A Systematic Review of Detection, Pathogenicity, and Mitigation of &lt;i&gt;Cronobacter sakazakii&lt;/i&gt; in Infant Formula.",2026,,Q1_protocol_broad|Q3_amr_core,pending,,,,
EPMC-2546,42452174,10.3390/plants15131967,From Prediction to Creation: Generative Plant Design.,2026,,Q2_block_holdout_focus,pending,,,,
EPMC-2547,42346858,10.3390/medsci14020319,From Species Identification to Empirical Therapy: A Machine Learning and Rule-Based Decision Support Framework for Antifungal Resistance Prediction in ICU &lt;i&gt;Candida&lt;/i&gt; Infections.,2026,,Q1_protocol_broad|Q2_block_holdout_focus|Q3_amr_core,pending,,,,
EPMC-2548,42193025,10.3390/cancers18101668,From Traditional Risk Factors to Machine Learning Models: Advancing the Prediction of Anastomotic Leak and Other Major Complications in Colorectal Cancer Surgery.,2026,,Q1_protocol_broad|Q2_block_holdout_focus,pending,,,,
EPMC-2549,42058108,10.1515/med-2026-1380,From burden to action: Saudi Arabia's strategy on antimicrobial resistance.,2026,,Q3_amr_core,pending,,,,
EPMC-2550,42345020,10.3389/fcimb.2026.1852380,From dysbiosis to malignancy: decoding gut-driven pathways to clinical management in hepatocellular carcinoma.,2026,,Q2_block_holdout_focus,pending,,,,
EPMC-2551,42388316,10.3389/fmicb.2026.1843755,From dysbiosis to tumorigenesis: microbiome-derived metabolites as emerging cancer biomarkers.,2026,,Q2_block_holdout_focus,pending,,,,
EPMC-2552,42404174,10.3389/fvets.2026.1823640,From genomes to interventions: computational strategies transforming parasitology.,2026,,Q1_protocol_broad|Q2_block_holdout_focus,pending,,,,
EPMC-2553,41704814,10.3389/fvets.2026.1744053,From machine learning to digital twin integration for livestock production and research.,2026,,Q1_protocol_broad|Q2_block_holdout_focus|Q3_amr_core,pending,,,,
EPMC-2554,42254157,10.1097/ms9.0000000000005027,"From microbiome profiling to precision medicine: diagnostic and therapeutic potential in gastrointestinal disorders: current evidence, challenges, and future directions.",2026,,Q1_protocol_broad|Q2_block_holdout_focus|Q3_amr_core,pending,,,,
EPMC-2555,42524013,10.3389/fcimb.2026.1865643,"From serum inflammatory markers to fluid, tissue, and molecular assays: current advances in the laboratory diagnosis of bone and joint infections.",2026,,Q1_protocol_broad|Q2_block_holdout_focus|Q3_amr_core,pending,,,,
EPMC-2556,42271540,10.1186/s43897-026-00236-9,From signals to solutions: stress-induced leaf senescence and synthetic biology and AI approaches for crop resilience.,2026,,Q1_protocol_broad|Q2_block_holdout_focus,pending,,,,
EPMC-2557,42232722,10.7717/peerj.21304,Frontiers in aptamer-based diagnostics and therapeutics for zoonotic diseases.,2026,,Q2_block_holdout_focus|Q3_amr_core,pending,,,,
EPMC-2558,42153346,10.1093/database/baag023,FuNGI: Fungal Nucleolar Genomic Inventory-a comprehensive database of fungal proteins with predicted nucleolar localization signals.,2026,,Q2_block_holdout_focus,pending,,,,
EPMC-2559,42555605,10.1371/journal.pone.0353794,Fumarate-associated immunometabolic network in Periodontitis revealed by integrated transcriptomic and single-cell RNA sequencing analysis.,2026,,Q2_block_holdout_focus,pending,,,,
EPMC-2560,42075189,10.3390/microorganisms14040791,Functional Assessment of Orphan Proteins in the &lt;i&gt;Streptomyces&lt;/i&gt; Pan-Proteome Through Genome-Wide Synteny Analysis.,2026,,Q2_block_holdout_focus|Q3_amr_core,pending,,,,
EPMC-2561,42559685,10.1093/nar/gkag756,Functional analysis of natural variation in the RNA-binding protein CsrA across the bacterial domain predicts regulatory activity.,2026,,Q1_protocol_broad|Q2_block_holdout_focus|Q3_amr_core,pending,,,,
EPMC-2562,41902375,10.1093/plcell/koag087,Functional insights into dispensable genes using genome-wide loss-of-function burden tests in Arabidopsis.,2026,,Q1_protocol_broad|Q2_block_holdout_focus,pending,,,,
EPMC-2563,42026467,10.1186/s12866-026-05064-x,Functional remodeling of the gut microbiome and metabolome in primary idiopathic male infertility.,2026,,Q2_block_holdout_focus,pending,,,,
EPMC-2564,42495173,10.18699/vjgb-26-62,Fungal pathogens of plants: deciphering the mechanisms of Fusarium wilt.,2026,,Q3_amr_core,pending,,,,
EPMC-2565,41645295,10.1186/s13059-026-03983-6,FungiGuard: identification of plant antifungal peptides with artificial intelligence.,2026,,Q1_protocol_broad|Q2_block_holdout_focus,pending,,,,
EPMC-2566,41965534,10.1186/s12859-026-06440-0,GGAR: gradient guided adaptive regularization enhances deep learning classification of brassica species using codon usage bias.,2026,,Q1_protocol_broad|Q2_block_holdout_focus,pending,,,,
EPMC-2567,41703894,10.1002/bcp.70487,GLP-1 agonists and the gut microbiome: A bidirectional relationship.,2026,,Q2_block_holdout_focus,pending,,,,
EPMC-2568,41782635,10.1016/j.jtauto.2026.100357,GRN and KLRB1 define a shared peripheral-blood transcriptomic signature linking SLE and IPF.,2026,,Q2_block_holdout_focus,pending,,,,
EPMC-2569,41883144,10.1093/bioinformatics/btag144,GRNFormer: accurate gene regulatory network inference using graph transformer.,2026,,Q2_block_holdout_focus,pending,,,,
EPMC-2570,41558219,10.1016/j.compbiolchem.2026.108909,GSR-ST: A generalized spatial-temporal framework for genomic signals and regions prediction using multi-scale feature fusion.,2026,,Q2_block_holdout_focus,pending,,,,
EPMC-2571,41753579,10.3390/microorganisms14020293,GWAS and Machine Learning Screening of Genomic Determinants Underlying Host Adaptation in Swine and Chicken &lt;i&gt;Salmonella&lt;/i&gt; Typhimurium Isolates.,2026,,Q1_protocol_broad|Q3_amr_core,pending,,,,
EPMC-2572,42451168,10.3390/nu18132165,Gastric Microbiota Dysbiosis and Microbiome-Based Interventions in Chronic Atrophic Gastritis.,2026,,Q2_block_holdout_focus,pending,,,,
EPMC-2573,42440958,10.3389/frai.2026.1782333,Gated recurrent unit model for forecasting greenhouse gas concentrations with uncertainty quantification.,2026,,Q1_protocol_broad|Q2_block_holdout_focus,pending,,,,
EPMC-2574,41944309,10.1002/advs.202517245,Gemella morbillorum Promotes Colorectal Carcinogenesis: LPBDCP-Mediated Invasion Activates Ras Signaling and Destabilizes p53.,2026,,Q2_block_holdout_focus,pending,,,,
EPMC-2575,41768421,10.1155/bri/2724332,"Gene Expression, Docking and Machine Learning in Malaria Drug Discovery: A Systematic Review.",2026,,Q2_block_holdout_focus,pending,,,,
EPMC-2576,41554351,10.1016/j.phrs.2026.108104,Gene modification: Exploring the potential in treating kidney diseases.,2026,,Q3_amr_core,pending,,,,
EPMC-2577,41803457,10.1038/s41576-026-00939-1,Gene regulatory networks: from correlative models to causal explanations.,2026,,Q2_block_holdout_focus,pending,,,,
EPMC-2578,42010248,10.1038/s41467-026-72184-3,Generative approaches to kinetic parameter inference in metabolic networks via latent space exploration.,2026,,Q2_block_holdout_focus,pending,,,,
EPMC-2579,42211230,10.1016/j.vas.2026.100702,"Generative artificial intelligence in animal genomics for smart agriculture: Applications, challenges, and future prospects.",2026,,Q2_block_holdout_focus,pending,,,,
EPMC-2580,41929508,10.3389/fimmu.2026.1494343,Genes causative of primary immunodeficiency are risk factors for and are over-expressed in systemic lupus erythematosus.,2026,,Q2_block_holdout_focus,pending,,,,
EPMC-2581,42452204,10.3390/plants15131997,"Genetic Diversity, Population Structure, Integration of Genome-Wide Association Studies and Machine Learning for Antibacterial Trait Analysis in the Mediterranean Spice Laurel (&lt;i&gt;Laurus nobilis&lt;/i&gt;).",2026,,Q1_protocol_broad|Q2_block_holdout_focus,pending,,,,
EPMC-2582,41562915,10.3390/medsci14010025,Genetic Insights into the Economic Toll of Cell Line Misidentification: A Comprehensive Review.,2026,,Q2_block_holdout_focus,pending,,,,
EPMC-2583,42297812,10.1038/s41467-026-74057-1,Genetic and pharmacological inactivation of peptidoglycan remodeling increases antibiotic susceptibility of vancomycin-resistant Enterococcus faecium.,2026,,Q3_amr_core,pending,,,,
EPMC-2584,42211476,10.3389/fpls.2026.1793924,"Genetic enhancement of root, tuber and cereal crops via pangenomics, multi-omics integration and AI-driven prediction.",2026,,Q1_protocol_broad|Q2_block_holdout_focus,pending,,,,
EPMC-2585,41941864,10.1590/1678-4685-gmb-2025-0244,Genetic insights into the peoples who shaped the American continent.,2026,,Q3_amr_core,pending,,,,
EPMC-2586,41699469,10.1186/s12864-026-12628-8,Genetic structure analysis of a Northwest Chinese population using a self-developed DIP system and machine learning for forensic ancestry inference.,2026,,Q1_protocol_broad|Q3_amr_core,pending,,,,
EPMC-2587,,10.21203/rs.3.rs-8789707/v1,"Genetic substructure in Latin American individuals reveals novel associations, mechanistic insights, and variable polygenic risk score transferability for alcohol traits",2026,,Q3_amr_core,pending,,,,
EPMC-2588,41824322,10.1099/mgen.0.001535,Genetic traits of IncK2 plasmids and the &lt;i&gt;Escherichia coli&lt;/i&gt; host underlying the association to the chicken gut.,2026,,Q1_protocol_broad|Q2_block_holdout_focus|Q3_amr_core,pending,,,,
EPMC-2589,41982388,10.1016/j.engmic.2025.100258,Genetically encoded biosensors enabled high-throughput screening of microbial cell factories.,2026,,Q2_block_holdout_focus,pending,,,,
EPMC-2590,41787531,10.1186/s13048-026-01963-9,Genetically predicted inflammatory cytokines mediate the associations between the gut microbiota and ovarian cancer: a bidirectional two-sample Mendelian randomization study.,2026,,Q2_block_holdout_focus,pending,,,,
EPMC-2591,42296234,10.1093/bfgp/elag004,"Genetically supported mediators linking peripheral metabolism to cerebral ischemia: a multi-omics characterization of HMGCR, TLR4, and MMP9 in angina pectoris and stroke.",2026,,Q2_block_holdout_focus,pending,,,,
EPMC-2592,42450278,10.3390/ijms27136012,Genome Editing Approaches in Flax (&lt;i&gt;Linum usitatissimum&lt;/i&gt; L.): From Tools to Trait Improvement.,2026,,Q2_block_holdout_focus|Q3_amr_core,pending,,,,
EPMC-2593,42427100,10.1093/gbe/evag174,Genome Evolution in Plant Pathogenic Bacteria.,2026,,Q1_protocol_broad|Q2_block_holdout_focus|Q3_amr_core,pending,,,,
EPMC-2594,42398073,10.1093/bib/bbag357,Genome assemblies and annotations are not static and need support for tracking their evolution.,2026,,Q3_amr_core,pending,,,,
EPMC-2595,41781614,10.1038/s41586-026-10176-5,Genome modelling and design across all domains of life with Evo 2.,2026,,Q2_block_holdout_focus,pending,,,,
EPMC-2596,41745767,10.3390/toxins18020101,Genome-Guided Identification of an OTA-Degrading Amidohydrolase AMH2102 from &lt;i&gt;Acinetobacter kookii&lt;/i&gt; AK4 with Enhanced Soluble Expression in &lt;i&gt;Escherichia coli&lt;/i&gt;.,2026,,Q1_protocol_broad|Q3_amr_core,pending,,,,
EPMC-2597,41668884,10.3389/fmicb.2026.1724818,Genome-based characterization of AHPND and non-AHPND &lt;i&gt;Vibrio campbellii&lt;/i&gt; isolates from Republic of Korea.,2026,,Q1_protocol_broad|Q3_amr_core,pending,,,,
EPMC-2598,42059386,10.1128/spectrum.03127-25,Genome-based insights into metal co-resistance in Amazonian mercury-resistant bacteria: ecological lifestyle and biosafety implications for bioremediation.,2026,,Q1_protocol_broad|Q3_amr_core,pending,,,,
EPMC-2599,42007968,10.1099/mgen.0.001693,Genome-based source attribution using a One Health &lt;i&gt;Escherichia coli&lt;/i&gt; isolate collection from 2013 to 2023 in Scotland.,2026,,Q1_protocol_broad|Q3_amr_core,pending,,,,
EPMC-2600,41988658,10.1093/jac/dkag131,Genome-wide association studies builds a predictive model and reveals novel resistance features for macrolide-resistant Bordetella pertussis.,2026,,Q1_protocol_broad|Q3_amr_core,pending,,,,
EPMC-2601,42236716,10.1038/s41467-026-73634-8,Genome-wide modelling of plant transcription factor binding captures regulatory variants associated with phenotypic traits.,2026,,Q2_block_holdout_focus,pending,,,,
EPMC-2602,42285985,10.1038/s41598-026-40591-7,Genome-wide pervasiveness and localized variation of [Formula: see text]-mer-based genomic signatures in eukaryotes.,2026,,Q2_block_holdout_focus,pending,,,,
EPMC-2603,,10.64898/2026.08.25.747089,Genomic Context as a Predictor of Multidrug Resistance in African Klebsiella pneumoniae: A Feasibility Study with Leave-One-Country-Out Validation,2026,,Q1_protocol_broad|Q3_amr_core,pending,,,,
EPMC-2604,,10.64898/2026.05.25.727578,Genomic Diagnostics for Drug-Resistant Mycobacterium tuberculosis: Computational Prediction of Antimicrobial Resistance,2026,,Q1_protocol_broad|Q3_amr_core,pending,,,,
EPMC-2605,41724709,10.1002/mbo3.70236,Genomic Epidemiology and Machine Learning-Based Drug Discovery for Antimicrobial Resistant Diarrheagenic Escherichia coli.,2026,,Q1_protocol_broad|Q3_amr_core,pending,,,,
EPMC-2606,,10.64898/2026.07.03.26357218,Genomic Epidemiology of Multi-Modal ESBL Gene Transmission among Enterobacterales in a Neonatal Unit,2026,,Q1_protocol_broad|Q2_block_holdout_focus|Q3_amr_core,pending,,,,
EPMC-2607,42249581,10.1111/1751-7915.70397,Genomic Map of Escherichia coli and Single Nucleotide Polymorphism Markers in Colorectal Cancer.,2026,,Q1_protocol_broad|Q2_block_holdout_focus|Q3_amr_core,pending,,,,
EPMC-2608,41501634,10.1186/s12864-025-12348-5,Genomic adaptability and virulence of Bacillus anthracis: a machine learning-based pan-genome and comparative analysis.,2026,,Q1_protocol_broad|Q3_amr_core,pending,,,,
EPMC-2609,41677703,10.3390/biology15030232,Genomic and Functional Characterization of Lytic &lt;i&gt;Tlsvirus&lt;/i&gt; Bacteriophages Targeting &lt;i&gt;Salmonella&lt;/i&gt; Infantis Isolated from Poultry Farms in Ecuador.,2026,,Q1_protocol_broad|Q3_amr_core,pending,,,,
EPMC-2610,,10.21203/rs.3.rs-9148578/v1,Genomic and Machine Learning Approaches for Predicting Antimicrobial Resistance: A One Health Scoping Review in Low- and Middle-Income Countries,2026,,Q3_amr_core,pending,,,,
EPMC-2611,,10.21203/rs.3.rs-8910748/v1,Genomic and Machine Learning Approaches for Predicting Gut-Microbe Infections in Preterm Infants: A Systematic Review of African Studies,2026,,Q3_amr_core,pending,,,,
EPMC-2612,42450746,10.3390/ani16132039,Genomic and Phenotypic Characterization of Avian-Derived &lt;i&gt;Limosilactobacillus reuteri&lt;/i&gt; Strains Showing Pathogen-Inhibiting Activity and Folate Production.,2026,,Q1_protocol_broad|Q3_amr_core,pending,,,,
EPMC-2613,42207801,10.1371/journal.pone.0348054,Genomic and functional characterization of a novel halophilic bacteriophage targeting carbapenem-resistant Klebsiella pneumoniae.,2026,,Q1_protocol_broad|Q3_amr_core,pending,,,,
EPMC-2614,41749098,10.1186/s12864-026-12635-9,Genomic and phenotypic characterization of Vibrio cholerae strain SU109: a genomic investigation of a shrimp-associated strain from Bangladesh.,2026,,Q1_protocol_broad|Q3_amr_core,pending,,,,
EPMC-2615,42274277,10.1128/spectrum.00846-26,Genomic and phenotypic characterization of novel jumbo and small bacteriophages infecting &lt;i&gt;Xanthomonas hortorum&lt;/i&gt; pv. &lt;i&gt;vitians&lt;/i&gt;: toward a phage-based biocontrol strategy.,2026,,Q1_protocol_broad|Q3_amr_core,pending,,,,
EPMC-2616,41805947,10.1371/journal.pone.0344787,"Genomic and phylogenomic exploration of Vibrio cholerae strain SU129B isolated from Penaeus vannamei: Resistance, virulence, and evolutionary dynamics in bangladeshi aquaculture.",2026,,Q1_protocol_broad|Q3_amr_core,pending,,,,
EPMC-2617,42235509,10.1016/j.xgen.2026.101273,Genomic and socioeconomic drivers of antimicrobial resistance forecast to 2050.,2026,,Q1_protocol_broad|Q2_block_holdout_focus|Q3_amr_core,pending,,,,
EPMC-2618,41954597,10.1099/mgen.0.001667,Genomic and statistical models to characterize &lt;i&gt;Streptococcus pneumoniae&lt;/i&gt; transmission patterns in Malawi.,2026,,Q1_protocol_broad|Q3_amr_core,pending,,,,
EPMC-2619,42171620,10.1099/mgen.0.001730,"Genomic characterization of invasive &lt;i&gt;Streptococcus pneumoniae&lt;/i&gt; isolates from a southern Taiwan medical centre, 2015-2023.",2026,,Q1_protocol_broad|Q3_amr_core,pending,,,,
EPMC-2620,41783494,10.3389/fmicb.2026.1729846,Genomic diversity and host-specificity in &lt;i&gt;Corynebacterium pseudotuberculosis&lt;/i&gt; using comparative population genomics.,2026,,Q1_protocol_broad|Q2_block_holdout_focus|Q3_amr_core,pending,,,,
EPMC-2621,41855150,10.1371/journal.pone.0345259,Genomic evolution of SARS-CoV-2 delta variants pre- and post-omicron emergence using alignment-free machine learning models.,2026,,Q1_protocol_broad|Q2_block_holdout_focus,pending,,,,
EPMC-2622,41484934,10.1186/s40793-025-00839-7,Genomic insights into adaptative traits of phyllosphere yeasts.,2026,,Q1_protocol_broad|Q2_block_holdout_focus,pending,,,,
EPMC-2623,42287752,10.1093/lambio/ovag054,Genomic insights into antimicrobial resistance and isolation source classification of Cronobacter sakazakii from infant and toddler food in the United States.,2026,,Q1_protocol_broad|Q3_amr_core,pending,,,,
EPMC-2624,42458242,10.1186/s12864-026-13121-y,Genomic insights into specialized and primary metabolism gene clusters in methicillin-resistant Staphylococcus aureus from Egyptian community settings.,2026,,Q1_protocol_broad|Q3_amr_core,pending,,,,
EPMC-2625,41684674,10.3389/fmicb.2026.1720092,"Genomic landscape of complete &lt;i&gt;Acinetobacter&lt;/i&gt; phages: clustering, core-shell genes, and synteny insights.",2026,,Q3_amr_core,pending,,,,
EPMC-2626,41554734,10.1038/s41467-026-68571-5,Genomic language model mitigates chimera artifacts in nanopore direct RNA sequencing.,2026,,Q2_block_holdout_focus,pending,,,,
EPMC-2627,42376844,10.1099/mgen.0.001742,Genomic outbreak investigation of biosafety-level-3 pathogens using nanopore sequencing.,2026,,Q1_protocol_broad|Q2_block_holdout_focus,pending,,,,
EPMC-2628,41739546,10.1093/molbev/msag041,Genomic perplexity and the evolution of context-dependent function.,2026,,Q2_block_holdout_focus,pending,,,,
EPMC-2629,,,Genomic perspectives on the inference of evolutionary changes in ecological life-history traits,2026,,Q2_block_holdout_focus,pending,,,,
EPMC-2630,42117717,10.1128/spectrum.02207-25,"Genomic profiling of &lt;i&gt;Morganella morganii&lt;/i&gt;: insights into antibiotic resistance genes, pathogenicity islands, and toxin-antitoxin systems.",2026,,Q1_protocol_broad|Q3_amr_core,pending,,,,
EPMC-2631,42497796,10.1016/j.psj.2026.107312,"Genomic signatures of host adaptation in Pasteurella multocida from poultry, cattle, swine, and cats: insights from interpretable machine learning.",2026,,Q1_protocol_broad|Q2_block_holdout_focus|Q3_amr_core,pending,,,,
EPMC-2632,41969657,10.3389/fcimb.2026.1777911,Genomic similarity to quantitatively evaluate the reassortment potential of H7N9 with other subtypes of avian influenza viruses.,2026,,Q2_block_holdout_focus,pending,,,,
EPMC-2633,42487709,10.3389/fmicb.2026.1891518,Genomic variant-driven prediction of azole resistance in &lt;i&gt;Aspergillus fumigatus&lt;/i&gt; using GWAS and machine learning.,2026,,Q1_protocol_broad|Q2_block_holdout_focus|Q3_amr_core,pending,,,,
EPMC-2634,41896353,10.1038/s41588-026-02567-1,"Genomic, phenomic and geographic associations of leukocyte telomere length in the United States.",2026,,Q1_protocol_broad|Q3_amr_core,pending,,,,
EPMC-2635,41684678,10.3389/fmicb.2026.1735728,Genomic-based biosurveillance for avian influenza: whole genome sequencing from wild mallards sampled during autumn migration in 2022-2023 reveals a high co-infection rate on migration stopover site in Georgia.,2026,,Q1_protocol_broad|Q2_block_holdout_focus,pending,,,,
EPMC-2636,,10.64898/2026.02.21.707173,"Genomic-island cassette architecture drives pathogenic  <i>Enterococcus cecorum</i>  lineages: Cassette2Vec-EC, a structural genomics and machine-learning framework",2026,,Q2_block_holdout_focus,pending,,,,
EPMC-2637,42487707,10.3389/fmicb.2026.1882753,Genomic-island cassette architecture provides interpretable signal for exploratory classification of poultry-associated &lt;i&gt;Enterococcus cecorum&lt;/i&gt; lineages.,2026,,Q1_protocol_broad|Q2_block_holdout_focus|Q3_amr_core,pending,,,,
EPMC-2638,40467859,10.1038/s41576-025-00849-8,Genomics of host-microbiome interactions in humans.,2026,,Q2_block_holdout_focus,pending,,,,
EPMC-2639,41901708,10.3390/pathogens15030255,Genotypic and Phenotypic Characterisation of &lt;i&gt;Staphylococcus aureus&lt;/i&gt; Enterotoxins Using Single-Cell Raman Spectroscopy and Metabolomics.,2026,,Q1_protocol_broad|Q2_block_holdout_focus,pending,,,,
EPMC-2640,42470920,10.1016/j.vetmic.2026.111136,Genotypic-phenotypic concordance of Pasteurella multocida isolated from bovine respiratory disease cases.,2026,,Q3_amr_core,pending,,,,
EPMC-2641,41953447,10.3389/fmicb.2026.1739103,Gi-MAPS: a quantitative engineering framework for AI-guided pediatric gut microbiome ecological interpretation and digital-twin simulation.,2026,,Q1_protocol_broad|Q2_block_holdout_focus,pending,,,,
EPMC-2642,41893015,10.3390/jpm16030146,"Global Burden of Deep Neck Space Abscesses: Epidemiology, Challenges, and Outcomes.",2026,,Q2_block_holdout_focus|Q3_amr_core,pending,,,,
EPMC-2643,40749792,10.1016/j.jare.2025.07.053,Global genomics of Lactococcus lactis: horizontal gene transfer and intergenic variation drive multiple domestication and dairy adaptation.,2026,,Q1_protocol_broad|Q3_amr_core,pending,,,,
EPMC-2644,42516919,10.3389/frph.2026.1817416,Global research landscape and trends of single-cell sequencing in sexually transmitted infections: a comprehensive bibliometric analysis from 2015 to 2025.,2026,,Q3_amr_core,pending,,,,
EPMC-2645,42491451,10.1016/j.onehlt.2026.101509,"Global status, bias risks, and ecological integration of wild bat and rodent virome research.",2026,,Q1_protocol_broad|Q2_block_holdout_focus|Q3_amr_core,pending,,,,
EPMC-2646,41989285,10.7554/elife.103346,Global transcription factors analyses reveal hierarchy and synergism of regulatory networks and master virulence regulators in &lt;i&gt;Pseudomonas aeruginosa&lt;/i&gt;.,2026,,Q2_block_holdout_focus|Q3_amr_core,pending,,,,
EPMC-2647,42149609,10.1128/aem.02525-25,"Global whole-genome, phylodynamic, and machine-learning analysis of &lt;i&gt;Glaesserella parasuis&lt;/i&gt; serovars 2, 5, and 12.",2026,,Q1_protocol_broad|Q3_amr_core,pending,,,,
EPMC-2648,42199349,10.3892/etm.2026.13182,Glycolytic reprogramming in host response to &lt;i&gt;Borrelia burgdorferi&lt;/i&gt;: A gene signature revealed by integrative bioinformatics analysis and machine learning.,2026,,Q2_block_holdout_focus,pending,,,,
EPMC-2649,42336875,10.1038/s41598-026-58062-4,Graph informed biomarker discovery framework using transcriptomic machine learning for glioblastoma prognosis.,2026,,Q1_protocol_broad|Q2_block_holdout_focus,pending,,,,
EPMC-2650,42373126,10.1136/jitc-2026-015149,Guarding epithelial integrity: origins of adaptive immunity and cancer immunosurveillance over time and space.,2026,,Q2_block_holdout_focus,pending,,,,
EPMC-2651,41750556,10.3390/antiox15020175,"Gut Microbial Composition, Oxidative Stress, and Immunity in Metabolic Disease: Toward Personalized Interventions.",2026,,Q2_block_holdout_focus,pending,,,,
EPMC-2652,42450613,10.3390/biology15131066,"Gut Microbiomes of Rainbow Trout and Atlantic Salmon: Nutritional Modulation, Mucosal Immunity, and Resistome Risk.",2026,,Q1_protocol_broad|Q2_block_holdout_focus|Q3_amr_core,pending,,,,
EPMC-2653,42324777,10.1002/mbo3.70322,Gut Microbiota Alterations Associated With Colonization by Multidrug-Resistant Organisms in ICU Patients: First Systematic Review and Meta-Analysis.,2026,,Q2_block_holdout_focus|Q3_amr_core,pending,,,,
EPMC-2654,42512634,10.3390/healthcare14142117,"Gut Microbiota and Ageing: Mechanisms, Age-Related Diseases, and Therapeutic Perspectives.",2026,,Q2_block_holdout_focus,pending,,,,
EPMC-2655,42515794,10.3390/ph19071113,Gut Microbiota and Metabolic Dysfunction-Associated Steatotic Liver Disease: From Dysbiosis to Metagenomic Insights and Therapeutic Perspectives.,2026,,Q2_block_holdout_focus,pending,,,,
EPMC-2656,41596712,10.3390/ijms27021070,"Gut Microbiota and Type 2 Diabetes: Genetic Associations, Biological Mechanisms, Drug Repurposing, and Diagnostic Modeling.",2026,,Q1_protocol_broad|Q2_block_holdout_focus,pending,,,,
EPMC-2657,41674923,10.1155/mi/3572399,Gut Microbiota-Derived Metabolites Regulate CASP3 and Neuroimmune Pathways in Multiple Sclerosis: An Integrative Multiomics Study.,2026,,Q2_block_holdout_focus,pending,,,,
EPMC-2658,41764594,10.1186/s40168-026-02370-4,Gut T cell-microbiota crosstalk orchestrates antibacterial immunity and mucosal homeostasis in teleost.,2026,,Q2_block_holdout_focus,pending,,,,
EPMC-2659,41704769,10.1016/j.isci.2026.114664,Gut fungal landscape in colorectal cancer and its cross-kingdom interplay with gut microbial ecology.,2026,,Q1_protocol_broad|Q2_block_holdout_focus,pending,,,,
EPMC-2660,42271362,10.1186/s12967-026-08403-8,Gut fungal signatures in colorectal cancer and their potential for supporting diagnosis: a multi-cohort metagenomic analysis.,2026,,Q1_protocol_broad|Q2_block_holdout_focus,pending,,,,
EPMC-2661,41704316,10.3389/fmicb.2026.1760859,Gut microbial signatures of advanced hepatocellular carcinoma and their potential diagnostic value.,2026,,Q1_protocol_broad|Q2_block_holdout_focus,pending,,,,
EPMC-2662,41759374,10.1016/j.pharmr.2026.100120,"Gut microbiome and bile acid metabolism in liver disease: Mechanisms, clinical implications, and therapeutic opportunities.",2026,,Q2_block_holdout_focus,pending,,,,
EPMC-2663,42015346,10.1080/19490976.2026.2644677,Gut microbiome and metabolic health: mechanisms and precision interventions.,2026,,Q2_block_holdout_focus,pending,,,,
EPMC-2664,42518809,10.3389/fonc.2026.1810802,Gut microbiome biomarkers for colorectal cancer detection: a systematic review highlighting age as a key confounder.,2026,,Q1_protocol_broad|Q2_block_holdout_focus,pending,,,,
EPMC-2665,42202790,10.1016/j.xcrm.2026.102835,"Gut microbiome composition and functional potential associate with incident type 2 diabetes in 4,685 adults from a Swedish prospective cohort.",2026,,Q1_protocol_broad|Q2_block_holdout_focus,pending,,,,
EPMC-2666,42020446,10.1038/s41467-026-72289-9,Gut microbiome features associated with Bifidobacterium colonization predict personalized probiotic persistence patterns.,2026,,Q1_protocol_broad|Q2_block_holdout_focus,pending,,,,
EPMC-2667,41802308,10.3393/ac.2026.00010.0001,Gut microbiome in colorectal cancer: recent advances and clinical implications.,2026,,Q2_block_holdout_focus,pending,,,,
EPMC-2668,41931121,10.1007/s10238-026-02137-z,Gut microbiome remodeling across hepatocellular carcinoma progression and transarterial chemoembolization is associated with therapeutic response and prognosis.,2026,,Q2_block_holdout_focus,pending,,,,
EPMC-2669,42443264,10.1038/s41598-026-52974-x,Gut microbiome signatures associate with DNA methylation-based biological aging.,2026,,Q1_protocol_broad|Q2_block_holdout_focus,pending,,,,
EPMC-2670,41615149,10.1128/msystems.01263-25,Gut microbiome signatures associated with depression and obesity.,2026,,Q2_block_holdout_focus,pending,,,,
EPMC-2671,41339745,10.1038/s41564-025-02197-z,Gut microbiome-mediated transformation of dietary phytonutrients is associated with health outcomes.,2026,,Q2_block_holdout_focus,pending,,,,
EPMC-2672,42488628,10.3389/fimmu.2026.1873110,Gut microbiota and osteoarthritis: mechanisms and translation.,2026,,Q2_block_holdout_focus|Q3_amr_core,pending,,,,
EPMC-2673,41948584,10.3389/fmed.2026.1793041,"Gut microbiota and sepsis: mechanisms, clinical correlations, and therapeutic prospects.",2026,,Q2_block_holdout_focus|Q3_amr_core,pending,,,,
EPMC-2674,42420265,10.1038/s41467-026-75176-5,Gut microbiota associates with frailty in older women.,2026,,Q1_protocol_broad|Q2_block_holdout_focus,pending,,,,
EPMC-2675,42059606,10.1128/spectrum.02485-25,Gut microbiota composition and tumor immune features in meningioma patients.,2026,,Q1_protocol_broad|Q2_block_holdout_focus,pending,,,,
EPMC-2676,42495140,10.3389/fmicb.2026.1849097,Gut microbiota dysbiosis in adolescent depression: a comparative analysis with adult depression and healthy adolescent.,2026,,Q2_block_holdout_focus,pending,,,,
EPMC-2677,41789894,10.1128/msystems.01400-25,Gut virome and metabolic associations in patients with acute pancreatitis.,2026,,Q1_protocol_broad|Q2_block_holdout_focus,pending,,,,
EPMC-2678,41193697,10.1038/s41575-025-01134-z,Gut virome dynamics: from commensal to critical player in health and disease.,2026,,Q3_amr_core,pending,,,,
EPMC-2679,41657853,10.1177/30502098251415109,"Gut-Microbiome Interactions: Characterization, Therapeutic Implications and Machine Learning.",2026,,Q1_protocol_broad|Q3_amr_core,pending,,,,
EPMC-2680,41696869,10.1080/19490976.2026.2630563,GutMIND: A multi-cohort machine learning framework for integrative characteristics of the microbiota-gut-brain axis in neuropsychiatric disorders.,2026,,Q1_protocol_broad|Q2_block_holdout_focus,pending,,,,
EPMC-2681,42495760,10.3892/ijmm.2026.5937,Gut‑liver‑kidney axis: A systems biology framework for understanding and treating chronic kidney disease (Review).,2026,,Q2_block_holdout_focus,pending,,,,
EPMC-2682,41253219,10.1016/j.virusres.2025.199665,"HMPV-TherResDB: Comprehensive human metapneumovirus (HMPV) database for sequence-structure annotations, vaccine resources, and therapeutics research.",2026,,Q3_amr_core,pending,,,,
EPMC-2683,42515645,10.3390/v18070793,HSV-1 US3 Hijacks Conserved Actin Regulatory Complexes to Drive F-Actin Remodeling.,2026,,Q1_protocol_broad|Q2_block_holdout_focus,pending,,,,
EPMC-2684,41770016,10.1093/gigascience/giag024,HYMET: a hybrid metagenomic pipeline for accurate and efficient taxonomic classification.,2026,,Q3_amr_core,pending,,,,
EPMC-2685,41787302,10.1186/s12864-026-12725-8,Habitat-driven variation in gut microbiome composition and function of the pygmy grasshopper (Tetrix japonica) across diverse ecosystems in China.,2026,,Q2_block_holdout_focus,pending,,,,
EPMC-2686,42261595,10.1002/biot.70255,Harnessing Deep Learning Models for Guide RNA Optimization and Off-Target Prediction in CRISPR Systems.,2026,,Q1_protocol_broad|Q2_block_holdout_focus,pending,,,,
EPMC-2687,41699647,10.1186/s12943-026-02594-w,Harnessing PDX and PDX 2.0: the next-generation paradigm for precision oncology and translational breakthroughs.,2026,,Q2_block_holdout_focus,pending,,,,
EPMC-2688,41640388,10.1002/ece3.72952,"Harnessing Population Genomics, Gut Microbiota, and Environmental DNA Surveillance for the Conservation of Chinese Spotted Seals in a Changing World.",2026,,Q2_block_holdout_focus|Q3_amr_core,pending,,,,
EPMC-2689,41640959,10.4254/wjh.v18.i1.111902,Harnessing artificial intelligence in gastroenterology and hepatology: Current applications and future perspectives.,2026,,Q2_block_holdout_focus,pending,,,,
EPMC-2690,42337128,10.1007/s00122-026-05293-8,Harnessing artificial intelligence in plant breeding: innovations in digital phenotyping and breeding methodologies.,2026,,Q1_protocol_broad|Q2_block_holdout_focus,pending,,,,
EPMC-2691,41758122,10.1093/femsre/fuag006,Harnessing eCISs for precision phytomicrobiome engineering and biocontrol.,2026,,Q2_block_holdout_focus,pending,,,,
EPMC-2692,41840877,10.1002/tpg2.70213,Harnessing genomic resources for passion fruit improvement: Progress and prospects.,2026,,Q2_block_holdout_focus,pending,,,,
EPMC-2693,42291306,10.3389/fcimb.2026.1859508,Harnessing interpretable deep learning to predict resistance in &lt;i&gt;Klebsiella pneumoniae&lt;/i&gt;.,2026,,Q1_protocol_broad|Q3_amr_core,pending,,,,
EPMC-2694,42002600,10.1038/s41598-026-48926-0,"Harnessing machine learning models to repurpose drugs targeting HIV-1 integrase, protease, and reverse transcriptase.",2026,,Q2_block_holdout_focus,pending,,,,
EPMC-2695,42116101,10.1186/s13062-026-00788-2,Harnessing meta-analysis and artificial intelligence to reveal conserved regulatory biosignatures of abiotic stress in soybean.,2026,,Q1_protocol_broad|Q2_block_holdout_focus,pending,,,,
EPMC-2696,42394848,10.1002/mlf2.70088,Harnessing microbial power to degrade hydrocarbon-based plastics.,2026,,Q3_amr_core,pending,,,,
EPMC-2697,41647536,10.1016/j.fmre.2025.08.009,"Harnessing multi-omics and machine learning for predicting immune checkpoint blockade responses: Advances, challenges, and future directions.",2026,,Q1_protocol_broad|Q2_block_holdout_focus,pending,,,,
EPMC-2698,42555434,10.3389/fpls.2026.1861876,Harnessing synergistic potential of plant growth promoting bacteria to mitigate climate-induced stress in plants.,2026,,Q2_block_holdout_focus,pending,,,,
EPMC-2699,41349548,10.1146/annurev-immunol-082323-114522,"Harnessing the Microbiome in Cancer Immunotherapy: Regulation, Prediction, and Therapeutic Targeting.",2026,,Q2_block_holdout_focus|Q3_amr_core,pending,,,,
EPMC-2700,42555388,10.3389/fcimb.2026.1847443,Harnessing the gut microbiome to combat tuberculosis: a technological and clinical review.,2026,,Q1_protocol_broad|Q2_block_holdout_focus|Q3_amr_core,pending,,,,
EPMC-2701,42111295,10.1093/ismeco/ycag099,Heat stress reproportions distinct metabolic sub-populations of coral-algal endosymbionts.,2026,,Q2_block_holdout_focus,pending,,,,
EPMC-2702,41869502,10.1016/j.ese.2026.100683,Hi-C sequencing deciphers phage and plasmid host networks in wastewater biofilms.,2026,,Q3_amr_core,pending,,,,
EPMC-2703,42326372,10.1177/11779322261461933,Hidden in the Pangenome? Machine Learning-Driven Discovery of Antimicrobial Potential in &lt;i&gt;Corynebacterium glutamicum&lt;/i&gt;.,2026,,Q1_protocol_broad|Q2_block_holdout_focus|Q3_amr_core,pending,,,,
EPMC-2704,42327734,10.3389/fimmu.2026.1835523,High resolution immunoinformatic profiling of Zonula occludens toxin reveals a conserved multiepitope vaccine candidate in &lt;i&gt;Acinetobacter baumannii&lt;/i&gt;.,2026,,Q2_block_holdout_focus|Q3_amr_core,pending,,,,
EPMC-2705,41898797,10.3390/genes17030263,High-Resolution Microbial Fingerprinting for Forensic Individual Identification: A Proof-of-Concept Study Integrating 2bRAD-M and Hierarchical Attention Network.,2026,,Q1_protocol_broad|Q2_block_holdout_focus,pending,,,,
EPMC-2706,42409578,10.1101/gr.281341.125,High-accuracy SNV calling for bacterial isolates using deep learning with AccuSNV.,2026,,Q1_protocol_broad|Q3_amr_core,pending,,,,
EPMC-2707,41288390,10.1128/spectrum.01876-25,High-quality &lt;i&gt;Acinetobacter&lt;/i&gt; genomes recovered from combat wounds via metagenomic sequencing resemble cultured isolate genomes.,2026,,Q1_protocol_broad|Q3_amr_core,pending,,,,
EPMC-2708,41871940,10.1093/oncolo/oyag100,Homologous recombination deficiency and genomic alterations in advanced prostate cancer: insights for precision therapy.,2026,,Q3_amr_core,pending,,,,
EPMC-2709,42345817,10.3390/biology15120961,Horizontal Gene Transfer in &lt;i&gt;Listeria monocytogenes&lt;/i&gt;: Evolution of Antimicrobial Resistance and Virulence in a One Health Context.,2026,,Q1_protocol_broad|Q2_block_holdout_focus|Q3_amr_core,pending,,,,
EPMC-2710,42372072,10.1093/ismejo/wrag168,Host life-history strategy is a critical determinant of virulent phage infection propensity.,2026,,Q2_block_holdout_focus,pending,,,,
EPMC-2711,41605541,10.1183/16000617.0174-2025,Host- and pathogen-related determinants of pulmonary &lt;i&gt;versus&lt;/i&gt; extrapulmonary tuberculosis.,2026,,Q3_amr_core,pending,,,,
EPMC-2712,40788839,10.1164/rccm.202410-1996oc,Host-Microbe Multiomic Profiling Predicts Mortality in Sepsis.,2026,,Q2_block_holdout_focus,pending,,,,
EPMC-2713,42440521,10.3389/fimmu.2026.1854213,"Host-microbiome-immune disequilibrium in oral disease: mechanisms, dysbiosis, and precision therapeutics.",2026,,Q1_protocol_broad|Q2_block_holdout_focus|Q3_amr_core,pending,,,,
EPMC-2714,42004950,10.3389/fimmu.2026.1797726,Host-pathogen interactions in periodontitis: an integrative interkingdom perspective.,2026,,Q3_amr_core,pending,,,,
EPMC-2715,,10.20944/preprints202601.1015.v1,Host–Pathogen Crosstalk in Cancer: A review of Multi-Omics and Computational Insights into Tumor Microenvironment,2026,,Q2_block_holdout_focus,pending,,,,
EPMC-2716,42430021,10.1007/s11033-026-12354-0,How WRKY transcription factors fine-tune specificity in plant stress responses: from W-box to regulatory code.,2026,,Q2_block_holdout_focus,pending,,,,
EPMC-2717,42250277,10.1111/tpj.70971,How to frustrate a plant pathogen.,2026,,Q2_block_holdout_focus,pending,,,,
EPMC-2718,41742321,10.1186/s40168-026-02344-6,Human DNA levels in feces reflect gut inflammation and associate with presence of gut species in IBD patients across the age spectrum.,2026,,Q2_block_holdout_focus,pending,,,,
EPMC-2719,42203543,10.1016/j.it.2026.04.003,Human antibodies as emerging drugs for antimicrobial resistance.,2026,,Q1_protocol_broad|Q3_amr_core,pending,,,,
EPMC-2720,42424228,10.1080/19490976.2026.2698917,Human gut flagellome profiling using FlaPro reveals TLR5-related phenotype-specific alterations in IBD.,2026,,Q1_protocol_broad|Q3_amr_core,pending,,,,
EPMC-2721,41596767,10.3390/ijms27021126,Hybrid Dual-Context Prompted Cross-Attention Framework with Language Model Guidance for Multi-Label Prediction of Human Off-Target Ligand-Protein Interactions.,2026,,Q2_block_holdout_focus,pending,,,,
EPMC-2722,42389284,10.3389/fphar.2026.1810887,Hyper-inflammation and immunosuppression: redefining sepsis therapy using modern approaches.,2026,,Q2_block_holdout_focus|Q3_amr_core,pending,,,,
EPMC-2723,41474270,10.1021/acs.jcim.5c02248,IFNg_DeepKG: A Novel Model for Identifying Interferon-Gamma-Inducing Epitopes Using Knowledge Graph RAG in Biomedical Applications.,2026,,Q2_block_holdout_focus,pending,,,,
EPMC-2724,42221843,10.2147/ijgm.s606433,IL18 Works Like a Two-Side Coin in Acute Pancreatitis.,2026,,Q1_protocol_broad|Q2_block_holdout_focus,pending,,,,
EPMC-2725,42326394,10.1016/j.fsisyn.2026.100705,"INTERPOL Review of Forensic Biology and DNA, 2023-2025.",2026,,Q2_block_holdout_focus,pending,,,,
EPMC-2726,42147797,10.2147/jir.s603984,Identification and Validation of ALOX15 as a Robust Diagnostic Biomarker for Obesity-Associated Asthma: An Integrative Bioinformatic and Experimental Study.,2026,,Q1_protocol_broad|Q2_block_holdout_focus,pending,,,,
EPMC-2727,42040311,10.2147/jir.s566825,Identification and Validation of Ferroptosis-Related Biomarkers and Therapeutic Targets in ARDS: A Bioinformatics and Experimental Study.,2026,,Q2_block_holdout_focus,pending,,,,
EPMC-2728,42299589,10.1097/md.0000000000049336,Identification and analysis of endoplasmic reticulum stress-related biomarkers in chronic sinusitis with nasal polyps using bioinformatics approaches.,2026,,Q1_protocol_broad|Q2_block_holdout_focus,pending,,,,
EPMC-2729,41612423,10.1186/s13068-026-02738-6,Identification and comparative genomic analysis of prophage sequences and CRISPR‒Cas immunity in Methylococcus genomes: insights into industrial methane bioconversion.,2026,,Q1_protocol_broad|Q2_block_holdout_focus|Q3_amr_core,pending,,,,
EPMC-2730,41757926,10.1128/jcm.00012-26,Identification of &lt;i&gt;Aspergillus&lt;/i&gt; at section and species levels by artificial intelligence-based microscopic morphology image recognition.,2026,,Q2_block_holdout_focus,pending,,,,
EPMC-2731,42306043,10.2147/copd.s596649,Identification of Th17 Cell-Associated Biomarkers and Their Potential Regulatory Mechanisms in Chronic Obstructive Pulmonary Disease Through Integrated Bioinformatics Analysis and Machine Learning.,2026,,Q2_block_holdout_focus,pending,,,,
EPMC-2732,41982476,10.2147/jir.s580289,Identification of a Diagnostic Gene Signature Associated with Centrosome Amplification in Pressure Injuries: A Cross-Sectional Transcriptome and Machine Learning Study.,2026,,Q2_block_holdout_focus,pending,,,,
EPMC-2733,42092129,10.1038/s41598-026-51922-z,Identification of a mitochondrial biomarker signature linking neuroinflammation to neuronal dysfunction in spinal cord injury.,2026,,Q2_block_holdout_focus,pending,,,,
EPMC-2734,41535683,10.1038/s41467-026-68495-0,Identification of antimicrobial peptides from ancient gut microbiomes.,2026,,Q3_amr_core,pending,,,,
EPMC-2735,42553929,10.3389/fgene.2026.1837345,Identification of common diagnostic biomarkers and immune landscapes in sepsis and acute kidney injury: a transcriptomic study integrating machine learning and single-cell analysis.,2026,,Q2_block_holdout_focus,pending,,,,
EPMC-2736,42358961,10.3389/fimmu.2026.1763786,Identification of oxidative stress-associated biomarkers for inflammatory bowel disease through integrated machine learning and weighted gene co-expression network analysis.,2026,,Q2_block_holdout_focus,pending,,,,
EPMC-2737,42529233,10.3389/fmicb.2026.1869585,"Identification, resistance mechanisms, and innovative therapeutic approaches against &lt;i&gt;Acinetobacter baumannii-calcoaceticus&lt;/i&gt; complex.",2026,,Q1_protocol_broad|Q3_amr_core,pending,,,,
EPMC-2738,42115936,10.1186/s12866-026-05113-5,Identifying gut microbiome signatures of type 1 diabetes using machine learning and evolutionary feature selection.,2026,,Q1_protocol_broad|Q2_block_holdout_focus,pending,,,,
EPMC-2739,41827856,10.3390/cells15050421,"Immune Ageing Clocks: A Methods-Oriented Review of Tasks, Modalities, Models, and Recalibration.",2026,,Q2_block_holdout_focus,pending,,,,
EPMC-2740,41894286,10.1097/md.0000000000048124,Immune cells and rheumatic heart disease: A 2-sample and Bayesian weighted Mendelian randomization study.,2026,,Q2_block_holdout_focus,pending,,,,
EPMC-2741,42023231,10.3389/fimmu.2026.1778853,Immune monitoring for relapse of acute myeloid leukemia after allogeneic stem cell transplantation in clinical laboratories.,2026,,Q2_block_holdout_focus,pending,,,,
EPMC-2742,41526444,10.1038/s41598-026-35434-4,Immunoinformatics-based design and evaluation of a multi-epitope vaccine against Vibrio fluvialis.,2026,,Q3_amr_core,pending,,,,
EPMC-2743,41746998,10.1371/journal.pone.0342426,Immunoinformatics-driven design of multi-epitope vaccine targeting antibiotic-resistant Salmonella typhimurium.,2026,,Q2_block_holdout_focus|Q3_amr_core,pending,,,,
EPMC-2744,42133231,10.1007/s11912-026-01789-0,"Immunological Drug-Drug Interactions in Immune Checkpoint Inhibitor Therapy: Mechanisms, Clinical Evidence, and Artificial Intelligence.",2026,,Q2_block_holdout_focus,pending,,,,
EPMC-2745,42220506,10.3389/fimmu.2026.1817391,Immunometabolic reprogramming and glycolysis-associated signatures in sepsis: insights from single-cell RNA sequencing and machine learning.,2026,,Q1_protocol_broad|Q2_block_holdout_focus,pending,,,,
EPMC-2746,41750866,10.3390/foods15040676,Impact of Farm Management Practices on &lt;i&gt;Salmonella&lt;/i&gt; Occurrence at the Farm Level-A Blend of Traditional Methods and Artificial Intelligence.,2026,,Q1_protocol_broad|Q2_block_holdout_focus|Q3_amr_core,pending,,,,
EPMC-2747,41263569,10.1128/spectrum.02975-25,Impact of carbapenem-resistant &lt;i&gt;Klebsiella pneumoniae&lt;/i&gt; infection on gut microbiota and host immunity: a case-control study.,2026,,Q3_amr_core,pending,,,,
EPMC-2748,41915702,10.1371/journal.pntd.0014159,Impact of projected climate and socioeconomic scenarios on state-wise annual dengue incidence in India using ensemble models.,2026,,Q2_block_holdout_focus,pending,,,,
EPMC-2749,42130491,10.1017/ash.2026.10392,"Impact of stopping contact precautions on &lt;i&gt;vanA&lt;/i&gt; plasmid transmission, Northern California, 2021-2023.",2026,,Q1_protocol_broad|Q3_amr_core,pending,,,,
EPMC-2750,41782023,10.1186/s40168-026-02342-8,Impacts of host genetics on gut microbiome composition in Alzheimer's disease.,2026,,Q2_block_holdout_focus,pending,,,,
EPMC-2751,41512899,10.1016/j.lanmic.2025.101277,Implementation and outcomes of a rapid response genomic hospital epidemiology programme at an academic medical centre over 7 years.,2026,,Q1_protocol_broad|Q3_amr_core,pending,,,,
EPMC-2752,42123724,10.3390/ijms27094148,"Improving the Precision of Etiological Diagnosis in Bacterial Infections Using Molecular Technologies: A Comparative Analysis of Platforms, AI Integration, and Point-of-Care Deployment.",2026,,Q1_protocol_broad|Q2_block_holdout_focus|Q3_amr_core,pending,,,,
EPMC-2753,42192652,10.3390/antibiotics15050430,In Silico Druggability Assessment of &lt;i&gt;Escherichia coli&lt;/i&gt; FtsQ Reveals Tractable PPI Interfaces in the Divisome.,2026,,Q2_block_holdout_focus|Q3_amr_core,pending,,,,
EPMC-2754,42514992,10.3390/pathogens15070665,"In Silico Perturbome Analysis Reveals Conserved Genes and Drug-Target Interactions in &lt;i&gt;Pseudomonas aeruginosa&lt;/i&gt;, &lt;i&gt;Escherichia coli&lt;/i&gt;, and &lt;i&gt;Staphylococcus aureus&lt;/i&gt; in the Response to Stress.",2026,,Q3_amr_core,pending,,,,
EPMC-2755,42357655,10.3390/v18060645,In Silico Saturation-Mutagenesis-Based Genomic Mutation Risk Assessment for Enterovirus B.,2026,,Q1_protocol_broad|Q2_block_holdout_focus,pending,,,,
EPMC-2756,42424350,10.1371/journal.pone.0350669,"In silico antimicrobial resistance profiling of 1,240 Stenotrophomonas maltophilia genomes: AMR gene prevalence, temporal evolution, and ST-specific associations.",2026,,Q1_protocol_broad|Q3_amr_core,pending,,,,
EPMC-2757,42328174,10.3389/fcimb.2026.1814020,In silico design of a multiantigenic and multiepitope chimeric protein as a vaccine candidate against &lt;i&gt;Renibacterium salmoninarum&lt;/i&gt;.,2026,,Q1_protocol_broad|Q3_amr_core,pending,,,,
EPMC-2758,41658853,10.1016/j.bbrep.2026.102452,"In silico exploration of the genomic repertoire of Iranian aquatic bacteria: Prophage carriage, bioactive compound potential, CRISPR-Cas immunity, and integrated defensive-metabolic islands.",2026,,Q1_protocol_broad|Q3_amr_core,pending,,,,
EPMC-2759,42270823,10.1038/s41598-026-56520-7,"In silico genomic analysis of resistome, virulome, and mobilome of β-lactamase-producing Klebsiella pneumoniae.",2026,,Q1_protocol_broad|Q3_amr_core,pending,,,,
EPMC-2760,42485280,10.1371/journal.pone.0353985,In silico identification and biophysical characterization of candidate antimicrobial peptides from the Indian marine microbiome targeting multidrug-resistant ESKAPE pathogens.,2026,,Q1_protocol_broad|Q2_block_holdout_focus|Q3_amr_core,pending,,,,
EPMC-2761,41545549,10.1038/s41598-026-36508-z,In vitro effects of Bacillus velezensis strain Mandacaium against Xanthomonas citri pv. glycines: genomic and metabolomic insights.,2026,,Q1_protocol_broad|Q3_amr_core,pending,,,,
EPMC-2762,41972768,10.1128/mbio.00118-26,Inactivation of a purine biosynthesis repressor promotes ribosome synthesis to overcome antibiotic stress.,2026,,Q3_amr_core,pending,,,,
EPMC-2763,42274913,10.1007/s40121-026-01376-7,"Infections in Burn Patients: Pathophysiology, Prevention, and Contemporary Therapeutic Strategies in the Era of Antimicrobial Resistance.",2026,,Q1_protocol_broad|Q2_block_holdout_focus|Q3_amr_core,pending,,,,
EPMC-2764,42232081,10.3389/fbioe.2026.1805294,"Infectious bacteria as biological warfare agents: mechanisms, epidemiological threats, and defense strategies.",2026,,Q2_block_holdout_focus|Q3_amr_core,pending,,,,
EPMC-2765,42198785,10.3390/v18050584,Infectome Landscape of Rodents and Shrews in Guangdong Province Reveals Diverse Pathogens with Zoonotic Potential in Wildlife.,2026,,Q1_protocol_broad|Q2_block_holdout_focus,pending,,,,
EPMC-2766,41022589,10.1093/genetics/iyaf209,Inferring fungal cis-regulatory networks from genome sequences via unsupervised and interpretable representation learning.,2026,,Q2_block_holdout_focus,pending,,,,
EPMC-2767,42079573,10.3389/fimmu.2026.1753651,Inflammasomes meet organoids and artificial intelligence: unraveling the complexity of gynecological inflammation.,2026,,Q2_block_holdout_focus,pending,,,,
EPMC-2768,41985060,10.1093/bib/bbag171,Influ-BERT: a domain-adaptive genomic language model for advancing influenza A virus research.,2026,,Q2_block_holdout_focus,pending,,,,
EPMC-2769,42543873,10.1155/tbed/6973879,"Innovations, Applications, and Future Trends in Veterinary Diagnostic Technologies.",2026,,Q3_amr_core,pending,,,,
EPMC-2770,42358594,10.3389/falgy.2026.1835353,Innovative diagnostic techniques and their clinical implications in food allergy: current clinical practice and future perspectives.,2026,,Q2_block_holdout_focus,pending,,,,
EPMC-2771,42106412,10.1038/s41598-026-49532-w,Insights from healthy mares reveal that mammalian uteri harbor a diverse virome.,2026,,Q1_protocol_broad|Q3_amr_core,pending,,,,
EPMC-2772,42106361,10.1038/s41522-026-01001-y,Instance-based transfer learning enables cross-cohort early detection of colorectal cancer.,2026,,Q1_protocol_broad|Q2_block_holdout_focus,pending,,,,
EPMC-2773,42313509,10.1155/mi/7909167,Integrated Bioinformatics Methods Were Employed to Investigate Potential Molecular Links Between Obstructive Sleep Apnea and Sarcoidosis.,2026,,Q2_block_holdout_focus,pending,,,,
EPMC-2774,41754442,10.3390/pathogens15020189,Integrated FTIR and Whole-Genome Sequencing Reveal Scale-Dependent Genotype-Phenotype Relationships in Multidrug-Resistant &lt;i&gt;Pseudomonas aeruginosa&lt;/i&gt;.,2026,,Q1_protocol_broad|Q3_amr_core,pending,,,,
EPMC-2775,42197333,10.3390/microorganisms14050946,Integrated Metagenomic and Metabolomic Profiling Identifies Predictive Biomarkers for Overweight Status in a Mongolian Population.,2026,,Q1_protocol_broad|Q2_block_holdout_focus,pending,,,,
EPMC-2776,41900320,10.3390/microorganisms14030560,Integrated Metagenomic and Metabolomic Profiling of Boar Semen During Ambient-Temperature Storage.,2026,,Q3_amr_core,pending,,,,
EPMC-2777,42538731,10.1002/cnr2.70634,Integrated Network Analysis Suggests an miR-21/MMP/VEGF-Associated Regulatory Axis in Gastric Cancer.,2026,,Q1_protocol_broad|Q2_block_holdout_focus,pending,,,,
EPMC-2778,41878745,10.3389/fmicb.2026.1782552,Integrated analysis of MALDI-TOF MS and whole-genome sequencing for subtyping &lt;i&gt;Salmonella&lt;/i&gt;.,2026,,Q1_protocol_broad|Q3_amr_core,pending,,,,
EPMC-2779,42286710,10.1186/s13099-026-00843-3,Integrated analysis of gastric microbiome and clinical features for the diagnosis of gastric neoplasms.,2026,,Q2_block_holdout_focus,pending,,,,
EPMC-2780,42465840,10.3389/fcimb.2026.1725128,Integrated clinical and PBMC transcriptomic profiling identifies lipid metabolism-related candidate signatures associated with chronic brucellosis.,2026,,Q1_protocol_broad|Q2_block_holdout_focus,pending,,,,
EPMC-2781,42060681,10.1371/journal.pone.0348135,Integrated cross-organ transcriptomic analysis uncovers conserved gene signatures predictive of allograft rejection.,2026,,Q3_amr_core,pending,,,,
EPMC-2782,41975478,10.1186/s40168-026-02397-7,Integrated metatranscriptomics identifies Lachnospiraceae as keystone taxa regulating rumen biohydrogenation and milk ω-6/ω-3 polyunsaturated fatty acids ratio in dairy cows.,2026,,Q3_amr_core,pending,,,,
EPMC-2783,41878445,10.3389/fimmu.2026.1781013,Integrated multi-omics analysis unveils microbiota-metabolite-host interactions and novel biomarkers for early diabetic kidney disease diagnosis.,2026,,Q1_protocol_broad|Q2_block_holdout_focus,pending,,,,
EPMC-2784,41718494,10.1128/msystems.01183-25,"Integrated multi-omics reveals coordinated &lt;i&gt;Staphylococcus aureus&lt;/i&gt; metabolic, iron transport, and stress responses to human serum.",2026,,Q2_block_holdout_focus,pending,,,,
EPMC-2785,41716401,10.3389/fimmu.2026.1761476,Integrated single-cell and transcriptomic profiling identifies machine-learning-based pyroptosis biomarkers in IBD.,2026,,Q1_protocol_broad|Q2_block_holdout_focus,pending,,,,
EPMC-2786,41766415,10.1002/advs.202522276,Integrating Human Intestinal Organoids into FDA's New Approach Methodologies for Drug Discovery.,2026,,Q2_block_holdout_focus,pending,,,,
EPMC-2787,41758173,10.1142/9789819824755_0045,Integrating Imaging-Derived Clinical Endotypes with Plasma Proteomics and External Polygenic Risk Scores Enhances Coronary Microvascular Disease Risk Prediction.,2026,,Q1_protocol_broad|Q3_amr_core,pending,,,,
EPMC-2788,41509654,10.1063/5.0296018,Integrating Mendelian randomization and multi-omics analysis unravels gut microbiota-driven metabolic mechanisms in sepsis and identifies diagnostic biomarkers through experimental validation.,2026,,Q2_block_holdout_focus,pending,,,,
EPMC-2789,42196654,10.3390/ijerph23050561,Integrating Phenotypic and Genomic Data with Machine Learning to Predict Antimicrobial Resistance and Identify Genetic Biomarkers in &lt;i&gt;E. coli&lt;/i&gt;.,2026,,Q1_protocol_broad|Q3_amr_core,pending,,,,
EPMC-2790,,10.20944/preprints202603.1564.v1,Integrating Phenotypic and Genomic Data with Machine Learning to Predict Antimicrobial Resistance and Identify Genetic Biomarkers in<em> E. coli</em>,2026,,Q1_protocol_broad|Q3_amr_core,pending,,,,
EPMC-2791,42123473,10.3390/ijms27093891,Integrating Protein Language Models with Multimodal Embeddings to Accelerate Function Prediction of Uncharacterized Proteins.,2026,,Q2_block_holdout_focus,pending,,,,
EPMC-2792,41694508,10.3389/fpubh.2026.1757161,Integrating artificial intelligence with genome sequencing against antimicrobial resistance: a narrative review.,2026,,Q1_protocol_broad|Q2_block_holdout_focus|Q3_amr_core,pending,,,,
EPMC-2793,42133137,10.1007/s11259-026-11268-3,Integrating biomarkers and artificial intelligence for precision diagnostics in cattle health and herd management: a review.,2026,,Q1_protocol_broad|Q2_block_holdout_focus|Q3_amr_core,pending,,,,
EPMC-2794,42045413,10.1038/s41598-026-49753-z,Integrating bulk and single-cell RNA sequencing identifies and validates lactylation-related signatures in diabetic foot ulcers.,2026,,Q2_block_holdout_focus,pending,,,,
EPMC-2795,42031785,10.1038/s41467-026-72185-2,Integrating common and rare variants improves polygenic risk prediction across diverse populations.,2026,,Q1_protocol_broad|Q3_amr_core,pending,,,,
EPMC-2796,41827077,10.1186/s13054-025-05818-5,Integrating intestinal microbiome and urinary metabolome data to predict secondary infection in critically ill patients.,2026,,Q2_block_holdout_focus|Q3_amr_core,pending,,,,
EPMC-2797,41514260,10.1186/s12935-025-04133-x,Integrating machine learning and multi-omics analysis to explore Treg-associated programmed cell death features in clear cell renal cell carcinoma.,2026,,Q2_block_holdout_focus,pending,,,,
EPMC-2798,41846893,10.3389/fmed.2026.1766052,Integrating microbiome insights into cervical cancer.,2026,,Q2_block_holdout_focus,pending,,,,
EPMC-2799,42183249,10.3389/fimmu.2026.1759811,Integrating multiomics to elucidate the role of chromatin remodeling in glioma and the antitumor mechanisms and therapeutic potential of targeting LMNA.,2026,,Q2_block_holdout_focus,pending,,,,
EPMC-2800,,10.64898/2026.06.03.26354630,Integrating patient movement and pathogen genomics to support hospital infection prevention with PathoPath: a method development study,2026,,Q1_protocol_broad|Q3_amr_core,pending,,,,
EPMC-2801,41784851,10.1007/s00122-026-05171-3,Integration of proxy intermediate omics traits into a nonlinear two-step model for accurate phenotypic prediction.,2026,,Q1_protocol_broad|Q2_block_holdout_focus,pending,,,,
EPMC-2802,42234716,10.1371/journal.pone.0349288,Integration of single-cell and bulk RNA sequencing reveals programmed cell death-associated transcriptional programs in sepsis-induced acute lung injury.,2026,,Q2_block_holdout_focus,pending,,,,
EPMC-2803,42344281,10.1002/pei3.70174,Integrative Analysis of Abiotic Stress-Responsive Genes in Soybean Using Differential Gene Expression and Validation With Machine Learning.,2026,,Q1_protocol_broad|Q2_block_holdout_focus,pending,,,,
EPMC-2804,41828709,10.3390/ijms27052493,Integrative Analysis of lncRNA-RBP (RNA-Binding Protein) Regulatory Networks Reveals Molecular Targets for Enhancing &lt;i&gt;Zea mays&lt;/i&gt; Resistance to &lt;i&gt;Aspergillus flavus&lt;/i&gt; and Aflatoxin Contamination.,2026,,Q2_block_holdout_focus,pending,,,,
EPMC-2805,42272257,10.1002/mbo3.70323,"Integrative Modular, Network-Based, and Machine Learning Framework for Predicting Accessory Genome Functions and Virulence in Escherichia coli O157:H7.",2026,,Q1_protocol_broad|Q2_block_holdout_focus|Q3_amr_core,pending,,,,
EPMC-2806,42087990,10.2147/ijwh.s598767,"Integrative Multi-Omics Analysis Unveils Biomarkers Linking the Gut Microbiota, Blood Metabolites, and Recurrent Pregnancy Loss.",2026,,Q2_block_holdout_focus,pending,,,,
EPMC-2807,41250990,10.1002/advs.202514464,Integrative Omics Defines Metabolic Biomarkers and Genetic Regulatory Mechanisms of Mortality Risk.,2026,,Q1_protocol_broad|Q2_block_holdout_focus,pending,,,,
EPMC-2808,42483306,10.1155/sci/7134066,Integrative Transcriptomic Analysis Identifies a Key Candidate Gene Bridging Inflammation and DNA Repair in Endometriosis.,2026,,Q1_protocol_broad|Q2_block_holdout_focus,pending,,,,
EPMC-2809,42148317,10.3389/fnhum.2026.1770103,"Integrative analysis identifies DCBLD2 and immune-related biomarkers for major depressive disorder: evidence from human peripheral blood, post-mortem brain, and rat models.",2026,,Q2_block_holdout_focus,pending,,,,
EPMC-2810,42300796,10.1128/msphere.00831-25,Integrative analysis of mortality risk in SFTS using machine learning and genetic approaches.,2026,,Q1_protocol_broad|Q2_block_holdout_focus,pending,,,,
EPMC-2811,42328663,10.7717/peerj.21346,Integrative bioinformatics informed by network toxicology and machine learning elucidates the carcinogenic mechanisms of benzo[a]pyrene-induced breast cancer.,2026,,Q2_block_holdout_focus,pending,,,,
EPMC-2812,42111740,10.3389/fpls.2026.1752716,Integrative genomic approaches to unravel genomic regions and candidate genes associated with flag leaf photosynthesis at the reproductive stage in rice.,2026,,Q2_block_holdout_focus,pending,,,,
EPMC-2813,41918035,10.1186/s13578-026-01568-1,Integrative genomic profiling of iron homeostasis predicts clinical outcomes and identifies HAMP/hepcidin as a therapeutic target in colorectal cancer.,2026,,Q2_block_holdout_focus,pending,,,,
EPMC-2814,41391586,10.1016/j.jgar.2025.11.021,Integrative machine learning approaches with genomic data for predicting antitubercular drug resistance: A systematic review and meta-analysis.,2026,,Q3_amr_core,pending,,,,
EPMC-2815,42272754,10.3389/fcimb.2026.1779298,Integrative metagenomic and metabolomic analysis reveals a gut microbiota-metabolite-immune axis in pediatric allergic rhinitis with functional constipation.,2026,,Q1_protocol_broad|Q2_block_holdout_focus|Q3_amr_core,pending,,,,
EPMC-2816,41680947,10.1186/s13075-026-03764-3,Integrative multi-omics analysis reveals CXCL10-driven inflammation and TREM2 + macrophage-plasma cell survival niche as hallmarks of late-stage rheumatoid arthritis.,2026,,Q2_block_holdout_focus,pending,,,,
EPMC-2817,41491956,10.1186/s13018-025-06604-3,Integrative multi-omics analysis reveals gut microbiota-derived metabolites and immune regulatory pathways in osteoarthritis pathogenesis.,2026,,Q1_protocol_broad|Q2_block_holdout_focus,pending,,,,
EPMC-2818,41493977,10.1371/journal.pone.0329980,Integrative multi-omics and network-based machine learning for early diagnosis of Parkinson's disease.,2026,,Q2_block_holdout_focus,pending,,,,
EPMC-2819,42435607,10.1016/j.psj.2026.107378,"Integrative multi-omics and predictive precision systems for poultry meat and egg quality: Mechanisms, applications, and commercial challenges.",2026,,Q2_block_holdout_focus,pending,,,,
EPMC-2820,42404879,10.3389/fimmu.2026.1828633,Integrative multi-omics profiling reveals coordinated immunometabolic reprogramming and host-microbiome interactions in acute pancreatitis.,2026,,Q1_protocol_broad|Q2_block_holdout_focus,pending,,,,
EPMC-2821,41421350,10.1016/j.xcrm.2025.102516,Integrative multi-omics reveals microbial genomic variants driving altered host-microbe interactions in autism spectrum disorder.,2026,,Q2_block_holdout_focus,pending,,,,
EPMC-2822,41667832,10.1038/s41598-026-39580-7,Integrative profiling of transcriptome and H3K27ac modification reveals changes associated with BCG-induced trained immunity in bovine immune cells.,2026,,Q2_block_holdout_focus,pending,,,,
EPMC-2823,41578226,10.1186/s12885-026-15602-5,Integrative single-cell and machine-learning analysis identifies ac&lt;sup&gt;4&lt;/sup&gt;C-related S100A13 as a causal risk gene in cholangiocarcinoma.,2026,,Q2_block_holdout_focus,pending,,,,
EPMC-2824,41495164,10.1038/s41746-025-02297-4,Integrative single-cell and spatial transcriptomics with explainable AI reveal lethal prognostic axis in prostate cancer.,2026,,Q2_block_holdout_focus,pending,,,,
EPMC-2825,41640608,10.3748/wjg.v32.i3.112437,Interplay between viral infections and gut microbiota dysbiosis: Mechanisms and therapeutic potential.,2026,,Q2_block_holdout_focus|Q3_amr_core,pending,,,,
EPMC-2826,41313551,10.1007/s11030-025-11404-2,Interpretable Quantitative Structure-Activity Relationship (QSAR) for identification of potent antifungal activity agents towards Candida albicans ATCC 2091.,2026,,Q2_block_holdout_focus|Q3_amr_core,pending,,,,
EPMC-2827,41501917,10.1186/s13048-025-01956-0,"Interpreting the molecular and cellular landscape of PCOS through bulk transcriptomics, single-cell transcriptomics and machine learning.",2026,,Q2_block_holdout_focus,pending,,,,
EPMC-2828,42093897,10.1002/mco2.70754,Intratumoral Microorganisms in Tumors: Current Understanding and Emerging Therapeutic Strategies.,2026,,Q2_block_holdout_focus,pending,,,,
EPMC-2829,42174668,10.1186/s12967-026-08187-x,Intratumoral microbiota exhibiting varied responses to neoadjuvant chemotherapy in triple-negative breast cancer revealed by 2bRAD-M.,2026,,Q2_block_holdout_focus,pending,,,,
EPMC-2830,41637520,10.1126/sciadv.aea0706,Introgressed mitochondrial fragments from archaic hominins alter nuclear genome function in modern humans.,2026,,Q3_amr_core,pending,,,,
EPMC-2831,42198807,10.1111/nph.71297,"Investigating GERMs: how genotype, environment, and rhizosphere microbiome interactions underlie heat response in maize and sorghum.",2026,,Q1_protocol_broad|Q2_block_holdout_focus,pending,,,,
EPMC-2832,42391309,10.1099/mic.0.001720,Investigating the mobility and host range of mobile genetic elements harbouring antimicrobial resistance genes in enterococci.,2026,,Q1_protocol_broad|Q3_amr_core,pending,,,,
EPMC-2833,41915265,10.1007/s11356-026-37644-9,Investigation of cyanobacteria-hosted antibiotic resistance genes in cyanoHAB-impacted drinking water sources.,2026,,Q3_amr_core,pending,,,,
EPMC-2834,41496513,10.4196/kjpp.25.278,Investigation of the causal effect and molecular signatures of serum hydroxyvitamin D on atherosclerosis: a Mendelian randomization and transcriptomic approach.,2026,,Q2_block_holdout_focus,pending,,,,
EPMC-2835,42198729,10.3390/v18050526,Isolation of Bacteriophages with Lytic Activity from Biological Samples of Left Ventricular Assist Device Patients: An In Vitro Study.,2026,,Q1_protocol_broad|Q3_amr_core,pending,,,,
EPMC-2836,41712449,10.1099/jgv.0.002198,"Isolation, characterization and genomic analysis of a novel lytic bacteriophage EcoPhCCP1, capable of infecting multiple strains of multidrug-resistant &lt;i&gt;Escherichia coli&lt;/i&gt; recovered from urinary tract infections.",2026,,Q1_protocol_broad|Q3_amr_core,pending,,,,
EPMC-2837,42095666,10.1128/spectrum.02592-25,KEGG orthology-based machine learning reveals functional determinants of antimicrobial resistance in &lt;i&gt;Acinetobacter baumannii&lt;/i&gt;.,2026,,Q1_protocol_broad|Q3_amr_core,pending,,,,
EPMC-2838,41715111,10.1186/s13040-026-00527-3,KeySDL: sparse dictionary learning for keystone microbe identification from steady-state observations using a dynamical-systems model.,2026,,Q2_block_holdout_focus,pending,,,,
EPMC-2839,42031881,10.1038/s41598-026-48742-6,LASSO-HHO two-stage hybrid gene selection framework for accurate Alzheimer's disease diagnosis.,2026,,Q2_block_holdout_focus,pending,,,,
EPMC-2840,42460014,10.3389/fphar.2026.1813396,LTF promotes central nervous system leukemia progression via neutrophil serine proteases.,2026,,Q2_block_holdout_focus,pending,,,,
EPMC-2841,41725368,10.1021/acs.analchem.5c03370,Label-Free Differentiation of Antimicrobial Resistance Groups Using Raman Spectroscopy.,2026,,Q1_protocol_broad|Q3_amr_core,pending,,,,
EPMC-2842,42126270,10.1128/mbio.00448-26,Label-free microscopy enables high-throughput identification of genes controlling biofilm development.,2026,,Q2_block_holdout_focus,pending,,,,
EPMC-2843,41748884,10.1007/s10482-026-02265-2,Laboratory strategies for the identification of Burkholderia species: From classical phenotyping to advanced genomic and proteomic approaches.,2026,,Q1_protocol_broad|Q3_amr_core,pending,,,,
EPMC-2844,42245633,10.3389/fimmu.2026.1836254,Lactylation-driven metabolic reprogramming promotes osteosarcoma malignancy via HDGF-mediated proliferation and immune modulation.,2026,,Q2_block_holdout_focus,pending,,,,
EPMC-2845,42422732,10.3389/fmicb.2026.1879424,"Laminitis in Holstein dairy cows is associated with intestinal and mammary dysfunction, systemic inflammation, and microbiota dysregulation.",2026,,Q1_protocol_broad|Q2_block_holdout_focus,pending,,,,
EPMC-2846,41461920,10.1038/s41564-025-02203-4,Large-scale analysis of bacterial genomes reveals thousands of lytic phages.,2026,,Q1_protocol_broad|Q2_block_holdout_focus,pending,,,,
EPMC-2847,42149897,10.1371/journal.pone.0348602,Large-scale cryptic proteome mining revealed potential phage-mediated host-pathogen genetic exchange in Mycobacterium tuberculosis.,2026,,Q1_protocol_broad|Q2_block_holdout_focus|Q3_amr_core,pending,,,,
EPMC-2848,41736165,10.1186/s42523-026-00534-z,"Large-scale genomic analysis of jumbo phages: coevolution, genome architecture, and host interaction mechanisms.",2026,,Q1_protocol_broad|Q3_amr_core,pending,,,,
EPMC-2849,41513995,10.1038/s41564-025-02217-y,Large-scale testing of antimicrobial lethality at single-cell resolution predicts mycobacterial infection outcomes.,2026,,Q3_amr_core,pending,,,,
EPMC-2850,41489657,10.1007/s00284-026-04722-7,"Leptospira and Leptospirosis: A Review of Species Classifications, Genomes, Morphological Structures, Antimicrobial Resistances, Transmissions, and Clinical Manifestations.",2026,,Q1_protocol_broad|Q2_block_holdout_focus|Q3_amr_core,pending,,,,
EPMC-2851,41736575,10.1002/advs.202521936,Leveraging Artificial Intelligence and Large Language Models for Cancer Immunotherapy.,2026,,Q1_protocol_broad|Q2_block_holdout_focus,pending,,,,
EPMC-2852,41782801,10.1177/11779322261427123,"Leveraging Artificial Intelligence to Advance Bioinformatics in Africa: Opportunities, Challenges, and Ethical Considerations in Combating Antimicrobial Resistance.",2026,,Q1_protocol_broad|Q3_amr_core,pending,,,,
EPMC-2853,41769123,10.3389/fpubh.2026.1763512,Leveraging real-time genomic surveillance to combat infectious diseases and antimicrobial resistance in cancer patients.,2026,,Q1_protocol_broad|Q3_amr_core,pending,,,,
EPMC-2854,41595692,10.3390/biomedicines14010158,Liquid Biopsy in Early Screening of Cancers: Emerging Technologies and New Prospects.,2026,,Q1_protocol_broad|Q2_block_holdout_focus,pending,,,,
EPMC-2855,42449765,10.3390/diagnostics16131983,"Liquid Biopsy-Based Metabolomics in Epithelial Ovarian Cancer: Challenges, Methodological Advances and Translational Considerations.",2026,,Q2_block_holdout_focus,pending,,,,
EPMC-2856,42011166,10.1016/j.jlb.2026.100465,Liquid biopsies for the diagnosis of early-stage gastric cancer: A 5-year systematic review.,2026,,Q2_block_holdout_focus,pending,,,,
EPMC-2857,42232339,10.1177/11779322261457840,Listeria Genome Identification Using DNABERT Embedding With LightGBM and SHAP-Based Explainable Classification.,2026,,Q1_protocol_broad|Q2_block_holdout_focus,pending,,,,
EPMC-2858,41599800,10.3390/nu18020187,Longitudinal Interaction Between Individualized Gut Microbial Dynamics and Diet Is Associated with Metabolic Health in School-Aged Children.,2026,,Q2_block_holdout_focus,pending,,,,
EPMC-2859,42002835,10.1080/19490976.2026.2659397,Longitudinal gut microbiome dynamics are associated with clinical outcome and toxicity during ibrutinib therapy.,2026,,Q2_block_holdout_focus,pending,,,,
EPMC-2860,41568100,10.1016/j.csbj.2026.01.001,Longitudinal omics data analysis: approaches and applications.,2026,,Q2_block_holdout_focus,pending,,,,
EPMC-2861,41965787,10.1186/s13148-026-02126-9,Lung microbiome predictors of epigenetic aging and potential associations with smoking and electronic cigarette use.,2026,,Q1_protocol_broad|Q2_block_holdout_focus,pending,,,,
EPMC-2862,42444937,10.21037/jtd-2026-0554,"Lung transplantation in 2025: a narrative review of progress, challenges, and the road ahead.",2026,,Q2_block_holdout_focus|Q3_amr_core,pending,,,,
EPMC-2863,,10.64898/2026.08.08.26359928,MALDI-ST: A deep learning-based framework for rapid bacterial strain typing using MALDI-TOF mass spectra,2026,,Q1_protocol_broad|Q2_block_holdout_focus|Q3_amr_core,pending,,,,
EPMC-2864,42254492,10.3389/fmicb.2026.1846545,MARM: a framework for malignancy risk prediction from host-derived CNV in bronchoalveolar lavage fluid mNGS data with microbial admixture.,2026,,Q1_protocol_broad|Q2_block_holdout_focus,pending,,,,
EPMC-2865,42123685,10.3390/ijms27094107,MERS-Mpro Predictor: A Machine Learning-Based Tool for Rapid Screening of Potential MERS-CoV Main Protease Inhibitors.,2026,,Q1_protocol_broad|Q2_block_holdout_focus,pending,,,,
EPMC-2866,41443199,10.1016/j.crmeth.2025.101266,MMonitor for real-time monitoring of microbial communities using long reads.,2026,,Q1_protocol_broad|Q3_amr_core,pending,,,,
EPMC-2867,42249047,10.1038/s44318-026-00799-9,MORC3 represses a tandem repeat enhancer to regulate interferon.,2026,,Q2_block_holdout_focus,pending,,,,
EPMC-2868,41796137,10.1097/cm9.0000000000003980,"MPGK: A user-friendly tool for Mendelian randomization, polygenic risk score, Geno Ontology, and the Kyoto Encyclopedia of Genes and Genomes analysis.",2026,,Q2_block_holdout_focus,pending,,,,
EPMC-2869,41959952,10.7759/cureus.104870,Machine Learning Analysis of Type VII Secretion System Expression and Its Relationships With Virulence Traits and Antibiotic Resistance in Staphylococcus aureus.,2026,,Q2_block_holdout_focus|Q3_amr_core,pending,,,,
EPMC-2870,42087411,10.1111/1751-7915.70367,Machine Learning Reveals Quantitative Amino Acid Preferences in Bifidobacterium longum Growth.,2026,,Q2_block_holdout_focus,pending,,,,
EPMC-2871,41966331,10.1016/j.tjnut.2026.101528,"Machine Learning and Artificial Intelligence in Nutrition Research: Analytical Methods, Applications, and Key Considerations.",2026,,Q1_protocol_broad|Q2_block_holdout_focus,pending,,,,
EPMC-2872,42450302,10.3390/ijms27136034,"Machine Learning and Deep Learning Frameworks for Human-Virus Protein-Protein Interaction Prediction: Emerging Architectures, Methods, Benchmarks, and Challenges.",2026,,Q1_protocol_broad|Q2_block_holdout_focus,pending,,,,
EPMC-2873,,,Machine Learning for CRISPR-Based Diagnostics,2026,,Q1_protocol_broad|Q2_block_holdout_focus|Q3_amr_core,pending,,,,
EPMC-2874,42444572,10.1111/wrr.70187,"Machine Learning for Wound Management: A Structured Narrative Review of Applications, Challenges, and Prospects.",2026,,Q1_protocol_broad|Q2_block_holdout_focus,pending,,,,
EPMC-2875,41754603,10.3390/v18020260,Machine Learning in Preclinical Development of Antiviral Peptide Candidates: A Review of the Current Landscape.,2026,,Q2_block_holdout_focus|Q3_amr_core,pending,,,,
EPMC-2876,41616376,10.1049/syb2.70053,Machine Learning-Based Integrative Analysis Identifies SUMOylation-Related Genes Underlying the Immune Heterogeneity of Sepsis.,2026,,Q2_block_holdout_focus|Q3_amr_core,pending,,,,
EPMC-2877,42449884,10.3390/diagnostics16132103,Machine Learning-Based Prediction of Antimicrobial Resistance in &lt;i&gt;Escherichia coli&lt;/i&gt; from MALDI-TOF Mass Spectrometry Data.,2026,,Q1_protocol_broad|Q2_block_holdout_focus|Q3_amr_core,pending,,,,
EPMC-2878,42356361,10.3390/nu18121974,Machine Learning-Based Prediction of Comprehensive Lipid Response to Dietary Interventions in Overweight and Obese Women.,2026,,Q2_block_holdout_focus,pending,,,,
EPMC-2879,42560297,10.33073/pjm-2026-023,Machine Learning-Driven Prediction of Early Enteral Nutrition Intolerance in ICU Patients Using Intra-Abdominal Pressure and Selected Gut Microbial Taxa.,2026,,Q2_block_holdout_focus,pending,,,,
EPMC-2880,42036878,10.1021/acs.est.6c01112,Machine Learning-Guided Synthetic Microbial Communities Enable Functional and Sustainable Degradation of Persistent Environmental Pollutants.,2026,,Q1_protocol_broad|Q2_block_holdout_focus,pending,,,,
EPMC-2881,41533724,10.1049/syb2.70056,Machine Learning-based Diagnostic Potential of Bipolar Disorder Using Gut Microbiota Signatures.,2026,,Q1_protocol_broad|Q2_block_holdout_focus,pending,,,,
EPMC-2882,42375537,10.1016/j.isci.2026.116229,Machine learning algorithms develop a tumor-educated platelets-related gene signature to predict colorectal cancer prognosis and therapy response.,2026,,Q2_block_holdout_focus,pending,,,,
EPMC-2883,41826313,10.1038/s41522-026-00956-2,Machine learning and the role of the vaginal and fecal microbiome in miscarriage: a matched case-control study.,2026,,Q2_block_holdout_focus,pending,,,,
EPMC-2884,41868378,10.3389/fmicb.2026.1742848,Machine learning approaches for data-driven hydrocarbon bioaugmentation and phytoremediation: the role of multi-omics insights.,2026,,Q1_protocol_broad|Q2_block_holdout_focus,pending,,,,
EPMC-2885,42517130,10.3389/fpubh.2026.1865551,Machine learning based prediction of antimicrobial resistance &lt;i&gt;in Klebsiella spp&lt;/i&gt;.: a five-year retrospective study.,2026,,Q1_protocol_broad|Q2_block_holdout_focus,pending,,,,
EPMC-2886,42120742,10.1093/plphys/kiag276,Machine learning empowers precise discovery of disease-resistance genes in plants.,2026,,Q1_protocol_broad|Q2_block_holdout_focus,pending,,,,
EPMC-2887,41568098,10.1016/j.csbj.2025.12.033,"Machine learning for drug-target interaction prediction: A comprehensive review of models, challenges, and computational strategies.",2026,,Q3_amr_core,pending,,,,
EPMC-2888,41881768,10.1016/j.tig.2026.01.013,Machine learning for evolutionary genetics and molecular evolution.,2026,,Q1_protocol_broad|Q2_block_holdout_focus,pending,,,,
EPMC-2889,42094693,10.3389/fchem.2026.1810136,Machine learning for the prediction of gram-negative bacterial secreted effectors: advances and challenges.,2026,,Q1_protocol_broad|Q2_block_holdout_focus,pending,,,,
EPMC-2890,41843615,10.1371/journal.pgen.1012091,Machine learning identifies novel signatures of antifungal drug resistance in Saccharomycotina yeasts.,2026,,Q1_protocol_broad|Q3_amr_core,pending,,,,
EPMC-2891,41787255,10.1186/s12866-026-04718-0,Machine learning model integrating oral microbiota and clinical features for predicting osteoporosis and bone loss in high-altitude populations.,2026,,Q1_protocol_broad|Q2_block_holdout_focus,pending,,,,
EPMC-2892,41957589,10.1186/s12866-026-05019-2,Machine learning prediction of antibiotic resistance in Gram-negative pneumonia: a clinical-genomic integrated model.,2026,,Q1_protocol_broad|Q2_block_holdout_focus|Q3_amr_core,pending,,,,
EPMC-2893,42521687,10.1038/s41467-026-75789-w,Machine learning reveals biocontrol agents shaping disease outcome in natural Arabidopsis populations.,2026,,Q1_protocol_broad|Q2_block_holdout_focus,pending,,,,
EPMC-2894,42095649,10.1128/msystems.00383-26,Machine learning reveals proteome-encoded growth determinants underlying metabolic versatility of &lt;i&gt;Rhodopseudomonas palustris&lt;/i&gt; on lignin-derived aromatics.,2026,,Q2_block_holdout_focus,pending,,,,
EPMC-2895,42430436,10.1371/journal.pone.0352863,Machine learning-based analysis of drug resistance mutations in Mycobacterium tuberculosis.,2026,,Q1_protocol_broad|Q2_block_holdout_focus|Q3_amr_core,pending,,,,
EPMC-2896,42326740,10.3389/fbinf.2026.1801685,Machine learning-based classification of COVID-19 severity using respiratory microbiome profiles from shotgun metagenomic sequencing.,2026,,Q1_protocol_broad|Q3_amr_core,pending,,,,
EPMC-2897,41553751,10.1099/mgen.0.001608,Machine learning-based lineage prediction from antimicrobial susceptibility testing phenotypes for &lt;i&gt;Escherichia coli&lt;/i&gt; sequence type 131 clade C surveillance across infection types.,2026,,Q1_protocol_broad|Q3_amr_core,pending,,,,
EPMC-2898,41845201,10.1186/s12866-026-04873-4,Machine learning-based prediction of BV-relevant probiotic functional potential in vaginal-derived Lactobacillus crispatus strains.,2026,,Q1_protocol_broad|Q2_block_holdout_focus|Q3_amr_core,pending,,,,
EPMC-2899,42039745,10.3389/fcimb.2026.1792743,Machine learning-based risk prediction model for sepsis development in patients with multidrug-resistant &lt;i&gt;Pseudomonas aeruginosa&lt;/i&gt; infections: a multicenter retrospective cohort study.,2026,,Q1_protocol_broad|Q3_amr_core,pending,,,,
EPMC-2900,42121141,10.1186/s12911-026-03528-8,Machine learning-driven decision support for antibiotic optimization in typhoid fever based on patient profiles.,2026,,Q1_protocol_broad|Q2_block_holdout_focus|Q3_amr_core,pending,,,,
EPMC-2901,42422065,10.3389/fphar.2026.1837055,Machine learning-driven discovery of antimicrobial peptides against &lt;i&gt;Pseudomonas aeruginosa&lt;/i&gt;.,2026,,Q1_protocol_broad|Q3_amr_core,pending,,,,
EPMC-2902,42308248,10.1371/journal.pcbi.1014407,Machine learning-driven identification of virulence determinants in Borrelia burgdorferi associated with human dissemination.,2026,,Q1_protocol_broad|Q2_block_holdout_focus|Q3_amr_core,pending,,,,
EPMC-2903,42258531,10.1093/nar/gkag545,"Machine learning-driven optimization of specific, compact, and efficient base editors via single-round diversification.",2026,,Q3_amr_core,pending,,,,
EPMC-2904,42346572,10.3390/jof12060442,Machine-Learning Prediction of Extracellular Vesicle Protein Sorting Expands the Characterization of Secretory Functions in &lt;i&gt;Mucor circinelloides&lt;/i&gt;.,2026,,Q1_protocol_broad|Q2_block_holdout_focus,pending,,,,
EPMC-2905,41386627,10.1016/j.ijantimicag.2025.107690,Machine-learning and gene-synergy networks reveal interpretable drivers of antibiotic resistance in Staphylococcus aureus.,2026,,Q1_protocol_broad|Q3_amr_core,pending,,,,
EPMC-2906,41576918,10.1016/j.cell.2025.12.034,Mammalian genome writing: Unlocking new length scales for genome engineering.,2026,,Q2_block_holdout_focus,pending,,,,
EPMC-2907,42196214,10.3390/ijms27104232,Mapping of Phenotype Specific Host-Microbiome Protein-Protein Interaction Networks in Colorectal Cancer Using Deep Learning.,2026,,Q1_protocol_broad|Q2_block_holdout_focus,pending,,,,
EPMC-2908,41883530,10.1177/20552076261433841,Mapping the Digital One Health/One Digital Health paradigm: A bibliometric and foresight-based analysis of emerging trends and future directions.,2026,,Q2_block_holdout_focus|Q3_amr_core,pending,,,,
EPMC-2909,42156772,10.1038/s41467-026-73193-y,Mapping the canine gut microbiome: insights from the Dog Aging Project.,2026,,Q2_block_holdout_focus|Q3_amr_core,pending,,,,
EPMC-2910,42324618,10.1080/19490976.2026.2687925,Mapping the metagenomic landscape: combined shotgun sequencing and quantitative PCR to profile gut metagenome-assembled genomes in marmosets following treatment with a broad-spectrum antibiotic cocktail.,2026,,Q1_protocol_broad|Q3_amr_core,pending,,,,
EPMC-2911,40521991,10.1039/d5np00021a,Mass spectrometry-based metabolomics approaches to interrogate host-microbiome interactions in mammalian systems.,2026,,Q1_protocol_broad|Q2_block_holdout_focus,pending,,,,
EPMC-2912,42149708,10.1530/jme-25-0134,Massively parallel functional genomic assays in endocrinology: from promise to delivery.,2026,,Q3_amr_core,pending,,,,
EPMC-2913,42514135,10.3390/life16071065,"Maternal Microbiome in Gestational Diabetes Mellitus: Mechanisms, Biomarkers, and Therapeutic Perspectives.",2026,,Q1_protocol_broad|Q2_block_holdout_focus,pending,,,,
EPMC-2914,41926667,10.1002/advs.202516931,Maternal Preconception Antibiotic Exposure Disrupts Microbial Succession: A Transgenerational Risk for Offspring Gut Mucosal Immaturity and Colitis Susceptibility.,2026,,Q1_protocol_broad|Q3_amr_core,pending,,,,
EPMC-2915,42558572,10.1002/imt2.70151,Maternal and infant gut microbiome.,2026,,Q2_block_holdout_focus|Q3_amr_core,pending,,,,
EPMC-2916,42122064,10.3390/diagnostics16091360,"Meat-Borne Bacterial Pathogen Detection: Conventional, Molecular and Emerging AI-Based Strategies.",2026,,Q1_protocol_broad|Q2_block_holdout_focus|Q3_amr_core,pending,,,,
EPMC-2917,42038591,10.2147/ndt.s598864,Mechanism-Driven Translation of Electroacupuncture for Depression: Bridging the Gap Between Preclinical and Clinical Research.,2026,,Q2_block_holdout_focus,pending,,,,
EPMC-2918,41754428,10.3390/pathogens15020176,Mechanisms and Therapeutic Potential of Nutritional Immunity.,2026,,Q3_amr_core,pending,,,,
EPMC-2919,42328652,10.3389/fphar.2026.1811709,Mechanistic elucidation of Wuling Powder targeting macrophage polarization to ameliorate renal ischemia-reperfusion injury via multidimensional computational systems pharmacology coupled with experimental validation.,2026,,Q2_block_holdout_focus,pending,,,,
EPMC-2920,42445133,10.3389/fragi.2026.1776669,Mechanistic redundancy and hierarchy of aging mechanisms: implications for strategies to extend healthspan and biomarker integration.,2026,,Q2_block_holdout_focus,pending,,,,
EPMC-2921,41933324,10.1186/s12967-026-07693-2,Medical software for precision diagnostics of infection with immunoprofiling and artificial intelligence.,2026,,Q1_protocol_broad|Q3_amr_core,pending,,,,
EPMC-2922,42094015,10.1155/anu/8992384,"Medicinal and Aromatic Plant Oils in Aquafeeds: Mechanistic Perspectives on Growth Promotion, Immunomodulation, and Stress Resilience.",2026,,Q2_block_holdout_focus,pending,,,,
EPMC-2923,42079430,10.1093/ismeco/ycag077,Metabolic modeling unveils potential probiotic roles of &lt;i&gt;Flavonifractor plautii&lt;/i&gt; in reshaping the Western gut microbiota landscape.,2026,,Q2_block_holdout_focus,pending,,,,
EPMC-2924,41845907,10.1111/jipb.70225,Metabolite-mediated plant immunity: From traditional defenders to artificial elicitors.,2026,,Q2_block_holdout_focus,pending,,,,
EPMC-2925,42450188,10.3390/ijms27135920,Metabolomic Classification of Myalgic Encephalomyelitis/Chronic Fatigue Syndrome via Explainable Ensemble Learning and Pareto-Guided Feature Selection.,2026,,Q1_protocol_broad|Q2_block_holdout_focus,pending,,,,
EPMC-2926,42029985,10.1007/s12672-026-04988-0,Metabolomic analysis for diagnosis of oral squamous cell carcinoma using machine learning.,2026,,Q2_block_holdout_focus,pending,,,,
EPMC-2927,42447752,10.1016/j.ebiom.2026.106383,Metabolomic signatures for diagnosis and clinical severity in Parkinson's disease.,2026,,Q2_block_holdout_focus,pending,,,,
EPMC-2928,41559097,10.1038/s41538-026-00712-y,Metabolomics aided by machine learning decodes adaptive remodeling of Bacillus biofilms in response to pasteurization stress.,2026,,Q2_block_holdout_focus,pending,,,,
EPMC-2929,42453631,10.1155/ijhy/9656975,"Metabolomics and Precision Medicine in Resistant Hypertension: Pathophysiological Insights, Biomarker Discovery, and Translational Strategies.",2026,,Q2_block_holdout_focus,pending,,,,
EPMC-2930,42052556,10.1080/20002297.2026.2662091,Metagenome-based virome analysis identifies the oral viral signatures for periodontitis.,2026,,Q1_protocol_broad|Q2_block_holdout_focus,pending,,,,
EPMC-2931,42340399,10.1007/s00248-026-02818-y,Metagenomic Analysis of Rural Groundwater Viromes Reveals Bacteriophage Contributions to Groundwater Microbial Ecology.,2026,,Q3_amr_core,pending,,,,
EPMC-2932,42376319,10.3389/fcimb.2026.1828012,Metagenomic analysis of human feces reveals gut microbiome role in colorectal cancer.,2026,,Q1_protocol_broad|Q3_amr_core,pending,,,,
EPMC-2933,42193766,10.3390/ani16101472,Metagenomic and Metabolomic Analysis of Intestinal Excrement Differences Between Natural Hatching and Artificial Peeling out of the Shell in &lt;i&gt;Nipponia nippon&lt;/i&gt;.,2026,,Q1_protocol_broad|Q3_amr_core,pending,,,,
EPMC-2934,41975703,10.3390/diagnostics16070991,"Metagenomic and Targeted Next-Generation Sequencing in Infectious Disease Diagnostics: Current Applications, Challenges, and Future Perspectives.",2026,,Q1_protocol_broad|Q3_amr_core,pending,,,,
EPMC-2935,42553092,10.3389/fcimb.2026.1824160,Metagenomic next-generation sequencing: new horizons in microbiology.,2026,,Q1_protocol_broad|Q2_block_holdout_focus|Q3_amr_core,pending,,,,
EPMC-2936,42334937,10.1093/bioinformatics/btag421,MetagenomicKG: a knowledge graph for metagenomic applications.,2026,,Q1_protocol_broad|Q3_amr_core,pending,,,,
EPMC-2937,41754175,10.3390/nu18040658,Metagenomics and Machine Learning Identify TMA-Producing &lt;i&gt;Serratia&lt;/i&gt; Induced by High-Fat/Choline Diet: A Novel Obesity Target for TMA.,2026,,Q1_protocol_broad|Q2_block_holdout_focus,pending,,,,
EPMC-2938,42198734,10.3390/v18050531,Methodological Approaches to Dengue Virus Detection in Wastewater: A Systematic Review and Meta-Analysis of Positivity Rate.,2026,,Q2_block_holdout_focus,pending,,,,
EPMC-2939,41683461,10.3390/molecules31030485,Methodologies for Assessing Chemical Toxicity to Aquatic Microorganisms: A Comparative Review.,2026,,Q2_block_holdout_focus,pending,,,,
EPMC-2940,42169161,10.1186/s41512-026-00227-w,"Methods for Evaluating Models, Tests And Biomarkers (MEMTAB): Abstracts from the 7&lt;sup&gt;th&lt;/sup&gt; International Conference, MEMTAB 2025.",2026,,Q3_amr_core,pending,,,,
EPMC-2941,41888223,10.1038/s41598-026-44250-9,MiGPC: a comprehensive catalog of enzybiotics from environmental metagenomes.,2026,,Q1_protocol_broad|Q3_amr_core,pending,,,,
EPMC-2942,42500654,10.3389/fimmu.2026.1876885,MicroRNAs in periodontal disease: from pathogenic mechanisms and RANKL/OPG regulation to nanoparticle delivery and personalized medicine.,2026,,Q2_block_holdout_focus,pending,,,,
EPMC-2943,41975257,10.1186/s12859-026-06444-w,MicroSSNet: an R package for microbial network construction and analysis at the single-sample and aggregated levels.,2026,,Q2_block_holdout_focus,pending,,,,
EPMC-2944,42491419,10.1002/imt2.70134,Microbial keystone taxa and metabolic signatures in centenarians regulate intestinal homeostasis during aging.,2026,,Q2_block_holdout_focus,pending,,,,
EPMC-2945,42529377,10.3389/fbioe.2026.1904267,Microbial remediation of recalcitrant pollutants in soil and geo-environmental engineering systems.,2026,,Q2_block_holdout_focus,pending,,,,
EPMC-2946,42177513,10.1186/s12934-026-03017-7,"Microbial systems for azo dye biodegradation: enzymatic mechanisms, microbial consortia, and emerging biotechnological strategies.",2026,,Q2_block_holdout_focus,pending,,,,
EPMC-2947,42277905,10.1186/s40364-026-00950-y,"Microbial, functional, and virulence biomarkers associated with familial risk of Crohn's disease and ulcerative colitis.",2026,,Q2_block_holdout_focus,pending,,,,
EPMC-2948,41263111,10.1093/nar/gkaf1234,"MicrobialScope: an integrated genomic resource with rich annotations across bacteria, archaea, fungi, and viruses.",2026,,Q3_amr_core,pending,,,,
EPMC-2949,41888867,10.1186/s40793-026-00877-9,Microbially driven methane and sulfur cycling processes and coupling mechanisms in mangrove sediments.,2026,,Q2_block_holdout_focus,pending,,,,
EPMC-2950,42293552,10.3389/fmicb.2026.1821688,"Microbiome and One Health in GCC countries: current status, research gaps, and future directions.",2026,,Q2_block_holdout_focus|Q3_amr_core,pending,,,,
EPMC-2951,42490947,10.3389/fcell.2026.1844436,"Microbiome and cancer: mechanistic insights, diagnostic potential, and therapeutic strategies.",2026,,Q1_protocol_broad|Q2_block_holdout_focus,pending,,,,
EPMC-2952,42564172,10.3389/fimmu.2026.1849553,Microbiome as a prediction of immunotherapy response in lung cancer.,2026,,Q1_protocol_broad|Q2_block_holdout_focus,pending,,,,
EPMC-2953,42049031,10.1016/j.xcrm.2026.102780,"Microbiome biomarkers in autism spectrum disorder: Toward prediction, diagnosis, and prognosis.",2026,,Q1_protocol_broad|Q2_block_holdout_focus,pending,,,,
EPMC-2954,42282998,10.1080/20002297.2026.2684137,Microbiome dynamics and early microbial signatures predict bone regeneration in marsupialized jaw lesions: a longitudinal 16S sequencing cohort study.,2026,,Q2_block_holdout_focus,pending,,,,
EPMC-2955,41752202,10.3390/ijms27042068,"Microbiome-Genome Crosstalk in Colorectal Cancer: Colibactin Signatures and &lt;i&gt;Fusobacterium nucleatum&lt;/i&gt; in Epidemiology, Driver Selection, and Translation.",2026,,Q1_protocol_broad|Q3_amr_core,pending,,,,
EPMC-2956,40812589,10.1016/j.jare.2025.08.017,Microbiome-metabolome generated bile acids gatekeep infliximab efficacy in Crohn's disease by licensing M1 suppression and Treg dominance.,2026,,Q1_protocol_broad|Q3_amr_core,pending,,,,
EPMC-2957,42266678,10.3389/fimmu.2026.1761834,Microbiome-orchestrated cross-organ immunity in autoimmunity: from metabolites to therapeutic targets.,2026,,Q2_block_holdout_focus|Q3_amr_core,pending,,,,
EPMC-2958,41860619,10.1007/s00253-026-13770-9,Microbiota in Chronic Suppurative Otitis media: association with Postoperative Tympanic membrane outcomes.,2026,,Q1_protocol_broad|Q2_block_holdout_focus|Q3_amr_core,pending,,,,
EPMC-2959,42404060,10.34133/csbj.0128,Minimum-Cost Synthetic Genome Planning: An Algorithmic Framework.,2026,,Q2_block_holdout_focus,pending,,,,
EPMC-2960,41524417,10.1128/aem.01824-25,Mining a vibriophage depolymerase for enhanced pathogen control in aquaculture.,2026,,Q1_protocol_broad|Q3_amr_core,pending,,,,
EPMC-2961,42072010,10.3390/ani16081244,Modernizing Livestock Operations: Smart Feedlot Technologies and Their Impact.,2026,,Q2_block_holdout_focus,pending,,,,
EPMC-2962,42015254,10.1186/s12934-026-03008-8,Modular biosynthesis of microbiome-derived polyketides and nonribosomal peptides: insights and opportunities for Lactobacillaceae.,2026,,Q1_protocol_broad|Q3_amr_core,pending,,,,
EPMC-2963,42421228,10.1080/19490976.2026.2697600,Modulation of the response to immunotherapy in triple-negative breast cancer: the role of the microbiota and microbial metabolites in the tumor microenvironment.,2026,,Q2_block_holdout_focus,pending,,,,
EPMC-2964,41893137,10.3390/jof12030205,Molecular Advances and Sustainable Strategies in Mushroom Production for Food Security: A Review.,2026,,Q2_block_holdout_focus,pending,,,,
EPMC-2965,41977291,10.3390/ijms27073104,Molecular Age Estimation: Current Perspectives and Future Considerations.,2026,,Q2_block_holdout_focus,pending,,,,
EPMC-2966,41596715,10.3390/ijms27021073,Molecular Identification and RNA-Based Management of Fungal Plant Pathogens: From PCR to CRISPR/Cas9.,2026,,Q1_protocol_broad|Q2_block_holdout_focus,pending,,,,
EPMC-2967,42076289,10.3390/polym18080906,"Molecular Insights into Phage-Hydrogel Polymer Interactions Through Docking, Molecular Dynamics, and Machine Learning.",2026,,Q2_block_holdout_focus|Q3_amr_core,pending,,,,
EPMC-2968,42278344,10.3390/ijms27114814,Molecular Mechanisms and Multi-Omics Integration in Heart Failure: From Pathophysiology to Precision Medicine.,2026,,Q2_block_holdout_focus,pending,,,,
EPMC-2969,42375459,10.5455/ovj.2026.v16.i5.10,"Molecular identification of &lt;i&gt;Escherichia coli&lt;/i&gt; in poultry wet markets in Sulaymaniyah Province, Iraq.",2026,,Q1_protocol_broad|Q3_amr_core,pending,,,,
EPMC-2970,42434557,10.3389/fmicb.2026.1842688,"Molecular insights into antimicrobial resistance in human bacterial pathogens: mechanisms, resistance genes, and translational diagnostic applications.",2026,,Q1_protocol_broad|Q2_block_holdout_focus|Q3_amr_core,pending,,,,
EPMC-2971,41719286,10.1371/journal.pone.0342050,Molecular interplay of ASNS and the PI3K-AKT-mTOR pathway in CMV and HIV co-infections: Therapeutic implications.,2026,,Q2_block_holdout_focus,pending,,,,
EPMC-2972,41959736,10.1016/j.gendis.2025.101976,Molecular mastery: Harnessing DNA technology for disease prevention.,2026,,Q3_amr_core,pending,,,,
EPMC-2973,42151481,10.1038/s42003-026-10315-8,Molecular regulators of regeneration and strategies for overcoming genotype-dependent recalcitrance in wheat (Triticum aestivum).,2026,,Q2_block_holdout_focus,pending,,,,
EPMC-2974,42298249,10.1007/s40259-026-00787-9,Monoclonal Antibodies Targeting Bacterial Infections: A Broad Review of the Field.,2026,,Q3_amr_core,pending,,,,
EPMC-2975,42223750,10.1007/s10238-026-02190-8,"Morpho-functional plasticity of tumour-associated macrophages: linking cell shape, ultrastructure, and immune regulation in cancer.",2026,,Q2_block_holdout_focus,pending,,,,
EPMC-2976,42060660,10.1371/journal.pone.0348232,"Mortality predictors, hepatic involvement patterns, and the steatotic liver paradox in 1,484 hospitalized Dengue patients.",2026,,Q2_block_holdout_focus,pending,,,,
EPMC-2977,42212790,10.1128/msystems.00144-26,Moving from a taxonomic to a functional perspective in global microbiome analysis requires optimizing multiplexing ratios.,2026,,Q1_protocol_broad|Q3_amr_core,pending,,,,
EPMC-2978,42192865,10.3390/cancers18101504,Multi Omics Integration in Colorectal Cancer: From Molecular Insights to Precision Oncology.,2026,,Q2_block_holdout_focus,pending,,,,
EPMC-2979,42452673,10.3390/jcm15135213,"Multi-Modal, Machine Learning-Driven Framework Integrating Multi-Omics for Personalized Chronic Kidney Disease Management.",2026,,Q2_block_holdout_focus,pending,,,,
EPMC-2980,42278532,10.3390/ijms27115008,Multi-Omics Dissection of Drought Stress Responses in Crops: From Molecular Regulatory Networks to Climate-Resilient Breeding Applications.,2026,,Q1_protocol_broad|Q2_block_holdout_focus,pending,,,,
EPMC-2981,42450251,10.3390/ijms27135984,"Multi-Omics Integration in Stroke: Neuroinflammatory Endotypes, Immune Cell Crosstalk, and Precision Biomarker Discovery.",2026,,Q1_protocol_broad|Q2_block_holdout_focus,pending,,,,
EPMC-2982,42227762,10.1128/msystems.00232-26,Multi-cohort comparative analysis of salivary microbiotas reveals rural Ethiopians harbor a distinct composition correlated with lower esophageal cancer prevalence.,2026,,Q1_protocol_broad|Q2_block_holdout_focus,pending,,,,
EPMC-2983,41611872,10.1038/s44320-026-00190-0,"Multi-cohort, cross-species urinary proteomics reveals signatures of LRRK2 dysfunction in Parkinson's disease.",2026,,Q2_block_holdout_focus,pending,,,,
EPMC-2984,42119567,10.1016/j.xcrm.2026.102777,Multi-faceted characterization of the gut microbiome and metabolome in patients with primary Sjögren syndrome.,2026,,Q1_protocol_broad|Q2_block_holdout_focus|Q3_amr_core,pending,,,,
EPMC-2985,42293542,10.3389/fmicb.2026.1798330,Multi-kingdom gut microbiota analysis identifies bacterial-viral association in multiple myeloma.,2026,,Q1_protocol_broad|Q3_amr_core,pending,,,,
EPMC-2986,42000726,10.1038/s41467-026-71981-0,Multi-kingdom profiling reveals altered gut phage-bacteria-metabolite interactions in MASLD.,2026,,Q1_protocol_broad|Q2_block_holdout_focus,pending,,,,
EPMC-2987,42255437,10.3389/fendo.2026.1827134,"Multi-omics Mendelian randomization integrating metabolism, microbiome and immunity supports a putative gut-immune-pelvic pathway in deep infiltrating endometriosis.",2026,,Q1_protocol_broad|Q2_block_holdout_focus,pending,,,,
EPMC-2988,42148128,10.3389/fimmu.2026.1785241,Multi-omics analysis identifies NFIL3 as a hypoxia-associated immune regulator in septic cardiomyopathy.,2026,,Q2_block_holdout_focus,pending,,,,
EPMC-2989,41882212,10.1038/s41598-026-44287-w,"Multi-omics analysis of associations between host demographics and saliva metabolome, sugar profiles, and microbiome profiles.",2026,,Q1_protocol_broad|Q2_block_holdout_focus,pending,,,,
EPMC-2990,42092952,10.1186/s13062-026-00778-4,Multi-omics analysis of deep brain stimulation associated with brain-gut axis modulation and symptom amelioration in a Parkinson's disease mouse model.,2026,,Q2_block_holdout_focus,pending,,,,
EPMC-2991,42230553,10.1038/s41392-026-02631-6,Multi-omics and artificial intelligence for precision drug discovery and potential clinical applications.,2026,,Q1_protocol_broad|Q2_block_holdout_focus,pending,,,,
EPMC-2992,42466130,10.3389/fmicb.2026.1876810,Multi-omics and synthetic microbial ecology for engineering climate-resilient phytobiomes in cold-arid agroecosystems: current advances and future perspectives.,2026,,Q1_protocol_broad|Q3_amr_core,pending,,,,
EPMC-2993,42183274,10.3389/fimmu.2026.1780459,"Multi-omics biomarkers for predicting resistance, hyperprogression, and immune-related toxicity during PD-1/PD-L1 therapy in lung cancer: a literature review.",2026,,Q2_block_holdout_focus,pending,,,,
EPMC-2994,42237386,10.1186/s12967-026-08257-0,Multi-omics biomarkers in endometrial receptivity: from mechanisms to clinical translation.,2026,,Q2_block_holdout_focus|Q3_amr_core,pending,,,,
EPMC-2995,42148581,10.1128/spectrum.03775-25,Multi-omics characterization of new and aged Daqu reveals region-specific microbial succession and metabolic signatures in Maotai-flavor liquor fermentation.,2026,,Q1_protocol_broad|Q3_amr_core,pending,,,,
EPMC-2996,42038460,10.7717/peerj.21083,Multi-omics insights into mosquito insecticide resistance for integrated vector management.,2026,,Q2_block_holdout_focus,pending,,,,
EPMC-2997,42199404,10.3389/fimmu.2026.1831823,"Multi-omics insights into spondyloarthritis and psoriatic arthritis: integrating genomics, transcriptomics, proteomics, and the microbiome for immunological and clinical translation.",2026,,Q2_block_holdout_focus,pending,,,,
EPMC-2998,42375348,10.3389/fimmu.2026.1792878,"Multi-omics integration and &lt;i&gt;in vitro&lt;/i&gt; validation identify IL4R, IMPA2, and PRR4 as key therapeutic targets in chronic rhinosinusitis with nasal polyps.",2026,,Q2_block_holdout_focus,pending,,,,
EPMC-2999,42447570,10.1016/j.clinsp.2026.101059,"Multi-omics integration and machine learning identify a novel gene signature consisting of CCDC141, CHI3L2, RIMKLB, and PDLIM7 in bronchopulmonary dysplasia associated with neutrophil-driven immune dysregulation.",2026,,Q1_protocol_broad|Q2_block_holdout_focus,pending,,,,
EPMC-3000,41939867,10.3389/fimmu.2026.1730289,"Multi-omics integration and machine learning reveal gut-immune signatures in idiopathic pulmonary fibrosis: insights from bulk RNA-seq, single-cell profiles, spatial transcriptomics, and experimental validation.",2026,,Q2_block_holdout_focus,pending,,,,
EPMC-3001,41876560,10.1038/s41540-026-00690-7,Multi-omics integration reveals ANXA6-high γδ T cell-endothelial communication as a potential link between periodontitis and MASLD.,2026,,Q1_protocol_broad|Q2_block_holdout_focus,pending,,,,
EPMC-3002,42394493,10.11817/j.issn.1672-7347.2026.260013,Multi-omics investigation into the role of PTK7 as a driver of liver fibrosis.,2026,,Q2_block_holdout_focus,pending,,,,
EPMC-3003,42519007,10.1016/j.isci.2026.116622,Multi-omics profiling reveals gut microbiome signatures associated with cognitive decline in Alzheimer's disease.,2026,,Q1_protocol_broad|Q2_block_holdout_focus,pending,,,,
EPMC-3004,42519018,10.1016/j.isci.2026.116754,Multi-omics reveals functional recovery of the gut microbiome in rescued Sunda pangolins (&lt;i&gt;Manis javanica&lt;/i&gt;).,2026,,Q1_protocol_broad|Q2_block_holdout_focus,pending,,,,
EPMC-3005,42111292,10.1093/ismeco/ycag093,Multi-scale ecological drivers shape the genome flexibility of soil-dwelling &lt;i&gt;Listeria monocytogenes&lt;/i&gt;.,2026,,Q1_protocol_broad|Q3_amr_core,pending,,,,
EPMC-3006,42206258,10.1016/j.plaphe.2026.100222,Multi-scale spatial-temporal remote sensing fusion for phenology identification in rice germplasm resources.,2026,,Q2_block_holdout_focus,pending,,,,
EPMC-3007,41816992,10.1002/advs.202517658,Multicohort Validation of Gut Microbiome Signatures for Cholangiocarcinoma Diagnosis and Functional Characterization of Bifidobacterium Pseudocatenulatum.,2026,,Q2_block_holdout_focus|Q3_amr_core,pending,,,,
EPMC-3008,41858621,10.1016/j.isci.2026.115178,Multidimensional cfRNA response modeling identifies a 5-gene pair signature for high-robust pulmonary tuberculosis diagnosis.,2026,,Q2_block_holdout_focus,pending,,,,
EPMC-3009,42317459,10.3389/fvets.2026.1837977,"Multidimensional regulatory mechanisms of chicken immunity: focus on viral infection, intestinal microbiota and heat stress.",2026,,Q3_amr_core,pending,,,,
EPMC-3010,41960185,10.3389/fcell.2026.1761424,"Multifaceted mechanistic exploration of &lt;i&gt;Geranium wilfordii&lt;/i&gt; Maxim. in asthma treatment: integrating network pharmacology, machine learning, Mendelian randomization and experimental validation.",2026,,Q2_block_holdout_focus,pending,,,,
EPMC-3011,42547899,10.1186/s13073-026-01739-2,Multifeature sequencing-based liquid biopsy for cancer diagnosis and monitoring.,2026,,Q1_protocol_broad|Q2_block_holdout_focus,pending,,,,
EPMC-3012,42272755,10.3389/fcimb.2026.1844116,"Multilayer regulation of CRISPR systems: integrating anti-CRISPR proteins, CRISPRi/a, and quorum sensing networks.",2026,,Q2_block_holdout_focus|Q3_amr_core,pending,,,,
EPMC-3013,41883140,10.2196/85414,"Multimodal AI for Alzheimer Disease Diagnosis: Systematic Review of Datasets, Models, and Modalities.",2026,,Q1_protocol_broad|Q2_block_holdout_focus,pending,,,,
EPMC-3014,42267351,10.3389/fvets.2026.1832869,Multimodal animal health monitoring in extensive livestock production systems.,2026,,Q2_block_holdout_focus,pending,,,,
EPMC-3015,42086791,10.1038/s41598-026-50613-z,Multimodal computational discovery of MvfR inhibitors targeting quorum sensing in multi-drug-resistant Pseudomonas aeruginosa.,2026,,Q1_protocol_broad|Q3_amr_core,pending,,,,
EPMC-3016,42043942,10.1093/bib/bbag179,Multimodal foundation models in colorectal cancer: from prediction to trustworthy clinical insight.,2026,,Q2_block_holdout_focus,pending,,,,
EPMC-3017,41674657,10.1016/j.gendis.2025.101917,Multiomic insights into the MPO-mediated NET formation pathway in alcohol-induced epilepsy risk.,2026,,Q2_block_holdout_focus,pending,,,,
EPMC-3018,41709460,10.1016/j.ajhg.2026.01.013,Multiple-testing corrections in case-control studies using identity-by-descent segments.,2026,,Q3_amr_core,pending,,,,
EPMC-3019,42603108,10.1002/jmri.70497,Multiscale Multiparametric MRI Deep Learning for Short-Term Survival Assessment in Glioblastoma.,2026,,Q2_block_holdout_focus,pending,,,,
EPMC-3020,42187848,10.3390/jof12050366,Mycogenic Nanomaterials: What Fungal Nanoparticles Promise and What Still Holds Them Back.,2026,,Q1_protocol_broad|Q3_amr_core,pending,,,,
EPMC-3021,41945867,10.1002/advs.202523605,NQO1-Mediated Anoikis Resistance and Immune Evasion Define a High-Risk Multi-Omic Subtype for Precision Management of T1 High-Grade Bladder Cancer.,2026,,Q2_block_holdout_focus,pending,,,,
EPMC-3022,41754927,10.3390/pharmaceutics18020185,Nano-Enabled Delivery of Phage-Based Antibacterials Against ESKAPE Pathogens.,2026,,Q2_block_holdout_focus,pending,,,,
EPMC-3023,41699645,10.1186/s12951-026-04152-4,Nanomaterials as electrochemical regulators of bacterial biofilms through the modulation of extracellular electron transport and ion channels.,2026,,Q2_block_holdout_focus,pending,,,,
EPMC-3024,41893632,10.3390/vetsci13030216,Nanopore Sequencing in Veterinary Pathogen Detection: A Review of Technologies and Applications.,2026,,Q1_protocol_broad|Q3_amr_core,pending,,,,
EPMC-3025,42514545,10.3390/plants15142177,Nanotechnology-Enabled CRISPR Delivery: Emerging Opportunities in Agriculture and Forest Biotechnology.,2026,,Q2_block_holdout_focus,pending,,,,
EPMC-3026,41901740,10.3390/pathogens15030287,Native &lt;i&gt;Bacillus&lt;/i&gt;-Based Probiotic Consortia Suppress &lt;i&gt;Vibrio parahaemolyticus&lt;/i&gt; and Restructure Hatchery Water Microbiomes in Shrimp Larval Systems.,2026,,Q1_protocol_broad|Q3_amr_core,pending,,,,
EPMC-3027,41770426,10.1007/s13659-025-00589-6,Nature meets machine: the AI renaissance in natural product drug discovery.,2026,,Q1_protocol_broad|Q2_block_holdout_focus|Q3_amr_core,pending,,,,
EPMC-3028,41751014,10.3390/ani16040553,Navigating the Complexity: Advancing Diagnostic Strategies for Avian Reovirus in Chinese Poultry.,2026,,Q1_protocol_broad|Q2_block_holdout_focus,pending,,,,
EPMC-3029,41930252,10.3389/fmolb.2026.1795133,Navigating the molecular landscape: integrated multiomics liquid biopsy for biomarker discovery in early detection and monitoring of colorectal cancer.,2026,,Q2_block_holdout_focus,pending,,,,
EPMC-3030,42396084,10.1021/acsomega.6c01504,Negative-Ion Mode MALDI-TOF MS Combined with Machine Learning for the Rapid Identification of Colistin-Resistant &lt;i&gt;E. cloacae&lt;/i&gt; Complex.,2026,,Q1_protocol_broad|Q2_block_holdout_focus|Q3_amr_core,pending,,,,
EPMC-3031,,,Neonatal Epilepsy: Beyond Seizures in a Developing Brain—A Narrative Review,2026,,Q2_block_holdout_focus,pending,,,,
EPMC-3032,41834868,10.3389/fmicb.2026.1761712,Neonatal jaundice and the infant gut microbiome: an integrated shotgun metagenomics and bidirectional Mendelian randomization study in Xinjiang.,2026,,Q2_block_holdout_focus|Q3_amr_core,pending,,,,
EPMC-3033,41683668,10.3390/ijms27031242,Network-Driven Insights into Plant Immunity: Integrating Transcriptomic and Proteomic Approaches in Plant-Pathogen Interactions.,2026,,Q2_block_holdout_focus,pending,,,,
EPMC-3034,42518995,10.3389/fnut.2026.1872188,"Neuroprotective potential of the natural polyphenol Procyanidin B2 in spinal cord injury: a comprehensive study utilizing machine learning, network pharmacology, and &lt;i&gt;in vivo&lt;/i&gt; validation.",2026,,Q2_block_holdout_focus,pending,,,,
EPMC-3035,42123604,10.3390/ijms27094028,Next-Generation Artificial Intelligence Strategies for Mechanistic Cancer Target Discovery and Drug Development: A State-of-the-Art Review.,2026,,Q2_block_holdout_focus,pending,,,,
EPMC-3036,42195116,10.3390/medicina62050859,Next-Generation In Vitro Pulmonary Platforms for Respiratory Disease Modelling and Therapeutic Development: Current Advances and Future Prospects.,2026,,Q2_block_holdout_focus,pending,,,,
EPMC-3037,42192691,10.3390/antibiotics15050469,Next-Generation Target Discovery in ESKAPE Pathogens: An AI-Driven Framework from Omics-Based to Systems-Level Modeling and Clinical Translation.,2026,,Q1_protocol_broad|Q2_block_holdout_focus|Q3_amr_core,pending,,,,
EPMC-3038,42494527,10.3389/fphar.2026.1761582,Next-generation hybrid bioanalytical platforms and clinical integration of TDM technologies for precision monitoring to optimize last-resort antibiotic therapy.,2026,,Q1_protocol_broad|Q2_block_holdout_focus|Q3_amr_core,pending,,,,
EPMC-3039,42417745,10.1590/s1984-29612026023,"Next-generation molecular tools in veterinary parasitology: advances, challenges, and perspectives in the diagnosis of emerging parasites.",2026,,Q1_protocol_broad|Q3_amr_core,pending,,,,
EPMC-3040,42206067,10.1016/j.imj.2026.100254,Next-generation sequencing: Driving a paradigm shift from pathogen detection to systems-level analysis.,2026,,Q1_protocol_broad|Q2_block_holdout_focus|Q3_amr_core,pending,,,,
EPMC-3041,41823835,10.3390/biology15050407,"Non-Coding Regulatory Variants in Autoimmune Disease: Biological Mechanisms, Immune Context, and Integrative Multi-Omics Interpretation.",2026,,Q2_block_holdout_focus,pending,,,,
EPMC-3042,41892063,10.3390/bios16030171,Non-Invasive Urine-Based Diagnostic Technologies for Early Bladder Cancer.,2026,,Q1_protocol_broad|Q2_block_holdout_focus,pending,,,,
EPMC-3043,42465850,10.3389/frph.2026.1875776,"Non-invasive biomarkers in assisted reproductive technologies, current evidence, clinical utility and future perspectives.",2026,,Q2_block_holdout_focus,pending,,,,
EPMC-3044,41694494,10.3748/wjg.v32.i7.114538,Noninvasive diagnosis of colorectal adenoma: The emerging potential of blood-based biomarkers.,2026,,Q2_block_holdout_focus,pending,,,,
EPMC-3045,41669552,10.7717/peerj.20677,Normalized compression distance for DNA classification.,2026,,Q3_amr_core,pending,,,,
EPMC-3046,42341030,10.1371/journal.pbio.3003872,Normative assembly rule reveals fairness in microbial communities.,2026,,Q2_block_holdout_focus|Q3_amr_core,pending,,,,
EPMC-3047,41642002,10.1128/mbio.03645-25,Not all vaginal microbiomes are equal: functional context shapes immune landscapes.,2026,,Q2_block_holdout_focus,pending,,,,
EPMC-3048,41568970,10.1128/aac.01284-25,Novel metabolic adaptation driven by glycoside hydrolase family 25 protein contributes to increasing trimethoprim-sulfamethoxazole resistance in clinical human &lt;i&gt;Brucella melitensis&lt;/i&gt; isolates in China.,2026,,Q1_protocol_broad|Q3_amr_core,pending,,,,
EPMC-3049,42141034,10.1038/s41598-026-51994-x,NucVerse3D: generalizable 3D nuclear instance segmentation across heterogeneous microscopy modalities.,2026,,Q2_block_holdout_focus,pending,,,,
EPMC-3050,42382779,10.3389/fimmu.2026.1861669,Nurr1 deficiency orchestrates a coupled liver-gut pathological axis revealed by multi-omics and deep-learning histopathology.,2026,,Q1_protocol_broad|Q2_block_holdout_focus,pending,,,,
EPMC-3051,41171124,10.1093/nar/gkaf1098,"Ocean-M: an integrated global-scale multi-omics database for marine microbial diversity, function and ecological interactions.",2026,,Q3_amr_core,pending,,,,
EPMC-3052,41977161,10.3390/ijms27072971,Ochratoxin A and Clear Cell Renal Cell Carcinoma: Exploring Potential Molecular Links Through Network Toxicology and Machine Learning.,2026,,Q2_block_holdout_focus,pending,,,,
EPMC-3053,42195404,10.3390/life16050848,Olfactory Science and Technology in Prostate Cancer Diagnosis: From Invertebrate Models to Artificial Intelligence.,2026,,Q2_block_holdout_focus,pending,,,,
EPMC-3054,42301501,10.1007/s10142-026-01937-6,Omics technologies in aquafeed: unlocking the black box towards systems biology.,2026,,Q2_block_holdout_focus,pending,,,,
EPMC-3055,42195847,10.3390/foods15101643,Omics-Guided Construction of Microbial Consortia for Reproducible Traditional Fermented Foods and Beverages.,2026,,Q2_block_holdout_focus,pending,,,,
EPMC-3056,42515039,10.3390/pathogens15070713,Omics-Level Approaches to Studying Gammaherpesvirus Infection.,2026,,Q2_block_holdout_focus,pending,,,,
EPMC-3057,41507362,10.1038/s41418-025-01648-8,Omics-based decoding of molecular and metabolic crosstalk in the skin barrier ecosystem.,2026,,Q1_protocol_broad|Q3_amr_core,pending,,,,
EPMC-3058,42285930,10.1038/s41467-026-73097-x,Omics-driven plant breeding through phenomics-enviromics crosstalk.,2026,,Q2_block_holdout_focus,pending,,,,
EPMC-3059,42354796,10.3390/microorganisms14061171,One Health Perspective on the Enterotoxigenic &lt;i&gt;Escherichia coli&lt;/i&gt; Diversity.,2026,,Q2_block_holdout_focus|Q3_amr_core,pending,,,,
EPMC-3060,42405344,10.1093/jacamr/dlag130,"One Health transmission of plasmid-mediated antimicrobial resistance: genomic insights at the interface of food, animals, humans and the environment.",2026,,Q1_protocol_broad|Q2_block_holdout_focus|Q3_amr_core,pending,,,,
EPMC-3061,42123550,10.3390/ijms27093969,Operon™ Platform-Enabled for Cardiometabolic Biomarker Screening and Precision Treatment Strategies: A Type 2 Diabetes-Centered Review with Cardiovascular Extension.,2026,,Q2_block_holdout_focus,pending,,,,
EPMC-3062,,10.21203/rs.3.rs-8585503/v1,Optimising recovery from childhood moderate acute malnutrition: a randomized controlled trial,2026,,Q2_block_holdout_focus,pending,,,,
EPMC-3063,41668206,10.1186/s13020-025-01320-w,Optimization of potential targets for antidepressant Chinese medicines: AI and multi-omics methods.,2026,,Q1_protocol_broad|Q2_block_holdout_focus,pending,,,,
EPMC-3064,42199375,10.34133/csbj.0098,Optimized Quantitative Bacterial Two-Hybrid (qB2H) for Protein-Protein Interaction Assessment.,2026,,Q3_amr_core,pending,,,,
EPMC-3065,42168245,10.1038/s41598-026-45630-x,Optimizing hepatitis C diagnosis through reinforcement learning feature selection and multi-model machine learning evaluation.,2026,,Q1_protocol_broad|Q3_amr_core,pending,,,,
EPMC-3066,42327718,10.3389/fimmu.2026.1851811,Oral and gut microbiota dysbiosis with strengthened oral-gut connectivity in post-stroke cognitive impairment.,2026,,Q1_protocol_broad|Q2_block_holdout_focus|Q3_amr_core,pending,,,,
EPMC-3067,41859445,10.3389/fmicb.2026.1783810,Oral microbiome dysbiosis in autism spectrum disorder: the oral-gut-brain axis and future perspectives: a narrative review.,2026,,Q1_protocol_broad|Q2_block_holdout_focus,pending,,,,
EPMC-3068,42326411,10.3389/fmicb.2026.1722999,Oral microbiome signatures of post-stroke cognitive impairment.,2026,,Q1_protocol_broad|Q2_block_holdout_focus,pending,,,,
EPMC-3069,42205836,10.3389/fmed.2026.1815404,Oral microbiota alterations in radiographic axial spondyloarthritis.,2026,,Q2_block_holdout_focus,pending,,,,
EPMC-3070,42075207,10.3390/microorganisms14040810,Oral-Gut Microbiome Axis in Crohn's Disease: A Potential Role of Ectopic Colonization.,2026,,Q2_block_holdout_focus,pending,,,,
EPMC-3071,41973268,10.1186/s13568-026-02048-y,Oral-gut microbiome dysbiosis in obese smokers reveals compartment-specific shifts.,2026,,Q2_block_holdout_focus|Q3_amr_core,pending,,,,
EPMC-3072,41715897,10.1080/19490976.2026.2632973,Orchestrating life's first community: molecular assembly by human milk oligosaccharides.,2026,,Q2_block_holdout_focus,pending,,,,
EPMC-3073,41522472,10.1002/mco2.70567,"Organ Transplantation: Current Status, Challenges, and Future Prospects.",2026,,Q2_block_holdout_focus|Q3_amr_core,pending,,,,
EPMC-3074,42254967,10.1016/j.xinn.2025.101252,Organ-on-a-chip toxicology.,2026,,Q3_amr_core,pending,,,,
EPMC-3075,42106593,10.1186/s12870-026-08862-7,Overcoming breeding barriers with genome editing in autopolyploid crops.,2026,,Q2_block_holdout_focus,pending,,,,
EPMC-3076,,10.64898/2026.03.18.709804,OxBreaker: species-agnostic pipeline for the analysis of outbreaks using nanopore sequencing,2026,,Q1_protocol_broad|Q2_block_holdout_focus|Q3_amr_core,pending,,,,
EPMC-3077,42180248,10.3389/fcimb.2026.1793808,Oxford Nanopore Sequencing in pediatric emergency infectious diseases: from rapid diagnosis to precision medicine.,2026,,Q1_protocol_broad|Q3_amr_core,pending,,,,
EPMC-3078,42193171,10.3390/antiox15050548,Oxidative-Stress-Associated Molecular Signatures in Immune-Mediated Diseases: A Systematic Review Integrating Machine Learning and Systems Biology Approaches.,2026,,Q2_block_holdout_focus,pending,,,,
EPMC-3079,42032868,10.1093/bib/bbag199,PDTSyn: a parameter-decomposed transformer for domain-generalized cell line-aware drug synergy prediction.,2026,,Q2_block_holdout_focus,pending,,,,
EPMC-3080,42215857,10.1186/s12864-026-12976-5,PRIME: An evaluation framework for protein representation inference and generalization in viral mutation space.,2026,,Q1_protocol_broad|Q2_block_holdout_focus,pending,,,,
EPMC-3081,,10.64898/2026.03.09.710302,Pairing Data Independent Acquisition and High-Resolution Full Scan for Fast Urinary Tract Infection Diagnosis,2026,,Q1_protocol_broad|Q2_block_holdout_focus|Q3_amr_core,pending,,,,
EPMC-3082,41545912,10.1186/s12866-025-04625-w,Pan-genome and antibiotic resistance insights into Xanthomonas citri pv. punicae pathotypes.,2026,,Q1_protocol_broad|Q3_amr_core,pending,,,,
EPMC-3083,41989184,10.1128/msystems.01781-25,Pan-genome insights into type VI secretion systems and their functional repertoires in &lt;i&gt;Enterobacter&lt;/i&gt;.,2026,,Q1_protocol_broad|Q2_block_holdout_focus,pending,,,,
EPMC-3084,41512299,10.1093/bioinformatics/btag005,PanForest: predicting genes in genomes using random forests.,2026,,Q1_protocol_broad|Q3_amr_core,pending,,,,
EPMC-3085,41688460,10.1038/s41467-026-69426-9,PanMETAI - a high performance tabular foundation model for accurate pancreatic cancer diagnosis via NMR metabolomics.,2026,,Q2_block_holdout_focus,pending,,,,
EPMC-3086,42075333,10.3390/microorganisms14040938,Pangenome Architecture and Accessory Gene-Driven Population Structure of &lt;i&gt;Staphylococcus aureus&lt;/i&gt; Revealed by a Hospital-Adjacent Environmental Isolate.,2026,,Q1_protocol_broad|Q3_amr_core,pending,,,,
EPMC-3087,42210697,10.1128/aac.01768-25,Pangenome analysis of &lt;i&gt;Proteus mirabilis&lt;/i&gt; reveals lineage-specific antimicrobial resistance profiles and discordant genotype-phenotype correlations.,2026,,Q1_protocol_broad|Q3_amr_core,pending,,,,
EPMC-3088,41981036,10.1038/s41598-026-48265-0,Pangenome-wide identification of chloroplast RNA splicing and ribosome maturation (CRM) genes in eight Pyrus genomes indicated their involvement in multiple stresses.,2026,,Q2_block_holdout_focus,pending,,,,
EPMC-3089,41518235,10.1080/21505594.2026.2613506,Pangenomic analysis reveals metabolic adaptation of &lt;i&gt;Haemophilus parainfluenzae&lt;/i&gt; to the urogenital tract.,2026,,Q1_protocol_broad|Q3_amr_core,pending,,,,
EPMC-3090,41799213,10.7150/thno.124716,"Panoramic description of ROS-based nanotechnology for osteomyelitis therapy: Challenges, opportunities, and prospects.",2026,,Q3_amr_core,pending,,,,
EPMC-3091,42237404,10.1186/s13567-026-01728-8,Pathogenicity and immune response of turkey A(H1N2) influenza virus of swine-origin on turkeys and mice.,2026,,Q2_block_holdout_focus,pending,,,,
EPMC-3092,42399737,10.1186/s12967-026-08426-1,Pathology-derived clinical micro-architectural diagnostics of tumour-microbiome interactions in colorectal cancer.,2026,,Q2_block_holdout_focus,pending,,,,
EPMC-3093,41971314,10.3389/fmicb.2026.1770628,"Pathotype-specific antimicrobial resistance in diarrheagenic &lt;i&gt;Escherichia coli&lt;/i&gt;: gene variants, resistance mechanisms, and evolution of treatment strategies.",2026,,Q1_protocol_broad|Q2_block_holdout_focus|Q3_amr_core,pending,,,,
EPMC-3094,41728968,10.1128/aem.02043-25,Pecbloodin&lt;sub&gt;18-37&lt;/sub&gt;: a promising antimicrobial peptide from &lt;i&gt;Boleophthalmus pectinirostris&lt;/i&gt; with therapeutic potential against &lt;i&gt;Edwardsiella tarda&lt;/i&gt; infection.,2026,,Q3_amr_core,pending,,,,
EPMC-3095,42253048,10.1161/circgen.125.005382,Performance of Polygenic Risk Scores for Atherosclerotic Cardiovascular Disease in the &lt;i&gt;All of Us&lt;/i&gt; Program.,2026,,Q1_protocol_broad|Q3_amr_core,pending,,,,
EPMC-3096,41875094,10.1371/journal.pdig.0001310,Performance of predictive AI-based clinical decision support systems across clinical domains: A systematic review and meta-analysis.,2026,,Q1_protocol_broad|Q2_block_holdout_focus|Q3_amr_core,pending,,,,
EPMC-3097,42247592,10.1093/database/baag033,PhaLP 2.0: extending the community-oriented phage lysin database with a SUBLYME pipeline for metagenomic discovery.,2026,,Q3_amr_core,pending,,,,
EPMC-3098,41972581,10.3390/biology15070578,Phage Frontiers: Genomic and Functional Profiling of Novel Virulent Agents Targeting Foodborne &lt;i&gt;Enterobacteriaceae&lt;/i&gt;.,2026,,Q1_protocol_broad|Q2_block_holdout_focus|Q3_amr_core,pending,,,,
EPMC-3099,42550335,10.1007/s11033-026-12537-9,Phage as a prospective arsenal against superbugs.,2026,,Q1_protocol_broad|Q3_amr_core,pending,,,,
EPMC-3100,41358816,10.1093/femsre/fuaf061,Phage cocktails: state-of-the-art technologies and strategies for effective design.,2026,,Q1_protocol_broad|Q3_amr_core,pending,,,,
EPMC-3101,41750423,10.3390/antibiotics15020125,Phage-Based Approaches to Chronic &lt;i&gt;Pseudomonas aeruginosa&lt;/i&gt; Lung Infection in Cystic Fibrosis.,2026,,Q3_amr_core,pending,,,,
EPMC-3102,41955205,10.1371/journal.pcbi.1014130,PhageCGRNet: Integrating Chaos Game Representation of Genomes with Convolutional Neural Network for accurate phage host classification prediction.,2026,,Q1_protocol_broad|Q3_amr_core,pending,,,,
EPMC-3103,42412824,10.1093/bioinformatics/btag262,PhageMind: generalized strain-level phage host range prediction via meta-learning.,2026,,Q1_protocol_broad|Q3_amr_core,pending,,,,
EPMC-3104,41314617,10.1016/j.ajt.2025.11.011,"Pharmacokinetics, lineage identity, and trafficking of ex vivo expanded polyclonal regulatory T cells in a prospective randomized clinical trial of kidney transplant recipients with allograft inflammation.",2026,,Q3_amr_core,pending,,,,
EPMC-3105,42280671,10.3390/plants15111634,Photosynthetic Microorganisms in Plant Growth Promotion and Stress Response: Proposed Organisms with In Silico Validation.,2026,,Q2_block_holdout_focus,pending,,,,
EPMC-3106,41273351,10.1093/sysbio/syaf082,PhyloCNN: Improving Tree Representation and Neural Network Architecture for Deep Learning from Trees in Phylodynamics and Diversification Studies.,2026,,Q2_block_holdout_focus,pending,,,,
EPMC-3107,42059888,10.1099/mgen.0.001708,Phylogenomics and gene association analysis support probiotic potential in a subset of &lt;i&gt;Staphylococcus xylosus&lt;/i&gt; isolates.,2026,,Q1_protocol_broad|Q3_amr_core,pending,,,,
EPMC-3108,41593501,10.1186/s12865-026-00806-y,"Phylogeny-guided multi-epitope vaccine design targeting conserved and divergent regions of Brucella OMP2, OMP25, and OMP31: an immunoinformatics study.",2026,,Q2_block_holdout_focus|Q3_amr_core,pending,,,,
EPMC-3109,42510974,10.3390/cimb48070734,Pipettes and Pipelines: The Weapons of Omics Sciences for a New Age of Clinical Studies.,2026,,Q1_protocol_broad|Q3_amr_core,pending,,,,
EPMC-3110,41457051,10.1097/shk.0000000000002763,Pirinixic Acid Protects Against Hemorrhagic Shock by Regulating Neutrophil-Associated Key Genes.,2026,,Q2_block_holdout_focus,pending,,,,
EPMC-3111,42043813,10.1002/advs.202521040,"Plant Genetic Engineering: Technological Pathways, Application Scenarios, and Future Directions.",2026,,Q2_block_holdout_focus,pending,,,,
EPMC-3112,41729009,10.1111/pbi.70613,Plant Peptides on the Rise: From Historical Insight to Future Applications.,2026,,Q2_block_holdout_focus,pending,,,,
EPMC-3113,41993750,10.3389/fpls.2026.1789793,Plant resistance: scientific basis and latest research progress.,2026,,Q2_block_holdout_focus,pending,,,,
EPMC-3114,41981092,10.1038/s41598-026-46797-z,Plant spatial compartmentalization buffers bacteriome structure and function under antibiotic stress.,2026,,Q3_amr_core,pending,,,,
EPMC-3115,42054466,10.1126/sciadv.aec1406,Plant-associated fungi co-opt ancient antimicrobials for host manipulation.,2026,,Q1_protocol_broad|Q2_block_holdout_focus,pending,,,,
EPMC-3116,42287442,10.1007/s00394-026-03991-z,Plant-based diet quality and gut microbiota in relation to cardiometabolic risk in Korean adults.,2026,,Q2_block_holdout_focus,pending,,,,
EPMC-3117,42160034,10.1002/advs.75772,PlantGFM: A Genomic Foundation Model for Discovery and Creation of Plant Genes.,2026,,Q2_block_holdout_focus,pending,,,,
EPMC-3118,41654842,10.1186/s13059-026-03966-7,PlasRAG: comprehensive plasmid characterization and retrieval through sequence-text alignment.,2026,,Q1_protocol_broad|Q3_amr_core,pending,,,,
EPMC-3119,41928086,10.1186/s10194-026-02345-8,"Plasma proteomics identifies proteins and pathways associated with incident migraine in 50,668 adults.",2026,,Q2_block_holdout_focus,pending,,,,
EPMC-3120,42202005,10.1126/sciadv.aee6916,PlasmidGPT: A generative framework for plasmid analysis and generation.,2026,,Q1_protocol_broad|Q3_amr_core,pending,,,,
EPMC-3121,41588461,10.1186/s40168-025-02297-2,Plasmids as persistent genetic reservoirs of bacterial defense systems in wastewater treatment.,2026,,Q1_protocol_broad|Q2_block_holdout_focus|Q3_amr_core,pending,,,,
EPMC-3122,41297543,10.1016/j.xgen.2025.101075,Polygenic scores capture genetic modification of the adiposity-cardiometabolic risk factor relationship.,2026,,Q3_amr_core,pending,,,,
EPMC-3123,42455870,10.1371/journal.pcbi.1014492,Popformer: Learning general signatures of positive selection with a self-supervised transformer.,2026,,Q1_protocol_broad|Q3_amr_core,pending,,,,
EPMC-3124,42087263,10.1186/s40813-026-00520-6,Porcine epidemic diarrhea virus: a model for coronavirus persistence and immune escape in intensive livestock systems.,2026,,Q2_block_holdout_focus,pending,,,,
EPMC-3125,42104578,10.1002/ame2.70195,Porcine kidney xenotransplantation: From primate models to clinical reality.,2026,,Q3_amr_core,pending,,,,
EPMC-3126,42016057,10.1016/j.ese.2026.100698,Positive bacteria-phage interactions drive sulfamethoxazole removal.,2026,,Q3_amr_core,pending,,,,
EPMC-3127,42483498,10.3389/fpls.2026.1880044,Post-transcriptional regulation of light-stress responses and predictive modeling in vegetable &lt;i&gt;Solanaceae&lt;/i&gt; Crops.,2026,,Q1_protocol_broad|Q2_block_holdout_focus,pending,,,,
EPMC-3128,,,Posters,2026,,Q2_block_holdout_focus|Q3_amr_core,pending,,,,
EPMC-3129,41594301,10.3390/diagnostics16020325,Postmortem Microbiology in Forensic Diagnostics: Interpretation of Infectious Causes of Death and Emerging Applications.,2026,,Q2_block_holdout_focus,pending,,,,
EPMC-3130,41617669,10.1080/19490976.2026.2623359,"Precise probiotic therapy: Advances, bottlenecks, and the road to microbiome-informed nutrition.",2026,,Q1_protocol_broad|Q2_block_holdout_focus|Q3_amr_core,pending,,,,
EPMC-3131,42534998,10.3389/fmicb.2026.1881800,Precision antimicrobials: the next paradigm shift after broad-spectrum therapy.,2026,,Q1_protocol_broad|Q2_block_holdout_focus|Q3_amr_core,pending,,,,
EPMC-3132,42323281,10.1038/s41467-026-74582-z,Precision culturomics enabled by unlabeled single-cell morphology and Raman spectra.,2026,,Q1_protocol_broad|Q2_block_holdout_focus,pending,,,,
EPMC-3133,41939240,10.1080/29933935.2026.2650247,"Precision nutrition through diet-gut microbiome interactions: Emerging insights driven by artificial intelligence, microbiome health metrics, and mechanistic modeling.",2026,,Q1_protocol_broad|Q2_block_holdout_focus,pending,,,,
EPMC-3134,41764348,10.1038/s41598-026-41873-w,Predicting FOX gene candidates for oxic nitrogen fixation using multi-omic machine learning and comparative bioinformatics.,2026,,Q1_protocol_broad|Q2_block_holdout_focus,pending,,,,
EPMC-3135,41595479,10.3390/genes17010059,Predicting Physical Appearance from Low Template: State of the Art and Future Perspectives.,2026,,Q1_protocol_broad|Q2_block_holdout_focus,pending,,,,
EPMC-3136,41606475,10.1186/s12876-025-04595-3,Predicting clinical outcomes in Helicobacter pylori-positive patients using supervised learning through the integration of demographic and genomic features.,2026,,Q1_protocol_broad|Q2_block_holdout_focus|Q3_amr_core,pending,,,,
EPMC-3137,41094150,10.1038/s41587-025-02813-7,Predicting functions of uncharacterized gene products from microbial communities.,2026,,Q1_protocol_broad|Q2_block_holdout_focus,pending,,,,
EPMC-3138,41634057,10.1038/s41598-026-35143-y,Predicting genetic evolution of viruses to identify suitable vaccines using artificial intelligence.,2026,,Q1_protocol_broad|Q2_block_holdout_focus,pending,,,,
EPMC-3139,42282277,10.3389/fcimb.2026.1808175,Predicting the global risk of chikungunya virus under climate change using ensemble species distribution models.,2026,,Q2_block_holdout_focus,pending,,,,
EPMC-3140,42437941,10.1186/s40793-026-00936-1,Predicting the seed microbiome using phylogeny-driven machine learning.,2026,,Q1_protocol_broad|Q2_block_holdout_focus,pending,,,,
EPMC-3141,41810937,10.1128/msystems.01103-25,Prediction model for periodontitis stage based on the salivary microbiome.,2026,,Q1_protocol_broad|Q2_block_holdout_focus,pending,,,,
EPMC-3142,42465583,10.34133/csbj.0147,Prediction of DNA N4-Methylcytosine Sites Based on a Position-Aligned Multi-branch Fusion Network.,2026,,Q1_protocol_broad|Q2_block_holdout_focus,pending,,,,
EPMC-3143,41910330,10.1128/jcm.01466-25,"Prediction of KPC-producing &lt;i&gt;Klebsiella pneumoniae&lt;/i&gt; by MALDI-TOF MS, ensemble learning, and spectral peak annotation.",2026,,Q1_protocol_broad|Q2_block_holdout_focus|Q3_amr_core,pending,,,,
EPMC-3144,41706651,10.1093/bioinformatics/btag067,Prediction of bacterial protein-compound interactions with only positive samples.,2026,,Q2_block_holdout_focus,pending,,,,
EPMC-3145,41540257,10.1038/s41598-025-98157-y,Prediction of baseline oral microbiota for clinical classification post Omicron variant of SARS-CoV-2 infection.,2026,,Q2_block_holdout_focus,pending,,,,
EPMC-3146,41804797,10.17219/dmp/189304,Prediction of non-coding RNAs in Fusobacterium nucleatum-infected mice using machine learning.,2026,,Q3_amr_core,pending,,,,
EPMC-3147,41987292,10.1186/s13059-026-04075-1,Prediction of plant phase-separating proteins using positive-unlabeled learning.,2026,,Q1_protocol_broad|Q2_block_holdout_focus,pending,,,,
EPMC-3148,40974773,10.1016/j.ijfoodmicro.2025.111446,Prediction of reduction behavior by heating and strain variability of Campylobacter jejuni using amino acid phylogenetics from whole genome sequencing data.,2026,,Q1_protocol_broad|Q2_block_holdout_focus,pending,,,,
EPMC-3149,42327708,10.3389/fnetp.2026.1799486,Predictive modeling for cervical cancer: existing AI approaches and the emerging role of vaginal microbiome.,2026,,Q1_protocol_broad|Q2_block_holdout_focus,pending,,,,
EPMC-3150,42332472,10.1097/md.0000000000049373,Predictors of death in diabetes-associated Enterobacteriaceae sepsis: A Mendelian randomization and machine learning study.,2026,,Q1_protocol_broad|Q2_block_holdout_focus|Q3_amr_core,pending,,,,
EPMC-3151,41704669,10.1093/eep/dvag001,"Preeclampsia and environmental epigenomics: the emerging role of air pollution, gut microbiome, and maternal exposures in disease programming.",2026,,Q2_block_holdout_focus,pending,,,,
EPMC-3152,41705261,10.1016/j.crfs.2026.101318,Preserving fermented-foods microbial diversity through systematic culturomics for the discovery of multi-strain probiotic candidates.,2026,,Q3_amr_core,pending,,,,
EPMC-3153,42199549,10.3389/fmicb.2026.1834533,"Prevalence of &lt;i&gt;Lawsonia intracellularis&lt;/i&gt; and characteristics of gut microbiomes of the infected pigs in Shaanxi province, China.",2026,,Q1_protocol_broad|Q2_block_holdout_focus|Q3_amr_core,pending,,,,
EPMC-3154,42396174,10.1016/j.bidere.2026.100073,"Prime editing: Emerging mechanisms, engineering innovations, and next-generation applications.",2026,,Q2_block_holdout_focus|Q3_amr_core,pending,,,,
EPMC-3155,41420838,10.1002/advs.202514750,Principles for Rigorous Design and Application of Synthetic Microbial Communities.,2026,,Q2_block_holdout_focus|Q3_amr_core,pending,,,,
EPMC-3156,42073194,10.3390/foods15081306,Probing Genomic Diversity of &lt;i&gt;Cronobacter sakazakii&lt;/i&gt; in the United States by Single Nucleotide Polymorphisms.,2026,,Q1_protocol_broad|Q3_amr_core,pending,,,,
EPMC-3157,42050647,10.1186/s12919-026-00377-1,Proceedings from the CIH&lt;sup&gt;LMU&lt;/sup&gt; 2025 symposium: the role of artificial intelligence in health systems strengthening to achieve One Health.,2026,,Q2_block_holdout_focus|Q3_amr_core,pending,,,,
EPMC-3158,41827905,10.3390/cells15050472,Profiling Osteoporosis via Integrated Multi-Omics Technologies.,2026,,Q1_protocol_broad|Q2_block_holdout_focus,pending,,,,
EPMC-3159,41898837,10.3390/genes17030303,Profiling Soil-Plant-Microbial Communities: DNA and Multi-Omics Techniques.,2026,,Q3_amr_core,pending,,,,
EPMC-3160,42448697,10.1038/s41467-026-75659-5,Profiling the gut resistome to unlock antimicrobial resistance biology and inform clinical risk.,2026,,Q1_protocol_broad|Q3_amr_core,pending,,,,
EPMC-3161,41990855,10.1016/j.virusres.2026.199729,Prognostic prediction in COVID-19 patients: a comprehensive analysis of gut microbiota and hematological biomarkers.,2026,,Q2_block_holdout_focus,pending,,,,
EPMC-3162,42328080,10.3389/fpls.2026.1845328,"Programmable nanocarriers for precision plant engineering: converging nanotechnology, CRISPR, and next-generation breeding.",2026,,Q2_block_holdout_focus,pending,,,,
EPMC-3163,41655251,10.1002/advs.202524172,Programming Next-Generation Synthetic Biosensors by Genetic Circuit Design.,2026,,Q3_amr_core,pending,,,,
EPMC-3164,42345017,10.3389/fcimb.2026.1857151,Programming the tumor microenvironment through microbiome-driven mechanisms.,2026,,Q2_block_holdout_focus,pending,,,,
EPMC-3165,,,Progress in the Application of Machine Learning in the Field of Single-Cell and Spatial Transcriptomics,2026,,Q1_protocol_broad|Q2_block_holdout_focus,pending,,,,
EPMC-3166,42075335,10.3390/microorganisms14040939,Progress of Rapid Detection Technology for Aquatic Microorganisms: A Comprehensive Review.,2026,,Q1_protocol_broad|Q2_block_holdout_focus|Q3_amr_core,pending,,,,
EPMC-3167,41767949,10.1002/mlf2.70068,Prokaryotic defense systems: Diversity and evolutionary adaptation.,2026,,Q2_block_holdout_focus,pending,,,,
EPMC-3168,42140912,10.1038/s41467-026-72837-3,PromoterAtlas: decoding regulatory sequences across Gammaproteobacteria using a transformer model.,2026,,Q2_block_holdout_focus,pending,,,,
EPMC-3169,42046161,10.1186/s13756-026-01753-4,Prospective genomic and epidemiologic surveillance of Klebsiella pneumoniae in a tertiary NICU.,2026,,Q1_protocol_broad|Q3_amr_core,pending,,,,
EPMC-3170,42182524,10.1016/j.engmic.2026.100275,Prospects and challenges in using engineered lactic acid bacteria in aquaculture applications.,2026,,Q2_block_holdout_focus|Q3_amr_core,pending,,,,
EPMC-3171,42105210,10.1093/bioinformatics/btag260,Protein language model embeddings improve HIV drug resistance prediction: a comprehensive benchmark with attention-based interpretability.,2026,,Q3_amr_core,pending,,,,
EPMC-3172,41741511,10.1038/s41598-026-37765-8,Protein language models enable accurate viral host range prediction.,2026,,Q1_protocol_broad|Q2_block_holdout_focus,pending,,,,
EPMC-3173,42160340,10.1073/pnas.2524201123,ProteomeLM: A proteome-scale language model enables accurate and rapid prediction of protein-protein interactions and gene essentiality across taxa.,2026,,Q1_protocol_broad|Q2_block_holdout_focus,pending,,,,
EPMC-3174,41776751,10.1111/bpa.70089,Proteomic profile of CSF obtained at the time of diagnosis determines amyotrophic lateral sclerosis progression and survival: CXCL7 levels in disease prognosis and survival.,2026,,Q2_block_holdout_focus,pending,,,,
EPMC-3175,42138174,10.1021/acs.jnatprod.6c00112,Proteotoxic Stress Bioreporter Enables Mechanism-Informed Antibiotic Discovery.,2026,,Q3_amr_core,pending,,,,
EPMC-3176,41538322,10.1016/j.xpro.2025.104282,Protocol for dual spatial transcriptomic profiling of infected tissues.,2026,,Q2_block_holdout_focus|Q3_amr_core,pending,,,,
EPMC-3177,41934637,10.1016/j.xpro.2026.104482,Protocol to predict gene expression from transcriptomic data using PREDICT.,2026,,Q2_block_holdout_focus,pending,,,,
EPMC-3178,42350010,10.1136/bmjopen-2025-109566,Protocols for genomic epidemiology and source attribution of enteric bacteria causing diarrhoeal disease across Africa.,2026,,Q1_protocol_broad|Q3_amr_core,pending,,,,
EPMC-3179,41461023,10.1097/coh.0000000000001005,Public health surveillance and outbreak preparedness for mpox.,2026,,Q2_block_holdout_focus,pending,,,,
EPMC-3180,,,Pyroptosis–Ferroptosis Crosstalk Suggests Candidate Molecular Clusters and Immune Remodeling in Peri-Implantitis,2026,,Q2_block_holdout_focus,pending,,,,
EPMC-3181,41953438,10.3389/fmicb.2026.1781392,Quantifying human-environment interactions through Bayesian modeling of species-resolved microbial transfer signatures: an exploratory proof-of-concept study.,2026,,Q1_protocol_broad|Q2_block_holdout_focus,pending,,,,
EPMC-3182,42327744,10.3389/fimmu.2026.1845134,RNA modifications shape innate immunity and cellular adaptation during bacterial respiratory infection.,2026,,Q1_protocol_broad|Q2_block_holdout_focus|Q3_amr_core,pending,,,,
EPMC-3183,42510959,10.3390/cimb48070719,"ROS-Centered Transcriptomic Regulatory Networks Linking Salinity Stress, Antioxidant Defense and Processability Traits in &lt;i&gt;Salicornia&lt;/i&gt; spp.",2026,,Q2_block_holdout_focus,pending,,,,
EPMC-3184,42127344,10.1021/acs.analchem.6c00220,Raman Spectroscopy in Cancer Diagnostics and Surgery: 25 Years of Progress from Surface-Enhanced Raman Spectroscopy to Artificial Intelligence─A Bibliometric and Visualized Study.,2026,,Q3_amr_core,pending,,,,
EPMC-3185,42470394,10.1021/acsinfecdis.6c00421,Random Forest Modeling to Predict Small Molecule Accumulation in Gram-Negative Bacteria.,2026,,Q1_protocol_broad|Q2_block_holdout_focus,pending,,,,
EPMC-3186,42313521,10.1111/1462-2920.70352,Rapid Quantification of Bacteriophages of Mycobacterium spp. and Related Genera in Aquatic Systems.,2026,,Q2_block_holdout_focus,pending,,,,
EPMC-3187,42532990,10.1038/s41467-026-75746-7,Rapid and quantitative measurement of bacteriophage infectivity via fully automated droplet digital PCR.,2026,,Q1_protocol_broad|Q2_block_holdout_focus|Q3_amr_core,pending,,,,
EPMC-3188,42382340,10.3389/fmicb.2026.1789841,Rapid prediction of vancomycin-resistant &lt;i&gt;Enterococcus faecium&lt;/i&gt; using MALDI-TOF mass spectrometry and machine learning.,2026,,Q1_protocol_broad|Q2_block_holdout_focus|Q3_amr_core,pending,,,,
EPMC-3189,42359393,10.3389/fpls.2026.1866144,Rapid preliminary screening of Tomato brown rugose fruit virus based on surface-enhanced Raman spectroscopy and machine learning.,2026,,Q2_block_holdout_focus,pending,,,,
EPMC-3190,41989089,10.1093/jtm/taag028,"Rapid whole-genome sequencing of Plasmodium DNA from cryptic malaria cases in UK travellers provides insights into infection origins, transmission and antimalarial resistance.",2026,,Q1_protocol_broad|Q2_block_holdout_focus,pending,,,,
EPMC-3191,42100955,10.47717/turkjsurg.2026.2025-8-3,Re-arming checkpoint blockade in MSS colorectal cancer: A precision-microbiome playbook from mechanisms to clinic.,2026,,Q3_amr_core,pending,,,,
EPMC-3192,42090026,10.1007/s00284-026-04935-w,Reactivation and Management of Endogenous Latent Herpesviruses in the Spaceflight Environment.,2026,,Q2_block_holdout_focus|Q3_amr_core,pending,,,,
EPMC-3193,42278235,10.3390/ijms27114699,Reading Between the ABCs: Intrinsic Disorder and Evolutionary Dynamics of Non-Canonical Regions in ABC Transporters.,2026,,Q2_block_holdout_focus,pending,,,,
EPMC-3194,41892029,10.3390/bios16030137,Recent Progress on Carbon-Dots-Based Probes for Microbial Labeling and Versatile Analysis Applications.,2026,,Q2_block_holdout_focus,pending,,,,
EPMC-3195,42274839,10.1186/s40643-026-01081-w,"Recent advances in biomass deconstruction, microbial conversion, artificial intelligence, and carbon capture for sustainable bioenergy.",2026,,Q2_block_holdout_focus,pending,,,,
EPMC-3196,41560793,10.1016/j.mtbio.2025.102660,Recent advances in cancer nanomedicine: From smart targeting to personalized therapeutics - pioneering a new era in precision oncology.,2026,,Q2_block_holdout_focus,pending,,,,
EPMC-3197,41923798,10.3389/fbinf.2026.1749404,"Recent advances in computational antimicrobial peptide discovery through big data, modeling, and artificial intelligence and their interplay in ushering the next golden era of drug development.",2026,,Q1_protocol_broad|Q3_amr_core,pending,,,,
EPMC-3198,42080570,10.1128/aem.00556-26,Recent advances in exploring the composition and evolution of the prokaryotic selenoproteome.,2026,,Q2_block_holdout_focus,pending,,,,
EPMC-3199,41900368,10.3390/microorganisms14030609,Reclaiming the Microbial Battlefield: Adjuvant Strategies to Overcome Antibiotic Resistance.,2026,,Q1_protocol_broad|Q2_block_holdout_focus|Q3_amr_core,pending,,,,
EPMC-3200,42256231,10.3389/fcimb.2026.1830192,Recolonization dynamics of the middle ear microbiota following MESNA-assisted dissection in pediatric cholesteatomatous chronic otitis media.,2026,,Q1_protocol_broad|Q2_block_holdout_focus|Q3_amr_core,pending,,,,
EPMC-3201,,,Recombinant shrimp antimicrobial peptides as alternative biotherapeutics in aquaculture: An exploration of future prospects,2026,,Q2_block_holdout_focus,pending,,,,
EPMC-3202,42253162,10.1111/jipb.70305,Reconfiguring biofortification strategies to transform food systems and address micronutrient deficiency of the 21st century.,2026,,Q2_block_holdout_focus,pending,,,,
EPMC-3203,42293535,10.3389/fmicb.2026.1754063,"Recovery of organic waste from a wastewater treatment plant, improved with plant growth promoting bacteria: model of &lt;i&gt;Quercus suber&lt;/i&gt; L.",2026,,Q1_protocol_broad|Q3_amr_core,pending,,,,
EPMC-3204,41549858,10.1002/adhm.202503964,"Redefining Therapies for Drug-Resistant Tuberculosis: Synergistic Effects of Antimicrobial Peptides, Nanotechnology, and Computational Design.",2026,,Q2_block_holdout_focus|Q3_amr_core,pending,,,,
EPMC-3205,42500251,10.3389/fnut.2026.1819765,Reframing glucolipid metabolic disorders through the lens of the oral microbiome: from pathophysiological mechanisms to translational potential.,2026,,Q2_block_holdout_focus,pending,,,,
EPMC-3206,41929484,10.3389/fimmu.2026.1782402,Reinventing malaria control: hierarchical intervention strategies for African settings based on the microbiota-barrier-innate immunity axis.,2026,,Q2_block_holdout_focus|Q3_amr_core,pending,,,,
EPMC-3207,42445487,10.3389/fmicb.2026.1848524,Remodeling of gut bacteriome and virome in acute retinal necrosis: expansion of &lt;i&gt;Enterobacteriaceae&lt;/i&gt;-related taxa.,2026,,Q2_block_holdout_focus,pending,,,,
EPMC-3208,41768702,10.1021/acsomega.5c09392,Research Progress in Artificial Intelligence-Assisted Preparation of High-Quality Biomaterials.,2026,,Q1_protocol_broad|Q2_block_holdout_focus,pending,,,,
EPMC-3209,42450507,10.3390/foods15132389,"Research Progress in Multi-Omics Analysis of Dairy Products: Nutritional Quality, Safety Evaluation, and Health Functions.",2026,,Q1_protocol_broad|Q2_block_holdout_focus|Q3_amr_core,pending,,,,
EPMC-3210,42199442,10.3389/fcimb.2026.1819856,Research advances in the application of microfluidic chip technology for rapid detection of antibiotic-resistant bacteria.,2026,,Q1_protocol_broad|Q3_amr_core,pending,,,,
EPMC-3211,41657900,10.3389/fmicb.2026.1712752,Research progress on the current status of respiratory pathogen infections and their detection methods.,2026,,Q3_amr_core,pending,,,,
EPMC-3212,41928320,10.1186/s13036-026-00663-8,Residual-hybrid dynamic response-surface/machine-learning framework for predicting malachite green removal and biodegradation by a bacterial consortium.,2026,,Q1_protocol_broad|Q2_block_holdout_focus,pending,,,,
EPMC-3213,41845205,10.1186/s12866-026-04947-3,Respiratory microbiota maturation enables machine learning based age prediction in chickens.,2026,,Q1_protocol_broad|Q2_block_holdout_focus|Q3_amr_core,pending,,,,
EPMC-3214,42016568,10.1016/j.crfs.2026.101401,Restoring low-fiber diets-induced &lt;i&gt;Lachnospiraceae bacterium&lt;/i&gt; loss partially recovers fiber digestion and immune function in mammals.,2026,,Q2_block_holdout_focus,pending,,,,
EPMC-3215,41754841,10.3390/ph19020301,Rethinking Nature's Pharmacy: AI Era and Natural Product Drug Discovery.,2026,,Q2_block_holdout_focus|Q3_amr_core,pending,,,,
EPMC-3216,42514041,10.3390/microorganisms14071536,Rethinking Vaginal Microbiome Resilience: A Conceptual Multi-Omic Framework.,2026,,Q2_block_holdout_focus|Q3_amr_core,pending,,,,
EPMC-3217,42367810,10.3389/fimmu.2026.1847526,Rethinking biomarker strategy in gastric cancer immunotherapy: from tumor to host.,2026,,Q2_block_holdout_focus,pending,,,,
EPMC-3218,42519700,10.3389/fmicb.2026.1884628,Rethinking metagenome-assembled genome completeness: are we truly recovering complete genomes?,2026,,Q1_protocol_broad|Q3_amr_core,pending,,,,
EPMC-3219,,10.21203/rs.3.rs-8582737/v1,Retrieval-Based AI Framework for Viral Genomic Analysis,2026,,Q3_amr_core,pending,,,,
EPMC-3220,42136739,10.3389/fcimb.2026.1747088,Retrospective comparative analysis of pre-IVF vaginal and semen microbiological cultures in infertile couples highlights absence of microbial concordance.,2026,,Q1_protocol_broad|Q3_amr_core,pending,,,,
EPMC-3221,41521281,10.1007/s44154-025-00274-1,Review: Genomic insights into the adaptive traits and stress resistance in modern horses.,2026,,Q2_block_holdout_focus,pending,,,,
EPMC-3222,42292401,10.3389/fimmu.2026.1720928,Review: application and opportunities for machine learning and artificial intelligence in preclinical immunogenicity risk assessment.,2026,,Q2_block_holdout_focus,pending,,,,
EPMC-3223,42520179,10.1002/jcla.70293,Revisiting Burn Wound Infections: A Comprehensive Review on the Dual Potential of Phages and Probiotics Against Acinetobacter baumannii.,2026,,Q1_protocol_broad|Q3_amr_core,pending,,,,
EPMC-3224,41892443,10.3390/antibiotics15030281,Revisiting the Fight Against &lt;i&gt;Acinetobacter baumannii&lt;/i&gt;: Emerging Non-Antibiotic Strategies.,2026,,Q3_amr_core,pending,,,,
EPMC-3225,42126266,10.1111/pbi.70683,"Revisiting the Molecular Roadmap for Sugar Crops: Genome Reading, Trait Writing and Variety Redesigning.",2026,,Q2_block_holdout_focus,pending,,,,
EPMC-3226,42453426,10.1016/j.apsb.2025.12.030,Revolutionizing drug discovery from natural products: The roles of artificial intelligence and multi-omics in accelerating innovation.,2026,,Q1_protocol_broad|Q3_amr_core,pending,,,,
EPMC-3227,42201463,10.1186/s12284-026-00924-6,Rice Annotation Project Database (RAP-DB): Literature-Curated Gene Annotation and Integrated Omics Resources for Rice Functional Genomics and Molecular Breeding.,2026,,Q2_block_holdout_focus,pending,,,,
EPMC-3228,41335158,10.1097/prs.0000000000012572,Risk Prediction of Multidrug-Resistant Infections in Pediatric Burn Patients with Hospital-Acquired Infections: A Retrospective Cohort Study.,2026,,Q2_block_holdout_focus|Q3_amr_core,pending,,,,
EPMC-3229,42306529,10.3389/fcimb.2026.1846657,Risk prediction of carbapenem-resistant &lt;i&gt;Pseudomonas aeruginosa&lt;/i&gt; infection in children.,2026,,Q3_amr_core,pending,,,,
EPMC-3230,41477556,10.1002/mco2.70559,Robust Diagnostic and Therapeutic Biomarkers for Tuberculosis Identified Through Multi-Omics and Mendelian Randomization Analysis.,2026,,Q2_block_holdout_focus,pending,,,,
EPMC-3231,,,Role of Mobilome in Carbapenem Resistance,2026,,Q1_protocol_broad|Q3_amr_core,pending,,,,
EPMC-3232,42277556,10.1111/nph.71342,Root anatomical traits modulate the assembly and nitrogen-transformation potential of root-associated microbiomes in a temperate steppe.,2026,,Q2_block_holdout_focus,pending,,,,
EPMC-3233,41607092,10.1111/pbi.70536,S&lt;sup&gt;2&lt;/sup&gt;-PepAnalyst: A Web Tool for Predicting Plant Small Signalling Peptides.,2026,,Q2_block_holdout_focus,pending,,,,
EPMC-3234,41715092,10.1186/s12967-025-07417-y,SCMO: a deep learning model integrating the single-cell resolution TME ecosystem and multi-omics for survival prediction in CRC patients.,2026,,Q1_protocol_broad|Q2_block_holdout_focus,pending,,,,
EPMC-3235,42013317,10.1158/2159-8290.cd-25-1458,SPEN Loss Drives Extrafollicular Diffuse Large B-cell Lymphoma with Female-Specific Lethality and Therapeutic Vulnerabilities.,2026,,Q3_amr_core,pending,,,,
EPMC-3236,42016964,10.1002/ece3.73260,Safeguarding a Flagship Species: Integrated Surveillance of Cross-Species Pathogen Transmission in Giant Panda Ecosystems.,2026,,Q2_block_holdout_focus|Q3_amr_core,pending,,,,
EPMC-3237,41674661,10.1016/j.gendis.2025.101845,Salt-inducible kinase 1 is a key gene in suppressing EVD68-induced asthma by modulating antiviral immunity.,2026,,Q2_block_holdout_focus,pending,,,,
EPMC-3238,42465770,10.3389/fimmu.2026.1862140,Screening and validation of ZFYVE27 as a potential diagnostic biomarker for osteoporosis via integrative bioinformatics and machine learning approaches.,2026,,Q2_block_holdout_focus,pending,,,,
EPMC-3239,41862790,10.1186/s12866-026-04966-0,Seasonal diet shifts alter the gut microbiome and resistome of captive geriatric giant pandas (Ailuropoda melanoleuca).,2026,,Q3_amr_core,pending,,,,
EPMC-3240,41804484,10.7717/peerj.20918,Seasonality shapes gut microbiota composition in two sympatric sea urchins.,2026,,Q2_block_holdout_focus,pending,,,,
EPMC-3241,42171730,10.1007/s00253-026-13833-x,Secretion systems shaping host-pathogen interactions in Burkholderia species.,2026,,Q1_protocol_broad|Q2_block_holdout_focus|Q3_amr_core,pending,,,,
EPMC-3242,42058968,10.3389/fbinf.2026.1810835,Self-organizing maps for allele specific expression data reconstruction and identification of anomalous genomic regions.,2026,,Q2_block_holdout_focus,pending,,,,
EPMC-3243,42177353,10.1038/s41598-026-54844-y,Semantic embedding of variant effect annotations enables rapid and accurate pathogenicity prediction with VUS.Life.,2026,,Q3_amr_core,pending,,,,
EPMC-3244,42276073,10.1016/j.molcel.2026.05.017,SenCat: Cataloging human cell senescence through multi-omic profiling of multiple senescent primary cell types.,2026,,Q2_block_holdout_focus,pending,,,,
EPMC-3245,41939863,10.3389/fimmu.2026.1734588,Sepsis biomarkers: recent advances and future perspectives.,2026,,Q3_amr_core,pending,,,,
EPMC-3246,42534622,10.3389/fphar.2026.1864683,Sepsis reporting signals associated with endothelin receptor antagonists and IFITM3-Centered interferon-responsive monocyte features: a pharmacovigilance and transcriptomic study.,2026,,Q1_protocol_broad|Q2_block_holdout_focus,pending,,,,
EPMC-3247,41958479,10.1093/ve/veag009,Sequence based virus host prediction: a curated dataset and generalizable framework for training artificial intelligence to identify viruses of humans.,2026,,Q1_protocol_broad|Q2_block_holdout_focus,pending,,,,
EPMC-3248,41859065,10.2147/idr.s566930,Seven-Year Surveillance and AI-Based Forecasting of Antimicrobial Resistance in Pediatric &lt;i&gt;Escherichia coli&lt;/i&gt; Infections in Northern China (2018-2024).,2026,,Q1_protocol_broad|Q3_amr_core,pending,,,,
EPMC-3249,42073632,10.3390/cancers18081309,"Sex as a Contextual Modifier in Colorectal Cancer: Integrating Tumor Sidedness, Molecular Subtype, Immune Ecology, and Early-Onset Disease.",2026,,Q2_block_holdout_focus,pending,,,,
EPMC-3250,42058331,10.7759/cureus.106013,Shared Pathophysiology and Early Detection Biomarkers in Endometriosis and Polycystic Ovary Syndrome (PCOS): Opportunities for AI-Enabled Screening.,2026,,Q2_block_holdout_focus,pending,,,,
EPMC-3251,41914747,10.1128/msystems.01343-25,Short-chain fatty acid-producing microbes differentiate non-infectious and infectious neutropenic fever in leukemia.,2026,,Q3_amr_core,pending,,,,
EPMC-3252,41860897,10.1371/journal.pntd.0014118,Shotgun metagenomic analysis of the oral microbiomes of children with noma.,2026,,Q1_protocol_broad|Q3_amr_core,pending,,,,
EPMC-3253,,10.21203/rs.3.rs-8724320/v1,"Shotgun metagenomic profiling of bacterial microbiomes, metagenome-assembled genomes and antimicrobial resistance in respiratory and blood samples from Gambian children with pneumonia",2026,,Q1_protocol_broad|Q3_amr_core,pending,,,,
EPMC-3254,41628143,10.1371/journal.pone.0332881,Single cell RNA sequencing analysis and molecular biology experiments identify NAFLD-related fibroblasts and highlights seven hub genes in NAFLD.,2026,,Q2_block_holdout_focus,pending,,,,
EPMC-3255,42450655,10.3390/ani16131948,Single-Cell Omics Advances in Understanding Tissue Development and Complex Trait Formation in Sheep and Goats.,2026,,Q2_block_holdout_focus,pending,,,,
EPMC-3256,41172679,10.1016/j.identj.2025.103983,Single-Cell and Machine Learning Analysis Reveal Novel Inflammatory Macrophage Subtypes and Biomarkers in Periodontitis.,2026,,Q2_block_holdout_focus,pending,,,,
EPMC-3257,42145976,10.30498/ijb.2025.524798.4148,Single-Cell and Mendelian Randomization Analyses Identify Macrophage Polarization and Efferocytosis Biomarkers in Osteoarthritis and Reveal Their Regulatory Mechanisms.,2026,,Q2_block_holdout_focus,pending,,,,
EPMC-3258,42037106,10.1111/jipb.70272,"Single-cell insights into plant growth, adaptation, and evolution.",2026,,Q2_block_holdout_focus,pending,,,,
EPMC-3259,41706364,10.1007/s13402-026-01177-7,Single-cell mapping of cholesterol metabolism reveals FDPS as a therapeutic vulnerability in hepatocellular carcinoma.,2026,,Q2_block_holdout_focus,pending,,,,
EPMC-3260,42505675,10.3390/antibiotics15070712,Skin Infection Pathogenicity Associated with a Canine Microbiome Resident: Polygenic Architecture of Virulence Factors in &lt;i&gt;Staphylococcus pseudintermedius&lt;/i&gt;.,2026,,Q1_protocol_broad|Q3_amr_core,pending,,,,
EPMC-3261,42168603,10.1038/s44318-026-00810-3,"Skin aging: mechanisms, evaluation, and rejuvenation.",2026,,Q1_protocol_broad|Q2_block_holdout_focus,pending,,,,
EPMC-3262,41989619,10.1007/s11033-026-11817-8,"Small RNAs as systemic signals in plant defense: mechanisms, challenges, and future directions.",2026,,Q2_block_holdout_focus,pending,,,,
EPMC-3263,42514066,10.3390/microorganisms14071561,"Small Regulatory RNAs in Prokaryotes: Key Features, Identification, Environmental Roles, and Applications.",2026,,Q3_amr_core,pending,,,,
EPMC-3264,42505601,10.3390/antibiotics15070638,Smart Nano-Antibiotics: AI-Guided Stimuli-Responsive Nanoplatforms for Precision Antimicrobial Therapy.,2026,,Q1_protocol_broad|Q2_block_holdout_focus|Q3_amr_core,pending,,,,
EPMC-3265,41578371,10.1186/s13036-025-00616-7,Smartphone-based multispectral autofluorescence analysis of bacteria mixtures of staphylococci using convolutional neural network.,2026,,Q1_protocol_broad|Q2_block_holdout_focus,pending,,,,
EPMC-3266,42085516,10.1371/journal.pone.0347642,Sodium nitrite promotes atherosclerosis via IL-1β: Network toxicology and machine learning insights.,2026,,Q2_block_holdout_focus,pending,,,,
EPMC-3267,41677879,10.1007/s00394-026-03900-4,Soy and the gut microbiome: a bi-directional relationship shaping nutrition and health.,2026,,Q3_amr_core,pending,,,,
EPMC-3268,42198593,10.3390/pathogens15050466,Spatial Suitability of Peste des Petits Ruminants in North Africa Using Machine-Learning Ecological Niche Modeling.,2026,,Q1_protocol_broad|Q2_block_holdout_focus,pending,,,,
EPMC-3269,41942920,10.1186/s12885-026-15928-0,Spatial and temporal intratumoral heterogeneity in breast cancer: a systematic and conceptual review of single-cell and spatial omics studies.,2026,,Q2_block_holdout_focus,pending,,,,
EPMC-3270,42491402,10.1002/imt2.70146,"Spatial omics in the AI era: Technologies, algorithmic ecosystems, biological applications, and large model perspectives.",2026,,Q2_block_holdout_focus,pending,,,,
EPMC-3271,41661138,10.1093/femsre/fuaf067,Spatial structure: shaping the ecology and evolution of microbial communities.,2026,,Q3_amr_core,pending,,,,
EPMC-3272,41883808,10.1016/j.onehlt.2026.101354,Spatiotemporal analysis of plague risk in Tibet: Multi-source data-driven ensemble model development and validation.,2026,,Q2_block_holdout_focus,pending,,,,
EPMC-3273,42544285,10.1093/burnst/tkag019,"Spatiotemporal decoding of skin biology: development, aging, disease, and regeneration.",2026,,Q3_amr_core,pending,,,,
EPMC-3274,42365253,10.1186/s12866-026-05340-w,Spatiotemporal genomic analysis and risk assessment of the plasmids carrying bla&lt;sub&gt;OXA-48-like&lt;/sub&gt; genes based on a large-scale international dataset.,2026,,Q3_amr_core,pending,,,,
EPMC-3275,42074078,10.3390/ijms27083432,"Special Issue ""Novel Mechanisms of Bacterial Antibiotic Resistance and Strategies to Fight Them"".",2026,,Q1_protocol_broad|Q2_block_holdout_focus,pending,,,,
EPMC-3276,41586727,10.1021/acsnano.5c18348,Spectral Fingerprinting of Engineered Nanomaterials for Precision Biosensing.,2026,,Q1_protocol_broad|Q2_block_holdout_focus,pending,,,,
EPMC-3277,41750836,10.3390/foods15040644,Spectroscopic Techniques in Bacterial Analysis: Applications of FTIR and Raman-Review.,2026,,Q2_block_holdout_focus,pending,,,,
EPMC-3278,,,Splicing deficiency is driven by genomic erosion in non-recombining algal mating-type chromosomes,2026,,Q2_block_holdout_focus,pending,,,,
EPMC-3279,41862756,10.1038/s43587-026-01086-2,Spontaneous aging-associated inflammation and genome instability in the immune system of turquoise killifish.,2026,,Q2_block_holdout_focus,pending,,,,
EPMC-3280,42201023,10.3390/medsci14020231,"Sputum Liquid Biopsy for Lung Cancer Screening, Diagnosis, Subtyping, Surveillance, Response Prediction, and Prognostication: A Scoping Review.",2026,,Q2_block_holdout_focus,pending,,,,
EPMC-3281,41645058,10.1186/s12864-026-12609-x,StaphScope: a species-optimized computational pipeline for rapid and accessible Staphylococcus aureus genotyping and surveillance.,2026,,Q1_protocol_broad|Q2_block_holdout_focus|Q3_amr_core,pending,,,,
EPMC-3282,42130610,10.1146/annurev-statistics-042324-060005,Statistical Methods in Aging Research: Improving Current Practices and Embracing Emerging Approaches.,2026,,Q2_block_holdout_focus,pending,,,,
EPMC-3283,42390095,10.1128/spectrum.00114-26,Strain-level genomic analysis of &lt;i&gt;Staphylococcus epidermidis&lt;/i&gt; across multiple body sites in healthy females.,2026,,Q1_protocol_broad|Q3_amr_core,pending,,,,
EPMC-3284,42549573,10.1093/nar/gkag776,"Structural and enzymatic insights into QatD, a dual-function TatD-like nuclease in the QatABCD anti-phage defense system.",2026,,Q2_block_holdout_focus,pending,,,,
EPMC-3285,41928370,10.1111/nph.71111,Structure and sequence evolution in the pennycress (Thlaspi arvense) pangenome.,2026,,Q2_block_holdout_focus,pending,,,,
EPMC-3286,41395970,10.1128/spectrum.01922-25,Structure of the &lt;i&gt;Enterobacter&lt;/i&gt; pan-genome is revealed using machine learning.,2026,,Q1_protocol_broad|Q3_amr_core,pending,,,,
EPMC-3287,42426916,10.1186/s40168-026-02460-3,SubCom analysis: dissecting microbial community functions into taxon-specific contributions and interaction contexts.,2026,,Q1_protocol_broad|Q2_block_holdout_focus,pending,,,,
EPMC-3288,42530966,10.1002/2211-5463.70290,"Supplement: Biochemistry for the next 50 years, 50th FEBS Congress, 4-8 July 2026, Maastricht, The Netherlands.",2026,,Q3_amr_core,pending,,,,
EPMC-3289,42389321,10.1016/j.soh.2026.100163,Surveillance and response to emerging and re-emerging zoonotic diseases: advancing One Health from evidence to action.,2026,,Q1_protocol_broad|Q3_amr_core,pending,,,,
EPMC-3290,41735891,10.1186/s12879-026-12905-7,Survey on mathematical modeling of infectious disease dynamics: insights and applications.,2026,,Q2_block_holdout_focus,pending,,,,
EPMC-3291,42506509,10.3390/nano16140876,Sustainable Nanotechnology Approaches for Rapid Food Contaminant Detection and Future Food Safety Systems.,2026,,Q2_block_holdout_focus,pending,,,,
EPMC-3292,41652613,10.1186/s12951-025-04008-3,"Sustainable nanomaterials for precision dental medicine: green synthesis, therapeutic applications, and future directions.",2026,,Q3_amr_core,pending,,,,
EPMC-3293,41552574,10.1021/acsomega.5c08473,Synthetic Biology Strategies for Activating Cryptic BGCs in &lt;i&gt;Streptomyces&lt;/i&gt;: Engineering Native and Synthetic Promoters for Antibiotic Discovery.,2026,,Q2_block_holdout_focus|Q3_amr_core,pending,,,,
EPMC-3294,41609588,10.1021/acs.chemrev.4c00687,"Synthetic Biology of Plants and Microbes for Agriculture, Environment, and Future Applications.",2026,,Q2_block_holdout_focus,pending,,,,
EPMC-3295,41752837,10.3390/life16020199,"Synthetic Integration of an FCS into Coronaviruses-Hype or an Unresolved Biorisk? An Integrative Analysis of DNA Repair, Cancer Research, Drug Development, and Escape Mutant Traits.",2026,,Q3_amr_core,pending,,,,
EPMC-3296,42505442,10.3390/bios16070366,Synthetic Microbial Community Biosensors: From Engineered Ecosystems to Modular Detection Platforms with AI-Driven Intelligence.,2026,,Q2_block_holdout_focus,pending,,,,
EPMC-3297,41768065,10.3389/fpls.2026.1768521,Synthetic promoter design in plants: integration of computational and experimental approaches.,2026,,Q2_block_holdout_focus,pending,,,,
EPMC-3298,42292668,10.3389/fbinf.2026.1729982,Systematic analysis of bacterial lipopolysaccharide-related genes and immune cell infiltration characteristics in pediatric septic shock using integrated bioinformatics and machine learning approaches.,2026,,Q1_protocol_broad|Q2_block_holdout_focus,pending,,,,
EPMC-3299,41924422,10.3389/fcimb.2026.1767224,Systems analysis of the HPV-microbiome-biofilm triad.,2026,,Q2_block_holdout_focus|Q3_amr_core,pending,,,,
EPMC-3300,42199501,10.3389/fped.2026.1758098,"Systems perspectives on pediatric otitis media: environmental exposures, genetic susceptibility, and biomarker-guided interventions.",2026,,Q2_block_holdout_focus|Q3_amr_core,pending,,,,
EPMC-3301,41953073,10.2147/idr.s589962,"Targeting Horizontal Gene Transfer to Combat Antimicrobial Resistance: A Review of Mechanisms, Drivers, and Multi-Omics Strategies.",2026,,Q1_protocol_broad|Q2_block_holdout_focus|Q3_amr_core,pending,,,,
EPMC-3302,42112429,10.3389/fmicb.2026.1823476,Targeting biofilm-driven antibiotic resistance: emerging mechanisms and next-generation therapeutic interventions.,2026,,Q1_protocol_broad|Q2_block_holdout_focus,pending,,,,
EPMC-3303,41975191,10.1038/s41540-026-00698-z,Targeting protein protein interactions and their modulators to enable new therapeutic strategies for human diseases.,2026,,Q2_block_holdout_focus,pending,,,,
EPMC-3304,42118429,10.1007/s11274-026-05017-6,Taxonomic and functional remodeling of the gut microbiota during aging and implications for microbiota-derived biomarkers.,2026,,Q2_block_holdout_focus,pending,,,,
EPMC-3305,42186437,10.1080/21505594.2026.2673632,"The ""oral-gut axis"" transmission of microorganisms in colorectal cancer: Insights from &lt;i&gt;Peptostreptococcus'&lt;/i&gt; perspective.",2026,,Q1_protocol_broad|Q2_block_holdout_focus,pending,,,,
EPMC-3306,41828596,10.3390/ijms27052378,"The &lt;i&gt;Citrobacter freundii&lt;/i&gt; Complex as an Emerging Pathogen: Genomic Plasticity, Virulence, and Antimicrobial Resistance.",2026,,Q1_protocol_broad|Q3_amr_core,pending,,,,
EPMC-3307,42327823,10.1016/j.lanepe.2026.101732,The &lt;i&gt;MV Hondius&lt;/i&gt; Warning: Hantavirus Surveillance Blind Spots.,2026,,Q2_block_holdout_focus,pending,,,,
EPMC-3308,41922767,10.1038/s41586-026-10315-y,The 1000 Chinese Pangenome empowers medical and population genetics.,2026,,Q2_block_holdout_focus,pending,,,,
EPMC-3309,40158619,10.1016/j.jare.2025.03.039,The Application of artificial intelligence in periprosthetic joint infection.,2026,,Q1_protocol_broad|Q2_block_holdout_focus|Q3_amr_core,pending,,,,
EPMC-3310,41810805,10.1111/pbi.70597,"The BAHD Acyltransferase Gene Family: Evolutionary Dynamics, Biochemical Mechanisms, and Roles in Plant Stress Adaptation.",2026,,Q1_protocol_broad|Q2_block_holdout_focus,pending,,,,
EPMC-3311,41749829,10.3390/cancers18040576,The Barrier-Microbiota-Inflammation Axis in Colorectal Cancer: Mechanisms and Emerging Diagnostic &amp; Therapeutic Strategies.,2026,,Q2_block_holdout_focus,pending,,,,
EPMC-3312,41783048,10.34133/research.1142,The Brain-Gut Health Initiative (BIGHI): A Prospective Cohort on Psychiatric Disorders in China.,2026,,Q2_block_holdout_focus,pending,,,,
EPMC-3313,42394824,10.3389/fcimb.2026.1873187,"The CRISPR-Cas toolkit for mosquito-borne virus surveillance: detection, tracing, and discovery.",2026,,Q1_protocol_broad|Q3_amr_core,pending,,,,
EPMC-3314,42041910,10.3390/biology15080632,The Computational Revolution in Natural Product Research: A Data-Driven Roadmap for Next-Generation Drug Development.,2026,,Q1_protocol_broad|Q2_block_holdout_focus,pending,,,,
EPMC-3315,42513957,10.3390/microorganisms14071451,The Convergence of Antimicrobial Resistance and Virulence in &lt;i&gt;Streptococcus pneumoniae&lt;/i&gt;: A Molecular and Clinical Perspective.,2026,,Q1_protocol_broad|Q3_amr_core,pending,,,,
EPMC-3316,41581948,10.1016/j.gtc.2025.10.003,The Current Landscape of Microbial Biomarkers in Gastrointestinal Disease.,2026,,Q2_block_holdout_focus,pending,,,,
EPMC-3317,41555097,10.1038/s44320-025-00184-4,The DNA dialect: a comprehensive guide to pretrained genomic language models.,2026,,Q2_block_holdout_focus,pending,,,,
EPMC-3318,42304052,10.1111/acel.70579,The Evolving Landscape of Clinical Aging Clocks: From Epigenetic to Multi-Omics Integration.,2026,,Q1_protocol_broad|Q2_block_holdout_focus,pending,,,,
EPMC-3319,41976014,10.3390/ani16071035,The Expanding Role of Artificial Intelligence in Companion Animal Care: A Systematic Review.,2026,,Q2_block_holdout_focus,pending,,,,
EPMC-3320,41927589,10.1038/s41467-026-71145-0,The Extreme Environment Microbiome Catalog (EEMC): a global resource for microbial diversity and antimicrobial discovery.,2026,,Q1_protocol_broad|Q3_amr_core,pending,,,,
EPMC-3321,42346116,10.3390/cells15121089,The Gut-Brain-Immune Axis: Multi-Omics Insights into Neurodegenerative and Metabolic Diseases.,2026,,Q2_block_holdout_focus,pending,,,,
EPMC-3322,41901195,10.3390/ph19030347,The Impact of Seasonal and Meteorological Factors on Microorganisms Present in Knee Joint Effusions Among Patients with Rheumatoid Arthritis.,2026,,Q1_protocol_broad|Q2_block_holdout_focus,pending,,,,
EPMC-3323,42116651,10.1002/cbdv.202503583,The Incredible Potential of Cave Actinobacteria in Finding New Antimicrobials and Bioactive Compounds.,2026,,Q1_protocol_broad|Q3_amr_core,pending,,,,
EPMC-3324,42509801,10.3390/biom16071008,The Inflammaging-Redox-InflammamiR Axis in Metabolic Aging: From Diagnostic Clusters to Integrated Risk Phenotypes.,2026,,Q2_block_holdout_focus,pending,,,,
EPMC-3325,42125279,,The Interplay of Aging and the Immune System.,2026,,Q2_block_holdout_focus,pending,,,,
EPMC-3326,42098298,10.1038/s42003-026-10206-y,The Janus face of host LncRNA in viral infections: Defender or collaborator?,2026,,Q2_block_holdout_focus,pending,,,,
EPMC-3327,41609690,10.1099/mgen.0.001614,The Mpox contextual data specification package: a data curation toolkit to support collaborative pathogen genomic surveillance.,2026,,Q3_amr_core,pending,,,,
EPMC-3328,42075665,10.3390/medicina62040794,The Overlap Between Crohn's Disease and Intestinal Tuberculosis: A Never-Ending Story.,2026,,Q2_block_holdout_focus,pending,,,,
EPMC-3329,42540267,10.1021/acsomega.5c12320,The Potential of AI-Driven High-Content Imaging in Drug Discovery.,2026,,Q2_block_holdout_focus,pending,,,,
EPMC-3330,42345832,10.3390/biology15120974,The Programmable Microbiome: Integrative AI and Multi-Omics Frameworks for Precision T2DM Management.,2026,,Q1_protocol_broad|Q2_block_holdout_focus,pending,,,,
EPMC-3331,42278408,10.3390/ijms27114876,The Promise of Synthetic Biology for Redesigning Plant Architecture.,2026,,Q2_block_holdout_focus,pending,,,,
EPMC-3332,42292068,10.1155/ianc/2645726,The Role of Artificial Intelligence in Modern Analytical Chemistry: Current Trends and Future Directions.,2026,,Q1_protocol_broad|Q2_block_holdout_focus,pending,,,,
EPMC-3333,41594091,10.3390/antibiotics15010055,The Role of Genomics in Advancing and Standardising Bacteriophage Therapy.,2026,,Q1_protocol_broad|Q3_amr_core,pending,,,,
EPMC-3334,41992792,10.1002/minf.70029,The Use of DeepQSAR Models for the Discovery of Peptides With Enhanced Antimicrobial and Antibiofilm Potential.,2026,,Q1_protocol_broad|Q3_amr_core,pending,,,,
EPMC-3335,42038316,10.3389/fphar.2026.1699987,The WHO priority list of antibiotic-resistant bacteria: challenges and opportunities for next-generation antimicrobial development.,2026,,Q1_protocol_broad|Q2_block_holdout_focus|Q3_amr_core,pending,,,,
EPMC-3336,41993162,10.3389/fimmu.2026.1788249,The application of artificial intelligence in the intersection of metabolic dysfunction-associated steatotic liver disease and cardiovascular diseases.,2026,,Q2_block_holdout_focus,pending,,,,
EPMC-3337,42467983,10.1093/bib/bbag260,The critical role of artificial intelligence and bioinformatics in accelerating peptide-based vaccine discovery for tackling global infectious diseases.,2026,,Q1_protocol_broad|Q2_block_holdout_focus,pending,,,,
EPMC-3338,42184640,10.1016/j.psj.2026.107132,The current and future perspective of ChickenGTEx project and its applications in precision breeding.,2026,,Q2_block_holdout_focus,pending,,,,
EPMC-3339,42528838,10.3389/fonc.2026.1895753,The diet-microbiota-inflammation axis and colorectal cancer.,2026,,Q2_block_holdout_focus,pending,,,,
EPMC-3340,42043567,10.1007/s00251-026-01397-z,The digital keystone: how artificial intelligence is reshaping HLA research and clinical practice.,2026,,Q1_protocol_broad|Q2_block_holdout_focus|Q3_amr_core,pending,,,,
EPMC-3341,41960917,10.1128/jcm.00156-26,The emergence of superficial dermatophytosis due to &lt;i&gt;Trichophyton indotineae&lt;/i&gt; and &lt;i&gt;Trichophyton mentagrophytes&lt;/i&gt; genotypes VII and II* in New York: a need for comprehensive testing approaches.,2026,,Q1_protocol_broad|Q3_amr_core,pending,,,,
EPMC-3342,41723420,10.1186/s12929-026-01230-5,The emerging pathogen Candida auris: host interactions and disease drivers.,2026,,Q3_amr_core,pending,,,,
EPMC-3343,41883684,10.3389/fped.2026.1659176,"The era of ""Infectious Diseases+"" has arrived: multi-disciplinary integration in pediatric infectious disease prevention and control.",2026,,Q2_block_holdout_focus,pending,,,,
EPMC-3344,42437039,10.7717/peerj.21411,The evolution of diagnostic microbiology: integrating culture-based methods and genomic advances.,2026,,Q1_protocol_broad|Q3_amr_core,pending,,,,
EPMC-3345,41593078,10.1038/s41467-026-68811-8,The functional landscape of alternative splicing in hematopoietic lineage commitment.,2026,,Q2_block_holdout_focus,pending,,,,
EPMC-3346,42565097,10.3389/fgene.2026.1870791,The genetic architecture of human skin pigmentation: evolution and adaptation across global populations.,2026,,Q2_block_holdout_focus,pending,,,,
EPMC-3347,41767561,10.3389/fmicb.2026.1751343,The gp38 protein inhibits host adsorption of phage vB_EcoM_SD286.,2026,,Q1_protocol_broad|Q3_amr_core,pending,,,,
EPMC-3348,42382671,10.3389/fbioe.2026.1864299,The gut microbiome in colorectal cancer: molecular paradigms and translational frontiers.,2026,,Q1_protocol_broad|Q2_block_holdout_focus,pending,,,,
EPMC-3349,42416278,10.3389/fcimb.2026.1769376,The gut microbiome in early life predicts malaria susceptibility.,2026,,Q2_block_holdout_focus,pending,,,,
EPMC-3350,42068047,10.1080/19490976.2026.2665890,The gut microbiome-bile acid-FXR interplay: a pivotal axis in metabolic and gastrointestinal diseases.,2026,,Q2_block_holdout_focus,pending,,,,
EPMC-3351,41816689,10.3389/fmicb.2026.1768747,"The gut resistome in poultry production: microbial ecology, antibiotic use, and sustainable control approaches.",2026,,Q1_protocol_broad|Q3_amr_core,pending,,,,
EPMC-3352,42127816,10.1016/j.chom.2026.04.008,"The human skin virome: Ecological dynamics, aberrant profiles, and therapeutic opportunities.",2026,,Q3_amr_core,pending,,,,
EPMC-3353,42100261,10.3389/fmed.2026.1807707,The impact of traumatic injury on the respiratory system; a narrative review of injury-associated and clinically-induced mechanisms of trauma-associated pneumonia.,2026,,Q2_block_holdout_focus|Q3_amr_core,pending,,,,
EPMC-3354,42174466,10.1186/s12864-026-12884-8,"The interplay of specialized metabolites, antibiotic resistance, and virulence in Enterococcus faecium: in silico analysis of bacterial genomes.",2026,,Q1_protocol_broad|Q3_amr_core,pending,,,,
EPMC-3355,41836398,10.3389/fimmu.2026.1795736,"The intratumoral microbiome in colorectal cancer: origins, microenvironmental interactions, and new horizons in precision medicine.",2026,,Q1_protocol_broad|Q3_amr_core,pending,,,,
EPMC-3356,41730886,10.1038/s41467-026-69705-5,"The landscape of tissue-resident microbiota across normal, polyp, and colorectal cancer tissues.",2026,,Q1_protocol_broad|Q2_block_holdout_focus,pending,,,,
EPMC-3357,42158874,10.3389/fimmu.2026.1799675,The mechanism of gut microbiota in septic cardiomyopathy based on the bulk transcriptome and Mendelian randomization analysis.,2026,,Q2_block_holdout_focus,pending,,,,
EPMC-3358,42489317,10.1111/jdi.70386,The mediating role of genes in the influence of intestinal flora on type 2 diabetes and the screening of diagnostic markers.,2026,,Q1_protocol_broad|Q2_block_holdout_focus,pending,,,,
EPMC-3359,42014413,10.1038/s41522-026-00972-2,The microbial metabolome: remodeling the therapeutic landscape in hematologic malignancies.,2026,,Q3_amr_core,pending,,,,
EPMC-3360,41790992,10.1080/20008066.2026.2627060,The microbiome and PTSD: a scoping review across preclinical and clinical studies.,2026,,Q2_block_holdout_focus,pending,,,,
EPMC-3361,42434422,10.3389/fcimb.2026.1859069,The microbiome-gut-brain axis: a new perspective on the pathogenesis and intervention of frailty.,2026,,Q2_block_holdout_focus,pending,,,,
EPMC-3362,42305150,10.1080/21501203.2025.2569931,"The molecular revolution in fungal diagnostics: bridging gaps across clinical, agricultural, and environmental mycology.",2026,,Q1_protocol_broad|Q3_amr_core,pending,,,,
EPMC-3363,42204538,10.1186/s12943-026-02698-3,"The mycobiome, virome and archaeome in gastrointestinal cancers: molecular pathogenesis and therapeutic intervention.",2026,,Q1_protocol_broad|Q3_amr_core,pending,,,,
EPMC-3364,42130766,10.3389/falgy.2026.1799085,"The nasal-oral microbiome axis in allergic rhinitis: environmental triggers, microbial dysbiosis, and immune dysregulation.",2026,,Q2_block_holdout_focus,pending,,,,
EPMC-3365,42254525,10.3389/fmicb.2026.1779143,The outcome of Infliximab induction in patients with severe ulcerative colitis may be related to intestinal microbiota.,2026,,Q2_block_holdout_focus,pending,,,,
EPMC-3366,42170028,10.1093/bioadv/vbag069,"The pangenome: a statistical model, not a fixed biological property.",2026,,Q1_protocol_broad|Q3_amr_core,pending,,,,
EPMC-3367,42548903,10.1002/imt2.70152,The plant microbiome: From ecological foundations to precision microbial engineering for sustainable agriculture.,2026,,Q1_protocol_broad|Q2_block_holdout_focus|Q3_amr_core,pending,,,,
EPMC-3368,41489361,10.1128/aem.01983-25,The plasmid-host fitness landscape: a new paradigm for predicting the fate of mobile resistance.,2026,,Q1_protocol_broad|Q3_amr_core,pending,,,,
EPMC-3369,42453110,10.3389/fmicb.2026.1872946,"The role of gut microbiome in antimicrobial resistance transmission between companion animals and livestock: mechanisms, drivers, and One Health implications.",2026,,Q1_protocol_broad|Q2_block_holdout_focus|Q3_amr_core,pending,,,,
EPMC-3370,42003997,10.1080/29933935.2026.2654224,"The role of gut microbiome in the pathophysiology of PTSD, depression, and anxiety disorders.",2026,,Q2_block_holdout_focus,pending,,,,
EPMC-3371,42433272,10.1016/j.nmni.2026.101805,The role of the microbiota in hematological malignancies: A narrative review of mechanisms and therapeutic potential.,2026,,Q2_block_holdout_focus,pending,,,,
EPMC-3372,41612182,10.1186/s12866-026-04792-4,The similarity between microbiota of gut and pancreatic necrotic drainage fluid in infected pancreatic necrosis and its potential diagnostic value: a prospective observational cohort study.,2026,,Q2_block_holdout_focus,pending,,,,
EPMC-3373,42499769,10.1002/ped4.70061,"The transformative potential of artificial intelligence in pediatric medicine: Current applications, methodological challenges, and future directions.",2026,,Q3_amr_core,pending,,,,
EPMC-3374,41822332,10.3389/fcimb.2026.1746117,The value of metagenomic next-generation sequencing in lower respiratory tract infections among critically ill patients in the ICU.,2026,,Q1_protocol_broad|Q2_block_holdout_focus|Q3_amr_core,pending,,,,
EPMC-3375,42318195,10.3389/fnins.2026.1743844,Therapeutic impact of Mongolian Andai therapy on gut microbiota and metabolomic profiles in depression.,2026,,Q1_protocol_broad|Q2_block_holdout_focus,pending,,,,
EPMC-3376,41732697,10.1016/j.crmicr.2026.100563,Tn&lt;i&gt;4401&lt;/i&gt;/Tn&lt;i&gt;7247&lt;/i&gt; transposon-derived structures driving the cross-transmission of &lt;i&gt;bla&lt;/i&gt; &lt;sub&gt;KPC&lt;/sub&gt; among plasmids and chromosomes in clinical carbapenem-resistant &lt;i&gt;Pseudomonas aeruginosa&lt;/i&gt;.,2026,,Q1_protocol_broad|Q2_block_holdout_focus,pending,,,,
EPMC-3377,41636510,10.1128/msystems.01002-25,Tools and approaches to study the human gut virome: from the bench to bioinformatics.,2026,,Q1_protocol_broad|Q3_amr_core,pending,,,,
EPMC-3378,42074082,10.3390/ijms27083439,"Topic ""Application of Reproductive and Genomic Biotechnologies for Livestock Breeding and Selection"".",2026,,Q2_block_holdout_focus,pending,,,,
EPMC-3379,41960291,10.1039/d6ra00286b,Toward sustainable diagnostics for &lt;i&gt;Candida albicans&lt;/i&gt;: the role of artificial intelligence in analytical chemistry from data processing to Python-based blueness and redness evaluation metrics.,2026,,Q3_amr_core,pending,,,,
EPMC-3380,41744225,10.1093/bib/bbag085,Towards accurate artificial intelligence models for strain-level phage-host prediction.,2026,,Q1_protocol_broad|Q2_block_holdout_focus,pending,,,,
EPMC-3381,41803924,10.1186/s42523-026-00541-0,Towards standardization in pig microbiome research based on a comprehensive twenty-year review.,2026,,Q3_amr_core,pending,,,,
EPMC-3382,42199650,10.2147/ijn.s580784,Toxicodynamics and Human Health Risks of Metal Nanoparticles: A Review of AI/ML-Based Predictive Nanotoxicology.,2026,,Q1_protocol_broad|Q2_block_holdout_focus,pending,,,,
EPMC-3383,42511982,10.3390/biomedicines14071508,Tracking Gut Homeostasis: Key Taxa Transitions and Core Network Hyper-Connectivity as Early Signals of Dysbiosis.,2026,,Q1_protocol_broad|Q2_block_holdout_focus,pending,,,,
EPMC-3384,42050596,10.1186/s13567-026-01746-6,Tracking pathogen-related markers with eDNA in natural areas: how environmental factors shape surveillance strategies.,2026,,Q2_block_holdout_focus,pending,,,,
EPMC-3385,42392349,10.1016/j.preteyeres.2026.101490,Transcending genome-wide association studies to create useful multi-omic views of glaucoma.,2026,,Q2_block_holdout_focus,pending,,,,
EPMC-3386,,,Transcript architecture predetermines m6A remodeling and sensory neuron vulnerability in chemotherapy-induced peripheral neuropathy,2026,,Q2_block_holdout_focus,pending,,,,
EPMC-3387,41957726,10.1186/s12885-026-15975-7,Transcriptome and experimental validation identify prognostic genes associated with lipotoxicity in thyroid carcinoma.,2026,,Q2_block_holdout_focus,pending,,,,
EPMC-3388,42193801,10.3390/ani16101510,Transcriptomic Analysis and Machine Learning Identify Cross-Pathogen Biomarkers for Bacterial and Parasitic Infections in Silver Pomfret (&lt;i&gt;Pampus argenteus&lt;/i&gt;).,2026,,Q1_protocol_broad|Q2_block_holdout_focus,pending,,,,
EPMC-3389,41639474,10.1007/s00299-026-03731-x,Transcriptomic analyses reveal regulatory plasticity and metabolic reprogramming underlying genotype-specific microspore embryogenesis in wheat.,2026,,Q2_block_holdout_focus,pending,,,,
EPMC-3390,42032432,10.1038/s41593-026-02247-7,Transcriptomic and phenotypic convergence of neurodevelopmental disorder risk genes in vitro and in vivo.,2026,,Q3_amr_core,pending,,,,
EPMC-3391,41749685,10.3390/bioengineering13020144,"Transformer Models, Graph Networks, and Generative AI in Gut Microbiome Research: A Narrative Review.",2026,,Q1_protocol_broad|Q2_block_holdout_focus|Q3_amr_core,pending,,,,
EPMC-3392,42222669,10.1093/bioadv/vbag140,Transformer-based operon prediction using textual representations of gene pairs.,2026,,Q1_protocol_broad|Q2_block_holdout_focus|Q3_amr_core,pending,,,,
EPMC-3393,42018084,10.1007/s10875-026-02023-z,Translating Host-Derived Signals from Cerebrospinal Fluid Metagenomic Sequencing into a Diagnostic Tool for Autoimmune Encephalitis in Children.,2026,,Q3_amr_core,pending,,,,
EPMC-3394,42500660,10.3389/fimmu.2026.1875393,Translating viral genetic data to PRRSV-2 cross-neutralization using machine learning.,2026,,Q1_protocol_broad|Q2_block_holdout_focus,pending,,,,
EPMC-3395,42278419,10.3390/ijms27114888,Translational Assessment of Omics Approaches in Endometriosis: Bridging Molecular Discovery with Clinical Utility.,2026,,Q2_block_holdout_focus,pending,,,,
EPMC-3396,42255472,10.3389/fcell.2026.1835561,Transplantation immunology: paradigm shift from systemic suppression to microenvironment remodeling and precision modulation.,2026,,Q2_block_holdout_focus|Q3_amr_core,pending,,,,
EPMC-3397,42244906,10.1016/j.synbio.2026.04.026,"Transposon-based genome editing of industrial microorganisms: advances, challenges, and prospects.",2026,,Q1_protocol_broad|Q3_amr_core,pending,,,,
EPMC-3398,41668155,10.1186/s40794-026-00292-5,Travel microbiota: a novel frontier in travel medicine exploring microbial shifts across transportation modes.,2026,,Q1_protocol_broad|Q3_amr_core,pending,,,,
EPMC-3399,41963398,10.1038/s41598-026-46272-9,Tripleknock: predicting lethal effect of three-gene knockout in bacteria by deep learning.,2026,,Q1_protocol_broad|Q2_block_holdout_focus,pending,,,,
EPMC-3400,41617688,10.1038/s41467-026-68727-3,Trustworthy prediction of enzyme commission numbers using a hierarchical interpretable transformer.,2026,,Q1_protocol_broad|Q2_block_holdout_focus,pending,,,,
EPMC-3401,42010947,10.20892/j.issn.2095-3941.2025.0686,Tumor-resident bacteria in gastrointestinal cancers: from regulatory mechanisms to clinical implications.,2026,,Q1_protocol_broad|Q3_amr_core,pending,,,,
EPMC-3402,42010794,10.1111/jipb.70261,Turbocharging crop breeding with integrated biotechnology for a climate-resilient future.,2026,,Q2_block_holdout_focus,pending,,,,
EPMC-3403,42196226,10.3390/ijms27104239,"Two Worlds, One Battle: How Bacteria and Malignancies Converge on Drug Resistance.",2026,,Q1_protocol_broad|Q2_block_holdout_focus|Q3_amr_core,pending,,,,
EPMC-3404,42099457,10.1002/imt2.70123,Two stable gut microbiome guilds predict liver tumor class and treatment responses.,2026,,Q1_protocol_broad|Q2_block_holdout_focus|Q3_amr_core,pending,,,,
EPMC-3405,41815548,10.3389/fonc.2026.1711517,UNITe: exploiting conserved links between oncogenesis and homeostasis to identify novel cancer drivers.,2026,,Q2_block_holdout_focus,pending,,,,
EPMC-3406,42007334,10.3389/fpubh.2026.1776922,Uncloaking the black-box: the need for explainable artificial intelligence in clinical microbiology and infectious diseases applications.,2026,,Q1_protocol_broad|Q2_block_holdout_focus|Q3_amr_core,pending,,,,
EPMC-3407,42235501,10.1093/femsyr/foag025,Uncorking wine yeast genomics from grape to glass.,2026,,Q2_block_holdout_focus,pending,,,,
EPMC-3408,41656299,10.1038/s41467-026-69098-5,Uncovering Cas9 PAM diversity through metagenomic mining and machine learning.,2026,,Q2_block_holdout_focus,pending,,,,
EPMC-3409,41526499,10.1038/s44320-025-00185-3,Uncovering actionable trade-offs of antifungal resistance in a yeast pathogen.,2026,,Q3_amr_core,pending,,,,
EPMC-3410,42658718,10.1093/bib/bbag451,Uncovering species- and drug-class-specific antimicrobial resistance mechanisms from large-scale whole-genome sequencing data using discordance analysis and machine learning.,2026,,Q1_protocol_broad|Q2_block_holdout_focus,pending,,,,
EPMC-3411,41190925,10.1128/jcm.01086-25,Understanding recurrence in &lt;i&gt;Mycobacterium avium&lt;/i&gt; complex pulmonary disease: genotypic strategies to support clinical decision-making.,2026,,Q1_protocol_broad|Q3_amr_core,pending,,,,
EPMC-3412,42028241,10.1016/j.crmicr.2026.100590,Unexplored biosynthetic gene clusters in bacteria isolated from Brazilian stingless bee honey with activity against multidrug-resistant pathogens.,2026,,Q1_protocol_broad|Q3_amr_core,pending,,,,
EPMC-3413,42196213,10.3390/ijms27104231,Unfolding Immune Dysregulation in COPD: Identification of a Three-Gene Signature and Functional Validation of &lt;i&gt;TCF7&lt;/i&gt; in Human Lung Tissue and T Lymphocytes.,2026,,Q2_block_holdout_focus,pending,,,,
EPMC-3414,41561382,10.1016/j.isci.2025.114328,United multi-omics and machine learning refine regulatory T cell-defined hepatocellular carcinoma subtypes.,2026,,Q2_block_holdout_focus,pending,,,,
EPMC-3415,41903026,10.1007/s11306-026-02420-w,Univariate- and machine learning-based plasma metabolite signature differentiates PSC-IBD from IBD and is predicted to be driven by gut microbial changes.,2026,,Q1_protocol_broad|Q2_block_holdout_focus,pending,,,,
EPMC-3416,42203874,10.1038/s41586-026-10542-3,Universal transcriptomic hallmarks of mammalian ageing and mortality.,2026,,Q2_block_holdout_focus,pending,,,,
EPMC-3417,41731616,10.1186/s40168-025-02326-0,Unlocking the unexplored AMPSphere in marine rare species.,2026,,Q1_protocol_broad|Q3_amr_core,pending,,,,
EPMC-3418,41736799,10.3389/fcimb.2026.1764958,Unraveling the activity of phage-carrying antibiotic resistance genes in constructed wetlands.,2026,,Q1_protocol_broad|Q3_amr_core,pending,,,,
EPMC-3419,41845390,10.1186/s12915-026-02573-z,Unraveling the diagnostic and prognostic signatures of oral microbiota in head and neck cancer.,2026,,Q2_block_holdout_focus,pending,,,,
EPMC-3420,42159289,10.1128/jvi.01783-25,Unraveling the layers of epigenetic control in respiratory antiviral defense.,2026,,Q2_block_holdout_focus,pending,,,,
EPMC-3421,42015232,10.1186/s12935-026-04307-1,Unraveling the multidimensional pleural ecosystem of lung cancer-associated malignant pleural effusion.,2026,,Q2_block_holdout_focus,pending,,,,
EPMC-3422,42506464,10.3390/metabo16070513,Untargeted Metabolomics Reveals Distinct Metabolic Signatures of Lactic Acid Bacteria in Food Fermentation and the Same Pipeline Applied to Foodborne Pathogen Detection.,2026,,Q1_protocol_broad|Q2_block_holdout_focus,pending,,,,
EPMC-3423,41897278,10.3390/biom16030340,Unveiling Diagnostic Biomarkers in Autism: A Comparative Proteome Analysis of &lt;i&gt;CNTNAP2&lt;/i&gt; Knockout Mice and Human ASD Patients.,2026,,Q2_block_holdout_focus,pending,,,,
EPMC-3424,42159601,10.1099/mgen.0.001717,Unveiling metagenomic and metabolomic signatures in mild and severe pneumonia caused by &lt;i&gt;Mycoplasma pneumoniae&lt;/i&gt; in children.,2026,,Q1_protocol_broad|Q2_block_holdout_focus|Q3_amr_core,pending,,,,
EPMC-3425,41207123,10.1016/j.tranon.2025.102586,Unveiling shared PANoptosis mechanisms in LUAD and osteoarthritis via bioinformatics and machine learning.,2026,,Q2_block_holdout_focus,pending,,,,
EPMC-3426,42558367,10.3389/fimmu.2026.1893702,Unveiling the aging-immune axis in irritable bowel syndrome: a multi-omics and machine learning approach to biomarker discovery and validation.,2026,,Q2_block_holdout_focus,pending,,,,
EPMC-3427,42040301,10.3389/fpls.2026.1758142,Unveiling the landscape of plant virology in Saudi Arabia: seven decades of progress and future directions toward Vision 2030.,2026,,Q2_block_holdout_focus,pending,,,,
EPMC-3428,42312183,10.1093/ismeco/ycag133,Unveiling the role of soil microorganisms in indicating paddy soil health via metagenomics combined with machine learning.,2026,,Q1_protocol_broad|Q2_block_holdout_focus,pending,,,,
EPMC-3429,41583339,10.2903/j.efsa.2026.9824,Update of the list of qualified presumption of safety (QPS) recommended microbiological agents intentionally added to food or feed as notified to EFSA 23: Suitability of taxonomic units notified to EFSA until September 2025.,2026,,Q3_amr_core,pending,,,,
EPMC-3430,41813241,10.2196/93261,Using AI to Assess Potential Zoonotic Threats.,2026,,Q2_block_holdout_focus,pending,,,,
EPMC-3431,41735290,10.1038/s41467-026-69873-4,Using electronic health records to assess the relationship between colonization pressure and nosocomial pathogen acquisition.,2026,,Q2_block_holdout_focus,pending,,,,
EPMC-3432,42131209,10.3389/fmicb.2026.1842717,Utilizing whole genome sequencing data for machine learning driven prediction of antibiotic resistance in &lt;i&gt;Escherichia coli&lt;/i&gt;.,2026,,Q1_protocol_broad|Q2_block_holdout_focus|Q3_amr_core,pending,,,,
EPMC-3433,42049755,10.1038/s41467-026-72028-0,V- and V&lt;sub&gt;L&lt;/sub&gt;-scores unveil viral signatures and origins of protein families.,2026,,Q3_amr_core,pending,,,,
EPMC-3434,42188826,10.3390/vaccines14050456,Vaccines as Global Health Security Infrastructure: Insights from a Descriptive Analysis of Vaccines Europe Members' Clinical Pipelines.,2026,,Q1_protocol_broad|Q2_block_holdout_focus|Q3_amr_core,pending,,,,
EPMC-3435,42327783,10.3389/fimmu.2026.1809046,Vaginal dysbiosis and inflammatory signatures in preterm labor: an integrated model for predicting preterm birth.,2026,,Q2_block_holdout_focus,pending,,,,
EPMC-3436,,10.20944/preprints202609.0097.v1,"Validation, Calibration and Transparency, Not Accuracy: An Appraisal of Artificial Intelligence Against Antimicrobial Resistance and a Sustainable, Testable Diagnostic Architecture",2026,,Q3_amr_core,pending,,,,
EPMC-3437,42292930,10.1093/biomethods/bpag026,Viral Sentry AI-Automated zoonotic surveillance and drug repurposing agent.,2026,,Q1_protocol_broad|Q2_block_holdout_focus,pending,,,,
EPMC-3438,42234710,10.1371/journal.pone.0349393,ViralMultiNet: A structure-aware multimodal framework for viral protein function prediction in wastewater surveillance.,2026,,Q1_protocol_broad|Q2_block_holdout_focus,pending,,,,
EPMC-3439,41485063,10.1186/s40168-025-02285-6,"Virome diversity and zoonotic risks of rodents along ecological gradients in the Northern Tianshan Mountains, China.",2026,,Q2_block_holdout_focus,pending,,,,
EPMC-3440,42106372,10.1038/s41522-026-00993-x,"Virome diversity, evolution, transmission networks, and zoonotic potential of wildlife on the Qinghai-Tibet plateau.",2026,,Q1_protocol_broad|Q2_block_holdout_focus,pending,,,,
EPMC-3441,42200280,10.1177/03000605261425080,Virtual cell: Current perspectives and future prospects.,2026,,Q2_block_holdout_focus,pending,,,,
EPMC-3442,42515017,10.3390/pathogens15070690,Wastewater Surveillance for Early Warning of Infectious Disease Outbreaks: A Systematic Review of Evidence and Implications for One Health Surveillance.,2026,,Q1_protocol_broad|Q3_amr_core,pending,,,,
EPMC-3443,42100527,10.3389/fpubh.2026.1786753,Wastewater-based surveillance of microbial pathogens in GCC countries (2015-2025): a scoping review and questionnaire survey with stakeholders.,2026,,Q1_protocol_broad|Q3_amr_core,pending,,,,
EPMC-3444,41986376,10.1038/s41522-026-00985-x,Water kefir as a paradigm for multi-omics and genome-scale metabolic modelling in fermented food.,2026,,Q1_protocol_broad|Q2_block_holdout_focus,pending,,,,
EPMC-3445,41789133,10.1016/j.xinn.2025.101145,Waterborne pathogen mitigation: Decoding techno-ecological synergies in multiscale transmission networks.,2026,,Q2_block_holdout_focus,pending,,,,
EPMC-3446,42125533,10.14218/jctp.2025.00055,Weakly Supervised Teacher-Student Framework with Progressive Pseudo-mask Refinement for Gland Segmentation.,2026,,Q2_block_holdout_focus,pending,,,,
EPMC-3447,42213652,10.1371/journal.pone.0350014,What did the dove sing to Pope Gregory? Ancestral melody reconstruction in Gregorian chant using Bayesian phylogenetics.,2026,,Q1_protocol_broad|Q3_amr_core,pending,,,,
EPMC-3448,42058049,10.1016/j.dib.2026.112780,"Whole Genome sequencing data of &lt;i&gt;Pseudomonas aeruginosa&lt;/i&gt; strain PA-Mosul-25, harboring the &lt;i&gt;bla&lt;/i&gt; &lt;sub&gt;VEB-9&lt;/sub&gt; ESBL gene, isolated from a hospital environment in Nineveh, Iraq.",2026,,Q1_protocol_broad|Q3_amr_core,pending,,,,
EPMC-3449,41955186,10.1371/journal.pone.0346962,Whole genome and phylogenomic insights into Vibrio parahaemolyticus from Pacific White Shrimp reveal resistance and virulence traits in Bangladeshi aquaculture.,2026,,Q1_protocol_broad|Q3_amr_core,pending,,,,
EPMC-3450,42054945,10.1016/j.ijfoodmicro.2026.111811,Whole-genome sequencing and machine learning reveal candidate genomic features associated with Listeria monocytogenes persistence in two ice cream facilities.,2026,,Q1_protocol_broad|Q3_amr_core,pending,,,,
EPMC-3451,42558575,10.3389/fmicb.2026.1828991,Whole-genome sequencing reveals lineage-associated drug resistance and enables machine learning-based prediction in &lt;i&gt;Mycobacterium tuberculosis&lt;/i&gt; clinical isolates.,2026,,Q1_protocol_broad|Q2_block_holdout_focus|Q3_amr_core,pending,,,,
EPMC-3452,,10.21203/rs.3.rs-9398278/v1,Why Standard LP-Based Flux Balance Analysis Cannot Detect Synergy for Essential Gene Pairs in ESKAPE Pathogens: A Systematic Evaluation and Proof-of-Concept Feature-Based ML Alternative,2026,,Q1_protocol_broad|Q2_block_holdout_focus,pending,,,,
EPMC-3453,41365331,10.1093/molbev/msaf324,Widespread turnover of a conserved cis-regulatory code across 589 grass species.,2026,,Q2_block_holdout_focus,pending,,,,
EPMC-3454,42212714,10.1111/pce.70634,"Writing Big in Plant Genomes: Advances, Challenges and Strategies for Targeted Large-Fragment DNA Insertion.",2026,,Q2_block_holdout_focus,pending,,,,
EPMC-3455,41751767,10.3390/ijms27041632,Yeast as a Model for Human Disease.,2026,,Q3_amr_core,pending,,,,
EPMC-3456,42186092,10.1186/s40168-026-02436-3,Yeast culture promotes butyrate produced fibrolytic bacteria as intracellular hydrogen sink in the rumen.,2026,,Q2_block_holdout_focus,pending,,,,
EPMC-3457,41859725,10.1016/j.synbio.2025.12.007,Yeast species resource exploration and application in cell factories.,2026,,Q2_block_holdout_focus,pending,,,,
EPMC-3458,41734190,10.1371/journal.pone.0339042,You Only Look Once (YOLO) based machine learning algorithm for real-time detection of loop-mediated isothermal amplification (LAMP) diagnostics.,2026,,Q3_amr_core,pending,,,,
EPMC-3459,41958929,10.3389/fphar.2026.1775366,Zebrafish as a multimodal platforms for anti-inflammatory phytomedicine discovery and translation.,2026,,Q2_block_holdout_focus,pending,,,,
EPMC-3460,41768139,10.1177/11779322251415123,Zoon0PredV: Potential Virus Species Crossover Prediction Using Convolutional Neural Networks and Viral Protein Sequence Patterns.,2026,,Q1_protocol_broad|Q2_block_holdout_focus,pending,,,,
EPMC-3461,42327525,10.36519/idcm.2026.903,"Zoonotic Nontuberculous Mycobacteria: Transmission Pathways, Laboratory Diagnosis, Detection Methodologies, and One Health Priorities.",2026,,Q1_protocol_broad|Q2_block_holdout_focus|Q3_amr_core,pending,,,,
EPMC-3462,,10.64898/2026.07.10.734579,amR: an R package suite to predict antimicrobial resistance in bacterial pathogens,2026,,Q1_protocol_broad|Q2_block_holdout_focus|Q3_amr_core,pending,,,,
EPMC-3463,41171134,10.1093/nar/gkaf1115,gcMeta 2025: a global repository of metagenome-assembled genomes enabling cross-ecosystem microbial discovery and function research.,2026,,Q3_amr_core,pending,,,,
EPMC-3464,41530917,10.1080/19490976.2025.2611544,metaFun: An analysis pipeline for metagenomic big data with fast and unified functional searches.,2026,,Q2_block_holdout_focus|Q3_amr_core,pending,,,,
EPMC-3465,42416552,10.3389/fgene.2026.1817432,miRNAProtPred: computational prediction of human miRNA binding based on seed complementarity and thermodynamic stability.,2026,,Q2_block_holdout_focus,pending,,,,
EPMC-3466,42121287,10.1186/s13059-026-04104-z,scArchon: a scalable benchmarking framework for assessing single-cell perturbation models.,2026,,Q2_block_holdout_focus,pending,,,,
EPMC-3467,42422472,10.1093/bioadv/vbag153,stackPredAMR-a stacked random forest approach improves AMR phenotype prediction for multiple species and antimicrobial agents.,2026,,Q1_protocol_broad|Q2_block_holdout_focus|Q3_amr_core,pending,,,,
EPMC-3468,42466125,10.3389/fmicb.2026.1842380,tsAMP: a strain-level antimicrobial peptide identification framework based on large language models and pathogen genomic variation.,2026,,Q1_protocol_broad|Q2_block_holdout_focus|Q3_amr_core,pending,,,,
EPMC-3469,41914742,10.1128/spectrum.03230-25,"ΔCt-informed, calibrated logistic regression accurately attributes &lt;i&gt;mecA&lt;/i&gt; in &lt;i&gt;Staphylococcus aureus&lt;/i&gt;-positive wound specimens.",2026,,Q1_protocol_broad|Q2_block_holdout_focus|Q3_amr_core,pending,,,,
EPMC-3470,41961303,10.1007/s00439-026-02833-6,​​Integrating machine learning and spatial transcriptomics uncovers shared immunomodulatory deubiquitinases in MAFLD and HCC.,2026,,Q2_block_holdout_focus,pending,,,,
EPMC-3471,42502841,10.1016/j.synbio.2026.05.014,scYeast: a biological-knowledge-guided foundation model on yeast single-cell transcriptomics.,2027,,Q2_block_holdout_focus,pending,,,,
